format,block,target,bits,seed,vocab,step,train_loss,val_loss,val_ppl
elementwise,1,activation,1,0,65,250,3.7129263877868652,3.681269145011902,39.69674303916139
elementwise,1,activation,1,0,65,500,3.507643699645996,3.530231994390488,34.131885102193
elementwise,1,activation,1,0,65,750,3.3461928367614746,3.3699070870876313,29.075825412671545
elementwise,1,activation,1,0,65,1000,3.4058003425598145,3.3510100483894347,28.531537328087342
elementwise,1,activation,1,0,65,1250,3.2248904705047607,3.305570524930954,27.26409199663552
elementwise,1,activation,1,0,65,1500,3.1465582847595215,3.213178515434265,24.857972236387386
elementwise,1,activation,1,0,65,1750,3.043578624725342,3.1593893110752105,23.556206021509357
elementwise,1,activation,1,0,65,2000,2.9474503993988037,3.1042064905166624,22.291523420176997
elementwise,1,activation,1,0,65,2250,2.855316400527954,3.072325575351715,21.59205829061944
elementwise,1,activation,1,0,65,2500,2.7804086208343506,3.034565621614456,20.79194436640578
elementwise,1,activation,1,0,65,2750,2.6923763751983643,2.943290191888809,18.978185574191485
elementwise,1,activation,1,0,65,3000,2.6819987297058105,2.94944686293602,19.095388439377682
elementwise,1,activation,1,0,65,3250,2.6375815868377686,2.914382725954056,18.437427943699245
elementwise,1,activation,1,0,65,3500,2.595395803451538,2.88792684674263,17.956045353734066
elementwise,1,activation,1,0,65,3750,2.5938611030578613,2.870677447319031,17.648970398567887
elementwise,1,activation,1,0,65,4000,2.5777082443237305,2.856022483110428,17.392211361591848
elementwise,1,activation,1,1,65,250,3.7007369995117188,3.6777027428150175,39.555420643620906
elementwise,1,activation,1,1,65,500,3.5429134368896484,3.535746067762375,34.32061066608731
elementwise,1,activation,1,1,65,750,3.3276829719543457,3.3233087062835693,27.75202210769939
elementwise,1,activation,1,1,65,1000,3.107326030731201,3.1649584829807282,23.68776056720398
elementwise,1,activation,1,1,65,1250,3.055474281311035,3.100555050373077,22.210275682597267
elementwise,1,activation,1,1,65,1500,3.032858371734619,3.114434689283371,22.520695563729106
elementwise,1,activation,1,1,65,1750,2.9279706478118896,3.0428026974201203,20.963916489657255
elementwise,1,activation,1,1,65,2000,2.806959867477417,3.0550077676773073,21.221350366873498
elementwise,1,activation,1,1,65,2250,2.7373788356781006,2.991105628013611,19.9076808179392
elementwise,1,activation,1,1,65,2500,2.7132058143615723,2.888274055719376,17.96228093633022
elementwise,1,activation,1,1,65,2750,2.647698163986206,2.8747994184494017,17.72186908495563
elementwise,1,activation,1,1,65,3000,2.6470298767089844,2.8382066786289215,17.085098974745254
elementwise,1,activation,1,1,65,3250,2.541536808013916,2.8225743889808657,16.820096453491143
elementwise,1,activation,1,1,65,3500,2.5493502616882324,2.844873720407486,17.19938660025298
elementwise,1,activation,1,1,65,3750,2.440891742706299,2.7803138494491577,16.12408068782979
elementwise,1,activation,1,1,65,4000,2.465583562850952,2.7752296805381773,16.042311179212092
elementwise,1,activation,1,2,65,250,3.678436756134033,3.6901464998722076,40.05071395199503
elementwise,1,activation,1,2,65,500,3.492490291595459,3.4628023982048033,31.906265405613137
elementwise,1,activation,1,2,65,750,3.3177244663238525,3.316392797231674,27.56075380624478
elementwise,1,activation,1,2,65,1000,3.311659336090088,3.288037449121475,26.79023483051443
elementwise,1,activation,1,2,65,1250,3.187626600265503,3.273175209760666,26.39501614015379
elementwise,1,activation,1,2,65,1500,3.140082359313965,3.23021205663681,25.285018258428074
elementwise,1,activation,1,2,65,1750,3.0740883350372314,3.2162589907646177,24.93466467055327
elementwise,1,activation,1,2,65,2000,2.8974950313568115,3.152806466817856,23.401648458289976
elementwise,1,activation,1,2,65,2250,2.855576992034912,3.108047163486481,22.37730249086979
elementwise,1,activation,1,2,65,2500,2.7940685749053955,3.0395276308059693,20.895370574148803
elementwise,1,activation,1,2,65,2750,2.8350367546081543,3.016021418571472,20.40992737624096
elementwise,1,activation,1,2,65,3000,2.6305058002471924,2.9543749034404754,19.189723539737862
elementwise,1,activation,1,2,65,3250,2.569247245788574,2.898051732778549,18.138771747565
elementwise,1,activation,1,2,65,3500,2.483795642852783,2.8917074501514435,18.024058524410535
elementwise,1,activation,1,2,65,3750,2.5149612426757812,2.8302680909633637,16.95000435847109
elementwise,1,activation,1,2,65,4000,2.469733715057373,2.7984453618526457,16.41910115814423
elementwise,1,activation,2,0,65,250,2.937908172607422,2.922241598367691,18.582896197067523
elementwise,1,activation,2,0,65,500,2.7307729721069336,2.745455378293991,15.571703333580885
elementwise,1,activation,2,0,65,750,2.5439369678497314,2.5771240532398223,13.159238417866893
elementwise,1,activation,2,0,65,1000,2.505345106124878,2.510773938894272,12.314457010638623
elementwise,1,activation,2,0,65,1250,2.3344058990478516,2.4463090658187867,11.545653731185267
elementwise,1,activation,2,0,65,1500,2.2516183853149414,2.364280676841736,10.636385066981134
elementwise,1,activation,2,0,65,1750,2.13706111907959,2.2888595044612883,9.863681778676114
elementwise,1,activation,2,0,65,2000,2.035598039627075,2.231431120634079,9.31318483782586
elementwise,1,activation,2,0,65,2250,1.9966574907302856,2.2080860137939453,9.098285723957025
elementwise,1,activation,2,0,65,2500,1.9009565114974976,2.167983150482178,8.740637700784074
elementwise,1,activation,2,0,65,2750,1.9041272401809692,2.1408621966838837,8.506768975902
elementwise,1,activation,2,0,65,3000,1.8798696994781494,2.1159388780593873,8.297372331061952
elementwise,1,activation,2,0,65,3250,1.8173168897628784,2.1152553498744964,8.29170278108248
elementwise,1,activation,2,0,65,3500,1.8162014484405518,2.1078499227762224,8.230525980365039
elementwise,1,activation,2,0,65,3750,1.7710411548614502,2.074987342953682,7.964445652039299
elementwise,1,activation,2,0,65,4000,1.7379575967788696,2.032312425971031,7.631713742977271
elementwise,1,activation,2,1,65,250,2.948366165161133,2.9262228488922117,18.657026830694832
elementwise,1,activation,2,1,65,500,2.8084802627563477,2.796857988834381,16.393058595081005
elementwise,1,activation,2,1,65,750,2.662672519683838,2.6620378851890565,14.325453000739218
elementwise,1,activation,2,1,65,1000,2.430867910385132,2.4703465819358827,11.826545008295586
elementwise,1,activation,2,1,65,1250,2.3134255409240723,2.400052660703659,11.02375688415109
elementwise,1,activation,2,1,65,1500,2.2531092166900635,2.3715202808380127,10.713667693078767
elementwise,1,activation,2,1,65,1750,2.118584156036377,2.2886738061904905,9.861850280084438
elementwise,1,activation,2,1,65,2000,2.0516369342803955,2.225010961294174,9.253584234609948
elementwise,1,activation,2,1,65,2250,1.987899661064148,2.2168304145336153,9.178193644635419
elementwise,1,activation,2,1,65,2500,1.9524450302124023,2.155223733186722,8.629820740290445
elementwise,1,activation,2,1,65,2750,1.8611713647842407,2.1302492141723635,8.416964176843827
elementwise,1,activation,2,1,65,3000,1.8492275476455688,2.0766611754894257,7.977787963583314
elementwise,1,activation,2,1,65,3250,1.8123317956924438,2.0677253007888794,7.906817015951951
elementwise,1,activation,2,1,65,3500,1.8227980136871338,2.035318171977997,7.6546872450463965
elementwise,1,activation,2,1,65,3750,1.7515292167663574,1.999895703792572,7.388285488589625
elementwise,1,activation,2,1,65,4000,1.715326189994812,2.0048582911491395,7.425041628084986
elementwise,1,activation,2,2,65,250,2.9296278953552246,2.921482628583908,18.568797691205518
elementwise,1,activation,2,2,65,500,2.747180700302124,2.751900517940521,15.67238925497267
elementwise,1,activation,2,2,65,750,2.588810443878174,2.60343621969223,13.510081975147557
elementwise,1,activation,2,2,65,1000,2.5305709838867188,2.521247059106827,12.444105526456386
elementwise,1,activation,2,2,65,1250,2.3739449977874756,2.4686496794223785,11.806493531856804
elementwise,1,activation,2,2,65,1500,2.329387664794922,2.3978681802749633,10.99970198627951
elementwise,1,activation,2,2,65,1750,2.2190072536468506,2.353311026096344,10.520345259302392
elementwise,1,activation,2,2,65,2000,2.0888614654541016,2.2942061126232147,9.916560254459489
elementwise,1,activation,2,2,65,2250,2.059622049331665,2.2388021409511567,9.382086136958575
elementwise,1,activation,2,2,65,2500,2.028899908065796,2.206781893968582,9.086428202662429
elementwise,1,activation,2,2,65,2750,2.0151467323303223,2.16487038731575,8.713472467101719
elementwise,1,activation,2,2,65,3000,1.9495936632156372,2.1611557960510255,8.681165519091541
elementwise,1,activation,2,2,65,3250,1.8324357271194458,2.122282826900482,8.350177757006987
elementwise,1,activation,2,2,65,3500,1.7387174367904663,2.0890679001808166,8.0773827273792
elementwise,1,activation,2,2,65,3750,1.8161826133728027,2.0567666798830033,7.820642246419615
elementwise,1,activation,2,2,65,4000,1.7834177017211914,2.0397334694862366,7.688559689998527
elementwise,1,activation,3,0,65,250,2.736448287963867,2.7209671318531035,15.195010719838436
elementwise,1,activation,3,0,65,500,2.544736862182617,2.5448806643486024,12.741707455375495
elementwise,1,activation,3,0,65,750,2.3106846809387207,2.361672616004944,10.608680870461498
elementwise,1,activation,3,0,65,1000,2.2566304206848145,2.2660112619400024,9.640869117157473
elementwise,1,activation,3,0,65,1250,2.093156337738037,2.195164757966995,8.981480705425707
elementwise,1,activation,3,0,65,1500,1.998409628868103,2.094254171848297,8.11938304695771
elementwise,1,activation,3,0,65,1750,1.8968172073364258,2.01578189432621,7.50659445080008
elementwise,1,activation,3,0,65,2000,1.7822847366333008,1.9730923235416413,7.192884860099189
elementwise,1,activation,3,0,65,2250,1.729866623878479,1.9452958405017853,6.995701160667379
elementwise,1,activation,3,0,65,2500,1.6640598773956299,1.8849159061908722,6.585800593669708
elementwise,1,activation,3,0,65,2750,1.656523585319519,1.8637896656990052,6.448126772115881
elementwise,1,activation,3,0,65,3000,1.6262094974517822,1.8374691307544708,6.280622694592663
elementwise,1,activation,3,0,65,3250,1.5610005855560303,1.8382028639316559,6.28523268688239
elementwise,1,activation,3,0,65,3500,1.5601391792297363,1.802438685297966,6.06441865456383
elementwise,1,activation,3,0,65,3750,1.544330358505249,1.7898672968149185,5.988657699699131
elementwise,1,activation,3,0,65,4000,1.507568359375,1.7609175324440003,5.817772941685225
elementwise,1,activation,3,1,65,250,2.7514493465423584,2.7253623783588408,15.261943522942234
elementwise,1,activation,3,1,65,500,2.597529888153076,2.5998583495616914,13.461831025675302
elementwise,1,activation,3,1,65,750,2.44478702545166,2.4308428525924684,11.368459979021626
elementwise,1,activation,3,1,65,1000,2.215085744857788,2.2542023837566374,9.52769083764819
elementwise,1,activation,3,1,65,1250,2.0980677604675293,2.1822993218898774,8.866670166964317
elementwise,1,activation,3,1,65,1500,1.9962750673294067,2.1354108095169066,8.460521455773668
elementwise,1,activation,3,1,65,1750,1.8914941549301147,2.0432097971439362,7.715334154138063
elementwise,1,activation,3,1,65,2000,1.8113147020339966,1.973313608765602,7.194476715356908
elementwise,1,activation,3,1,65,2250,1.7476435899734497,1.9423728227615356,6.975282458721443
elementwise,1,activation,3,1,65,2500,1.7220969200134277,1.9080247163772583,6.7397626985710515
elementwise,1,activation,3,1,65,2750,1.6169226169586182,1.8733641654253006,6.510160858910735
elementwise,1,activation,3,1,65,3000,1.6447458267211914,1.850760853290558,6.364660253522459
elementwise,1,activation,3,1,65,3250,1.5978211164474487,1.842206197977066,6.310445005876128
elementwise,1,activation,3,1,65,3500,1.5914843082427979,1.8103031128644944,6.112299868189537
elementwise,1,activation,3,1,65,3750,1.5305763483047485,1.7903648346662522,5.99163802493424
elementwise,1,activation,3,1,65,4000,1.5146629810333252,1.7985013663768767,6.040588049382267
elementwise,1,activation,3,2,65,250,2.739018440246582,2.7224888265132905,15.218150487877914
elementwise,1,activation,3,2,65,500,2.5644373893737793,2.5587431311607363,12.91956890304943
elementwise,1,activation,3,2,65,750,2.397707939147949,2.3900514483451842,10.914055438689408
elementwise,1,activation,3,2,65,1000,2.274374008178711,2.2942024946212767,9.916524376390173
elementwise,1,activation,3,2,65,1250,2.1359000205993652,2.2325007140636446,9.323151488318492
elementwise,1,activation,3,2,65,1500,2.075751304626465,2.1647373020648955,8.71231290959433
elementwise,1,activation,3,2,65,1750,1.9576398134231567,2.0935196399688722,8.113421291086379
elementwise,1,activation,3,2,65,2000,1.847182035446167,2.031554877758026,7.625934541157499
elementwise,1,activation,3,2,65,2250,1.7900041341781616,1.9606214880943298,7.103740583737948
elementwise,1,activation,3,2,65,2500,1.755028247833252,1.950468972325325,7.031984613596135
elementwise,1,activation,3,2,65,2750,1.7574976682662964,1.8920670568943023,6.633065443828255
elementwise,1,activation,3,2,65,3000,1.685497522354126,1.8687476217746735,6.48017568432149
elementwise,1,activation,3,2,65,3250,1.604449987411499,1.8400613754987716,6.296924726062582
elementwise,1,activation,3,2,65,3500,1.5235627889633179,1.8281329780817033,6.222258713688706
elementwise,1,activation,3,2,65,3750,1.5832905769348145,1.7952702552080155,6.021101736044969
elementwise,1,activation,3,2,65,4000,1.5626726150512695,1.774428591132164,5.8969106264163305
elementwise,1,activation,4,0,65,250,2.6743946075439453,2.6641068518161775,14.355122567003674
elementwise,1,activation,4,0,65,500,2.478454113006592,2.494861513376236,12.120054936873526
elementwise,1,activation,4,0,65,750,2.2455296516418457,2.2991201519966125,9.965410549833855
elementwise,1,activation,4,0,65,1000,2.1833438873291016,2.1922028779983522,8.954917994834721
elementwise,1,activation,4,0,65,1250,2.015988826751709,2.1207101583480834,8.337056015820947
elementwise,1,activation,4,0,65,1500,1.9212653636932373,2.020507925748825,7.542154815564216
elementwise,1,activation,4,0,65,1750,1.8214104175567627,1.932703897356987,6.908163977643376
elementwise,1,activation,4,0,65,2000,1.706093430519104,1.898918902873993,6.678670246745069
elementwise,1,activation,4,0,65,2250,1.665387749671936,1.8613321214914322,6.432299671382914
elementwise,1,activation,4,0,65,2500,1.5876878499984741,1.8161696940660477,6.148263560509032
elementwise,1,activation,4,0,65,2750,1.5833148956298828,1.7945498555898667,6.016765698680842
elementwise,1,activation,4,0,65,3000,1.5567207336425781,1.7768519341945648,5.911218192941619
elementwise,1,activation,4,0,65,3250,1.4781641960144043,1.7466779142618178,5.735517112019586
elementwise,1,activation,4,0,65,3500,1.485303282737732,1.7353970885276795,5.671179316995558
elementwise,1,activation,4,0,65,3750,1.4611248970031738,1.725228589773178,5.613804141249794
elementwise,1,activation,4,0,65,4000,1.4369134902954102,1.7047899872064591,5.500230427151021
elementwise,1,activation,4,1,65,250,2.690025806427002,2.67035396695137,14.44508136939334
elementwise,1,activation,4,1,65,500,2.549849510192871,2.550451123714447,12.812882674292297
elementwise,1,activation,4,1,65,750,2.3939404487609863,2.3812053203582764,10.81793408514282
elementwise,1,activation,4,1,65,1000,2.154664993286133,2.2003559172153473,9.028226228806242
elementwise,1,activation,4,1,65,1250,2.0297045707702637,2.1194407045841217,8.326479223476117
elementwise,1,activation,4,1,65,1500,1.9377888441085815,2.0670309245586393,7.901328615887013
elementwise,1,activation,4,1,65,1750,1.822319746017456,1.9865027576684953,7.289994252915664
elementwise,1,activation,4,1,65,2000,1.7456563711166382,1.918348377943039,6.8097021220077885
elementwise,1,activation,4,1,65,2250,1.6905417442321777,1.87577865421772,6.525898560948438
elementwise,1,activation,4,1,65,2500,1.6521393060684204,1.845684763789177,6.332434527959112
elementwise,1,activation,4,1,65,2750,1.560890793800354,1.8068135231733322,6.091007621788704
elementwise,1,activation,4,1,65,3000,1.5930743217468262,1.780213874578476,5.931124799765504
elementwise,1,activation,4,1,65,3250,1.527405858039856,1.7507552653551102,5.758950569739415
elementwise,1,activation,4,1,65,3500,1.517529010772705,1.738770106434822,5.690340603901437
elementwise,1,activation,4,1,65,3750,1.4712016582489014,1.7356745302677155,5.6727529571399575
elementwise,1,activation,4,1,65,4000,1.4572463035583496,1.714119738340378,5.551786336145814
elementwise,1,activation,4,2,65,250,2.6826531887054443,2.6723086178302764,14.47334407324885
elementwise,1,activation,4,2,65,500,2.508514881134033,2.5064787447452543,12.26167745729534
elementwise,1,activation,4,2,65,750,2.3269500732421875,2.3364042401313783,10.34397516058771
elementwise,1,activation,4,2,65,1000,2.2114133834838867,2.2348326325416563,9.344917686183472
elementwise,1,activation,4,2,65,1250,2.0575687885284424,2.159144163131714,8.663719753876247
elementwise,1,activation,4,2,65,1500,1.9948853254318237,2.091222828626633,8.094807677203153
elementwise,1,activation,4,2,65,1750,1.8827952146530151,2.0199365496635435,7.537846639582684
elementwise,1,activation,4,2,65,2000,1.7755720615386963,1.9581085741519928,7.085911905331548
elementwise,1,activation,4,2,65,2250,1.71926748752594,1.8932058274745942,6.640623286120314
elementwise,1,activation,4,2,65,2500,1.6796339750289917,1.8653480768203736,6.458183438764776
elementwise,1,activation,4,2,65,2750,1.6816227436065674,1.8350270181894301,6.265303420303601
elementwise,1,activation,4,2,65,3000,1.617208480834961,1.825681459903717,6.207023415779121
elementwise,1,activation,4,2,65,3250,1.5312210321426392,1.7742790192365647,5.89602868027458
elementwise,1,activation,4,2,65,3500,1.4502923488616943,1.757433184981346,5.797537074167476
elementwise,1,activation,4,2,65,3750,1.521498203277588,1.7368703305721283,5.67954049431366
elementwise,1,activation,4,2,65,4000,1.491265058517456,1.7180108726024628,5.573431166334113
elementwise,1,activation,5,0,65,250,2.6630420684814453,2.650068426132202,14.155007184631664
elementwise,1,activation,5,0,65,500,2.468287467956543,2.48002148270607,11.941520951278203
elementwise,1,activation,5,0,65,750,2.231482982635498,2.2825574576854706,9.80171585588244
elementwise,1,activation,5,0,65,1000,2.164968490600586,2.173787558078766,8.79151945100699
elementwise,1,activation,5,0,65,1250,1.9909818172454834,2.1008342623710634,8.172985483433271
elementwise,1,activation,5,0,65,1500,1.8986001014709473,1.9995487809181214,7.385722767909578
elementwise,1,activation,5,0,65,1750,1.798027515411377,1.9116968184709549,6.764557291564373
elementwise,1,activation,5,0,65,2000,1.6908884048461914,1.8757558941841126,6.525750032968129
elementwise,1,activation,5,0,65,2250,1.6464128494262695,1.8353979021310807,6.267627551696624
elementwise,1,activation,5,0,65,2500,1.5652503967285156,1.7944268047809602,6.016025376344184
elementwise,1,activation,5,0,65,2750,1.55866539478302,1.7768324553966521,5.911103050638442
elementwise,1,activation,5,0,65,3000,1.5371627807617188,1.748112651705742,5.743751979204012
elementwise,1,activation,5,0,65,3250,1.461512565612793,1.7281113147735596,5.63001054287151
elementwise,1,activation,5,0,65,3500,1.4615046977996826,1.7192703992128373,5.580455473921747
elementwise,1,activation,5,0,65,3750,1.4511393308639526,1.712087219953537,5.540513688150677
elementwise,1,activation,5,0,65,4000,1.4162795543670654,1.681394848227501,5.373045329402637
elementwise,1,activation,5,1,65,250,2.6772091388702393,2.657238268852234,14.256861061655604
elementwise,1,activation,5,1,65,500,2.5343613624572754,2.5400337100028993,12.68009840978351
elementwise,1,activation,5,1,65,750,2.3854551315307617,2.3665712237358094,10.660776129532575
elementwise,1,activation,5,1,65,1000,2.1399283409118652,2.1867697179317473,8.906396424075657
elementwise,1,activation,5,1,65,1250,2.009957790374756,2.10409671664238,8.199693017198204
elementwise,1,activation,5,1,65,1500,1.911303997039795,2.0518503189086914,7.782287506213969
elementwise,1,activation,5,1,65,1750,1.8028030395507812,1.9677037209272386,7.154229504648057
elementwise,1,activation,5,1,65,2000,1.7281867265701294,1.9011805832386017,6.693792358349223
elementwise,1,activation,5,1,65,2250,1.6610167026519775,1.8602256953716279,6.4251867427067495
elementwise,1,activation,5,1,65,2500,1.6310633420944214,1.8294174194335937,6.230255974989804
elementwise,1,activation,5,1,65,2750,1.5398162603378296,1.7863993614912033,5.967925392049943
elementwise,1,activation,5,1,65,3000,1.5668714046478271,1.7608033269643784,5.817108558074935
elementwise,1,activation,5,1,65,3250,1.5076558589935303,1.744583311676979,5.72351605616042
elementwise,1,activation,5,1,65,3500,1.4984291791915894,1.7225814163684845,5.598963080325401
elementwise,1,activation,5,1,65,3750,1.4540622234344482,1.7065926045179367,5.51015417941272
elementwise,1,activation,5,1,65,4000,1.4381297826766968,1.6811733216047287,5.37185518864561
elementwise,1,activation,5,2,65,250,2.6690008640289307,2.6592082500457765,14.284974492198803
elementwise,1,activation,5,2,65,500,2.4970579147338867,2.4940617620944976,12.11036578237632
elementwise,1,activation,5,2,65,750,2.3121368885040283,2.322341674566269,10.199530344428542
elementwise,1,activation,5,2,65,1000,2.1962740421295166,2.2182734668254853,9.191447818942802
elementwise,1,activation,5,2,65,1250,2.041917085647583,2.1415892481803893,8.512956083916885
elementwise,1,activation,5,2,65,1500,1.9763253927230835,2.071962761878967,7.940392933484581
elementwise,1,activation,5,2,65,1750,1.866361141204834,1.997157672047615,7.368083797437598
elementwise,1,activation,5,2,65,2000,1.755865454673767,1.9360084116458893,6.931029863733636
elementwise,1,activation,5,2,65,2250,1.7010594606399536,1.8726911455392838,6.50578086526826
elementwise,1,activation,5,2,65,2500,1.6607859134674072,1.8441709727048874,6.322855796956825
elementwise,1,activation,5,2,65,2750,1.6584795713424683,1.8160780668258667,6.14770023789532
elementwise,1,activation,5,2,65,3000,1.598278284072876,1.811156004667282,6.117515222393573
elementwise,1,activation,5,2,65,3250,1.5132124423980713,1.7574222087860107,5.7974734396173195
elementwise,1,activation,5,2,65,3500,1.432502269744873,1.7444361954927445,5.722674096252316
elementwise,1,activation,5,2,65,3750,1.4998434782028198,1.7171016573905944,5.568366020937938
elementwise,1,activation,5,2,65,4000,1.4680726528167725,1.7029229640960692,5.4899709501515765
elementwise,1,activation,7,0,65,250,2.6581249237060547,2.64561727643013,14.0921411454903
elementwise,1,activation,7,0,65,500,2.463352680206299,2.4757057189941407,11.890095218966614
elementwise,1,activation,7,0,65,750,2.2262065410614014,2.2771390974521637,9.748750251416297
elementwise,1,activation,7,0,65,1000,2.1598098278045654,2.1678295373916625,8.739295127534835
elementwise,1,activation,7,0,65,1250,1.9839575290679932,2.094334828853607,8.120037958490487
elementwise,1,activation,7,0,65,1500,1.8904407024383545,1.9939893543720246,7.344776309567013
elementwise,1,activation,7,0,65,1750,1.7937034368515015,1.906841230392456,6.731791002002437
elementwise,1,activation,7,0,65,2000,1.6836652755737305,1.8690902531147002,6.482396376017379
elementwise,1,activation,7,0,65,2250,1.641571283340454,1.8302269667387008,6.23530170402709
elementwise,1,activation,7,0,65,2500,1.5626420974731445,1.7888542056083678,5.982593715447734
elementwise,1,activation,7,0,65,2750,1.5512685775756836,1.7703591644763947,5.8729623420689325
elementwise,1,activation,7,0,65,3000,1.5307724475860596,1.7391291916370393,5.692384287914258
elementwise,1,activation,7,0,65,3250,1.452109932899475,1.7218073904514313,5.594631014574472
elementwise,1,activation,7,0,65,3500,1.4582302570343018,1.7035842269659043,5.493602464657908
elementwise,1,activation,7,0,65,3750,1.440725564956665,1.7040166825056076,5.495978717251442
elementwise,1,activation,7,0,65,4000,1.4091601371765137,1.6815176129341125,5.373704990226817
elementwise,1,activation,7,1,65,250,2.673706293106079,2.651983827352524,14.182145684928006
elementwise,1,activation,7,1,65,500,2.529482841491699,2.5346176981925965,12.61160848557839
elementwise,1,activation,7,1,65,750,2.3805339336395264,2.3627277970314027,10.619880857199337
elementwise,1,activation,7,1,65,1000,2.134671926498413,2.180207896232605,8.848145563650197
elementwise,1,activation,7,1,65,1250,2.0039374828338623,2.098356467485428,8.152759569982528
elementwise,1,activation,7,1,65,1500,1.9100418090820312,2.045896577835083,7.736091437616498
elementwise,1,activation,7,1,65,1750,1.8014477491378784,1.9656515538692474,7.13956288485754
elementwise,1,activation,7,1,65,2000,1.7208251953125,1.8962249636650086,6.660702527941015
elementwise,1,activation,7,1,65,2250,1.6630327701568604,1.8547780215740204,6.390279588965856
elementwise,1,activation,7,1,65,2500,1.6311936378479004,1.82240991294384,6.186750027945712
elementwise,1,activation,7,1,65,2750,1.5345368385314941,1.7834203898906709,5.950173566013615
elementwise,1,activation,7,1,65,3000,1.5632050037384033,1.7538750737905502,5.7769454479970115
elementwise,1,activation,7,1,65,3250,1.504856824874878,1.7358196914196014,5.673576480263916
elementwise,1,activation,7,1,65,3500,1.4964807033538818,1.7183341979980469,5.575233489523456
elementwise,1,activation,7,1,65,3750,1.4443084001541138,1.7067370682954788,5.510950254600948
elementwise,1,activation,7,1,65,4000,1.43861985206604,1.6842494279146194,5.388405027769362
elementwise,1,activation,7,2,65,250,2.6634678840637207,2.654450112581253,14.217166068718914
elementwise,1,activation,7,2,65,500,2.4936747550964355,2.4892428696155546,12.052147617988105
elementwise,1,activation,7,2,65,750,2.3062081336975098,2.317452150583267,10.149781220076926
elementwise,1,activation,7,2,65,1000,2.190214157104492,2.211528605222702,9.129661380202121
elementwise,1,activation,7,2,65,1250,2.037604808807373,2.1350549876689913,8.4575115529213
elementwise,1,activation,7,2,65,1500,1.969171166419983,2.0665466248989106,7.897502931590511
elementwise,1,activation,7,2,65,1750,1.8594194650650024,1.9896448105573654,7.312935823357514
elementwise,1,activation,7,2,65,2000,1.751124620437622,1.9282290637493134,6.8773201552637735
elementwise,1,activation,7,2,65,2250,1.6918238401412964,1.8673625946044923,6.4712066775239805
elementwise,1,activation,7,2,65,2500,1.6546058654785156,1.8362304985523223,6.272848128981242
elementwise,1,activation,7,2,65,2750,1.6515964269638062,1.8125282615423202,6.1259157872638506
elementwise,1,activation,7,2,65,3000,1.5969395637512207,1.8096463561058045,6.108286891858871
elementwise,1,activation,7,2,65,3250,1.5089771747589111,1.7585235089063644,5.803861714872596
elementwise,1,activation,7,2,65,3500,1.4240400791168213,1.7423135221004487,5.710539611545566
elementwise,1,activation,7,2,65,3750,1.4939286708831787,1.7145687937736511,5.554279955809258
elementwise,1,activation,7,2,65,4000,1.4656177759170532,1.703790268301964,5.494734490467557
elementwise,1,activation,10,0,65,250,2.65806245803833,2.6453829646110534,14.088839577077172
elementwise,1,activation,10,0,65,500,2.4631550312042236,2.4754128992557525,11.886614074094023
elementwise,1,activation,10,0,65,750,2.2260570526123047,2.2766180276870727,9.743671795642646
elementwise,1,activation,10,0,65,1000,2.159534454345703,2.1675648272037504,8.736982053240078
elementwise,1,activation,10,0,65,1250,1.9832806587219238,2.093893027305603,8.116451305503336
elementwise,1,activation,10,0,65,1500,1.889549732208252,1.9934970557689666,7.341161376336339
elementwise,1,activation,10,0,65,1750,1.793006420135498,1.9064383327960968,6.729079325889113
elementwise,1,activation,10,0,65,2000,1.6837470531463623,1.8687135577201843,6.479954947023505
elementwise,1,activation,10,0,65,2250,1.6407527923583984,1.8297097235918045,6.232077370905843
elementwise,1,activation,10,0,65,2500,1.5605899095535278,1.788673985004425,5.9815156259450815
elementwise,1,activation,10,0,65,2750,1.5504581928253174,1.770297136902809,5.872598067762737
elementwise,1,activation,10,0,65,3000,1.5303155183792114,1.7394315153360367,5.69410549075539
elementwise,1,activation,10,0,65,3250,1.450818657875061,1.7221422135829925,5.596504540083037
elementwise,1,activation,10,0,65,3500,1.4571926593780518,1.7050220161676406,5.501506787973904
elementwise,1,activation,10,0,65,3750,1.4398865699768066,1.702941581606865,5.490073160696459
elementwise,1,activation,10,0,65,4000,1.4102261066436768,1.6823021352291108,5.377922435722092
elementwise,1,activation,10,1,65,250,2.673356056213379,2.651707464456558,14.178226807616596
elementwise,1,activation,10,1,65,500,2.5291857719421387,2.5342128753662108,12.606504051851342
elementwise,1,activation,10,1,65,750,2.3802950382232666,2.3623212575912476,10.615564334258998
elementwise,1,activation,10,1,65,1000,2.134549379348755,2.179713177680969,8.843769304489838
elementwise,1,activation,10,1,65,1250,2.0037288665771484,2.097973144054413,8.14963502510581
elementwise,1,activation,10,1,65,1500,1.9095515012741089,2.0455341756343843,7.733288369004496
elementwise,1,activation,10,1,65,1750,1.8011319637298584,1.9652704060077668,7.1368421742615205
elementwise,1,activation,10,1,65,2000,1.7207711935043335,1.89578997194767,6.657805807580063
elementwise,1,activation,10,1,65,2250,1.6629700660705566,1.8538307964801788,6.384229421670034
elementwise,1,activation,10,1,65,2500,1.631221055984497,1.8215758591890334,6.181592097149636
elementwise,1,activation,10,1,65,2750,1.5346357822418213,1.7834157913923263,5.950146204213234
elementwise,1,activation,10,1,65,3000,1.5630477666854858,1.7530431598424911,5.772141525003977
elementwise,1,activation,10,1,65,3250,1.504634141921997,1.7352742552757263,5.670482750379289
elementwise,1,activation,10,1,65,3500,1.4958103895187378,1.7174388855695724,5.570244147531868
elementwise,1,activation,10,1,65,3750,1.4442850351333618,1.7060069620609284,5.5069281439244735
elementwise,1,activation,10,1,65,4000,1.4383935928344727,1.6840607464313506,5.387388431425738
elementwise,1,activation,10,2,65,250,2.663133382797241,2.6542103826999663,14.213758197685609
elementwise,1,activation,10,2,65,500,2.49312686920166,2.4890689074993135,12.05005118323863
elementwise,1,activation,10,2,65,750,2.305955171585083,2.317170488834381,10.146922817517897
elementwise,1,activation,10,2,65,1000,2.1897850036621094,2.2112502336502073,9.127120295706622
elementwise,1,activation,10,2,65,1250,2.0369913578033447,2.134576368331909,8.45346459290239
elementwise,1,activation,10,2,65,1500,1.96904718875885,2.0661411702632906,7.894301501478272
elementwise,1,activation,10,2,65,1750,1.858481526374817,1.9891878873109818,7.309595136257431
elementwise,1,activation,10,2,65,2000,1.7503249645233154,1.9278328955173492,6.87459611912113
elementwise,1,activation,10,2,65,2250,1.6915442943572998,1.8667948484420775,6.467533717519758
elementwise,1,activation,10,2,65,2500,1.6536616086959839,1.8353398710489273,6.267263845040512
elementwise,1,activation,10,2,65,2750,1.6511919498443604,1.812413638830185,6.1252136584227275
elementwise,1,activation,10,2,65,3000,1.596530556678772,1.8088330149650573,6.103320790671204
elementwise,1,activation,10,2,65,3250,1.5090484619140625,1.757158499956131,5.795944796247535
elementwise,1,activation,10,2,65,3500,1.423180341720581,1.7417393565177917,5.7072617573477995
elementwise,1,activation,10,2,65,3750,1.4929239749908447,1.7155840039253234,5.5599215804383775
elementwise,1,activation,10,2,65,4000,1.4648652076721191,1.7042928516864777,5.4974967467987055
elementwise,1,activation,23,0,65,250,2.6581006050109863,2.645372998714447,14.088699169858288
elementwise,1,activation,23,0,65,500,2.4631056785583496,2.475398713350296,11.886445452906596
elementwise,1,activation,23,0,65,750,2.226069927215576,2.2766302943229677,9.743791318449913
elementwise,1,activation,23,0,65,1000,2.1595544815063477,2.167546397447586,8.736821034275
elementwise,1,activation,23,0,65,1250,1.9832907915115356,2.0938845336437226,8.116382367403046
elementwise,1,activation,23,0,65,1500,1.889467477798462,1.9934910744428636,7.341117466587491
elementwise,1,activation,23,0,65,1750,1.793039321899414,1.9064382761716843,6.72907894485896
elementwise,1,activation,23,0,65,2000,1.6837118864059448,1.8686870783567429,6.47978336421309
elementwise,1,activation,23,0,65,2250,1.6407625675201416,1.8297658532857894,6.232427185318959
elementwise,1,activation,23,0,65,2500,1.5606486797332764,1.7886620551347732,5.981444267668991
elementwise,1,activation,23,0,65,2750,1.5504419803619385,1.7703079581260681,5.872661616801377
elementwise,1,activation,23,0,65,3000,1.5302693843841553,1.7392968535423279,5.693338763922002
elementwise,1,activation,23,0,65,3250,1.4508171081542969,1.7221956104040146,5.596803383612889
elementwise,1,activation,23,0,65,3500,1.4571765661239624,1.7049243062734605,5.500969262589022
elementwise,1,activation,23,0,65,3750,1.4399349689483643,1.702926504611969,5.489990387515424
elementwise,1,activation,23,0,65,4000,1.4101834297180176,1.682305210828781,5.377938976083998
elementwise,1,activation,23,1,65,250,2.673381805419922,2.651701867580414,14.178147454059273
elementwise,1,activation,23,1,65,500,2.529177188873291,2.534240061044693,12.60684677287581
elementwise,1,activation,23,1,65,750,2.3803110122680664,2.362356513738632,10.615938604757368
elementwise,1,activation,23,1,65,1000,2.1344823837280273,2.179703015089035,8.843679429327919
elementwise,1,activation,23,1,65,1250,2.0037291049957275,2.0979715943336488,8.149622395456978
elementwise,1,activation,23,1,65,1500,1.9096580743789673,2.0455526411533356,7.733431169505868
elementwise,1,activation,23,1,65,1750,1.8012679815292358,1.9652632832527162,7.136791340463916
elementwise,1,activation,23,1,65,2000,1.720859169960022,1.8958221197128295,6.65801984459803
elementwise,1,activation,23,1,65,2250,1.66311776638031,1.8538206577301026,6.38416469389163
elementwise,1,activation,23,1,65,2500,1.6311372518539429,1.8214858800172806,6.181035907635732
elementwise,1,activation,23,1,65,2750,1.5347405672073364,1.7836269021034241,5.9514024764111335
elementwise,1,activation,23,1,65,3000,1.5632745027542114,1.7531584173440933,5.772806845955921
elementwise,1,activation,23,1,65,3250,1.5047142505645752,1.7351931899785995,5.670023089641796
elementwise,1,activation,23,1,65,3500,1.4958550930023193,1.7174478828907014,5.570294265032691
elementwise,1,activation,23,1,65,3750,1.4442994594573975,1.706118679046631,5.507543395703591
elementwise,1,activation,23,1,65,4000,1.4383935928344727,1.68427414894104,5.388538236318937
elementwise,1,activation,23,2,65,250,2.6631789207458496,2.6541939973831177,14.213525302661964
elementwise,1,activation,23,2,65,500,2.493088722229004,2.4890500605106354,12.049824078200537
elementwise,1,activation,23,2,65,750,2.305950880050659,2.3171472430229185,10.146686946804671
elementwise,1,activation,23,2,65,1000,2.1897177696228027,2.211251038312912,9.127127639962879
elementwise,1,activation,23,2,65,1250,2.036964178085327,2.134617066383362,8.453808639440313
elementwise,1,activation,23,2,65,1500,1.9690532684326172,2.0661711752414704,7.8945383733762196
elementwise,1,activation,23,2,65,1750,1.8584318161010742,1.9891620814800262,7.309406508514848
elementwise,1,activation,23,2,65,2000,1.7503323554992676,1.9277803927659989,6.874235193385334
elementwise,1,activation,23,2,65,2250,1.6914478540420532,1.8668570637702941,6.467936109770098
elementwise,1,activation,23,2,65,2500,1.6537342071533203,1.8356608629226685,6.269275908716131
elementwise,1,activation,23,2,65,2750,1.651060700416565,1.8124002933502197,6.12513191505202
elementwise,1,activation,23,2,65,3000,1.5966441631317139,1.8089871376752853,6.104261523505138
elementwise,1,activation,23,2,65,3250,1.5089303255081177,1.7573457330465316,5.797030090501856
elementwise,1,activation,23,2,65,3500,1.423097848892212,1.742051261663437,5.709042159301292
elementwise,1,activation,23,2,65,3750,1.4930672645568848,1.7153449028730392,5.55859235625366
elementwise,1,activation,23,2,65,4000,1.4650144577026367,1.7037782162427901,5.4946682680013925
elementwise,1,weight,1,0,65,250,19.158031463623047,19.075529384613038,192485115.11278787
elementwise,1,weight,1,0,65,500,11.379892349243164,11.319768357276917,82435.24518527147
elementwise,1,weight,1,0,65,750,7.372833251953125,7.390376710891724,1620.3163888093961
elementwise,1,weight,1,0,65,1000,5.095911026000977,5.084411525726319,161.48488157245407
elementwise,1,weight,1,0,65,1250,4.018171787261963,4.012391763925552,55.278926719707286
elementwise,1,weight,1,0,65,1500,3.6013541221618652,3.618909114599228,37.296859022770704
elementwise,1,weight,1,0,65,1750,3.444098711013794,3.466780823469162,32.03345493725565
elementwise,1,weight,1,0,65,2000,3.37253737449646,3.3958565175533293,29.84020118845646
elementwise,1,weight,1,0,65,2250,3.319751024246216,3.3577127873897554,28.723419124491244
elementwise,1,weight,1,0,65,2500,3.320517063140869,3.334554690122604,28.06588242598114
elementwise,1,weight,1,0,65,2750,3.2857351303100586,3.319351649284363,27.64242276281496
elementwise,1,weight,1,0,65,3000,3.2682595252990723,3.307141345739365,27.306952654059387
elementwise,1,weight,1,0,65,3250,3.2508773803710938,3.2989841759204865,27.085111233194166
elementwise,1,weight,1,0,65,3500,3.2561492919921875,3.291879916191101,26.893373452117174
elementwise,1,weight,1,0,65,3750,3.24625825881958,3.283561909198761,26.6706019754926
elementwise,1,weight,1,0,65,4000,3.2571492195129395,3.277258938550949,26.50302662013261
elementwise,1,weight,1,1,65,250,19.63091278076172,19.545942878723146,308102438.66929173
elementwise,1,weight,1,1,65,500,11.680181503295898,11.625011110305786,111860.86601566532
elementwise,1,weight,1,1,65,750,7.561805248260498,7.554913711547852,1910.1054167776824
elementwise,1,weight,1,1,65,1000,5.124942779541016,5.131605780124664,169.28874039829438
elementwise,1,weight,1,1,65,1250,4.004915237426758,4.013002538681031,55.31270000554291
elementwise,1,weight,1,1,65,1500,3.600674867630005,3.6142603516578675,37.123877154092604
elementwise,1,weight,1,1,65,1750,3.4709243774414062,3.4610578298568724,31.85065127032111
elementwise,1,weight,1,1,65,2000,3.3675713539123535,3.3900012493133547,29.665989332462352
elementwise,1,weight,1,1,65,2250,3.337584972381592,3.3521073281764986,28.562861589888044
elementwise,1,weight,1,1,65,2500,3.2930798530578613,3.3284635066986086,27.895447590055028
elementwise,1,weight,1,1,65,2750,3.298138380050659,3.3132287561893463,27.473688262157314
elementwise,1,weight,1,1,65,3000,3.242703914642334,3.3013318181037903,27.148772080070973
elementwise,1,weight,1,1,65,3250,3.2526321411132812,3.291711461544037,26.888843519938714
elementwise,1,weight,1,1,65,3500,3.2334890365600586,3.282787173986435,26.649947322984655
elementwise,1,weight,1,1,65,3750,3.226224422454834,3.274747931957245,26.436560828479962
elementwise,1,weight,1,1,65,4000,3.1810333728790283,3.265981638431549,26.205823011803034
elementwise,1,weight,1,2,65,250,18.811119079589844,18.726861000061035,135822711.3217399
elementwise,1,weight,1,2,65,500,11.045438766479492,11.05664005279541,63363.29647256895
elementwise,1,weight,1,2,65,750,7.272546291351318,7.226691389083863,1375.6634311016333
elementwise,1,weight,1,2,65,1000,5.028374671936035,5.020739066600799,151.5232481937584
elementwise,1,weight,1,2,65,1250,4.029116153717041,4.012702184915542,55.29608912251243
elementwise,1,weight,1,2,65,1500,3.631885528564453,3.6338591039180757,37.85863547965307
elementwise,1,weight,1,2,65,1750,3.431486129760742,3.479621684551239,32.44744438410668
elementwise,1,weight,1,2,65,2000,3.3868424892425537,3.403822088241577,30.078844624120556
elementwise,1,weight,1,2,65,2250,3.2968955039978027,3.3610149800777434,28.818426168547752
elementwise,1,weight,1,2,65,2500,3.3199405670166016,3.3375223755836485,28.149296849874297
elementwise,1,weight,1,2,65,2750,3.2848479747772217,3.319352298974991,27.642440721843794
elementwise,1,weight,1,2,65,3000,3.2825989723205566,3.306827503442764,27.298383922010874
elementwise,1,weight,1,2,65,3250,3.2666845321655273,3.296439749002457,27.016282748752456
elementwise,1,weight,1,2,65,3500,3.2844653129577637,3.2884517550468444,26.801336483128175
elementwise,1,weight,1,2,65,3750,3.2390050888061523,3.2830906927585604,26.65803730994268
elementwise,1,weight,1,2,65,4000,3.2253687381744385,3.2754925549030305,26.45625342915177
elementwise,1,weight,2,0,65,250,9.445489883422852,9.415302610397339,12274.787125538294
elementwise,1,weight,2,0,65,500,5.939723014831543,5.968858706951141,391.05910293011993
elementwise,1,weight,2,0,65,750,4.463859558105469,4.506847310066223,90.63562159067823
elementwise,1,weight,2,0,65,1000,3.8920726776123047,3.9132287740707397,50.06032479369324
elementwise,1,weight,2,0,65,1250,3.6270899772644043,3.6443914771080017,38.2594839945286
elementwise,1,weight,2,0,65,1500,3.4842936992645264,3.5086085975170134,33.4017601440248
elementwise,1,weight,2,0,65,1750,3.408043384552002,3.4325746178627012,30.956240728861154
elementwise,1,weight,2,0,65,2000,3.362778425216675,3.38503555059433,29.51904211698928
elementwise,1,weight,2,0,65,2250,3.3145909309387207,3.352615660429001,28.577384704629026
elementwise,1,weight,2,0,65,2500,3.317319393157959,3.3286894619464875,27.901751424995407
elementwise,1,weight,2,0,65,2750,3.2777302265167236,3.309689515829086,27.37662414375791
elementwise,1,weight,2,0,65,3000,3.2480530738830566,3.2899519205093384,26.841573095711077
elementwise,1,weight,2,0,65,3250,3.2211077213287354,3.2687920808792112,26.279576560677814
elementwise,1,weight,2,0,65,3500,3.0747103691101074,3.1037586450576784,22.28154249776164
elementwise,1,weight,2,0,65,3750,2.9489312171936035,2.9813129603862762,19.713682945107255
elementwise,1,weight,2,0,65,4000,2.925808906555176,2.9366305112838744,18.852216841143573
elementwise,1,weight,2,1,65,250,9.905298233032227,9.8237060546875,18466.36142664306
elementwise,1,weight,2,1,65,500,6.050852298736572,6.065139615535736,430.5827895226655
elementwise,1,weight,2,1,65,750,4.505318641662598,4.522444498538971,92.06036457211944
elementwise,1,weight,2,1,65,1000,3.875662326812744,3.8951700568199157,49.16441339561851
elementwise,1,weight,2,1,65,1250,3.6124653816223145,3.6265082478523256,37.5813624450189
elementwise,1,weight,2,1,65,1500,3.4761648178100586,3.490710735321045,32.80925812008661
elementwise,1,weight,2,1,65,1750,3.42683744430542,3.414147710800171,30.391036434327063
elementwise,1,weight,2,1,65,2000,3.3451340198516846,3.3660430788993834,28.963692965061426
elementwise,1,weight,2,1,65,2250,3.3252205848693848,3.333431285619736,28.034370790757343
elementwise,1,weight,2,1,65,2500,3.2769439220428467,3.3079536855220795,27.32914419035853
elementwise,1,weight,2,1,65,2750,3.266932964324951,3.2862856805324556,26.743345620159523
elementwise,1,weight,2,1,65,3000,3.2143850326538086,3.2653255224227906,26.188634591217877
elementwise,1,weight,2,1,65,3250,3.2066779136657715,3.2423855662345886,25.594706844868305
elementwise,1,weight,2,1,65,3500,3.148235321044922,3.1871706426143644,24.219803927527366
elementwise,1,weight,2,1,65,3750,3.0201244354248047,3.0548404335975645,21.217799608828656
elementwise,1,weight,2,1,65,4000,2.8703365325927734,2.940821498632431,18.931392038654057
elementwise,1,weight,2,2,65,250,9.716835975646973,9.706410527229309,16422.547665762555
elementwise,1,weight,2,2,65,500,5.968945503234863,6.040004551410675,419.89494599666523
elementwise,1,weight,2,2,65,750,4.4901556968688965,4.525589346885681,92.35033617681579
elementwise,1,weight,2,2,65,1000,3.922530174255371,3.9243062853813173,50.617951463433
elementwise,1,weight,2,2,65,1250,3.6641829013824463,3.6559133529663086,38.70285434366997
elementwise,1,weight,2,2,65,1500,3.51446270942688,3.5174284279346466,33.69766098359817
elementwise,1,weight,2,2,65,1750,3.3848137855529785,3.4383306205272675,31.13493873269608
elementwise,1,weight,2,2,65,2000,3.3727400302886963,3.3877831041812896,29.600258789529015
elementwise,1,weight,2,2,65,2250,3.292191982269287,3.3525835156440733,28.576466105508064
elementwise,1,weight,2,2,65,2500,3.3131392002105713,3.328401631116867,27.893721596406436
elementwise,1,weight,2,2,65,2750,3.2753679752349854,3.304534965753555,27.235873029681855
elementwise,1,weight,2,2,65,3000,3.2602806091308594,3.278615468740463,26.53900317197873
elementwise,1,weight,2,2,65,3250,3.1425418853759766,3.169419473409653,23.79366748962781
elementwise,1,weight,2,2,65,3500,3.084041118621826,3.078221946954727,21.719749176477187
elementwise,1,weight,2,2,65,3750,3.006865978240967,3.032107764482498,20.74090348894497
elementwise,1,weight,2,2,65,4000,2.952751874923706,3.000369334220886,20.09295656939856
elementwise,1,weight,3,0,65,250,4.108543872833252,4.107421016693115,60.78973951130379
elementwise,1,weight,3,0,65,500,3.4447898864746094,3.510936367511749,33.479602323254916
elementwise,1,weight,3,0,65,750,3.2092719078063965,3.2567082583904265,25.9639297731664
elementwise,1,weight,3,0,65,1000,3.1061792373657227,3.114408403635025,22.520103600425116
elementwise,1,weight,3,0,65,1250,2.9572701454162598,2.9834544479846956,19.755944788108753
elementwise,1,weight,3,0,65,1500,2.901298999786377,2.930637609958649,18.739575228014644
elementwise,1,weight,3,0,65,1750,2.8545408248901367,2.8704615235328674,17.64515997745262
elementwise,1,weight,3,0,65,2000,2.7695093154907227,2.7931613683700562,16.332571546915215
elementwise,1,weight,3,0,65,2250,2.708115339279175,2.747584617137909,15.604894532640076
elementwise,1,weight,3,0,65,2500,2.7130322456359863,2.720767205953598,15.191973147307106
elementwise,1,weight,3,0,65,2750,2.668848991394043,2.7000024795532225,14.879768620005324
elementwise,1,weight,3,0,65,3000,2.6433634757995605,2.6790209472179414,14.57082070766155
elementwise,1,weight,3,0,65,3250,2.615730047225952,2.660719609260559,14.306580543169913
elementwise,1,weight,3,0,65,3500,2.6089069843292236,2.6419290244579314,14.040261509513552
elementwise,1,weight,3,0,65,3750,2.6118714809417725,2.620432674884796,13.741667973598762
elementwise,1,weight,3,0,65,4000,2.5921549797058105,2.5982697129249575,13.440462045976604
elementwise,1,weight,3,1,65,250,4.485846519470215,4.381454110145569,79.95421114660657
elementwise,1,weight,3,1,65,500,3.628513813018799,3.6412030816078187,38.13769189179411
elementwise,1,weight,3,1,65,750,3.3377795219421387,3.351238352060318,28.538051926420355
elementwise,1,weight,3,1,65,1000,3.1636135578155518,3.1841789186000824,24.147453239106213
elementwise,1,weight,3,1,65,1250,3.0453176498413086,3.060296058654785,21.33387230469034
elementwise,1,weight,3,1,65,1500,2.953352689743042,2.9587120175361634,19.273132306115514
elementwise,1,weight,3,1,65,1750,2.890394687652588,2.867549866437912,17.593858045273784
elementwise,1,weight,3,1,65,2000,2.7645392417907715,2.78147349357605,16.142789729119272
elementwise,1,weight,3,1,65,2250,2.7099759578704834,2.729925328493118,15.331742132874323
elementwise,1,weight,3,1,65,2500,2.6765379905700684,2.69672731757164,14.831114685775445
elementwise,1,weight,3,1,65,2750,2.6613643169403076,2.666912519931793,14.39545482970021
elementwise,1,weight,3,1,65,3000,2.625204563140869,2.6421848475933074,14.043853792709399
elementwise,1,weight,3,1,65,3250,2.611433506011963,2.621949481964111,13.762527248611468
elementwise,1,weight,3,1,65,3500,2.5906131267547607,2.6059915482997895,13.544648820123774
elementwise,1,weight,3,1,65,3750,2.5618057250976562,2.5920683979988097,13.357371409956999
elementwise,1,weight,3,1,65,4000,2.550337314605713,2.576277881860733,13.148108156665428
elementwise,1,weight,3,2,65,250,4.128787994384766,4.164442563056946,64.3567975861079
elementwise,1,weight,3,2,65,500,3.427907943725586,3.51241055727005,33.52899400752442
elementwise,1,weight,3,2,65,750,3.1832737922668457,3.2652946412563324,26.18782586812097
elementwise,1,weight,3,2,65,1000,3.140193223953247,3.1284820258617403,22.839283773358687
elementwise,1,weight,3,2,65,1250,3.0606536865234375,3.04960578083992,21.107021989736573
elementwise,1,weight,3,2,65,1500,2.9868662357330322,2.9786707878112795,19.661664743472304
elementwise,1,weight,3,2,65,1750,2.8424787521362305,2.9158758938312532,18.464978682663315
elementwise,1,weight,3,2,65,2000,2.793473958969116,2.807438385486603,16.5674244607613
elementwise,1,weight,3,2,65,2250,2.6920063495635986,2.724041074514389,15.241791174910933
elementwise,1,weight,3,2,65,2500,2.6863784790039062,2.6870043992996218,14.68761173404265
elementwise,1,weight,3,2,65,2750,2.6611874103546143,2.6603122532367705,14.300753858254007
elementwise,1,weight,3,2,65,3000,2.6594061851501465,2.643386644124985,14.060741793426574
elementwise,1,weight,3,2,65,3250,2.618124485015869,2.6276518404483795,13.841230295862417
elementwise,1,weight,3,2,65,3500,2.6186816692352295,2.61354141831398,13.647296157552026
elementwise,1,weight,3,2,65,3750,2.603400468826294,2.5998670637607573,13.46194833526178
elementwise,1,weight,3,2,65,4000,2.5737297534942627,2.5859213769435883,13.275515210299444
elementwise,1,weight,4,0,65,250,3.241011619567871,3.240126317739487,25.53694731308213
elementwise,1,weight,4,0,65,500,2.890589714050293,2.9507687985897064,19.120648006259263
elementwise,1,weight,4,0,65,750,2.792973756790161,2.835847353935242,17.044837192824463
elementwise,1,weight,4,0,65,1000,2.755441188812256,2.7458208382129667,15.577395207031945
elementwise,1,weight,4,0,65,1250,2.642861843109131,2.6559192299842835,14.23806810482533
elementwise,1,weight,4,0,65,1500,2.591381549835205,2.604258471727371,13.52119523587103
elementwise,1,weight,4,0,65,1750,2.55249285697937,2.5624879479408262,12.96804102442952
elementwise,1,weight,4,0,65,2000,2.5051963329315186,2.5164368212223054,12.384390156324967
elementwise,1,weight,4,0,65,2250,2.447374105453491,2.4682784378528595,11.80211128415411
elementwise,1,weight,4,0,65,2500,2.408755302429199,2.4273102462291716,11.328370536758968
elementwise,1,weight,4,0,65,2750,2.3572192192077637,2.3804369509220122,10.809625107819183
elementwise,1,weight,4,0,65,3000,2.324589252471924,2.3484832286834716,10.469677568761597
elementwise,1,weight,4,0,65,3250,2.2808427810668945,2.329401248693466,10.271789444091503
elementwise,1,weight,4,0,65,3500,2.2757303714752197,2.3088515222072603,10.062861043569182
elementwise,1,weight,4,0,65,3750,2.2707271575927734,2.283151376247406,9.807539005935345
elementwise,1,weight,4,0,65,4000,2.2274985313415527,2.256261682510376,9.547331415484061
elementwise,1,weight,4,1,65,250,3.4413514137268066,3.3483138561248778,28.454714429038876
elementwise,1,weight,4,1,65,500,2.9584038257598877,2.9590511560440063,19.27966967592153
elementwise,1,weight,4,1,65,750,2.8228559494018555,2.8276717483997347,16.90605342123544
elementwise,1,weight,4,1,65,1000,2.691704273223877,2.7164179921150207,15.126043482490072
elementwise,1,weight,4,1,65,1250,2.652707099914551,2.6557499289512636,14.235657789227194
elementwise,1,weight,4,1,65,1500,2.609565496444702,2.6061709225177765,13.547078598827104
elementwise,1,weight,4,1,65,1750,2.580949306488037,2.572182375192642,13.094370109415562
elementwise,1,weight,4,1,65,2000,2.5262112617492676,2.5386523962020875,12.662595306276673
elementwise,1,weight,4,1,65,2250,2.399381637573242,2.433491677045822,11.398612951145868
elementwise,1,weight,4,1,65,2500,2.3516597747802734,2.3587567806243896,10.577792757648957
elementwise,1,weight,4,1,65,2750,2.3076930046081543,2.3229994595050814,10.20624164892759
elementwise,1,weight,4,1,65,3000,4.8214921951293945,4.042622852325439,56.97558554611944
elementwise,1,weight,4,1,65,3250,2.3719868659973145,2.3666659355163575,10.66178587843863
elementwise,1,weight,4,1,65,3500,2.340099334716797,2.344539487361908,10.428469179733346
elementwise,1,weight,4,1,65,3750,2.3118577003479004,2.3267701983451845,10.244799370588026
elementwise,1,weight,4,1,65,4000,2.284426212310791,2.3096859216690064,10.07126099337701
elementwise,1,weight,4,2,65,250,3.224470853805542,3.226792126893997,25.19869296978738
elementwise,1,weight,4,2,65,500,2.8997507095336914,2.9370442807674406,18.860018927191252
elementwise,1,weight,4,2,65,750,2.747732400894165,2.793222004175186,16.3335619155664
elementwise,1,weight,4,2,65,1000,2.721261739730835,2.7016568303108217,14.904405349772034
elementwise,1,weight,4,2,65,1250,2.6525092124938965,2.6392467617988586,14.002652301778127
elementwise,1,weight,4,2,65,1500,2.6209206581115723,2.59929341673851,13.454228143229907
elementwise,1,weight,4,2,65,1750,2.5419745445251465,2.5751917123794557,13.133834835875106
elementwise,1,weight,4,2,65,2000,2.5350942611694336,2.548235386610031,12.784524123884694
elementwise,1,weight,4,2,65,2250,2.4833717346191406,2.5049847781658174,12.24337259779508
elementwise,1,weight,4,2,65,2500,2.453092098236084,2.4486496269702913,11.572708689318086
elementwise,1,weight,4,2,65,2750,2.386737585067749,2.3963207364082337,10.982693727961472
elementwise,1,weight,4,2,65,3000,2.386627435684204,2.373023599386215,10.729785860775738
elementwise,1,weight,4,2,65,3250,2.3196487426757812,2.3505204021930695,10.491027858297064
elementwise,1,weight,4,2,65,3500,2.3031749725341797,2.330890065431595,10.287093645895396
elementwise,1,weight,4,2,65,3750,2.292267084121704,2.3083475828170776,10.057791249053263
elementwise,1,weight,4,2,65,4000,2.2586252689361572,2.2850591242313385,9.826267177336774
elementwise,1,weight,5,0,65,250,2.8882482051849365,2.8833458960056304,17.87397771196579
elementwise,1,weight,5,0,65,500,2.6608543395996094,2.711123824119568,15.046175271597088
elementwise,1,weight,5,0,65,750,2.587493419647217,2.6226490676403045,13.772158684157173
elementwise,1,weight,5,0,65,1000,2.5455689430236816,2.5119404911994936,12.328830851140275
elementwise,1,weight,5,0,65,1250,2.359738826751709,2.371271526813507,10.711002956568604
elementwise,1,weight,5,0,65,1500,2.286600112915039,2.29763143658638,9.950585927139104
elementwise,1,weight,5,0,65,1750,2.2245259284973145,2.253529506921768,9.521282031604109
elementwise,1,weight,5,0,65,2000,2.153038263320923,2.201288568973541,9.036650347645898
elementwise,1,weight,5,0,65,2250,2.105423927307129,2.1664143800735474,8.726936396916514
elementwise,1,weight,5,0,65,2500,2.0387258529663086,2.128380036354065,8.401246068653007
elementwise,1,weight,5,0,65,2750,2.001819133758545,2.0904991209506987,8.088951522079755
elementwise,1,weight,5,0,65,3000,1.975883960723877,2.0584078311920164,7.833487641414931
elementwise,1,weight,5,0,65,3250,1.8978545665740967,2.0347471952438356,7.6503178442539985
elementwise,1,weight,5,0,65,3500,1.8723896741867065,1.9986989349126816,7.379448707288276
elementwise,1,weight,5,0,65,3750,1.850197196006775,1.9784622609615325,7.231614095384262
elementwise,1,weight,5,0,65,4000,1.80269455909729,1.937995794415474,6.944818169842994
elementwise,1,weight,5,1,65,250,2.976991891860962,2.9238814294338225,18.61339400634355
elementwise,1,weight,5,1,65,500,2.714653730392456,2.7103344559669496,15.034302986437348
elementwise,1,weight,5,1,65,750,2.6299638748168945,2.6297539710998534,13.870356973636735
elementwise,1,weight,5,1,65,1000,2.5383028984069824,2.5667051434516908,13.02284526770357
elementwise,1,weight,5,1,65,1250,2.456977367401123,2.470313388109207,11.826152446525757
elementwise,1,weight,5,1,65,1500,2.371852397918701,2.368744134902954,10.683966234929935
elementwise,1,weight,5,1,65,1750,2.2941534519195557,2.296767848730087,9.941996431395362
elementwise,1,weight,5,1,65,2000,2.2292613983154297,2.243451625108719,9.425809564743002
elementwise,1,weight,5,1,65,2250,2.1512398719787598,2.2061994433403016,9.081137347827399
elementwise,1,weight,5,1,65,2500,2.1365280151367188,2.1609030842781065,8.678971963542537
elementwise,1,weight,5,1,65,2750,2.0604944229125977,2.125906229019165,8.380488689969676
elementwise,1,weight,5,1,65,3000,2.0078225135803223,2.0982373297214507,8.151788326294165
elementwise,1,weight,5,1,65,3250,1.9669439792633057,2.055214983224869,7.808516392238102
elementwise,1,weight,5,1,65,3500,1.9348207712173462,2.0240426808595657,7.568861659113025
elementwise,1,weight,5,1,65,3750,1.851617693901062,1.994901457428932,7.351478558597534
elementwise,1,weight,5,1,65,4000,1.843519926071167,1.9835211366415024,7.268290624840314
elementwise,1,weight,5,2,65,250,2.9220731258392334,2.9078860223293304,18.318033693217444
elementwise,1,weight,5,2,65,500,2.707622528076172,2.7195459485054014,15.173431161521844
elementwise,1,weight,5,2,65,750,2.5978634357452393,2.618289816379547,13.712253050769732
elementwise,1,weight,5,2,65,1000,2.5705466270446777,2.5510029256343842,12.819954798578335
elementwise,1,weight,5,2,65,1250,2.4525790214538574,2.4565735161304474,11.66477382550723
elementwise,1,weight,5,2,65,1500,2.3467040061950684,2.341253286600113,10.39425538386147
elementwise,1,weight,5,2,65,1750,2.2938432693481445,2.3225591361522673,10.201748591656719
elementwise,1,weight,5,2,65,2000,2.2032668590545654,2.2286312162876127,9.287145282262735
elementwise,1,weight,5,2,65,2250,2.1447601318359375,2.1949517250061037,8.97956755778683
elementwise,1,weight,5,2,65,2500,2.135244846343994,2.1611501932144166,8.681116880075821
elementwise,1,weight,5,2,65,2750,2.0986533164978027,2.128071141242981,8.398651365581566
elementwise,1,weight,5,2,65,3000,2.0618252754211426,2.1088100254535673,8.238431925046765
elementwise,1,weight,5,2,65,3250,1.9981745481491089,2.084096056222916,8.037322908974105
elementwise,1,weight,5,2,65,3500,1.936891794204712,2.063510501384735,7.873561500199141
elementwise,1,weight,5,2,65,3750,1.9326869249343872,2.0242081969976424,7.5701145315469205
elementwise,1,weight,5,2,65,4000,1.900355577468872,1.9988629549741745,7.3806591841875635
elementwise,1,weight,7,0,65,250,2.7028887271881104,2.6885916531085967,14.710943213303521
elementwise,1,weight,7,0,65,500,2.5184688568115234,2.531274312734604,12.569513426382528
elementwise,1,weight,7,0,65,750,2.317070484161377,2.353908807039261,10.526636001266812
elementwise,1,weight,7,0,65,1000,2.2448973655700684,2.233265459537506,9.330284053172038
elementwise,1,weight,7,0,65,1250,2.0929322242736816,2.159941577911377,8.670631087288326
elementwise,1,weight,7,0,65,1500,2.0223441123962402,2.0879310727119447,8.068205354351385
elementwise,1,weight,7,0,65,1750,1.9178129434585571,2.003606355190277,7.415751767843148
elementwise,1,weight,7,0,65,2000,1.7867010831832886,1.958581656217575,7.089264916234383
elementwise,1,weight,7,0,65,2250,1.7260442972183228,1.9012672543525695,6.694372541931806
elementwise,1,weight,7,0,65,2500,1.6490881443023682,1.8602928280830384,6.42561809739295
elementwise,1,weight,7,0,65,2750,1.632491111755371,1.838488471508026,6.287028053329939
elementwise,1,weight,7,0,65,3000,1.6160328388214111,1.811565700173378,6.1200220543724955
elementwise,1,weight,7,0,65,3250,1.52933931350708,1.7978411108255385,6.036601033958689
elementwise,1,weight,7,0,65,3500,1.5326948165893555,1.749876195192337,5.753890272628642
elementwise,1,weight,7,0,65,3750,1.5217773914337158,1.7449398070573807,5.7255568269351595
elementwise,1,weight,7,0,65,4000,1.4696698188781738,1.7244390577077866,5.609373612124007
elementwise,1,weight,7,1,65,250,2.7241978645324707,2.6957012593746184,14.815904903376486
elementwise,1,weight,7,1,65,500,2.567279100418091,2.5585864007472994,12.917544172346416
elementwise,1,weight,7,1,65,750,2.4376773834228516,2.432713919878006,11.38975104487223
elementwise,1,weight,7,1,65,1000,2.2181360721588135,2.2549886643886565,9.535185222380372
elementwise,1,weight,7,1,65,1250,2.1090660095214844,2.1613042652606964,8.682454500559844
elementwise,1,weight,7,1,65,1500,2.0309386253356934,2.112609547376633,8.269793569656775
elementwise,1,weight,7,1,65,1750,1.9467068910598755,2.048281931877136,7.754566780954106
elementwise,1,weight,7,1,65,2000,1.8621835708618164,1.9982312858104705,7.375998521526515
elementwise,1,weight,7,1,65,2250,1.7790930271148682,1.9436925292015075,6.984493860739222
elementwise,1,weight,7,1,65,2500,1.7349238395690918,1.885051244497299,6.586691965085509
elementwise,1,weight,7,1,65,2750,1.6298549175262451,1.8220116436481475,6.184286525970618
elementwise,1,weight,7,1,65,3000,1.6330490112304688,1.7898891508579253,5.988788577512153
elementwise,1,weight,7,1,65,3250,1.58028244972229,1.7697377502918243,5.869313933667894
elementwise,1,weight,7,1,65,3500,1.5766592025756836,1.7562781810760497,5.790844761773169
elementwise,1,weight,7,1,65,3750,1.5148446559906006,1.7499760150909425,5.754464654039113
elementwise,1,weight,7,1,65,4000,1.5061044692993164,1.7289093494415284,5.634505279705116
elementwise,1,weight,7,2,65,250,2.719465732574463,2.7042391538619994,14.942943083756688
elementwise,1,weight,7,2,65,500,2.5520992279052734,2.552109718322754,12.834151685870903
elementwise,1,weight,7,2,65,750,2.3941657543182373,2.4004178166389467,11.027783009443544
elementwise,1,weight,7,2,65,1000,2.275844097137451,2.271037369966507,9.689447143750549
elementwise,1,weight,7,2,65,1250,2.12266206741333,2.1836835920810698,8.878952533267062
elementwise,1,weight,7,2,65,1500,2.074018955230713,2.127126747369766,8.390723474803607
elementwise,1,weight,7,2,65,1750,1.9606287479400635,2.0641069233417513,7.878258865824533
elementwise,1,weight,7,2,65,2000,1.853576898574829,1.9992742598056794,7.383695509354512
elementwise,1,weight,7,2,65,2250,1.7842624187469482,1.9366357505321503,6.935379332441774
elementwise,1,weight,7,2,65,2500,1.7520794868469238,1.9111265540122986,6.760700804675665
elementwise,1,weight,7,2,65,2750,1.734588384628296,1.8719923675060273,6.5012363564968005
elementwise,1,weight,7,2,65,3000,1.6707298755645752,1.8528021425008774,6.377665635181984
elementwise,1,weight,7,2,65,3250,1.5910719633102417,1.7983323127031325,6.039566952093499
elementwise,1,weight,7,2,65,3500,1.5135917663574219,1.7748195976018906,5.899216807459131
elementwise,1,weight,7,2,65,3750,1.5687423944473267,1.7735309511423112,5.891619698650911
elementwise,1,weight,7,2,65,4000,1.5350730419158936,1.7481062173843385,5.743715022176613
elementwise,1,weight,10,0,65,250,2.663207769393921,2.650869923830032,14.166356938095962
elementwise,1,weight,10,0,65,500,2.4716620445251465,2.4816169857978823,11.96058889231135
elementwise,1,weight,10,0,65,750,2.2359471321105957,2.2883621513843537,9.858777265931936
elementwise,1,weight,10,0,65,1000,2.1749110221862793,2.181658947467804,8.860993995811814
elementwise,1,weight,10,0,65,1250,2.003634452819824,2.1047298908233643,8.204886495123247
elementwise,1,weight,10,0,65,1500,1.9205350875854492,2.0139108300209045,7.492562261526774
elementwise,1,weight,10,0,65,1750,1.8178755044937134,1.921725219488144,6.832736276499782
elementwise,1,weight,10,0,65,2000,1.6963460445404053,1.8787701427936554,6.545449941226154
elementwise,1,weight,10,0,65,2250,1.6504552364349365,1.833839938044548,6.257870415670662
elementwise,1,weight,10,0,65,2500,1.568192720413208,1.7977205038070678,6.0358730214088805
elementwise,1,weight,10,0,65,2750,1.5616455078125,1.7724348574876785,5.88516546954968
elementwise,1,weight,10,0,65,3000,1.5497151613235474,1.7512286812067033,5.7616775936849205
elementwise,1,weight,10,0,65,3250,1.464147925376892,1.7303506553173065,5.642632180539944
elementwise,1,weight,10,0,65,3500,1.4696104526519775,1.7072456151247024,5.513753543620389
elementwise,1,weight,10,0,65,3750,1.4524532556533813,1.701502400636673,5.482177634786738
elementwise,1,weight,10,0,65,4000,1.425997257232666,1.6803102970123291,5.367221145445247
elementwise,1,weight,10,1,65,250,2.678600788116455,2.6562236905097962,14.242403694497275
elementwise,1,weight,10,1,65,500,2.533290147781372,2.537077581882477,12.642669763497972
elementwise,1,weight,10,1,65,750,2.3917574882507324,2.374861937761307,10.74952897958646
elementwise,1,weight,10,1,65,1000,2.144192695617676,2.186882436275482,8.907400394911127
elementwise,1,weight,10,1,65,1250,2.0146403312683105,2.10635558962822,8.218236017503518
elementwise,1,weight,10,1,65,1500,1.9241886138916016,2.058379340171814,7.833264460539622
elementwise,1,weight,10,1,65,1750,1.8201630115509033,1.9746631026268004,7.204192171518613
elementwise,1,weight,10,1,65,2000,1.7339389324188232,1.9082322120666504,6.741161315376991
elementwise,1,weight,10,1,65,2250,1.6780717372894287,1.8639873564243317,6.449401632984391
elementwise,1,weight,10,1,65,2500,1.6422290802001953,1.8334243655204774,6.255270356960614
elementwise,1,weight,10,1,65,2750,1.5456984043121338,1.7887493759393691,5.981966594999779
elementwise,1,weight,10,1,65,3000,1.5702524185180664,1.75954312980175,5.8097824715016495
elementwise,1,weight,10,1,65,3250,1.5094929933547974,1.7477544844150543,5.741695123490446
elementwise,1,weight,10,1,65,3500,1.4989854097366333,1.7269723415374756,5.623601761952101
elementwise,1,weight,10,1,65,3750,1.4530134201049805,1.7030740141868592,5.49080027339513
elementwise,1,weight,10,1,65,4000,1.4425698518753052,1.6901782900094986,5.420447030538125
elementwise,1,weight,10,2,65,250,2.668229103088379,2.660364603996277,14.30150253317668
elementwise,1,weight,10,2,65,500,2.5019614696502686,2.497814732789993,12.155901023035035
elementwise,1,weight,10,2,65,750,2.316944122314453,2.328008896112442,10.257497443608095
elementwise,1,weight,10,2,65,1000,2.204265594482422,2.221775788068771,9.22369566008183
elementwise,1,weight,10,2,65,1250,2.0487093925476074,2.13893518447876,8.490392112534852
elementwise,1,weight,10,2,65,1500,1.9855884313583374,2.07515464425087,7.965778225595802
elementwise,1,weight,10,2,65,1750,1.873152256011963,2.00206715464592,7.404346218650805
elementwise,1,weight,10,2,65,2000,1.7656729221343994,1.9387216091156005,6.949860650692367
elementwise,1,weight,10,2,65,2250,1.7107642889022827,1.8758626878261566,6.526446978795248
elementwise,1,weight,10,2,65,2500,1.6696300506591797,1.8479999721050262,6.347112417667615
elementwise,1,weight,10,2,65,2750,1.667098879814148,1.8189813911914825,6.165574941263488
elementwise,1,weight,10,2,65,3000,1.5959346294403076,1.8010150253772736,6.05579112757242
elementwise,1,weight,10,2,65,3250,1.5276076793670654,1.7557469576597213,5.787769346374053
elementwise,1,weight,10,2,65,3500,1.4339025020599365,1.747156023979187,5.738259974127244
elementwise,1,weight,10,2,65,3750,1.5097037553787231,1.7335886746644973,5.6609327455115706
elementwise,1,weight,10,2,65,4000,1.4763647317886353,1.7028196185827256,5.489403615601736
elementwise,1,weight,23,0,65,250,2.6581006050109863,2.6453730046749113,14.088699253833473
elementwise,1,weight,23,0,65,500,2.4631059169769287,2.475398725271225,11.88644559460407
elementwise,1,weight,23,0,65,750,2.226069927215576,2.2766302943229677,9.743791318449913
elementwise,1,weight,23,0,65,1000,2.1595544815063477,2.167546409368515,8.736821138426022
elementwise,1,weight,23,0,65,1250,1.9832907915115356,2.093884509801865,8.116382173893415
elementwise,1,weight,23,0,65,1500,1.889467477798462,1.9934910863637925,7.341117554100431
elementwise,1,weight,23,0,65,1750,1.793039321899414,1.9064382642507554,6.729078864642089
elementwise,1,weight,23,0,65,2000,1.6837118864059448,1.8686870843172074,6.47978340283561
elementwise,1,weight,23,0,65,2250,1.6407625675201416,1.8297658801078795,6.232427352485685
elementwise,1,weight,23,0,65,2500,1.5606486797332764,1.788662165403366,5.98144492723447
elementwise,1,weight,23,0,65,2750,1.5504417419433594,1.7703080922365189,5.872662404386727
elementwise,1,weight,23,0,65,3000,1.5302693843841553,1.739296978712082,5.69333947655586
elementwise,1,weight,23,0,65,3250,1.450817346572876,1.72219557762146,5.59680320013538
elementwise,1,weight,23,0,65,3500,1.457176685333252,1.7049243927001954,5.500969738019855
elementwise,1,weight,23,0,65,3750,1.4399348497390747,1.7029265314340591,5.489990534768443
elementwise,1,weight,23,0,65,4000,1.4101834297180176,1.6823050856590271,5.377938302928742
elementwise,1,weight,23,1,65,250,2.673381805419922,2.6517018616199493,14.178147369550928
elementwise,1,weight,23,1,65,500,2.529177188873291,2.5342400550842283,12.606846697733147
elementwise,1,weight,23,1,65,750,2.3803110122680664,2.362356513738632,10.615938604757368
elementwise,1,weight,23,1,65,1000,2.1344823837280273,2.179703015089035,8.843679429327919
elementwise,1,weight,23,1,65,1250,2.0037291049957275,2.0979715526103973,8.14962205542824
elementwise,1,weight,23,1,65,1500,1.9096581935882568,2.045552611351013,7.733430939031663
elementwise,1,weight,23,1,65,1750,1.8012681007385254,1.9652632415294646,7.136791042693782
elementwise,1,weight,23,1,65,2000,1.7208590507507324,1.8958221912384032,6.6580203208167354
elementwise,1,weight,23,1,65,2250,1.66311776638031,1.853820526599884,6.384163856734772
elementwise,1,weight,23,1,65,2500,1.6311373710632324,1.8214857965707778,6.181035391849923
elementwise,1,weight,23,1,65,2750,1.5347405672073364,1.783626878261566,5.951402334518643
elementwise,1,weight,23,1,65,3000,1.563274621963501,1.7531583786010743,5.77280662229996
elementwise,1,weight,23,1,65,3250,1.5047143697738647,1.735193133354187,5.670022768580079
elementwise,1,weight,23,1,65,3500,1.4958550930023193,1.717447704076767,5.570293268986548
elementwise,1,weight,23,1,65,3750,1.4442994594573975,1.7061186015605927,5.507542968945889
elementwise,1,weight,23,1,65,4000,1.4383935928344727,1.6842741817235947,5.388538412968989
elementwise,1,weight,23,2,65,250,2.6631789207458496,2.65419397354126,14.213524963785117
elementwise,1,weight,23,2,65,500,2.493088483810425,2.4890500724315645,12.049824221845636
elementwise,1,weight,23,2,65,750,2.3059511184692383,2.3171472251415253,10.146686765367773
elementwise,1,weight,23,2,65,1000,2.189718008041382,2.211251050233841,9.127127748766721
elementwise,1,weight,23,2,65,1250,2.036963939666748,2.1346171140670775,8.453809042549329
elementwise,1,weight,23,2,65,1500,1.9690532684326172,2.066171205043793,7.894538608651801
elementwise,1,weight,23,2,65,1750,1.8584318161010742,1.9891620397567749,7.30940620354265
elementwise,1,weight,23,2,65,2000,1.7503323554992676,1.9277804762125015,6.874235767016243
elementwise,1,weight,23,2,65,2250,1.6914478540420532,1.8668571263551712,6.467936514565097
elementwise,1,weight,23,2,65,2500,1.6537342071533203,1.8356610357761383,6.269276992382318
elementwise,1,weight,23,2,65,2750,1.6510605812072754,1.812400260567665,6.125131714254551
elementwise,1,weight,23,2,65,3000,1.5966441631317139,1.8089871764183045,6.1042617600026645
elementwise,1,weight,23,2,65,3250,1.5089302062988281,1.7573457777500152,5.797030349649301
elementwise,1,weight,23,2,65,3500,1.423097848892212,1.7420515149831772,5.709043605514553
elementwise,1,weight,23,2,65,3750,1.4930675029754639,1.7153448939323426,5.558592306555973
elementwise,1,weight,23,2,65,4000,1.4650144577026367,1.703778088092804,5.4946675638597755
elementwise,1,both,1,0,65,250,19.31270980834961,19.248338747024537,228795407.92817965
elementwise,1,both,1,0,65,500,11.197248458862305,11.148415684700012,69453.70431992882
elementwise,1,both,1,0,65,750,7.463588237762451,7.49530040025711,1799.5652739759018
elementwise,1,both,1,0,65,1000,5.319441318511963,5.300751578807831,200.48743547197267
elementwise,1,both,1,0,65,1250,4.194555282592773,4.178948283195496,65.29714298592815
elementwise,1,both,1,0,65,1500,3.6761739253997803,3.6993347346782683,40.4204051196771
elementwise,1,both,1,0,65,1750,3.501070976257324,3.517237442731857,33.691225843509514
elementwise,1,both,1,0,65,2000,3.4298110008239746,3.453206354379654,31.60155582596177
elementwise,1,both,1,0,65,2250,3.3710412979125977,3.410636913776398,30.284526750405178
elementwise,1,both,1,0,65,2500,3.3739538192749023,3.3907987475395203,29.68965734267611
elementwise,1,both,1,0,65,2750,3.3319101333618164,3.3624555706977843,28.85997164079437
elementwise,1,both,1,0,65,3000,3.31251859664917,3.350291484594345,28.511042962481522
elementwise,1,both,1,0,65,3250,3.3029184341430664,3.342039519548416,28.276738896588096
elementwise,1,both,1,0,65,3500,3.2929515838623047,3.3238766193389893,27.767787319579753
elementwise,1,both,1,0,65,3750,3.282100200653076,3.3224989473819733,27.72955875693696
elementwise,1,both,1,0,65,4000,3.2956299781799316,3.32028933763504,27.668354896854055
elementwise,1,both,1,1,65,250,19.87085723876953,19.75591034889221,380086854.4432535
elementwise,1,both,1,1,65,500,11.49563980102539,11.478810572624207,96646.04593489903
elementwise,1,both,1,1,65,750,7.975815296173096,7.977152478694916,2913.6226379487184
elementwise,1,both,1,1,65,1000,5.352828025817871,5.34164342880249,208.85566781882184
elementwise,1,both,1,1,65,1250,4.164386749267578,4.169051659107208,64.65410888951253
elementwise,1,both,1,1,65,1500,3.7071805000305176,3.7243339002132414,41.44361796366376
elementwise,1,both,1,1,65,1750,3.5228190422058105,3.5112382411956786,33.48971045975817
elementwise,1,both,1,1,65,2000,3.4135942459106445,3.4405792117118836,31.205027252145904
elementwise,1,both,1,1,65,2250,3.385406255722046,3.401595652103424,30.011950492844125
elementwise,1,both,1,1,65,2500,3.348118782043457,3.376167666912079,29.25842794105885
elementwise,1,both,1,1,65,2750,3.3403897285461426,3.3561998665332795,28.67999572099766
elementwise,1,both,1,1,65,3000,3.284576892852783,3.3431277751922606,28.30752796743326
elementwise,1,both,1,1,65,3250,3.29278302192688,3.331688266992569,27.985548921342588
elementwise,1,both,1,1,65,3500,3.284503936767578,3.334153950214386,28.05463756011743
elementwise,1,both,1,1,65,3750,3.277287483215332,3.330051636695862,27.939784384137237
elementwise,1,both,1,1,65,4000,3.23502779006958,3.3218575954437255,27.711780052494134
elementwise,1,both,1,2,65,250,19.12735939025879,19.002815103530885,178985455.0019015
elementwise,1,both,1,2,65,500,11.190400123596191,11.211250686645508,73957.85527574073
elementwise,1,both,1,2,65,750,7.506111145019531,7.408433187007904,1649.839331009999
elementwise,1,both,1,2,65,1000,5.231564521789551,5.24709597826004,190.01366265012328
elementwise,1,both,1,2,65,1250,4.1627044677734375,4.141592645645142,62.902923781898195
elementwise,1,both,1,2,65,1500,3.77504563331604,3.775005668401718,43.59775544461495
elementwise,1,both,1,2,65,1750,3.463834762573242,3.514089125394821,33.58532197005654
elementwise,1,both,1,2,65,2000,3.452133893966675,3.469714266061783,32.127561198532234
elementwise,1,both,1,2,65,2250,3.3530869483947754,3.4168287813663483,30.47262627277068
elementwise,1,both,1,2,65,2500,3.373917579650879,3.3932603359222413,29.762831083143354
elementwise,1,both,1,2,65,2750,3.326521873474121,3.3650123953819273,28.933855943022436
elementwise,1,both,1,2,65,3000,3.3295931816101074,3.355671340227127,28.664841593828964
elementwise,1,both,1,2,65,3250,3.310474395751953,3.3364101886749267,28.118006973748805
elementwise,1,both,1,2,65,3500,3.332188129425049,3.332051914930344,27.99572765912166
elementwise,1,both,1,2,65,3750,3.28965425491333,3.3357557475566866,28.099611413884162
elementwise,1,both,1,2,65,4000,3.2791671752929688,3.3295765042304994,27.926512438716863
elementwise,1,both,2,0,65,250,9.515125274658203,9.490044522285462,13227.384226907814
elementwise,1,both,2,0,65,500,5.9176859855651855,5.940331530570984,380.06091046437876
elementwise,1,both,2,0,65,750,4.4612274169921875,4.516530525684357,91.51752881516214
elementwise,1,both,2,0,65,1000,3.9263744354248047,3.9457857728004457,51.71695993069212
elementwise,1,both,2,0,65,1250,3.6851603984832764,3.705034387111664,40.65144517862908
elementwise,1,both,2,0,65,1500,3.5393590927124023,3.560524195432663,35.18163436437879
elementwise,1,both,2,0,65,1750,3.4816160202026367,3.5009190022945402,33.14589912339132
elementwise,1,both,2,0,65,2000,3.3900997638702393,3.414650189876556,30.40631113153146
elementwise,1,both,2,0,65,2250,3.346590995788574,3.382030153274536,29.430458847564964
elementwise,1,both,2,0,65,2500,3.3596699237823486,3.3673051059246064,29.000269003453468
elementwise,1,both,2,0,65,2750,3.319845676422119,3.3461892366409303,28.3943231652978
elementwise,1,both,2,0,65,3000,3.2854888439178467,3.3261871874332427,27.832020862418624
elementwise,1,both,2,0,65,3250,3.2626261711120605,3.309644114971161,27.37538124974913
elementwise,1,both,2,0,65,3500,3.22336745262146,3.2512375891208647,25.822277520036522
elementwise,1,both,2,0,65,3750,3.004826784133911,3.045379775762558,21.018011818827283
elementwise,1,both,2,0,65,4000,2.9802346229553223,2.993159544467926,19.948611550902275
elementwise,1,both,2,1,65,250,9.949766159057617,9.875793194770813,19453.712303563447
elementwise,1,both,2,1,65,500,6.207907676696777,6.205278599262238,495.3569427965829
elementwise,1,both,2,1,65,750,4.553118705749512,4.568537425994873,96.40301007706883
elementwise,1,both,2,1,65,1000,3.9484705924987793,3.9618003189563753,52.551850929432156
elementwise,1,both,2,1,65,1250,3.6695938110351562,3.6799210786819456,39.64326525036329
elementwise,1,both,2,1,65,1500,3.5264549255371094,3.5391490340232847,34.43760149125539
elementwise,1,both,2,1,65,1750,3.452080726623535,3.443489807844162,31.29598478988966
elementwise,1,both,2,1,65,2000,3.3577005863189697,3.380495864152908,29.38533863728577
elementwise,1,both,2,1,65,2250,3.3444571495056152,3.3525191843509674,28.574627803621905
elementwise,1,both,2,1,65,2500,3.296780586242676,3.3280446946620943,27.883767086978732
elementwise,1,both,2,1,65,2750,3.282201051712036,3.302927702665329,27.192132976588155
elementwise,1,both,2,1,65,3000,3.228578567504883,3.279472714662552,26.561763378377453
elementwise,1,both,2,1,65,3250,3.2234277725219727,3.260369575023651,26.059166180040176
elementwise,1,both,2,1,65,3500,3.156106948852539,3.193618822097778,24.376482172149455
elementwise,1,both,2,1,65,3750,3.049894332885742,3.084112650156021,21.84807135534844
elementwise,1,both,2,1,65,4000,2.894923210144043,2.9628695428371428,19.353427640590812
elementwise,1,both,2,2,65,250,9.697091102600098,9.675595259666443,15924.200254257392
elementwise,1,both,2,2,65,500,6.057485580444336,6.145481467247009,466.6042496533587
elementwise,1,both,2,2,65,750,4.538985729217529,4.570009970664978,96.54507238661778
elementwise,1,both,2,2,65,1000,3.9829154014587402,3.9857968747615815,53.82816669923784
elementwise,1,both,2,2,65,1250,3.7273175716400146,3.7192584693431856,41.23380663751974
elementwise,1,both,2,2,65,1500,3.5665950775146484,3.568000668287277,35.44565463905184
elementwise,1,both,2,2,65,1750,3.412907838821411,3.468672144412994,32.09409781097325
elementwise,1,both,2,2,65,2000,3.4040956497192383,3.420853930711746,30.595530332122948
elementwise,1,both,2,2,65,2250,3.3174057006835938,3.3755506455898283,29.240380435584107
elementwise,1,both,2,2,65,2500,3.327014684677124,3.342941242456436,28.30224817923904
elementwise,1,both,2,2,65,2750,3.292039394378662,3.3215026795864104,27.70194644747348
elementwise,1,both,2,2,65,3000,3.281924247741699,3.2984413623809816,27.070413057643037
elementwise,1,both,2,2,65,3250,3.165614604949951,3.191699057817459,24.329729963364507
elementwise,1,both,2,2,65,3500,3.1135306358337402,3.1093363404273986,22.40616939651751
elementwise,1,both,2,2,65,3750,3.0312838554382324,3.0587286353111267,21.30045928824112
elementwise,1,both,2,2,65,4000,2.973762035369873,3.023977780342102,20.572963870757945
elementwise,1,both,3,0,65,250,4.184797763824463,4.180813252925873,65.4190338070938
elementwise,1,both,3,0,65,500,3.5076494216918945,3.5688965141773226,35.477422710603776
elementwise,1,both,3,0,65,750,3.254514455795288,3.297618556022644,27.048148510617917
elementwise,1,both,3,0,65,1000,3.1496236324310303,3.1622891187667848,23.624613625426875
elementwise,1,both,3,0,65,1250,3.0003747940063477,3.02711426615715,20.63759197970375
elementwise,1,both,3,0,65,1500,2.9472718238830566,2.972464370727539,19.54001414917123
elementwise,1,both,3,0,65,1750,2.8952488899230957,2.9153615295886994,18.45548340011569
elementwise,1,both,3,0,65,2000,2.815194606781006,2.836387759447098,17.05405080611163
elementwise,1,both,3,0,65,2250,2.7569453716278076,2.7920261561870574,16.314041132681474
elementwise,1,both,3,0,65,2500,2.7623629570007324,2.7621070802211762,15.83316958345103
elementwise,1,both,3,0,65,2750,2.723590612411499,2.7412315726280214,15.506070193204303
elementwise,1,both,3,0,65,3000,2.686420440673828,2.7194502532482145,15.17197920559819
elementwise,1,both,3,0,65,3250,2.661879539489746,2.7021022379398345,14.911045364267503
elementwise,1,both,3,0,65,3500,2.652313709259033,2.684449869394302,14.650139672758273
elementwise,1,both,3,0,65,3750,2.657134532928467,2.6668441236019134,14.394470267093526
elementwise,1,both,3,0,65,4000,2.645966053009033,2.643981659412384,14.069110639294538
elementwise,1,both,3,1,65,250,4.5355682373046875,4.431988167762756,84.09845264015725
elementwise,1,both,3,1,65,500,3.686789035797119,3.6965183854103087,40.30672729467664
elementwise,1,both,3,1,65,750,3.3803718090057373,3.391655331850052,29.715099932646922
elementwise,1,both,3,1,65,1000,3.1787023544311523,3.1984965026378633,24.4956733167256
elementwise,1,both,3,1,65,1250,3.070983409881592,3.0863666236400604,21.89737186901389
elementwise,1,both,3,1,65,1500,2.987006425857544,2.9881084322929383,19.848102930078337
elementwise,1,both,3,1,65,1750,2.921511173248291,2.8970450937747954,18.120521739569742
elementwise,1,both,3,1,65,2000,2.7975566387176514,2.81224063038826,16.64717663187276
elementwise,1,both,3,1,65,2250,2.7429513931274414,2.7596614718437196,15.79449516179682
elementwise,1,both,3,1,65,2500,2.705716609954834,2.7257393479347227,15.267697895862828
elementwise,1,both,3,1,65,2750,2.6916794776916504,2.6934579432010652,14.78270539669901
elementwise,1,both,3,1,65,3000,2.6559505462646484,2.6700603902339934,14.440841252252964
elementwise,1,both,3,1,65,3250,2.6347289085388184,2.6495471596717834,14.147630576895462
elementwise,1,both,3,1,65,3500,2.6186470985412598,2.633144146203995,13.917459710683785
elementwise,1,both,3,1,65,3750,2.589972496032715,2.6204130709171296,13.741398585024676
elementwise,1,both,3,1,65,4000,2.5753793716430664,2.605786901712418,13.541877237572715
elementwise,1,both,3,2,65,250,4.193062782287598,4.235339832305908,69.08515211133223
elementwise,1,both,3,2,65,500,3.4812560081481934,3.5635494887828827,35.288230289542284
elementwise,1,both,3,2,65,750,3.2275736331939697,3.3058673679828643,27.27218635422883
elementwise,1,both,3,2,65,1000,3.187777519226074,3.176080119609833,23.95267765795477
elementwise,1,both,3,2,65,1250,3.1006593704223633,3.086760127544403,21.905990265914394
elementwise,1,both,3,2,65,1500,3.0149362087249756,3.0094112753868103,20.27545974865011
elementwise,1,both,3,2,65,1750,2.8755664825439453,2.9454428791999816,19.019083678087082
elementwise,1,both,3,2,65,2000,2.82797908782959,2.8393024086952208,17.10382989151785
elementwise,1,both,3,2,65,2250,2.726855754852295,2.761585694551468,15.824916547418479
elementwise,1,both,3,2,65,2500,2.7213664054870605,2.725002706050873,15.25645521154724
elementwise,1,both,3,2,65,2750,2.700162887573242,2.6977666854858398,14.846537684208073
elementwise,1,both,3,2,65,3000,2.699863910675049,2.6819917619228364,14.614172278940842
elementwise,1,both,3,2,65,3250,2.6567986011505127,2.6671339213848113,14.398642357164949
elementwise,1,both,3,2,65,3500,2.654489517211914,2.650706207752228,14.16403786754103
elementwise,1,both,3,2,65,3750,2.6397674083709717,2.63549622297287,13.950233172090353
elementwise,1,both,3,2,65,4000,2.618600606918335,2.6226283073425294,13.771872773009694
elementwise,1,both,4,0,65,250,3.2539587020874023,3.2579970359802246,25.99741307563157
elementwise,1,both,4,0,65,500,2.9095394611358643,2.968983417749405,19.472114524987227
elementwise,1,both,4,0,65,750,2.810978412628174,2.8550427913665772,17.375180699475287
elementwise,1,both,4,0,65,1000,2.7689208984375,2.757970517873764,15.767809965577252
elementwise,1,both,4,0,65,1250,2.662564754486084,2.6737335443496706,14.493982225476346
elementwise,1,both,4,0,65,1500,2.6109275817871094,2.624392110109329,13.79618507506059
elementwise,1,both,4,0,65,1750,2.5660440921783447,2.5787506461143495,13.180660559139541
elementwise,1,both,4,0,65,2000,2.5176215171813965,2.527266424894333,12.519237044711986
elementwise,1,both,4,0,65,2250,2.457148790359497,2.4745831906795503,11.87675573879297
elementwise,1,both,4,0,65,2500,2.4122467041015625,2.4304787814617157,11.364321804282834
elementwise,1,both,4,0,65,2750,2.368387460708618,2.3926283001899717,10.942215609292145
elementwise,1,both,4,0,65,3000,2.326230525970459,2.356276798248291,10.551592519524664
elementwise,1,both,4,0,65,3250,2.4035189151763916,2.434060883522034,11.40510296236047
elementwise,1,both,4,0,65,3500,2.3670706748962402,2.383366495370865,10.841338815725255
elementwise,1,both,4,0,65,3750,2.365243911743164,2.3613221883773803,10.604963946886873
elementwise,1,both,4,0,65,4000,2.3377273082733154,2.342868310213089,10.411055914720999
elementwise,1,both,4,1,65,250,3.4555068016052246,3.363378310203552,28.886614166927977
elementwise,1,both,4,1,65,500,2.9747872352600098,2.973791003227234,19.565953769353225
elementwise,1,both,4,1,65,750,2.8369555473327637,2.840960454940796,17.13221235567128
elementwise,1,both,4,1,65,1000,2.7064757347106934,2.73061341047287,15.342295258645619
elementwise,1,both,4,1,65,1250,2.666991949081421,2.665944641828537,14.381528524754106
elementwise,1,both,4,1,65,1500,2.6206493377685547,2.616837537288666,13.692353485733877
elementwise,1,both,4,1,65,1750,2.5958619117736816,2.5854472756385802,13.269222762960199
elementwise,1,both,4,1,65,2000,2.540367603302002,2.5515415728092194,12.82686209114191
elementwise,1,both,4,1,65,2250,2.416210889816284,2.4460463881492616,11.542621344057643
elementwise,1,both,4,1,65,2500,2.372170925140381,2.374529093503952,10.74595165597517
elementwise,1,both,4,1,65,2750,2.32382869720459,2.3372583627700805,10.352813958117732
elementwise,1,both,4,1,65,3000,2.2654638290405273,2.297937363386154,9.953630543738832
elementwise,1,both,4,1,65,3250,2.3983092308044434,2.3940500915050507,10.957784221449284
elementwise,1,both,4,1,65,3500,2.3657569885253906,2.3687979161739348,10.684540847664728
elementwise,1,both,4,1,65,3750,2.329990863800049,2.350256711244583,10.488261833914338
elementwise,1,both,4,1,65,4000,2.2988061904907227,2.3329991936683654,10.308813342339258
elementwise,1,both,4,2,65,250,3.238983631134033,3.240885376930237,25.556338726327983
elementwise,1,both,4,2,65,500,2.91454815864563,2.9494263529777527,19.094996797773984
elementwise,1,both,4,2,65,750,2.7589352130889893,2.8068736672401426,16.55807117510556
elementwise,1,both,4,2,65,1000,2.7354683876037598,2.716849499940872,15.132571897056625
elementwise,1,both,4,2,65,1250,2.6731204986572266,2.6560499608516692,14.239929581492149
elementwise,1,both,4,2,65,1500,2.6392831802368164,2.616419118642807,13.68662554815127
elementwise,1,both,4,2,65,1750,2.5579161643981934,2.592153513431549,13.358508376790843
elementwise,1,both,4,2,65,2000,2.5492372512817383,2.5616898477077483,12.95769535685436
elementwise,1,both,4,2,65,2250,2.4770195484161377,2.497731202840805,12.15488568364646
elementwise,1,both,4,2,65,2500,2.444586753845215,2.4397523939609527,11.470200300290552
elementwise,1,both,4,2,65,2750,2.3874382972717285,2.393852537870407,10.955619685161743
elementwise,1,both,4,2,65,3000,2.374237537384033,2.3640893042087554,10.63434974872379
elementwise,1,both,4,2,65,3250,2.3032517433166504,2.3301339507102967,10.279318362823792
elementwise,1,both,4,2,65,3500,2.3912858963012695,2.3991436839103697,11.01374109771687
elementwise,1,both,4,2,65,3750,2.28951358795166,2.3019195795059204,9.993347079168574
elementwise,1,both,4,2,65,4000,2.265364646911621,2.287650990486145,9.851768581482807
elementwise,1,both,5,0,65,250,2.889957904815674,2.888132816553116,17.95974413789851
elementwise,1,both,5,0,65,500,2.6643993854522705,2.7161855578422545,15.12252808013921
elementwise,1,both,5,0,65,750,2.5918188095092773,2.627047747373581,13.832871429514828
elementwise,1,both,5,0,65,1000,2.5504696369171143,2.515909880399704,12.377866034652557
elementwise,1,both,5,0,65,1250,2.366198778152466,2.376897859573364,10.771436473510532
elementwise,1,both,5,0,65,1500,2.296966075897217,2.308338725566864,10.057702165074094
elementwise,1,both,5,0,65,1750,2.2245731353759766,2.2528092205524444,9.514426451225205
elementwise,1,both,5,0,65,2000,2.145357370376587,2.1982687771320344,9.009402706460062
elementwise,1,both,5,0,65,2250,2.1018495559692383,2.165574532747269,8.719610179599599
elementwise,1,both,5,0,65,2500,2.038806438446045,2.130327916145325,8.417626634598914
elementwise,1,both,5,0,65,2750,2.005584478378296,2.0968130350112917,8.140186041800284
elementwise,1,both,5,0,65,3000,1.9916584491729736,2.0657117784023287,7.890912480326679
elementwise,1,both,5,0,65,3250,1.910815715789795,2.045355561375618,7.731907216785051
elementwise,1,both,5,0,65,3500,1.8922377824783325,2.020143222808838,7.53940467105252
elementwise,1,both,5,0,65,3750,1.8678817749023438,1.9929060608148574,7.336824068795301
elementwise,1,both,5,0,65,4000,1.8250882625579834,1.9537006109952926,7.0547462058116475
elementwise,1,both,5,1,65,250,2.982013463973999,2.92767933011055,18.684220238400364
elementwise,1,both,5,1,65,500,2.718797206878662,2.7146793842315673,15.099768071982563
elementwise,1,both,5,1,65,750,2.6328344345092773,2.633657121658325,13.924600857361881
elementwise,1,both,5,1,65,1000,2.5441761016845703,2.5725961327552795,13.099789125078354
elementwise,1,both,5,1,65,1250,2.4607372283935547,2.4757248044013975,11.890322148441705
elementwise,1,both,5,1,65,1500,2.3775181770324707,2.3731093645095824,10.730706141647229
elementwise,1,both,5,1,65,1750,2.311408519744873,2.3100812315940855,10.075243049827115
elementwise,1,both,5,1,65,2000,2.2586581707000732,2.2702708899974824,9.682023222111013
elementwise,1,both,5,1,65,2250,2.181739568710327,2.232890212535858,9.326783548874507
elementwise,1,both,5,1,65,2500,2.177509307861328,2.191845041513443,8.95171417171339
elementwise,1,both,5,1,65,2750,2.110407590866089,2.159457319974899,8.666433281862368
elementwise,1,both,5,1,65,3000,2.057191848754883,2.1229799926280974,8.356001244490743
elementwise,1,both,5,1,65,3250,2.0116536617279053,2.088819706439972,8.075378220307202
elementwise,1,both,5,1,65,3500,1.9827754497528076,2.0610899746418,7.8545263808273305
elementwise,1,both,5,1,65,3750,1.8966474533081055,2.0318090468645096,7.62787306447186
elementwise,1,both,5,1,65,4000,1.8795069456100464,2.0052812933921813,7.4281831017267015
elementwise,1,both,5,2,65,250,2.924405574798584,2.9117351174354553,18.388677417046992
elementwise,1,both,5,2,65,500,2.712980031967163,2.7240166306495666,15.241418611181269
elementwise,1,both,5,2,65,750,2.6032967567443848,2.622588175535202,13.771320093955108
elementwise,1,both,5,2,65,1000,2.5750272274017334,2.5556962192058563,12.880264023767916
elementwise,1,both,5,2,65,1250,2.4508795738220215,2.456948435306549,11.66914799282767
elementwise,1,both,5,2,65,1500,2.345778703689575,2.344169533252716,10.424611838271382
elementwise,1,both,5,2,65,1750,2.2561357021331787,2.2866410315036774,9.841823722106103
elementwise,1,both,5,2,65,2000,2.202911376953125,2.229771363735199,9.297740035894615
elementwise,1,both,5,2,65,2250,2.148749351501465,2.1947581648826597,8.977829639783108
elementwise,1,both,5,2,65,2500,2.1354544162750244,2.1610007524490356,8.679819664255776
elementwise,1,both,5,2,65,2750,2.10095477104187,2.1275695145130156,8.394439434057967
elementwise,1,both,5,2,65,3000,2.0660223960876465,2.1114833891391753,8.260485715548231
elementwise,1,both,5,2,65,3250,2.0035674571990967,2.0878017425537108,8.067161959548905
elementwise,1,both,5,2,65,3500,1.9379935264587402,2.060267561674118,7.848069372004571
elementwise,1,both,5,2,65,3750,1.9393267631530762,2.0285825341939927,7.603301297256167
elementwise,1,both,5,2,65,4000,1.899461269378662,1.998977130651474,7.381501924058118
elementwise,1,both,7,0,65,250,2.7028756141662598,2.688868373632431,14.71501459650727
elementwise,1,both,7,0,65,500,2.518136501312256,2.531611841917038,12.573756720050369
elementwise,1,both,7,0,65,750,2.3175792694091797,2.3543188154697416,10.530952895693012
elementwise,1,both,7,0,65,1000,2.2455530166625977,2.233705186843872,9.33438773603095
elementwise,1,both,7,0,65,1250,2.0931038856506348,2.1602534532546995,8.673335665059136
elementwise,1,both,7,0,65,1500,2.0228729248046875,2.088539260625839,8.073113831821756
elementwise,1,both,7,0,65,1750,1.9181534051895142,2.0041790664196015,7.420000068563119
elementwise,1,both,7,0,65,2000,1.7873213291168213,1.9591224431991576,7.093099735226708
elementwise,1,both,7,0,65,2250,1.7262011766433716,1.901983991265297,6.699172365740129
elementwise,1,both,7,0,65,2500,1.649716854095459,1.8604092091321944,6.426365961086336
elementwise,1,both,7,0,65,2750,1.6334521770477295,1.8381196677684783,6.284709801389498
elementwise,1,both,7,0,65,3000,1.616088628768921,1.8130863457918167,6.129335518538787
elementwise,1,both,7,0,65,3250,1.529970645904541,1.7996892899274826,6.047768069999081
elementwise,1,both,7,0,65,3500,1.532287359237671,1.7499142915010453,5.754109478784188
elementwise,1,both,7,0,65,3750,1.521176815032959,1.744615513086319,5.723700364411285
elementwise,1,both,7,0,65,4000,1.4698376655578613,1.7235085129737855,5.604156266911238
elementwise,1,both,7,1,65,250,2.724836826324463,2.6959860563278197,14.820125028862805
elementwise,1,both,7,1,65,500,2.5679190158843994,2.558843356370926,12.920863834449603
elementwise,1,both,7,1,65,750,2.4382801055908203,2.4326491713523866,11.389013599159425
elementwise,1,both,7,1,65,1000,2.218578338623047,2.2555921196937563,9.540941016995655
elementwise,1,both,7,1,65,1250,2.111515760421753,2.1631704926490785,8.698673064003646
elementwise,1,both,7,1,65,1500,2.033533811569214,2.113236826658249,8.27498266716279
elementwise,1,both,7,1,65,1750,1.947634220123291,2.048993331193924,7.760085337179889
elementwise,1,both,7,1,65,2000,1.8619425296783447,1.9990546226501464,7.382073953558986
elementwise,1,both,7,1,65,2250,1.7769922018051147,1.9429564684629441,6.979354740613898
elementwise,1,both,7,1,65,2500,1.7349765300750732,1.8854716747999192,6.589461792200481
elementwise,1,both,7,1,65,2750,1.6293752193450928,1.8233987808227539,6.192870932207242
elementwise,1,both,7,1,65,3000,1.6317789554595947,1.7905079185962678,5.992495393386439
elementwise,1,both,7,1,65,3250,1.5814592838287354,1.7715138792991638,5.879747855651477
elementwise,1,both,7,1,65,3500,1.5760565996170044,1.7594679445028305,5.809345677690314
elementwise,1,both,7,1,65,3750,1.51570725440979,1.750979733467102,5.760243415596765
elementwise,1,both,7,1,65,4000,1.5087181329727173,1.7268736124038697,5.623046576029362
elementwise,1,both,7,2,65,250,2.720008373260498,2.704445540904999,14.946027431867247
elementwise,1,both,7,2,65,500,2.552173137664795,2.5523073256015776,12.83668805825613
elementwise,1,both,7,2,65,750,2.394399642944336,2.4004716336727143,11.028376507984168
elementwise,1,both,7,2,65,1000,2.27567195892334,2.270984375476837,9.68893367004974
elementwise,1,both,7,2,65,1250,2.1228859424591064,2.1843250930309295,8.884650217090309
elementwise,1,both,7,2,65,1500,2.074310779571533,2.1271525621414185,8.39094008220993
elementwise,1,both,7,2,65,1750,1.9610600471496582,2.0645431876182556,7.881696618558576
elementwise,1,both,7,2,65,2000,1.8533496856689453,1.999247658252716,7.38349909419984
elementwise,1,both,7,2,65,2250,1.7833478450775146,1.9367138504981996,6.935921006484263
elementwise,1,both,7,2,65,2500,1.752949833869934,1.9132484644651413,6.775061637193655
elementwise,1,both,7,2,65,2750,1.7343813180923462,1.8734924852848054,6.5109962954379075
elementwise,1,both,7,2,65,3000,1.6716290712356567,1.8550447136163712,6.391984052954019
elementwise,1,both,7,2,65,3250,1.592165470123291,1.8012170404195786,6.05701461205022
elementwise,1,both,7,2,65,3500,1.5133873224258423,1.7794123262166976,5.926372621203652
elementwise,1,both,7,2,65,3750,1.5701913833618164,1.7767621785402299,5.910687651494698
elementwise,1,both,7,2,65,4000,1.5360851287841797,1.751241970062256,5.761754160294943
elementwise,1,both,10,0,65,250,2.663201093673706,2.6508764684200288,14.166449651397253
elementwise,1,both,10,0,65,500,2.47170352935791,2.481627368927002,11.9607130812949
elementwise,1,both,10,0,65,750,2.2359886169433594,2.288381481170654,9.858967835831503
elementwise,1,both,10,0,65,1000,2.1749439239501953,2.1816757142543795,8.86114256745252
elementwise,1,both,10,0,65,1250,2.0036425590515137,2.1047623813152314,8.205153080251906
elementwise,1,both,10,0,65,1500,1.9206151962280273,2.013916251063347,7.492602879134891
elementwise,1,both,10,0,65,1750,1.8178913593292236,1.9217351377010345,6.83280404536887
elementwise,1,both,10,0,65,2000,1.6963261365890503,1.8789887070655822,6.54688069907757
elementwise,1,both,10,0,65,2250,1.6504017114639282,1.833810043334961,6.257683341248233
elementwise,1,both,10,0,65,2500,1.5681637525558472,1.797783014178276,6.0362503378649865
elementwise,1,both,10,0,65,2750,1.56161367893219,1.7725292533636092,5.885721031120123
elementwise,1,both,10,0,65,3000,1.5498263835906982,1.7512606739997865,5.761861928792669
elementwise,1,both,10,0,65,3250,1.4640626907348633,1.7303074687719344,5.642388500011159
elementwise,1,both,10,0,65,3500,1.4695863723754883,1.7073910385370255,5.5145554307805815
elementwise,1,both,10,0,65,3750,1.4522788524627686,1.701854833960533,5.484110077381138
elementwise,1,both,10,0,65,4000,1.425992727279663,1.6806345522403716,5.368961777150932
elementwise,1,both,10,1,65,250,2.6785902976989746,2.656212770938873,14.242248174409127
elementwise,1,both,10,1,65,500,2.53330135345459,2.537019354104996,12.641933630368124
elementwise,1,both,10,1,65,750,2.3917715549468994,2.3748553872108458,10.749458564485074
elementwise,1,both,10,1,65,1000,2.1442103385925293,2.186976945400238,8.90824226530789
elementwise,1,both,10,1,65,1250,2.014495372772217,2.1064561784267424,8.219062721568381
elementwise,1,both,10,1,65,1500,1.9237189292907715,2.0583608031272886,7.833119256313373
elementwise,1,both,10,1,65,1750,1.819295883178711,1.9743025362491609,7.201595050288943
elementwise,1,both,10,1,65,2000,1.7330037355422974,1.9092137962579727,6.747781581397997
elementwise,1,both,10,1,65,2250,1.6763944625854492,1.8640878438949584,6.4500497496047995
elementwise,1,both,10,1,65,2500,1.6413450241088867,1.834815764427185,6.263979991179067
elementwise,1,both,10,1,65,2750,1.5446758270263672,1.7900005161762238,5.989455557996868
elementwise,1,both,10,1,65,3000,1.5707917213439941,1.7557694762945175,5.787899680505716
elementwise,1,both,10,1,65,3250,1.5090667009353638,1.7444259345531463,5.722615376540334
elementwise,1,both,10,1,65,3500,1.498207449913025,1.724127209186554,5.607624609984065
elementwise,1,both,10,1,65,3750,1.4527795314788818,1.7038623362779617,5.495130499130529
elementwise,1,both,10,1,65,4000,1.4441121816635132,1.6897989362478256,5.418391153544132
elementwise,1,both,10,2,65,250,2.668236255645752,2.660375213623047,14.30165426758573
elementwise,1,both,10,2,65,500,2.501960277557373,2.4978422105312346,12.156235044326959
elementwise,1,both,10,2,65,750,2.3170018196105957,2.3280747056007387,10.258172506478589
elementwise,1,both,10,2,65,1000,2.2042016983032227,2.221870595216751,9.224570173815618
elementwise,1,both,10,2,65,1250,2.0486021041870117,2.1390078604221343,8.491009182214038
elementwise,1,both,10,2,65,1500,1.9856129884719849,2.0749962091445924,7.964516266647986
elementwise,1,both,10,2,65,1750,1.87326979637146,2.002043694257736,7.404172511851892
elementwise,1,both,10,2,65,2000,1.7656238079071045,1.93890181183815,6.951113147351226
elementwise,1,both,10,2,65,2250,1.710676670074463,1.8758213698863984,6.5261773250229504
elementwise,1,both,10,2,65,2500,1.6698272228240967,1.8481237202882768,6.347897909898804
elementwise,1,both,10,2,65,2750,1.6673853397369385,1.8190722078084947,6.1661349033481345
elementwise,1,both,10,2,65,3000,1.5961334705352783,1.801216295361519,6.057010099224347
elementwise,1,both,10,2,65,3250,1.5278700590133667,1.7551385313272476,5.784248986145964
elementwise,1,both,10,2,65,3500,1.434337854385376,1.7469216763973237,5.736915384335041
elementwise,1,both,10,2,65,3750,1.5099304914474487,1.7336482584476471,5.6612700553497035
elementwise,1,both,10,2,65,4000,1.4763975143432617,1.7033881366252899,5.492525327890922
elementwise,1,both,23,0,65,250,2.6581006050109863,2.645373010635376,14.088699337808666
elementwise,1,both,23,0,65,500,2.463106155395508,2.475398725271225,11.88644559460407
elementwise,1,both,23,0,65,750,2.226069927215576,2.276630300283432,9.743791376527431
elementwise,1,both,23,0,65,1000,2.1595544815063477,2.1675464272499085,8.736821294652561
elementwise,1,both,23,0,65,1250,1.9832907915115356,2.0938845455646513,8.116382464157864
elementwise,1,both,23,0,65,1500,1.889467477798462,1.9934910625219344,7.34111737907455
elementwise,1,both,23,0,65,1750,1.793039321899414,1.9064382940530777,6.729079065184269
elementwise,1,both,23,0,65,2000,1.6837118864059448,1.8686870902776718,6.479783441458128
elementwise,1,both,23,0,65,2250,1.6407625675201416,1.8297657728195191,6.232426683818808
elementwise,1,both,23,0,65,2500,1.5606486797332764,1.7886621117591859,5.98144460636477
elementwise,1,both,23,0,65,2750,1.5504417419433594,1.7703080505132676,5.8726621593601624
elementwise,1,both,23,0,65,3000,1.5302693843841553,1.7392968893051148,5.693338967531667
elementwise,1,both,23,0,65,3250,1.450817346572876,1.7221955865621568,5.596803250174701
elementwise,1,both,23,0,65,3500,1.4571764469146729,1.7049245208501815,5.500970442969095
elementwise,1,both,23,0,65,3750,1.4399350881576538,1.702926504611969,5.489990387515424
elementwise,1,both,23,0,65,4000,1.410183310508728,1.6823051929473878,5.377938879918957
elementwise,1,both,23,1,65,250,2.6733815670013428,2.6517018914222716,14.178147792092654
elementwise,1,both,23,1,65,500,2.529176950454712,2.534240049123764,12.60684662259049
elementwise,1,both,23,1,65,750,2.3803110122680664,2.362356495857239,10.615938414929596
elementwise,1,both,23,1,65,1000,2.1344823837280273,2.179703027009964,8.843679534752797
elementwise,1,both,23,1,65,1250,2.0037288665771484,2.0979716002941133,8.149622444032515
elementwise,1,both,23,1,65,1500,1.9096579551696777,2.0455526173114777,7.733430985126504
elementwise,1,both,23,1,65,1750,1.8012681007385254,1.965263295173645,7.136791425541099
elementwise,1,both,23,1,65,2000,1.7208590507507324,1.8958221524953842,6.658020062864932
elementwise,1,both,23,1,65,2250,1.66311776638031,1.853820687532425,6.384164884154567
elementwise,1,both,23,1,65,2500,1.6311372518539429,1.8214858323335648,6.181035612900979
elementwise,1,both,23,1,65,2750,1.5347405672073364,1.7836269050836564,5.951402494147696
elementwise,1,both,23,1,65,3000,1.563274621963501,1.753158414363861,5.772806828751616
elementwise,1,both,23,1,65,3250,1.5047142505645752,1.7351931780576706,5.670023022049855
elementwise,1,both,23,1,65,3500,1.4958552122116089,1.7174478262662887,5.570293949618059
elementwise,1,both,23,1,65,3750,1.4442994594573975,1.7061186462640763,5.507543215152252
elementwise,1,both,23,1,65,4000,1.438393473625183,1.6842741638422012,5.388538316614414
elementwise,1,both,23,2,65,250,2.6631789207458496,2.654193991422653,14.213525217942749
elementwise,1,both,23,2,65,500,2.493088722229004,2.4890500664711,12.049824150023086
elementwise,1,both,23,2,65,750,2.30595064163208,2.317147248983383,10.146687007283639
elementwise,1,both,23,2,65,1000,2.189718008041382,2.211251038312912,9.127127639962879
elementwise,1,both,23,2,65,1250,2.036963939666748,2.134617066383362,8.453808639440313
elementwise,1,both,23,2,65,1500,1.9690531492233276,2.0661711633205413,7.894538279265987
elementwise,1,both,23,2,65,1750,1.8584318161010742,1.9891620814800262,7.309406508514848
elementwise,1,both,23,2,65,2000,1.7503323554992676,1.9277803957462312,6.874235213872152
elementwise,1,both,23,2,65,2250,1.6914479732513428,1.8668571293354035,6.46793653384105
elementwise,1,both,23,2,65,2500,1.6537342071533203,1.835660955309868,6.2692764879170015
elementwise,1,both,23,2,65,2750,1.6510605812072754,1.8124003648757934,6.125132353155609
elementwise,1,both,23,2,65,3000,1.5966441631317139,1.808987122774124,6.104261432544554
elementwise,1,both,23,2,65,3250,1.5089303255081177,1.7573458313941956,5.797030660626252
elementwise,1,both,23,2,65,3500,1.423097848892212,1.7420514225959778,5.709043078072027
elementwise,1,both,23,2,65,3750,1.4930673837661743,1.7153449773788452,5.558592770401079
elementwise,1,both,23,2,65,4000,1.4650145769119263,1.7037781924009323,5.494668136998294
bfp16,16,activation,1,0,65,250,4.779980182647705,4.798006784915924,121.26846233612945
bfp16,16,activation,1,0,65,500,4.365556716918945,4.386293530464172,80.34208095611399
bfp16,16,activation,1,0,65,750,4.4930572509765625,4.4717483758926395,87.50958899667735
bfp16,16,activation,1,0,65,1000,3.9527573585510254,3.951753371953964,52.02650872992992
bfp16,16,activation,1,0,65,1250,4.110708713531494,4.104148650169373,60.59113832789684
bfp16,16,activation,1,0,65,1500,3.8625056743621826,3.855012649297714,47.22921435388946
bfp16,16,activation,1,0,65,1750,3.7167420387268066,3.771999806165695,43.4669033581442
bfp16,16,activation,1,0,65,2000,3.7051992416381836,3.7720195412635804,43.467761190201415
bfp16,16,activation,1,0,65,2250,3.5363616943359375,3.646308922767639,38.33291485339671
bfp16,16,activation,1,0,65,2500,3.543607234954834,3.597576302289963,36.50963879457124
bfp16,16,activation,1,0,65,2750,3.543229341506958,3.604924666881561,36.77891308266463
bfp16,16,activation,1,0,65,3000,3.504626512527466,3.5591079711914064,35.131844546040696
bfp16,16,activation,1,0,65,3250,3.4213385581970215,3.5024023592472076,33.19510280759984
bfp16,16,activation,1,0,65,3500,3.3188512325286865,3.423532944917679,30.67760608448509
bfp16,16,activation,1,0,65,3750,3.309725284576416,3.4046205163002012,30.102870007633285
bfp16,16,activation,1,0,65,4000,3.263596773147583,3.3398356080055236,28.214488088173344
bfp16,16,activation,1,1,65,250,4.310715675354004,4.316268503665924,74.90858501636045
bfp16,16,activation,1,1,65,500,4.203813552856445,4.200926101207733,66.7481179386857
bfp16,16,activation,1,1,65,750,4.039065361022949,4.0633809745311735,58.17065247377591
bfp16,16,activation,1,1,65,1000,3.78167462348938,3.7789222478866575,43.768844342108935
bfp16,16,activation,1,1,65,1250,3.6926467418670654,3.6829869389533996,39.76499246629484
bfp16,16,activation,1,1,65,1500,3.6350107192993164,3.6355042695999145,37.92097046913867
bfp16,16,activation,1,1,65,1750,3.5562925338745117,3.538057488203049,34.40003177954983
bfp16,16,activation,1,1,65,2000,3.4572596549987793,3.524142450094223,33.92466904197823
bfp16,16,activation,1,1,65,2250,3.4209320545196533,3.5001949310302733,33.12190781706371
bfp16,16,activation,1,1,65,2500,3.3781867027282715,3.4314741611480715,30.922193463098445
bfp16,16,activation,1,1,65,2750,3.3780949115753174,3.437146270275116,31.09808588780311
bfp16,16,activation,1,1,65,3000,3.2480268478393555,3.3617151260375975,28.838610338306943
bfp16,16,activation,1,1,65,3250,3.1662449836730957,3.268430370092392,26.270072673295683
bfp16,16,activation,1,1,65,3500,3.216616630554199,3.2945646226406096,26.965671271058746
bfp16,16,activation,1,1,65,3750,3.101562976837158,3.19105144739151,24.313978877413945
bfp16,16,activation,1,1,65,4000,3.0415985584259033,3.1354093194007873,22.998047462730653
bfp16,16,activation,1,2,65,250,5.2325334548950195,5.218059694766998,184.57570319919247
bfp16,16,activation,1,2,65,500,5.083661079406738,5.121214652061463,167.5387473643626
bfp16,16,activation,1,2,65,750,4.539038181304932,4.487523365020752,88.90099768592763
bfp16,16,activation,1,2,65,1000,4.469263076782227,4.402646052837372,81.66667736179564
bfp16,16,activation,1,2,65,1250,4.102090835571289,4.099547588825226,60.312995151133194
bfp16,16,activation,1,2,65,1500,4.204599380493164,4.172846043109894,64.89989741913132
bfp16,16,activation,1,2,65,1750,3.6575474739074707,3.755055969953537,42.73661170978626
bfp16,16,activation,1,2,65,2000,3.791273832321167,3.7988680481910704,44.65061353399654
bfp16,16,activation,1,2,65,2250,3.6273767948150635,3.69089994430542,40.080901310288816
bfp16,16,activation,1,2,65,2500,3.652283191680908,3.6959821403026583,40.28511880360109
bfp16,16,activation,1,2,65,2750,3.505425453186035,3.605388206243515,36.79596550849829
bfp16,16,activation,1,2,65,3000,3.466167449951172,3.5289821863174438,34.089253442889344
bfp16,16,activation,1,2,65,3250,3.3119099140167236,3.40920404791832,30.24116415980326
bfp16,16,activation,1,2,65,3500,3.2728066444396973,3.365648114681244,28.9522556015384
bfp16,16,activation,1,2,65,3750,3.298102378845215,3.37480605840683,29.21861652665511
bfp16,16,activation,1,2,65,4000,3.2090275287628174,3.2884837806224825,26.802194825101292
bfp16,16,activation,2,0,65,250,3.1838040351867676,3.165445291996002,23.69929478985374
bfp16,16,activation,2,0,65,500,2.940859794616699,2.960697388648987,19.31143463583784
bfp16,16,activation,2,0,65,750,2.813396692276001,2.8284074306488036,16.91849548077926
bfp16,16,activation,2,0,65,1000,2.7709405422210693,2.7407254695892336,15.498224509489516
bfp16,16,activation,2,0,65,1250,2.614194869995117,2.6823128700256347,14.618865761592625
bfp16,16,activation,2,0,65,1500,2.55667781829834,2.621156316995621,13.751615622051997
bfp16,16,activation,2,0,65,1750,2.457765817642212,2.570226788520813,13.068787955965613
bfp16,16,activation,2,0,65,2000,2.3661255836486816,2.5313802301883697,12.570844827747804
bfp16,16,activation,2,0,65,2250,2.3357319831848145,2.48275403380394,11.974196390786064
bfp16,16,activation,2,0,65,2500,2.215790271759033,2.4619644939899445,11.727828172520509
bfp16,16,activation,2,0,65,2750,2.2006425857543945,2.3970065653324126,10.99022856049321
bfp16,16,activation,2,0,65,3000,2.221219539642334,2.382432782649994,10.831220844136217
bfp16,16,activation,2,0,65,3250,2.104166030883789,2.3666802048683167,10.661938016299295
bfp16,16,activation,2,0,65,3500,2.125213861465454,2.3368423521518706,10.348507973312605
bfp16,16,activation,2,0,65,3750,2.091270923614502,2.304968559741974,10.023863094628542
bfp16,16,activation,2,0,65,4000,2.0608997344970703,2.2732930362224577,9.71132797135624
bfp16,16,activation,2,1,65,250,3.2290141582489014,3.180575227737427,24.060589890844113
bfp16,16,activation,2,1,65,500,3.022571563720703,3.010269820690155,20.2928746240505
bfp16,16,activation,2,1,65,750,2.9304356575012207,2.925979208946228,18.652481787385124
bfp16,16,activation,2,1,65,1000,2.7455685138702393,2.7684625685214996,15.934117554527658
bfp16,16,activation,2,1,65,1250,2.6402230262756348,2.67529034614563,14.51656405619204
bfp16,16,activation,2,1,65,1500,2.5271759033203125,2.600658905506134,13.472612289452593
bfp16,16,activation,2,1,65,1750,2.4696288108825684,2.575294202566147,13.13518099404223
bfp16,16,activation,2,1,65,2000,2.3796329498291016,2.518961304426193,12.415693837448709
bfp16,16,activation,2,1,65,2250,2.319594383239746,2.4840534150600435,11.989765550079463
bfp16,16,activation,2,1,65,2500,2.2912039756774902,2.4249050617218018,11.301156456012162
bfp16,16,activation,2,1,65,2750,2.1923928260803223,2.3908902168273927,10.9232136446748
bfp16,16,activation,2,1,65,3000,2.1782236099243164,2.369929927587509,10.696642718288592
bfp16,16,activation,2,1,65,3250,2.1648168563842773,2.345575875043869,10.439282719274622
bfp16,16,activation,2,1,65,3500,2.143681526184082,2.3171690583229063,10.146908302238757
bfp16,16,activation,2,1,65,3750,2.0868844985961914,2.3336127281188963,10.315140095110806
bfp16,16,activation,2,1,65,4000,2.053508758544922,2.284148371219635,9.817321948976366
bfp16,16,activation,2,2,65,250,3.2729310989379883,3.2607462227344515,26.068983153981577
bfp16,16,activation,2,2,65,500,3.1256604194641113,3.1201588988304136,22.64997841232633
bfp16,16,activation,2,2,65,750,2.9880175590515137,2.949422997236252,19.094932720008288
bfp16,16,activation,2,2,65,1000,2.8747854232788086,2.8757090985774996,17.737997651901168
bfp16,16,activation,2,2,65,1250,2.74129581451416,2.8168630242347716,16.724304559196455
bfp16,16,activation,2,2,65,1500,2.7108049392700195,2.763802033662796,15.86002882487985
bfp16,16,activation,2,2,65,1750,2.6308908462524414,2.724989187717438,15.256248971092672
bfp16,16,activation,2,2,65,2000,2.4969449043273926,2.6431384444236756,14.057252354570013
bfp16,16,activation,2,2,65,2250,2.4639763832092285,2.610105592012405,13.600486878792326
bfp16,16,activation,2,2,65,2500,2.4185028076171875,2.5552925050258635,12.875065128044044
bfp16,16,activation,2,2,65,2750,2.4095394611358643,2.532008820772171,12.578749226491993
bfp16,16,activation,2,2,65,3000,2.3296992778778076,2.5197726845741273,12.425771772916738
bfp16,16,activation,2,2,65,3250,2.2523367404937744,2.4908936858177184,12.07205992980816
bfp16,16,activation,2,2,65,3500,2.1741514205932617,2.4498703360557554,11.586844225892213
bfp16,16,activation,2,2,65,3750,2.2038681507110596,2.429564839601517,11.353940219678137
bfp16,16,activation,2,2,65,4000,2.182476043701172,2.415299427509308,11.193121384290354
bfp16,16,activation,3,0,65,250,2.8017501831054688,2.7900154054164887,16.281270619611306
bfp16,16,activation,3,0,65,500,2.606135606765747,2.619625461101532,13.730579985595881
bfp16,16,activation,3,0,65,750,2.3932976722717285,2.4348935186862946,11.41460320670884
bfp16,16,activation,3,0,65,1000,2.341724395751953,2.343371659517288,10.416297631568245
bfp16,16,activation,3,0,65,1250,2.1905508041381836,2.275740307569504,9.735123331017117
bfp16,16,activation,3,0,65,1500,2.090073585510254,2.197146826982498,8.999300274018832
bfp16,16,activation,3,0,65,1750,1.9998509883880615,2.116594523191452,8.302814246627523
bfp16,16,activation,3,0,65,2000,1.8870160579681396,2.0736509382724764,7.953809038579778
bfp16,16,activation,3,0,65,2250,1.8435370922088623,2.0271589517593385,7.592485071804958
bfp16,16,activation,3,0,65,2500,1.7420036792755127,1.9909446775913238,7.322447848400303
bfp16,16,activation,3,0,65,2750,1.7432043552398682,1.9681402146816254,7.157352962779677
bfp16,16,activation,3,0,65,3000,1.7375284433364868,1.94734365940094,7.010041768189067
bfp16,16,activation,3,0,65,3250,1.6593317985534668,1.9312616348266602,6.898207773041331
bfp16,16,activation,3,0,65,3500,1.6635860204696655,1.9207604825496674,6.82614766207384
bfp16,16,activation,3,0,65,3750,1.6399049758911133,1.9148435145616531,6.785876823000531
bfp16,16,activation,3,0,65,4000,1.6127361059188843,1.862766620516777,6.441533420310733
bfp16,16,activation,3,1,65,250,2.8361973762512207,2.8115908086299894,16.636362448310027
bfp16,16,activation,3,1,65,500,2.6869430541992188,2.6768698155879975,14.539510642472438
bfp16,16,activation,3,1,65,750,2.525787115097046,2.524104619026184,12.47971615916742
bfp16,16,activation,3,1,65,1000,2.298635959625244,2.345777666568756,10.441389490610424
bfp16,16,activation,3,1,65,1250,2.187436580657959,2.2713198006153106,9.6921841270797
bfp16,16,activation,3,1,65,1500,2.1095070838928223,2.2352602183818817,9.348914295049944
bfp16,16,activation,3,1,65,1750,2.019942045211792,2.155200743675232,8.629622347207867
bfp16,16,activation,3,1,65,2000,1.9454915523529053,2.0991327822208405,8.159091134696489
bfp16,16,activation,3,1,65,2250,1.8582305908203125,2.053280013799667,7.793421760298237
bfp16,16,activation,3,1,65,2500,1.8646539449691772,2.003444677591324,7.414552903820231
bfp16,16,activation,3,1,65,2750,1.7595282793045044,1.9671643763780593,7.150371950330106
bfp16,16,activation,3,1,65,3000,1.7604594230651855,1.946993389725685,7.007586793112162
bfp16,16,activation,3,1,65,3250,1.7159851789474487,1.9236654072999955,6.846005936799019
bfp16,16,activation,3,1,65,3500,1.7364928722381592,1.903558549284935,6.709728910078305
bfp16,16,activation,3,1,65,3750,1.6468061208724976,1.8815761834383011,6.563842532910246
bfp16,16,activation,3,1,65,4000,1.6299233436584473,1.873061054944992,6.508187859959341
bfp16,16,activation,3,2,65,250,2.844964027404785,2.833665317296982,17.007685281733036
bfp16,16,activation,3,2,65,500,2.6704745292663574,2.6573121011257173,14.257913716980013
bfp16,16,activation,3,2,65,750,2.4949190616607666,2.497036212682724,12.14644109251749
bfp16,16,activation,3,2,65,1000,2.3810348510742188,2.404564934968948,11.073611492891066
bfp16,16,activation,3,2,65,1250,2.253197431564331,2.3437904477119447,10.420660767599536
bfp16,16,activation,3,2,65,1500,2.1893186569213867,2.270192211866379,9.681261488584875
bfp16,16,activation,3,2,65,1750,2.0733401775360107,2.2183221518993377,9.191895316151806
bfp16,16,activation,3,2,65,2000,1.9657063484191895,2.1612323045730593,8.68182972764342
bfp16,16,activation,3,2,65,2250,1.9153859615325928,2.0834756970405577,8.032338428150023
bfp16,16,activation,3,2,65,2500,1.8773119449615479,2.0609278321266173,7.85325293140731
bfp16,16,activation,3,2,65,2750,1.8615849018096924,2.0123461574316024,7.480848021597485
bfp16,16,activation,3,2,65,3000,1.8013330698013306,2.019758078455925,7.536501471030571
bfp16,16,activation,3,2,65,3250,1.7269450426101685,1.9932489544153214,7.339340250182815
bfp16,16,activation,3,2,65,3500,1.6434707641601562,1.9473844468593597,7.010327695807299
bfp16,16,activation,3,2,65,3750,1.70391845703125,1.9120149731636047,6.766709809609083
bfp16,16,activation,3,2,65,4000,1.6705269813537598,1.917095947265625,6.801178780727312
bfp16,16,activation,4,0,65,250,2.6941232681274414,2.6853661477565764,14.663569430503337
bfp16,16,activation,4,0,65,500,2.5047707557678223,2.514096736907959,12.355443521170145
bfp16,16,activation,4,0,65,750,2.2687089443206787,2.3201784908771517,10.177490733208849
bfp16,16,activation,4,0,65,1000,2.2207908630371094,2.216737133264542,9.177337531014748
bfp16,16,activation,4,0,65,1250,2.0452721118927,2.1453142166137695,8.544725710297277
bfp16,16,activation,4,0,65,1500,1.9439576864242554,2.0458375990390776,7.7356351857124475
bfp16,16,activation,4,0,65,1750,1.842211365699768,1.969145131111145,7.164549119526326
bfp16,16,activation,4,0,65,2000,1.7455378770828247,1.9250727117061615,6.855647133576664
bfp16,16,activation,4,0,65,2250,1.6961140632629395,1.8956144213676454,6.6566371284929975
bfp16,16,activation,4,0,65,2500,1.6255749464035034,1.8400181412696839,6.296652489261445
bfp16,16,activation,4,0,65,2750,1.6162617206573486,1.8192534744739532,6.167252719369163
bfp16,16,activation,4,0,65,3000,1.5890722274780273,1.8054837852716445,6.082913560777058
bfp16,16,activation,4,0,65,3250,1.5162675380706787,1.7849238872528077,5.959126364842598
bfp16,16,activation,4,0,65,3500,1.5195395946502686,1.766598466038704,5.850917379973302
bfp16,16,activation,4,0,65,3750,1.5115188360214233,1.758351880311966,5.8028656917198616
bfp16,16,activation,4,0,65,4000,1.4763052463531494,1.7374006181955337,5.6825530830430875
bfp16,16,activation,4,1,65,250,2.7167088985443115,2.692250686883926,14.764869650549297
bfp16,16,activation,4,1,65,500,2.5724308490753174,2.5697625815868377,13.062722741843942
bfp16,16,activation,4,1,65,750,2.420774459838867,2.4076527833938597,11.107857973456879
bfp16,16,activation,4,1,65,1000,2.180453300476074,2.22618528008461,9.264457275414076
bfp16,16,activation,4,1,65,1250,2.0674362182617188,2.1492186307907106,8.578153073168243
bfp16,16,activation,4,1,65,1500,1.9636625051498413,2.0996230781078338,8.163092484363919
bfp16,16,activation,4,1,65,1750,1.856367588043213,2.0135927468538286,7.4901793825900445
bfp16,16,activation,4,1,65,2000,1.7816379070281982,1.9574161618947983,7.08100723129906
bfp16,16,activation,4,1,65,2250,1.717923641204834,1.9186284095048904,6.811609320554187
bfp16,16,activation,4,1,65,2500,1.6834995746612549,1.8747939735651016,6.519475797598882
bfp16,16,activation,4,1,65,2750,1.595067024230957,1.836484694480896,6.2744428641151915
bfp16,16,activation,4,1,65,3000,1.6149293184280396,1.8095518857240678,6.107709866920752
bfp16,16,activation,4,1,65,3250,1.5603530406951904,1.7960291534662247,6.025672873959868
bfp16,16,activation,4,1,65,3500,1.5545573234558105,1.7799244850873948,5.929408642909018
bfp16,16,activation,4,1,65,3750,1.5068445205688477,1.7596568435430526,5.810443161166672
bfp16,16,activation,4,1,65,4000,1.4835748672485352,1.755005544424057,5.783479807932461
bfp16,16,activation,4,2,65,250,2.708052635192871,2.701903599500656,14.908083751644618
bfp16,16,activation,4,2,65,500,2.546168804168701,2.5356725454330444,12.624918824940181
bfp16,16,activation,4,2,65,750,2.379584312438965,2.3626858413219454,10.61943530191048
bfp16,16,activation,4,2,65,1000,2.24984073638916,2.267987722158432,9.659942754372112
bfp16,16,activation,4,2,65,1250,2.1041595935821533,2.189140772819519,8.927539034088662
bfp16,16,activation,4,2,65,1500,2.0361528396606445,2.1246094703674316,8.369628261954093
bfp16,16,activation,4,2,65,1750,1.9264799356460571,2.0539507627487184,7.798650943291915
bfp16,16,activation,4,2,65,2000,1.8146681785583496,1.9910766750574111,7.323414456755373
bfp16,16,activation,4,2,65,2250,1.7607369422912598,1.9228829324245453,6.840651204401285
bfp16,16,activation,4,2,65,2500,1.719944715499878,1.8942599445581436,6.647626971275194
bfp16,16,activation,4,2,65,2750,1.7150986194610596,1.8619292318820952,6.436141611269518
bfp16,16,activation,4,2,65,3000,1.6591665744781494,1.8504618674516677,6.362757594685506
bfp16,16,activation,4,2,65,3250,1.5670299530029297,1.80311578810215,6.0685262799259725
bfp16,16,activation,4,2,65,3500,1.4900057315826416,1.7926726341247559,6.005481491752225
bfp16,16,activation,4,2,65,3750,1.556183099746704,1.7645879596471787,5.839165890365489
bfp16,16,activation,4,2,65,4000,1.529736042022705,1.7428904324769974,5.71383503159277
bfp16,16,activation,5,0,65,250,2.6673531532287598,2.655598247051239,14.23349866136007
bfp16,16,activation,5,0,65,500,2.471792459487915,2.48497274518013,12.000793170917738
bfp16,16,activation,5,0,65,750,2.2382125854492188,2.2887749075889587,9.862847377342353
bfp16,16,activation,5,0,65,1000,2.174809694290161,2.1816785275936126,8.861167496887623
bfp16,16,activation,5,0,65,1250,2.0025320053100586,2.109073692560196,8.240604414950075
bfp16,16,activation,5,0,65,1500,1.9060873985290527,2.0082352459430695,7.4501580426357465
bfp16,16,activation,5,0,65,1750,1.805483102798462,1.9190252542495727,6.814313008352543
bfp16,16,activation,5,0,65,2000,1.7013027667999268,1.8864374667406083,6.595828915456117
bfp16,16,activation,5,0,65,2250,1.6530096530914307,1.846746814250946,6.339163465576813
bfp16,16,activation,5,0,65,2500,1.5731966495513916,1.8046302884817123,6.07772402851909
bfp16,16,activation,5,0,65,2750,1.563732624053955,1.78255854845047,5.9450476690305365
bfp16,16,activation,5,0,65,3000,1.547503113746643,1.7705455988645553,5.87405736628178
bfp16,16,activation,5,0,65,3250,1.4693586826324463,1.7416709214448929,5.706871193837657
bfp16,16,activation,5,0,65,3500,1.475081443786621,1.7289611041545867,5.634796899455376
bfp16,16,activation,5,0,65,3750,1.4573371410369873,1.7304191082715987,5.64301844860313
bfp16,16,activation,5,0,65,4000,1.4309842586517334,1.6945082724094391,5.443968357496434
bfp16,16,activation,5,1,65,250,2.685577869415283,2.6637696385383607,14.350282645158211
bfp16,16,activation,5,1,65,500,2.5403671264648438,2.546070009469986,12.756870758388448
bfp16,16,activation,5,1,65,750,2.3906607627868652,2.3751808941364287,10.75295815723402
bfp16,16,activation,5,1,65,1000,2.1505637168884277,2.1960863411426543,8.989761702163872
bfp16,16,activation,5,1,65,1250,2.0203957557678223,2.1113463938236237,8.259354145212708
bfp16,16,activation,5,1,65,1500,1.9237089157104492,2.0605314433574677,7.850140607029975
bfp16,16,activation,5,1,65,1750,1.8170499801635742,1.9730545103549957,7.192612879343716
bfp16,16,activation,5,1,65,2000,1.7347664833068848,1.9112012386322021,6.761205743900906
bfp16,16,activation,5,1,65,2250,1.6760400533676147,1.8687312334775925,6.480069486147444
bfp16,16,activation,5,1,65,2500,1.644302487373352,1.8358329981565475,6.270355164877271
bfp16,16,activation,5,1,65,2750,1.5565496683120728,1.7997551411390305,6.048166335966655
bfp16,16,activation,5,1,65,3000,1.576253890991211,1.771649217605591,5.880543664618983
bfp16,16,activation,5,1,65,3250,1.521712064743042,1.7516841262578964,5.764302318895218
bfp16,16,activation,5,1,65,3500,1.5133297443389893,1.7304288148880005,5.643073223484398
bfp16,16,activation,5,1,65,3750,1.460969090461731,1.7215603351593018,5.593249002098587
bfp16,16,activation,5,1,65,4000,1.4486421346664429,1.7105152428150177,5.531810969326883
bfp16,16,activation,5,2,65,250,2.676908016204834,2.6647765219211577,14.364738982993895
bfp16,16,activation,5,2,65,500,2.5048913955688477,2.5007897913455963,12.192119389541276
bfp16,16,activation,5,2,65,750,2.3230018615722656,2.3291976153850555,10.269697978576954
bfp16,16,activation,5,2,65,1000,2.204469680786133,2.225078910589218,9.254213030498196
bfp16,16,activation,5,2,65,1250,2.051241874694824,2.149619090557098,8.581588966266517
bfp16,16,activation,5,2,65,1500,1.9848783016204834,2.0777882516384123,7.986784607117545
bfp16,16,activation,5,2,65,1750,1.8740098476409912,2.0112528413534165,7.472673559626631
bfp16,16,activation,5,2,65,2000,1.765580654144287,1.9447865635156631,6.992139318123666
bfp16,16,activation,5,2,65,2250,1.7063119411468506,1.882640254497528,6.570830645051426
bfp16,16,activation,5,2,65,2500,1.671332597732544,1.8554145842790604,6.394348697610969
bfp16,16,activation,5,2,65,2750,1.6687862873077393,1.8234735637903214,6.193334070790539
bfp16,16,activation,5,2,65,3000,1.6099835634231567,1.8137068778276444,6.133140147911498
bfp16,16,activation,5,2,65,3250,1.5228238105773926,1.7644951522350312,5.838623997636324
bfp16,16,activation,5,2,65,3500,1.441925048828125,1.7469966053962707,5.737345261766775
bfp16,16,activation,5,2,65,3750,1.5124096870422363,1.7316274285316466,5.649841143292396
bfp16,16,activation,5,2,65,4000,1.4794948101043701,1.712896364927292,5.544998581173093
bfp16,16,activation,7,0,65,250,2.6582016944885254,2.646095472574234,14.098881564540996
bfp16,16,activation,7,0,65,500,2.4636130332946777,2.4761067271232604,11.894864199941589
bfp16,16,activation,7,0,65,750,2.226595878601074,2.277471548318863,9.751991770679705
bfp16,16,activation,7,0,65,1000,2.160907745361328,2.168485462665558,8.745029332484403
bfp16,16,activation,7,0,65,1250,1.985156774520874,2.0949834525585174,8.125306516066091
bfp16,16,activation,7,0,65,1500,1.8906223773956299,1.9944214582443238,7.3479507016357095
bfp16,16,activation,7,0,65,1750,1.7937959432601929,1.9075867235660553,6.736811377335786
bfp16,16,activation,7,0,65,2000,1.684800624847412,1.8705669105052949,6.491975725502735
bfp16,16,activation,7,0,65,2250,1.6411212682724,1.8300141096115112,6.233974616864201
bfp16,16,activation,7,0,65,2500,1.5616464614868164,1.789542305469513,5.986711754001016
bfp16,16,activation,7,0,65,2750,1.55218505859375,1.7711229622364044,5.877449811091659
bfp16,16,activation,7,0,65,3000,1.5315788984298706,1.7403402626514435,5.699282345704012
bfp16,16,activation,7,0,65,3250,1.4516096115112305,1.7229919582605362,5.601262161124124
bfp16,16,activation,7,0,65,3500,1.4579652547836304,1.7062318831682206,5.508166907607211
bfp16,16,activation,7,0,65,3750,1.4409887790679932,1.7034965455532074,5.493120798949885
bfp16,16,activation,7,0,65,4000,1.4116055965423584,1.6814763426780701,5.37348322062225
bfp16,16,activation,7,1,65,250,2.6746129989624023,2.652288317680359,14.186464668628027
bfp16,16,activation,7,1,65,500,2.529848098754883,2.5345579206943514,12.610854617706668
bfp16,16,activation,7,1,65,750,2.380561351776123,2.362813484668732,10.620790888687376
bfp16,16,activation,7,1,65,1000,2.135073184967041,2.18095116019249,8.85472451600569
bfp16,16,activation,7,1,65,1250,2.0051536560058594,2.099102532863617,8.15884433116698
bfp16,16,activation,7,1,65,1500,1.9095804691314697,2.0462557792663576,7.738870751870308
bfp16,16,activation,7,1,65,1750,1.8018643856048584,1.965155678987503,7.136023432591569
bfp16,16,activation,7,1,65,2000,1.722262978553772,1.8966560870409013,6.663574731593258
bfp16,16,activation,7,1,65,2250,1.662200689315796,1.8555843472480773,6.395434313376875
bfp16,16,activation,7,1,65,2500,1.6317329406738281,1.8242312133312226,6.198028225543467
bfp16,16,activation,7,1,65,2750,1.5343055725097656,1.781183511018753,5.9368786236110145
bfp16,16,activation,7,1,65,3000,1.559877634048462,1.7531867742538452,5.772970547239687
bfp16,16,activation,7,1,65,3250,1.5054974555969238,1.736874383687973,5.67956351419588
bfp16,16,activation,7,1,65,3500,1.4952774047851562,1.7181360512971877,5.574128884841489
bfp16,16,activation,7,1,65,3750,1.4466454982757568,1.705798876285553,5.505782349727579
bfp16,16,activation,7,1,65,4000,1.4357959032058716,1.6838714003562927,5.3863684471394935
bfp16,16,activation,7,2,65,250,2.6642160415649414,2.6549094319343567,14.223697788198313
bfp16,16,activation,7,2,65,500,2.4939403533935547,2.48978967666626,12.058739619393934
bfp16,16,activation,7,2,65,750,2.3064863681793213,2.3176773130893706,10.15206682755974
bfp16,16,activation,7,2,65,1000,2.191293716430664,2.212078756093979,9.134685453237262
bfp16,16,activation,7,2,65,1250,2.0374250411987305,2.135798543691635,8.463802525128347
bfp16,16,activation,7,2,65,1500,1.9696462154388428,2.066561383008957,7.897619484667917
bfp16,16,activation,7,2,65,1750,1.8594133853912354,1.990039274096489,7.315821078930429
bfp16,16,activation,7,2,65,2000,1.751785159111023,1.928569182753563,6.879659660379409
bfp16,16,activation,7,2,65,2250,1.6922411918640137,1.8677892476320266,6.473968226514474
bfp16,16,activation,7,2,65,2500,1.6546227931976318,1.8366425305604934,6.27543327573781
bfp16,16,activation,7,2,65,2750,1.6512017250061035,1.813754791021347,6.1334340132833685
bfp16,16,activation,7,2,65,3000,1.5975244045257568,1.8106337040662766,6.11432087479371
bfp16,16,activation,7,2,65,3250,1.5087602138519287,1.7576708912849426,5.798915349081168
bfp16,16,activation,7,2,65,3500,1.4238615036010742,1.7436748147010803,5.718318620416701
bfp16,16,activation,7,2,65,3750,1.4926598072052002,1.7161701619625092,5.5631815284879105
bfp16,16,activation,7,2,65,4000,1.46669602394104,1.7050370067358016,5.5015892593045415
bfp16,16,activation,10,0,65,250,2.6581156253814697,2.6453729212284087,14.088698078180844
bfp16,16,activation,10,0,65,500,2.4631435871124268,2.4753921031951904,11.886366881918182
bfp16,16,activation,10,0,65,750,2.2260355949401855,2.276635557413101,9.743842601036816
bfp16,16,activation,10,0,65,1000,2.15960693359375,2.167575550079346,8.737075739314006
bfp16,16,activation,10,0,65,1250,1.9833650588989258,2.0939111411571503,8.116598327028933
bfp16,16,activation,10,0,65,1500,1.8895130157470703,1.9935492664575576,7.34154467343287
bfp16,16,activation,10,0,65,1750,1.793015956878662,1.906466183066368,6.7292667351767035
bfp16,16,activation,10,0,65,2000,1.6836867332458496,1.8689370334148407,6.481403221277653
bfp16,16,activation,10,0,65,2250,1.6405577659606934,1.8297899663448334,6.23257747001557
bfp16,16,activation,10,0,65,2500,1.5605175495147705,1.7888894826173782,5.982804767182755
bfp16,16,activation,10,0,65,2750,1.5507876873016357,1.7702870696783066,5.872538947297166
bfp16,16,activation,10,0,65,3000,1.5302674770355225,1.7395943492650985,5.695032759818326
bfp16,16,activation,10,0,65,3250,1.4508754014968872,1.7221476078033446,5.59653472894315
bfp16,16,activation,10,0,65,3500,1.457201361656189,1.7055227398872375,5.504262212711857
bfp16,16,activation,10,0,65,3750,1.4398854970932007,1.702617558836937,5.488294540156161
bfp16,16,activation,10,0,65,4000,1.4103024005889893,1.6826689302921296,5.379895392934175
bfp16,16,activation,10,1,65,250,2.673327922821045,2.6517143487930297,14.178324415636492
bfp16,16,activation,10,1,65,500,2.529154062271118,2.534316951036453,12.60781615048754
bfp16,16,activation,10,1,65,750,2.3801355361938477,2.362390178442001,10.616295993197133
bfp16,16,activation,10,1,65,1000,2.13451886177063,2.179743891954422,8.844040938610112
bfp16,16,activation,10,1,65,1250,2.003793239593506,2.0980234920978544,8.15004535361362
bfp16,16,activation,10,1,65,1500,1.9095497131347656,2.0455668568611145,7.733541106484917
bfp16,16,activation,10,1,65,1750,1.8010623455047607,1.9652698516845704,7.13683821814545
bfp16,16,activation,10,1,65,2000,1.7208292484283447,1.8957591950893402,6.657600904387089
bfp16,16,activation,10,1,65,2250,1.6628899574279785,1.8540365487337112,6.385543126404831
bfp16,16,activation,10,1,65,2500,1.6310933828353882,1.8216821789741515,6.1822493576323705
bfp16,16,activation,10,1,65,2750,1.5347371101379395,1.7832478553056716,5.949147043844564
bfp16,16,activation,10,1,65,3000,1.5628941059112549,1.7531490117311477,5.772752549424465
bfp16,16,activation,10,1,65,3250,1.5047012567520142,1.7355985939502716,5.672322205525676
bfp16,16,activation,10,1,65,3500,1.4956727027893066,1.717653113603592,5.571437577813151
bfp16,16,activation,10,1,65,3750,1.444714069366455,1.7059557169675827,5.506645948108328
bfp16,16,activation,10,1,65,4000,1.4383859634399414,1.6839814871549605,5.38696144783846
bfp16,16,activation,10,2,65,250,2.663148880004883,2.6542065382003783,14.213703553003114
bfp16,16,activation,10,2,65,500,2.4931135177612305,2.489098399877548,12.050406573146493
bfp16,16,activation,10,2,65,750,2.30611515045166,2.3171926021575926,10.147147202182701
bfp16,16,activation,10,2,65,1000,2.189730644226074,2.2112515449523924,9.127132264127257
bfp16,16,activation,10,2,65,1250,2.0369699001312256,2.1345722675323486,8.453429927009584
bfp16,16,activation,10,2,65,1500,1.969138264656067,2.066189408302307,7.894682316286914
bfp16,16,activation,10,2,65,1750,1.8584247827529907,1.9893120795488357,7.3105029876080865
bfp16,16,activation,10,2,65,2000,1.7502436637878418,1.927714967727661,6.873785460996303
bfp16,16,activation,10,2,65,2250,1.691482424736023,1.8667460203170776,6.467217927684732
bfp16,16,activation,10,2,65,2500,1.6536005735397339,1.8353696048259736,6.267450197236835
bfp16,16,activation,10,2,65,2750,1.6511964797973633,1.8124209731817245,6.1252585830576995
bfp16,16,activation,10,2,65,3000,1.5966509580612183,1.808782371878624,6.103011707495401
bfp16,16,activation,10,2,65,3250,1.5092461109161377,1.7571797519922256,5.796067973184424
bfp16,16,activation,10,2,65,3500,1.4233770370483398,1.7417827010154725,5.707509141103129
bfp16,16,activation,10,2,65,3750,1.4932572841644287,1.715476143360138,5.559321916494952
bfp16,16,activation,10,2,65,4000,1.4647367000579834,1.7043826043605805,5.497990183975924
bfp16,16,activation,23,0,65,250,2.6581006050109863,2.645372998714447,14.088699169858288
bfp16,16,activation,23,0,65,500,2.4631056785583496,2.475398713350296,11.886445452906596
bfp16,16,activation,23,0,65,750,2.226069927215576,2.2766302704811094,9.743791086139824
bfp16,16,activation,23,0,65,1000,2.1595544815063477,2.1675464034080507,8.736821086350513
bfp16,16,activation,23,0,65,1250,1.983290672302246,2.093884509801865,8.116382173893415
bfp16,16,activation,23,0,65,1500,1.889467477798462,1.9934910774230956,7.341117488465724
bfp16,16,activation,23,0,65,1750,1.7930392026901245,1.9064382702112197,6.729078904750524
bfp16,16,activation,23,0,65,2000,1.6837118864059448,1.8686870634555817,6.479783267656795
bfp16,16,activation,23,0,65,2250,1.6407625675201416,1.829765871167183,6.232427296763443
bfp16,16,activation,23,0,65,2500,1.5606486797332764,1.7886620968580247,5.9814445172343
bfp16,16,activation,23,0,65,2750,1.5504417419433594,1.77030810713768,5.872662491896216
bfp16,16,activation,23,0,65,3000,1.5302693843841553,1.739296978712082,5.69333947655586
bfp16,16,activation,23,0,65,3250,1.4508171081542969,1.7221956163644792,5.596803416972438
bfp16,16,activation,23,0,65,3500,1.4571765661239624,1.7049244701862336,5.500970164268223
bfp16,16,activation,23,0,65,3750,1.4399348497390747,1.7029265850782394,5.489990829274492
bfp16,16,activation,23,0,65,4000,1.410183310508728,1.6823052287101745,5.377939072249042
bfp16,16,activation,23,1,65,250,2.673381805419922,2.6517018616199493,14.178147369550928
bfp16,16,activation,23,1,65,500,2.529177188873291,2.5342400550842283,12.606846697733147
bfp16,16,activation,23,1,65,750,2.3803110122680664,2.362356501817703,10.615938478205516
bfp16,16,activation,23,1,65,1000,2.1344823837280273,2.1797030091285707,8.843679376615485
bfp16,16,activation,23,1,65,1250,2.0037288665771484,2.0979716002941133,8.149622444032515
bfp16,16,activation,23,1,65,1500,1.9096580743789673,2.0455526530742647,7.733431261695554
bfp16,16,activation,23,1,65,1750,1.8012681007385254,1.9652632743120193,7.136791276656028
bfp16,16,activation,23,1,65,2000,1.7208590507507324,1.8958221346139907,6.658019943810257
bfp16,16,activation,23,1,65,2250,1.6631178855895996,1.8538206368684769,6.3841645607075765
bfp16,16,activation,23,1,65,2500,1.6311373710632324,1.8214858680963517,6.181035833952043
bfp16,16,activation,23,1,65,2750,1.5347405672073364,1.7836270421743392,5.951403310029583
bfp16,16,activation,23,1,65,3000,1.563274621963501,1.7531584918498992,5.772807276063564
bfp16,16,activation,23,1,65,3250,1.5047144889831543,1.7351931542158128,5.670022886865973
bfp16,16,activation,23,1,65,3500,1.4958552122116089,1.7174478590488433,5.570294132226528
bfp16,16,activation,23,1,65,3750,1.4442994594573975,1.7061185389757156,5.507542624257001
bfp16,16,activation,23,1,65,4000,1.4383935928344727,1.6842742443084717,5.388538750210014
bfp16,16,activation,23,2,65,250,2.6631789207458496,2.654193991422653,14.213525217942749
bfp16,16,activation,23,2,65,500,2.493088483810425,2.4890500485897062,12.04982393455544
bfp16,16,activation,23,2,65,750,2.30595064163208,2.3171472430229185,10.146686946804671
bfp16,16,activation,23,2,65,1000,2.1897177696228027,2.21125106215477,9.127127857570564
bfp16,16,activation,23,2,65,1250,2.036963939666748,2.1346170902252197,8.453808840994819
bfp16,16,activation,23,2,65,1500,1.9690531492233276,2.0661711752414704,7.8945383733762196
bfp16,16,activation,23,2,65,1750,1.8584318161010742,1.989162102341652,7.309406661000953
bfp16,16,activation,23,2,65,2000,1.7503323554992676,1.92778040766716,6.874235295819422
bfp16,16,activation,23,2,65,2250,1.6914478540420532,1.8668571263551712,6.467936514565097
bfp16,16,activation,23,2,65,2500,1.6537342071533203,1.8356610924005508,6.269277347376455
bfp16,16,activation,23,2,65,2750,1.6510605812072754,1.8124002277851106,6.12513151345709
bfp16,16,activation,23,2,65,3000,1.5966441631317139,1.808987271785736,6.104262342150458
bfp16,16,activation,23,2,65,3250,1.5089303255081177,1.7573457598686217,5.797030245990322
bfp16,16,activation,23,2,65,3500,1.423097848892212,1.74205139875412,5.7090429419578355
bfp16,16,activation,23,2,65,3750,1.4930675029754639,1.7153447926044465,5.558591743315538
bfp16,16,activation,23,2,65,4000,1.4650144577026367,1.7037781178951263,5.494667727613631
bfp16,16,weight,1,0,65,250,25.554513931274414,25.47399682998657,115668806723.53387
bfp16,16,weight,1,0,65,500,14.761521339416504,14.681596183776856,2377585.853967075
bfp16,16,weight,1,0,65,750,9.44918441772461,9.462147521972657,12863.479411579523
bfp16,16,weight,1,0,65,1000,6.204345703125,6.180475437641144,483.2216435058382
bfp16,16,weight,1,0,65,1250,4.385007858276367,4.370620250701904,79.09267377522585
bfp16,16,weight,1,0,65,1500,3.689518928527832,3.7073672115802765,40.74638856469595
bfp16,16,weight,1,0,65,1750,3.4626336097717285,3.4874944925308227,32.70390509148089
bfp16,16,weight,1,0,65,2000,3.3748819828033447,3.3978015303611757,29.898297242426107
bfp16,16,weight,1,0,65,2250,3.314828872680664,3.353660041093826,28.607245963212144
bfp16,16,weight,1,0,65,2500,3.3146748542785645,3.328029417991638,27.883341119111563
bfp16,16,weight,1,0,65,2750,3.277833938598633,3.311909204721451,27.43745922477909
bfp16,16,weight,1,0,65,3000,3.2613072395324707,3.2995199382305147,27.099626302922275
bfp16,16,weight,1,0,65,3250,3.242055654525757,3.2913696587085726,26.879654407503043
bfp16,16,weight,1,0,65,3500,3.249204158782959,3.284748762845993,26.702274868547484
bfp16,16,weight,1,0,65,3750,3.2394914627075195,3.277288967370987,26.503822486698844
bfp16,16,weight,1,0,65,4000,3.2538015842437744,3.2719136774539948,26.361738969084353
bfp16,16,weight,1,1,65,250,26.818115234375,26.724425315856934,403896831958.6171
bfp16,16,weight,1,1,65,500,15.404428482055664,15.292331790924072,4379003.700871973
bfp16,16,weight,1,1,65,750,9.839265823364258,9.829719591140748,18577.74413055881
bfp16,16,weight,1,1,65,1000,6.396962642669678,6.3915583968162535,596.7858846095858
bfp16,16,weight,1,1,65,1250,4.4553022384643555,4.458483052253723,86.3564115235478
bfp16,16,weight,1,1,65,1500,3.725977897644043,3.736406511068344,41.94698298710353
bfp16,16,weight,1,1,65,1750,3.5031144618988037,3.4936099112033845,32.9045159478223
bfp16,16,weight,1,1,65,2000,3.374960422515869,3.3965885400772096,29.862052884834714
bfp16,16,weight,1,1,65,2250,3.3341166973114014,3.3507250607013703,28.52340734975418
bfp16,16,weight,1,1,65,2500,3.287180185317993,3.324673372507095,27.789920208151607
bfp16,16,weight,1,1,65,2750,3.2916369438171387,3.308310663700104,27.338901839988942
bfp16,16,weight,1,1,65,3000,3.235447645187378,3.2960099995136263,27.00467500943974
bfp16,16,weight,1,1,65,3250,3.249399185180664,3.2865903794765474,26.751495530903014
bfp16,16,weight,1,1,65,3500,3.2254064083099365,3.2782423853874207,26.529103758456944
bfp16,16,weight,1,1,65,3750,3.22135591506958,3.2711755990982057,26.342289118770037
bfp16,16,weight,1,1,65,4000,3.1786253452301025,3.2641167819499968,26.15699845245277
bfp16,16,weight,1,2,65,250,25.52484703063965,25.446160078048706,112493364884.67802
bfp16,16,weight,1,2,65,500,14.612367630004883,14.591665530204773,2173100.549135802
bfp16,16,weight,1,2,65,750,9.474653244018555,9.412893724441528,12245.254148289074
bfp16,16,weight,1,2,65,1000,6.175267696380615,6.177032172679901,481.56064462294404
bfp16,16,weight,1,2,65,1250,4.405714988708496,4.390821540355683,80.7066955596832
bfp16,16,weight,1,2,65,1500,3.723848819732666,3.72728568315506,41.566131255583684
bfp16,16,weight,1,2,65,1750,3.450932741165161,3.500964713096619,33.147414283655195
bfp16,16,weight,1,2,65,2000,3.388495922088623,3.4058941066265107,30.14123315595093
bfp16,16,weight,1,2,65,2250,3.2921504974365234,3.3583267509937285,28.741059673188634
bfp16,16,weight,1,2,65,2500,3.3128061294555664,3.333733284473419,28.042838417142256
bfp16,16,weight,1,2,65,2750,3.2790908813476562,3.3156879544258118,27.541334651729944
bfp16,16,weight,1,2,65,3000,3.2791848182678223,3.3038440883159637,27.217062878015422
bfp16,16,weight,1,2,65,3250,3.2630884647369385,3.2943969905376433,26.96115133772923
bfp16,16,weight,1,2,65,3500,3.2818973064422607,3.2870699405670165,26.764327583902233
bfp16,16,weight,1,2,65,3750,3.2364797592163086,3.2828808605670927,26.652444182383338
bfp16,16,weight,1,2,65,4000,3.224972724914551,3.2761888682842253,26.474681687607664
bfp16,16,weight,2,0,65,250,25.319087982177734,25.198756074905397,87837651207.17497
bfp16,16,weight,2,0,65,500,14.548624038696289,14.458386135101318,1901942.2048304481
bfp16,16,weight,2,0,65,750,9.340217590332031,9.348694992065429,11483.827176568693
bfp16,16,weight,2,0,65,1000,6.182703971862793,6.162196290493012,474.4690030867046
bfp16,16,weight,2,0,65,1250,4.413722038269043,4.39371886253357,80.94086793122216
bfp16,16,weight,2,0,65,1500,3.707184314727783,3.723897099494934,41.42551931460719
bfp16,16,weight,2,0,65,1750,3.473076581954956,3.497066205739975,33.01844041136086
bfp16,16,weight,2,0,65,2000,3.380370616912842,3.40392119884491,30.081825904294604
bfp16,16,weight,2,0,65,2250,3.3181262016296387,3.3573529541492464,28.713085342839747
bfp16,16,weight,2,0,65,2500,3.316348075866699,3.3302986919879913,27.94668790847129
bfp16,16,weight,2,0,65,2750,3.279597520828247,3.31285297870636,27.46336620825299
bfp16,16,weight,2,0,65,3000,3.261064291000366,3.299293202161789,27.093482536723435
bfp16,16,weight,2,0,65,3250,3.2405781745910645,3.290156811475754,26.847073255010002
bfp16,16,weight,2,0,65,3500,3.246222972869873,3.2825344085693358,26.64321198919948
bfp16,16,weight,2,0,65,3750,3.237165689468384,3.2742965638637545,26.42463090101722
bfp16,16,weight,2,0,65,4000,3.248652935028076,3.2681002616882324,26.261402132716242
bfp16,16,weight,2,1,65,250,26.029369354248047,25.930033254623414,182503147176.57422
bfp16,16,weight,2,1,65,500,14.951929092407227,14.869082188606262,2867875.8409580044
bfp16,16,weight,2,1,65,750,9.569967269897461,9.56842098236084,14305.809355115352
bfp16,16,weight,2,1,65,1000,6.246628284454346,6.245482623577118,515.6780432611041
bfp16,16,weight,2,1,65,1250,4.401175022125244,4.403343415260315,81.72364849624972
bfp16,16,weight,2,1,65,1500,3.7109642028808594,3.7214178323745726,41.322941597950106
bfp16,16,weight,2,1,65,1750,3.49953031539917,3.4904427945613863,32.80046836016214
bfp16,16,weight,2,1,65,2000,3.3761062622070312,3.396714925765991,29.86582725946544
bfp16,16,weight,2,1,65,2250,3.337890625,3.351662576198578,28.550161025210848
bfp16,16,weight,2,1,65,2500,3.2900075912475586,3.3255575358867646,27.8145019034396
bfp16,16,weight,2,1,65,2750,3.2948100566864014,3.309473764896393,27.370718248688995
bfp16,16,weight,2,1,65,3000,3.2399754524230957,3.29755784869194,27.046506539561705
bfp16,16,weight,2,1,65,3250,3.249789237976074,3.2881908118724823,26.794343769699218
bfp16,16,weight,2,1,65,3500,3.2282865047454834,3.27990238070488,26.573178518298874
bfp16,16,weight,2,1,65,3750,3.2224841117858887,3.2728497445583344,26.386426878713866
bfp16,16,weight,2,1,65,4000,3.1799726486206055,3.2658517181873323,26.202418566035444
bfp16,16,weight,2,2,65,250,25.290313720703125,25.154990911483765,84076329817.31079
bfp16,16,weight,2,2,65,500,14.44119644165039,14.428653264045716,1846224.4318632565
bfp16,16,weight,2,2,65,750,9.359699249267578,9.280610084533691,10727.974891919695
bfp16,16,weight,2,2,65,1000,6.1003875732421875,6.0903625845909115,441.5814927675615
bfp16,16,weight,2,2,65,1250,4.384389400482178,4.365286815166473,78.67196101778896
bfp16,16,weight,2,2,65,1500,3.728700876235962,3.7282931387424467,41.608028387969554
bfp16,16,weight,2,2,65,1750,3.458939790725708,3.505238598585129,33.28938570523773
bfp16,16,weight,2,2,65,2000,3.3912131786346436,3.409408748149872,30.247355166737833
bfp16,16,weight,2,2,65,2250,3.2945218086242676,3.359999030828476,28.7891629775922
bfp16,16,weight,2,2,65,2500,3.3141040802001953,3.3341016829013825,28.05317125791505
bfp16,16,weight,2,2,65,2750,3.2794318199157715,3.3150952041149138,27.525014354461074
bfp16,16,weight,2,2,65,3000,3.2778592109680176,3.3024635553359984,27.17951474927306
bfp16,16,weight,2,2,65,3250,3.2628111839294434,3.2924067854881285,26.90754647822088
bfp16,16,weight,2,2,65,3500,3.2793588638305664,3.2850251257419587,26.709655406365453
bfp16,16,weight,2,2,65,3750,3.2347443103790283,3.2803565859794617,26.585250937615005
bfp16,16,weight,2,2,65,4000,3.2224297523498535,3.2739116132259367,26.414460680139875
bfp16,16,weight,3,0,65,250,25.011531829833984,24.87091460227966,63285027281.46304
bfp16,16,weight,3,0,65,500,14.340993881225586,14.253963828086853,1550307.4562360095
bfp16,16,weight,3,0,65,750,9.194486618041992,9.2021475315094,9918.40629383921
bfp16,16,weight,3,0,65,1000,6.088343620300293,6.068336379528046,431.96146355357916
bfp16,16,weight,3,0,65,1250,4.37458610534668,4.356426656246185,77.97799381030846
bfp16,16,weight,3,0,65,1500,3.700503349304199,3.7151116609573362,41.0631719815057
bfp16,16,weight,3,0,65,1750,3.4731130599975586,3.4958232998847962,32.97742709157219
bfp16,16,weight,3,0,65,2000,3.3826379776000977,3.40496101975441,30.113121884153106
bfp16,16,weight,3,0,65,2250,3.3212475776672363,3.359578716754913,28.777065029873572
bfp16,16,weight,3,0,65,2500,3.3199925422668457,3.333245277404785,28.0291566524406
bfp16,16,weight,3,0,65,2750,3.2831218242645264,3.316528970003128,27.564507086015393
bfp16,16,weight,3,0,65,3000,3.2650928497314453,3.3035171687602998,27.20816654218518
bfp16,16,weight,3,0,65,3250,3.245802640914917,3.295030212402344,26.978229134700364
bfp16,16,weight,3,0,65,3500,3.252110481262207,3.287816619873047,26.784319416263873
bfp16,16,weight,3,0,65,3750,3.242327928543091,3.2798327267169953,26.571327654905062
bfp16,16,weight,3,0,65,4000,3.2537424564361572,3.273977428674698,26.416199216933986
bfp16,16,weight,3,1,65,250,25.529193878173828,25.4201931476593,109609857450.67181
bfp16,16,weight,3,1,65,500,14.67526626586914,14.583999228477477,2156504.600698057
bfp16,16,weight,3,1,65,750,9.401826858520508,9.390822625160217,11977.948642468426
bfp16,16,weight,3,1,65,1000,6.159555912017822,6.153745377063752,470.47620178891344
bfp16,16,weight,3,1,65,1250,4.377935886383057,4.37797589302063,79.67659612273258
bfp16,16,weight,3,1,65,1500,3.710134506225586,3.720632863044739,41.29051708396665
bfp16,16,weight,3,1,65,1750,3.5058956146240234,3.4947647392749785,32.94253695615944
bfp16,16,weight,3,1,65,2000,3.3815863132476807,3.40147545337677,30.00834331140413
bfp16,16,weight,3,1,65,2250,3.3422915935516357,3.3558586478233337,28.670211239275538
bfp16,16,weight,3,1,65,2500,3.292856454849243,3.3293110132217407,27.919099184878057
bfp16,16,weight,3,1,65,2750,3.297699213027954,3.3129371464252473,27.465677834420493
bfp16,16,weight,3,1,65,3000,3.242849349975586,3.3007891178131104,27.1340424308255
bfp16,16,weight,3,1,65,3250,3.253819227218628,3.2913695573806763,26.879651683844347
bfp16,16,weight,3,1,65,3500,3.2310681343078613,3.283087742328644,26.65795865738792
bfp16,16,weight,3,1,65,3750,3.2259511947631836,3.27602196931839,26.470263459322307
bfp16,16,weight,3,1,65,4000,3.182347297668457,3.2689573049545286,26.283918938137557
bfp16,16,weight,3,2,65,250,24.330814361572266,24.15149869918823,30822127650.459892
bfp16,16,weight,3,2,65,500,12.275209426879883,12.251032447814941,209197.16256475658
bfp16,16,weight,3,2,65,750,7.664053916931152,7.592145550251007,1982.5626415306515
bfp16,16,weight,3,2,65,1000,5.567070484161377,5.553409600257874,258.11613008495397
bfp16,16,weight,3,2,65,1250,4.469038486480713,4.446500897407532,85.32785012570504
bfp16,16,weight,3,2,65,1500,3.908921718597412,3.907538723945618,49.77628789478036
bfp16,16,weight,3,2,65,1750,3.612825393676758,3.6478435039520263,38.39178498221649
bfp16,16,weight,3,2,65,2000,3.5005273818969727,3.5123105585575103,33.52564131892598
bfp16,16,weight,3,2,65,2250,3.3761470317840576,3.4348470330238343,31.026666147213657
bfp16,16,weight,3,2,65,2500,3.3740248680114746,3.3901880860328673,29.671532546412156
bfp16,16,weight,3,2,65,2750,3.3272390365600586,3.358508270978928,28.74627722344562
bfp16,16,weight,3,2,65,3000,3.312664270401001,3.336837410926819,28.130022178405493
bfp16,16,weight,3,2,65,3250,3.292790174484253,3.3201796293258665,27.665319614921575
bfp16,16,weight,3,2,65,3500,3.3046040534973145,3.30803564786911,27.331384242957444
bfp16,16,weight,3,2,65,3750,3.2541165351867676,3.3002211093902587,27.118634442526606
bfp16,16,weight,3,2,65,4000,3.2400543689727783,3.2913102388381956,26.878057269373713
bfp16,16,weight,4,0,65,250,4.697729587554932,4.708249294757843,110.85791039363305
bfp16,16,weight,4,0,65,500,3.642709732055664,3.7344088315963746,41.863270003972715
bfp16,16,weight,4,0,65,750,3.3562941551208496,3.414771717786789,30.410006571526168
bfp16,16,weight,4,0,65,1000,3.2521629333496094,3.2731434762477876,26.39417854685914
bfp16,16,weight,4,0,65,1250,3.1582210063934326,3.1913894414901733,24.322198247760625
bfp16,16,weight,4,0,65,1500,3.09732723236084,3.136186397075653,23.01592567746057
bfp16,16,weight,4,0,65,1750,3.074366569519043,3.0919816970825194,22.02067306893783
bfp16,16,weight,4,0,65,2000,2.9950509071350098,3.014493352174759,20.378763468382115
bfp16,16,weight,4,0,65,2250,2.8965306282043457,2.935047310590744,18.822393612681005
bfp16,16,weight,4,0,65,2500,2.887105703353882,2.886868292093277,17.93704795510714
bfp16,16,weight,4,0,65,2750,2.8420417308807373,2.8633765995502474,17.520587175855137
bfp16,16,weight,4,0,65,3000,2.8040430545806885,2.838713550567627,17.09376112710108
bfp16,16,weight,4,0,65,3250,2.7645840644836426,2.8061251282691955,16.545681451221366
bfp16,16,weight,4,0,65,3500,2.7615370750427246,2.7840732038021088,16.18481090242551
bfp16,16,weight,4,0,65,3750,2.747236967086792,2.7622891128063203,15.836051998580109
bfp16,16,weight,4,0,65,4000,2.7456674575805664,2.74273202419281,15.529353764056282
bfp16,16,weight,4,1,65,250,5.02768087387085,4.931646645069122,138.60756198850888
bfp16,16,weight,4,1,65,500,3.7980129718780518,3.8293584883213043,46.03299805418517
bfp16,16,weight,4,1,65,750,3.4431021213531494,3.4551034688949587,31.661564499890776
bfp16,16,weight,4,1,65,1000,3.2611777782440186,3.293236273527145,26.92987522561802
bfp16,16,weight,4,1,65,1250,3.188807964324951,3.2058662116527556,24.67686615033613
bfp16,16,weight,4,1,65,1500,3.1368021965026855,3.1503954350948336,23.34529430461138
bfp16,16,weight,4,1,65,1750,3.1045494079589844,3.0799464881420135,21.757238094810283
bfp16,16,weight,4,1,65,2000,3.021876335144043,3.0374025285243986,20.851012923433267
bfp16,16,weight,4,1,65,2250,2.985050678253174,3.007396972179413,20.23465993044444
bfp16,16,weight,4,1,65,2500,2.9490909576416016,2.976723235845566,19.623409893397774
bfp16,16,weight,4,1,65,2750,2.9137306213378906,2.9259206473827364,18.651389500871968
bfp16,16,weight,4,1,65,3000,2.835108757019043,2.8624893605709074,17.505049121974615
bfp16,16,weight,4,1,65,3250,2.7904577255249023,2.8116413772106172,16.637203746817306
bfp16,16,weight,4,1,65,3500,2.7575860023498535,2.780586153268814,16.12847193443901
bfp16,16,weight,4,1,65,3750,2.713975667953491,2.7534826517105104,15.697204696767226
bfp16,16,weight,4,1,65,4000,2.670565605163574,2.720420688390732,15.186709773775322
bfp16,16,weight,4,2,65,250,4.747153282165527,4.777522349357605,118.80961634975253
bfp16,16,weight,4,2,65,500,3.647191047668457,3.758069008588791,42.86557295705443
bfp16,16,weight,4,2,65,750,3.3203468322753906,3.4222956776618956,30.639673158413682
bfp16,16,weight,4,2,65,1000,3.285104274749756,3.2744440913200377,26.428529547168875
bfp16,16,weight,4,2,65,1250,3.197929859161377,3.194123941659927,24.388798320452835
bfp16,16,weight,4,2,65,1500,3.1454086303710938,3.142592203617096,23.16383447652069
bfp16,16,weight,4,2,65,1750,3.009964942932129,3.091688758134842,22.014223300882122
bfp16,16,weight,4,2,65,2000,3.0280280113220215,3.050087994337082,21.11720253502582
bfp16,16,weight,4,2,65,2250,2.9465651512145996,3.020133674144745,20.494031023168862
bfp16,16,weight,4,2,65,2500,2.9449076652526855,2.9543667793273927,19.18956764088707
bfp16,16,weight,4,2,65,2750,2.8615009784698486,2.881105864048004,17.833984240730995
bfp16,16,weight,4,2,65,3000,2.847266674041748,2.8406433939933775,17.126781261229887
bfp16,16,weight,4,2,65,3250,2.778695583343506,2.8002744197845457,16.449160126769627
bfp16,16,weight,4,2,65,3500,2.7703046798706055,2.767065477371216,15.911871683277985
bfp16,16,weight,4,2,65,3750,2.7211732864379883,2.7242228627204894,15.244562204649009
bfp16,16,weight,4,2,65,4000,2.671311855316162,2.689580422639847,14.725496139288033
bfp16,16,weight,5,0,65,250,3.22603702545166,3.220465677976608,25.03977793987219
bfp16,16,weight,5,0,65,500,2.930050849914551,2.993671977519989,19.958836498380496
bfp16,16,weight,5,0,65,750,2.852753162384033,2.8985156655311584,18.147188870209266
bfp16,16,weight,5,0,65,1000,2.8317766189575195,2.8254243612289427,16.8681016358194
bfp16,16,weight,5,0,65,1250,2.730293035507202,2.7536415696144103,15.699699461860893
bfp16,16,weight,5,0,65,1500,2.6802334785461426,2.701634031534195,14.90406555143722
bfp16,16,weight,5,0,65,1750,2.645902156829834,2.6586184561252595,14.276551785163422
bfp16,16,weight,5,0,65,2000,2.618020534515381,2.632531887292862,13.90894122997955
bfp16,16,weight,5,0,65,2250,2.5916154384613037,2.6106726109981535,13.608200799831188
bfp16,16,weight,5,0,65,2500,2.5053744316101074,2.519848442077637,12.426713154023325
bfp16,16,weight,5,0,65,2750,2.42002010345459,2.4498743653297423,11.586890912556298
bfp16,16,weight,5,0,65,3000,2.386103391647339,2.4136057615280153,11.174180020077188
bfp16,16,weight,5,0,65,3250,2.3492250442504883,2.39358868598938,10.952729405619607
bfp16,16,weight,5,0,65,3500,2.3439087867736816,2.378984719514847,10.7939384238424
bfp16,16,weight,5,0,65,3750,2.359095573425293,2.363047593832016,10.62327760422583
bfp16,16,weight,5,0,65,4000,2.336916446685791,2.3480831027030944,10.46548921675027
bfp16,16,weight,5,1,65,250,3.3865959644317627,3.2905744910240173,26.85828907058469
bfp16,16,weight,5,1,65,500,2.994311571121216,2.9908387899398803,19.902369399413153
bfp16,16,weight,5,1,65,750,2.87886905670166,2.892621469497681,18.040540393825857
bfp16,16,weight,5,1,65,1000,2.790957450866699,2.817076009511948,16.727866969195546
bfp16,16,weight,5,1,65,1250,2.7345261573791504,2.7308912694454195,15.346558845353218
bfp16,16,weight,5,1,65,1500,2.696394681930542,2.688372629880905,14.707721527863404
bfp16,16,weight,5,1,65,1750,2.6761560440063477,2.6629751205444334,14.338885615550781
bfp16,16,weight,5,1,65,2000,2.6297965049743652,2.6392900466918947,14.003258418202979
bfp16,16,weight,5,1,65,2250,2.5783472061157227,2.6055388331413267,13.538518340072176
bfp16,16,weight,5,1,65,2500,2.4952712059020996,2.5115727126598357,12.324297405437273
bfp16,16,weight,5,1,65,2750,2.465376615524292,2.4649995267391205,11.763476584785774
bfp16,16,weight,5,1,65,3000,2.422046184539795,2.4406274914741517,11.48024223724542
bfp16,16,weight,5,1,65,3250,2.4159035682678223,2.4241984248161317,11.293173462654636
bfp16,16,weight,5,1,65,3500,2.3983242511749268,2.4111922860145567,11.147243928089894
bfp16,16,weight,5,1,65,3750,2.373310089111328,2.4023623406887054,11.049247661223266
bfp16,16,weight,5,1,65,4000,2.365217924118042,2.390103942155838,10.914628374086723
bfp16,16,weight,5,2,65,250,3.2102417945861816,3.211957859992981,24.827647728970526
bfp16,16,weight,5,2,65,500,2.9541985988616943,2.994959741830826,19.98455533205279
bfp16,16,weight,5,2,65,750,2.8508198261260986,2.907793664932251,18.316341965428915
bfp16,16,weight,5,2,65,1000,2.7931723594665527,2.766303551197052,15.89975262926108
bfp16,16,weight,5,2,65,1250,2.730405807495117,2.7060867309570313,14.970576843020188
bfp16,16,weight,5,2,65,1500,2.694404125213623,2.672151792049408,14.471074457734547
bfp16,16,weight,5,2,65,1750,2.6012089252471924,2.637122917175293,13.972944402619278
bfp16,16,weight,5,2,65,2000,2.5550713539123535,2.556240105628967,12.887271329913128
bfp16,16,weight,5,2,65,2250,2.492495059967041,2.51353999376297,12.348566627195854
bfp16,16,weight,5,2,65,2500,2.5023553371429443,2.492188334465027,12.087699127315037
bfp16,16,weight,5,2,65,2750,2.47182559967041,2.468877613544464,11.809184941315271
bfp16,16,weight,5,2,65,3000,2.4579086303710938,2.4454268872737885,11.535472894493747
bfp16,16,weight,5,2,65,3250,2.407139301300049,2.41928049325943,11.237770753537436
bfp16,16,weight,5,2,65,3500,2.3875198364257812,2.3980575859546662,11.001785589627676
bfp16,16,weight,5,2,65,3750,2.499213457107544,2.491603344678879,12.08063001466847
bfp16,16,weight,5,2,65,4000,2.4483227729797363,2.460863488912582,11.714922879856168
bfp16,16,weight,7,0,65,250,2.7486541271209717,2.735806131362915,15.422170721746935
bfp16,16,weight,7,0,65,500,2.5676074028015137,2.5927068293094635,13.365901896868369
bfp16,16,weight,7,0,65,750,2.430433511734009,2.4596098124980927,11.700245359696945
bfp16,16,weight,7,0,65,1000,2.380566120147705,2.347840243577957,10.462947885800153
bfp16,16,weight,7,0,65,1250,2.244454860687256,2.272954499721527,9.708040888795537
bfp16,16,weight,7,0,65,1500,2.193831443786621,2.22974054813385,9.297453524858751
bfp16,16,weight,7,0,65,1750,2.141590118408203,2.18592050075531,8.898836169855395
bfp16,16,weight,7,0,65,2000,2.074831485748291,2.138390654325485,8.485770096544195
bfp16,16,weight,7,0,65,2250,2.022895574569702,2.10196692943573,8.182247999593583
bfp16,16,weight,7,0,65,2500,1.9422879219055176,2.051142156124115,7.776778330749948
bfp16,16,weight,7,0,65,2750,1.89619779586792,2.01167571246624,7.4758342056364055
bfp16,16,weight,7,0,65,3000,1.8485112190246582,1.9688051909208297,7.162114015253467
bfp16,16,weight,7,0,65,3250,1.7603057622909546,1.9425342500209808,6.976408550341107
bfp16,16,weight,7,0,65,3500,1.7428512573242188,1.9097047686576842,6.751095369336387
bfp16,16,weight,7,0,65,3750,1.7319397926330566,1.8863427460193634,6.59520418337204
bfp16,16,weight,7,0,65,4000,1.6790056228637695,1.8595591247081757,6.420905328807836
bfp16,16,weight,7,1,65,250,2.788799524307251,2.7497929632663727,15.63939362000892
bfp16,16,weight,7,1,65,500,2.617882251739502,2.6044927656650545,13.524363541087887
bfp16,16,weight,7,1,65,750,2.5466630458831787,2.544896072149277,12.74190377857667
bfp16,16,weight,7,1,65,1000,2.3878955841064453,2.4067477345466615,11.097809367328768
bfp16,16,weight,7,1,65,1250,2.291840076446533,2.302290588617325,9.997055389854362
bfp16,16,weight,7,1,65,1500,2.2273640632629395,2.2447612941265107,9.438162342757218
bfp16,16,weight,7,1,65,1750,2.1674959659576416,2.200944799184799,9.0335443541689
bfp16,16,weight,7,1,65,2000,2.120008707046509,2.1672081112861634,8.733865988478009
bfp16,16,weight,7,1,65,2250,2.048832416534424,2.1410320341587066,8.508213866758604
bfp16,16,weight,7,1,65,2500,2.0288147926330566,2.097682446241379,8.147266288336967
bfp16,16,weight,7,1,65,2750,1.9384311437606812,2.050102013349533,7.76869357633804
bfp16,16,weight,7,1,65,3000,1.8902077674865723,2.0034785896539686,7.414804350866307
bfp16,16,weight,7,1,65,3250,1.847071886062622,1.9700589329004288,7.171099089562543
bfp16,16,weight,7,1,65,3500,1.8146384954452515,1.9368605405092238,6.93693851144025
bfp16,16,weight,7,1,65,3750,1.7405216693878174,1.9071127265691756,6.733618905645153
bfp16,16,weight,7,1,65,4000,1.7346699237823486,1.8615662217140199,6.433805650435874
bfp16,16,weight,7,2,65,250,2.7767603397369385,2.7603193700313566,15.804889750454004
bfp16,16,weight,7,2,65,500,2.5988926887512207,2.601146912574768,13.479188624001171
bfp16,16,weight,7,2,65,750,2.5255255699157715,2.531197112798691,12.568543098206675
bfp16,16,weight,7,2,65,1000,2.4302711486816406,2.4086886763572695,11.119370487206648
bfp16,16,weight,7,2,65,1250,2.295804023742676,2.3242817282676698,10.219337187983447
bfp16,16,weight,7,2,65,1500,2.233625650405884,2.250469583272934,9.492192164632014
bfp16,16,weight,7,2,65,1750,2.155775547027588,2.1986610889434814,9.01293789495865
bfp16,16,weight,7,2,65,2000,2.105567455291748,2.1620308578014376,8.688765399683744
bfp16,16,weight,7,2,65,2250,2.04366135597229,2.122341686487198,8.350669259483443
bfp16,16,weight,7,2,65,2500,2.043895721435547,2.088905853033066,8.07607391659433
bfp16,16,weight,7,2,65,2750,2.0129027366638184,2.0590460538864135,7.8384887467436615
bfp16,16,weight,7,2,65,3000,1.9615576267242432,2.038976064324379,7.6827385399648955
bfp16,16,weight,7,2,65,3250,1.895226001739502,2.017470437288284,7.519280365370856
bfp16,16,weight,7,2,65,3500,1.8404953479766846,1.989020374417305,7.308370787374525
bfp16,16,weight,7,2,65,3750,1.825663447380066,1.9587478667497635,7.0904433246581675
bfp16,16,weight,7,2,65,4000,1.7935878038406372,1.9250031232833862,6.855170076504551
bfp16,16,weight,10,0,65,250,2.669502019882202,2.658393806219101,14.273344919369157
bfp16,16,weight,10,0,65,500,2.4849886894226074,2.493345934152603,12.101699946156621
bfp16,16,weight,10,0,65,750,2.254730701446533,2.302891528606415,10.003064825685577
bfp16,16,weight,10,0,65,1000,2.1916697025299072,2.19663525223732,8.994697636671264
bfp16,16,weight,10,0,65,1250,2.0356743335723877,2.1236518204212187,8.361616924539893
bfp16,16,weight,10,0,65,1500,1.9665583372116089,2.0489319026470185,7.759608661054672
bfp16,16,weight,10,0,65,1750,1.8543953895568848,1.9523359149694444,7.045125188076721
bfp16,16,weight,10,0,65,2000,1.7372034788131714,1.8957538217306138,6.657565130805285
bfp16,16,weight,10,0,65,2250,1.6787235736846924,1.8541430234909058,6.386223061756104
bfp16,16,weight,10,0,65,2500,1.5965169668197632,1.7952845633029937,6.021187887156809
bfp16,16,weight,10,0,65,2750,1.575796127319336,1.7761465281248092,5.907049854107272
bfp16,16,weight,10,0,65,3000,1.564345121383667,1.7512584149837493,5.76184891266887
bfp16,16,weight,10,0,65,3250,1.4835364818572998,1.7239635974168777,5.606707211648573
bfp16,16,weight,10,0,65,3500,1.4820356369018555,1.7042538225650787,5.497282188517822
bfp16,16,weight,10,0,65,3750,1.4631919860839844,1.704906889796257,5.5008734559175725
bfp16,16,weight,10,0,65,4000,1.428261160850525,1.6812118232250213,5.372062017755953
bfp16,16,weight,10,1,65,250,2.685063123703003,2.6620385825634,14.325462990946084
bfp16,16,weight,10,1,65,500,2.539846897125244,2.5373491287231444,12.646103306692659
bfp16,16,weight,10,1,65,750,2.4099645614624023,2.39715861082077,10.991899702203408
bfp16,16,weight,10,1,65,1000,2.1662731170654297,2.206681841611862,9.085519129584794
bfp16,16,weight,10,1,65,1250,2.035064220428467,2.1203919529914854,8.33440354197653
bfp16,16,weight,10,1,65,1500,1.9460585117340088,2.073819011449814,7.955145972885079
bfp16,16,weight,10,1,65,1750,1.8545939922332764,1.9966780304908753,7.364550605655347
bfp16,16,weight,10,1,65,2000,1.7726764678955078,1.9317006915807724,6.901237142739303
bfp16,16,weight,10,1,65,2250,1.709013819694519,1.8966679453849793,6.663653751023733
bfp16,16,weight,10,1,65,2500,1.6659619808197021,1.8533006817102433,6.3808459442538625
bfp16,16,weight,10,1,65,2750,1.5703482627868652,1.8135418742895126,6.132128241573594
bfp16,16,weight,10,1,65,3000,1.5891497135162354,1.7864972233772278,5.968509453062652
bfp16,16,weight,10,1,65,3250,1.5397741794586182,1.7660379469394685,5.847638747987542
bfp16,16,weight,10,1,65,3500,1.5117416381835938,1.7442463368177414,5.721587700065061
bfp16,16,weight,10,1,65,3750,1.4664639234542847,1.7200787216424942,5.584968104833703
bfp16,16,weight,10,1,65,4000,1.4534871578216553,1.700522604584694,5.476808849370806
bfp16,16,weight,10,2,65,250,2.675955057144165,2.6655937671661376,14.37648329596143
bfp16,16,weight,10,2,65,500,2.516470432281494,2.5121949553489684,12.331968495788937
bfp16,16,weight,10,2,65,750,2.3374123573303223,2.3466265320777895,10.450256588969918
bfp16,16,weight,10,2,65,1000,2.2190470695495605,2.2411615014076234,9.404247993612914
bfp16,16,weight,10,2,65,1250,2.0665876865386963,2.1482121288776397,8.569523489264352
bfp16,16,weight,10,2,65,1500,2.011902332305908,2.0887240350246428,8.074605674399418
bfp16,16,weight,10,2,65,1750,1.8953702449798584,2.0184845596551897,7.526909703659853
bfp16,16,weight,10,2,65,2000,1.7854516506195068,1.9445750087499618,6.990660254185498
bfp16,16,weight,10,2,65,2250,1.7284672260284424,1.8882067114114762,6.607508879925446
bfp16,16,weight,10,2,65,2500,1.6857972145080566,1.8634155482053756,6.445714866285504
bfp16,16,weight,10,2,65,2750,1.6766972541809082,1.8333522617816924,6.254819344840793
bfp16,16,weight,10,2,65,3000,1.6050188541412354,1.8147613555192947,6.139610818366484
bfp16,16,weight,10,2,65,3250,1.5340371131896973,1.7591603755950929,5.807559178335468
bfp16,16,weight,10,2,65,3500,1.4502061605453491,1.7481468617916107,5.743948476813511
bfp16,16,weight,10,2,65,3750,1.5167871713638306,1.7323037326335906,5.653663446406885
bfp16,16,weight,10,2,65,4000,1.498888373374939,1.7130973368883133,5.54611308239981
bfp16,16,weight,23,0,65,250,2.6581008434295654,2.6453730165958405,14.088699421783861
bfp16,16,weight,23,0,65,500,2.4631056785583496,2.4753986954689027,11.886445240360391
bfp16,16,weight,23,0,65,750,2.226069927215576,2.276630127429962,9.74378969227943
bfp16,16,weight,23,0,65,1000,2.1595544815063477,2.1675464689731596,8.736821659181157
bfp16,16,weight,23,0,65,1250,1.983290672302246,2.093884211778641,8.116379755023393
bfp16,16,weight,23,0,65,1500,1.8894671201705933,1.993490880727768,7.341116044502358
bfp16,16,weight,23,0,65,1750,1.793039083480835,1.906437960267067,6.729076819112187
bfp16,16,weight,23,0,65,2000,1.6837118864059448,1.8686867952346802,6.479781529643718
bfp16,16,weight,23,0,65,2250,1.6407628059387207,1.8297655701637268,6.232425420781568
bfp16,16,weight,23,0,65,2500,1.5606480836868286,1.7886617988348008,5.981442734625187
bfp16,16,weight,23,0,65,2750,1.550441026687622,1.7703090250492095,5.8726678824833005
bfp16,16,weight,23,0,65,3000,1.5302690267562866,1.7392977744340896,5.69334400687318
bfp16,16,weight,23,0,65,3250,1.4508167505264282,1.7221962451934814,5.596806936405852
bfp16,16,weight,23,0,65,3500,1.4571762084960938,1.7049256086349487,5.500976426844202
bfp16,16,weight,23,0,65,3750,1.4399341344833374,1.7029267102479935,5.489991516455337
bfp16,16,weight,23,0,65,4000,1.4101839065551758,1.6823057293891908,5.37794176487096
bfp16,16,weight,23,1,65,250,2.673381805419922,2.651701867580414,14.178147454059273
bfp16,16,weight,23,1,65,500,2.529177188873291,2.5342403292655944,12.60685015429607
bfp16,16,weight,23,1,65,750,2.3803114891052246,2.362356597185135,10.615939490620352
bfp16,16,weight,23,1,65,1000,2.1344823837280273,2.179702973365784,8.84367906034087
bfp16,16,weight,23,1,65,1250,2.0037291049957275,2.097971510887146,8.14962171539952
bfp16,16,weight,23,1,65,1500,1.9096581935882568,2.0455528080463408,7.733432460161544
bfp16,16,weight,23,1,65,1750,1.8012683391571045,1.9652634859085083,7.136792786776165
bfp16,16,weight,23,1,65,2000,1.720859169960022,1.895822486281395,6.6580222852192605
bfp16,16,weight,23,1,65,2250,1.6631181240081787,1.8538204789161683,6.384163552314125
bfp16,16,weight,23,1,65,2500,1.6311373710632324,1.8214854091405868,6.181032997130664
bfp16,16,weight,23,1,65,2750,1.5347405672073364,1.7836278051137924,5.9514078505917025
bfp16,16,weight,23,1,65,3000,1.5632750988006592,1.7531587332487106,5.772808669612547
bfp16,16,weight,23,1,65,3250,1.5047143697738647,1.7351930111646652,5.67002207576275
bfp16,16,weight,23,1,65,3500,1.4958552122116089,1.7174467623233796,5.570288023146462
bfp16,16,weight,23,1,65,3750,1.444298505783081,1.7061178117990494,5.507538619301972
bfp16,16,weight,23,1,65,4000,1.4383937120437622,1.6842748165130614,5.388541833557501
bfp16,16,weight,23,2,65,250,2.6631789207458496,2.6541940927505494,14.213526658169432
bfp16,16,weight,23,2,65,500,2.493088483810425,2.48904989361763,12.049822067169352
bfp16,16,weight,23,2,65,750,2.30595064163208,2.3171471893787383,10.146686402493982
bfp16,16,weight,23,2,65,1000,2.18971848487854,2.2112512290477753,9.127129380824488
bfp16,16,weight,23,2,65,1250,2.036963939666748,2.134617233276367,8.453810050321959
bfp16,16,weight,23,2,65,1500,1.9690532684326172,2.066171097755432,7.8945377616597385
bfp16,16,weight,23,2,65,1750,1.8584315776824951,1.989161840081215,7.30940474403302
bfp16,16,weight,23,2,65,2000,1.7503323554992676,1.9277804791927338,6.874235787503062
bfp16,16,weight,23,2,65,2250,1.6914474964141846,1.8668579518795014,6.46794185400626
bfp16,16,weight,23,2,65,2500,1.6537349224090576,1.8356626510620118,6.26928711906506
bfp16,16,weight,23,2,65,2750,1.6510601043701172,1.8124002993106842,6.125131951560651
bfp16,16,weight,23,2,65,3000,1.596644639968872,1.8089882016181946,6.104268018094358
bfp16,16,weight,23,2,65,3250,1.508929967880249,1.7573464184999465,5.79703406409729
bfp16,16,weight,23,2,65,3500,1.423097848892212,1.7420530706644057,5.709052486973431
bfp16,16,weight,23,2,65,3750,1.4930670261383057,1.715344136953354,5.558588098819983
bfp16,16,weight,23,2,65,4000,1.4650144577026367,1.7037783205509185,5.494668841139985
bfp16,16,both,1,0,65,250,25.038536071777344,24.9161226272583,66211673901.006805
bfp16,16,both,1,0,65,500,14.275223731994629,14.190787863731384,1455394.9480770614
bfp16,16,both,1,0,65,750,9.635978698730469,9.654500961303711,15591.808533229168
bfp16,16,both,1,0,65,1000,6.3051910400390625,6.278251528739929,532.8561651490444
bfp16,16,both,1,0,65,1250,4.638708114624023,4.633694314956665,102.89348376713626
bfp16,16,both,1,0,65,1500,3.9625062942504883,3.9762023031711577,53.31417819298341
bfp16,16,both,1,0,65,1750,3.6802611351013184,3.715686982870102,41.08680332131631
bfp16,16,both,1,0,65,2000,3.5914011001586914,3.6084409058094025,36.90846416136254
bfp16,16,both,1,0,65,2250,3.501358985900879,3.5000038862228395,33.11558065296813
bfp16,16,both,1,0,65,2500,3.463606595993042,3.477454286813736,32.37719402429702
bfp16,16,both,1,0,65,2750,3.4124655723571777,3.4644981205463408,31.960415471459093
bfp16,16,both,1,0,65,3000,3.4119253158569336,3.45955850481987,31.802932573284483
bfp16,16,both,1,0,65,3250,3.381432056427002,3.4413084626197814,31.22779184614206
bfp16,16,both,1,0,65,3500,3.3987605571746826,3.418329209089279,30.51838256444092
bfp16,16,both,1,0,65,3750,3.408540725708008,3.4374461650848387,31.10741344092565
bfp16,16,both,1,0,65,4000,3.4141297340393066,3.4420301795005797,31.250337605516414
bfp16,16,both,1,1,65,250,26.29630470275879,26.285761213302614,260472001704.6275
bfp16,16,both,1,1,65,500,15.525117874145508,15.371721291542054,4740822.925334541
bfp16,16,both,1,1,65,750,10.025343894958496,10.016627764701843,22395.77859945795
bfp16,16,both,1,1,65,1000,6.6561994552612305,6.639913809299469,765.0290517884182
bfp16,16,both,1,1,65,1250,4.794445037841797,4.79710613489151,121.15929106250056
bfp16,16,both,1,1,65,1500,4.053182125091553,4.062456870079041,58.11692154516032
bfp16,16,both,1,1,65,1750,3.7877349853515625,3.7941974461078645,44.44255454400978
bfp16,16,both,1,1,65,2000,3.54439377784729,3.565709811449051,35.364546657594936
bfp16,16,both,1,1,65,2250,3.508362293243408,3.52516131401062,33.959251277445134
bfp16,16,both,1,1,65,2500,3.469963312149048,3.514165389537811,33.587883423525916
bfp16,16,both,1,1,65,2750,3.4890294075012207,3.5166832745075225,33.67256040908117
bfp16,16,both,1,1,65,3000,3.465441942214966,3.536742943525314,34.354841109944786
bfp16,16,both,1,1,65,3250,3.5194053649902344,3.554887294769287,34.98387687957948
bfp16,16,both,1,1,65,3500,3.4878461360931396,3.5637836933135985,35.296495920843405
bfp16,16,both,1,1,65,3750,3.5233845710754395,3.6261368930339812,37.5674090159919
bfp16,16,both,1,1,65,4000,3.488647222518921,3.576449120044708,35.746384102718174
bfp16,16,both,1,2,65,250,24.4349422454834,24.404905366897584,39711448838.1563
bfp16,16,both,1,2,65,500,13.794686317443848,13.776932430267333,962156.5307294271
bfp16,16,both,1,2,65,750,9.623275756835938,9.519194746017456,13618.640333067451
bfp16,16,both,1,2,65,1000,6.521335601806641,6.499703299999237,664.9443147949402
bfp16,16,both,1,2,65,1250,4.720270156860352,4.685482215881348,108.3625138364389
bfp16,16,both,1,2,65,1500,3.9975240230560303,4.0090231716632845,55.093027839446876
bfp16,16,both,1,2,65,1750,3.7863829135894775,3.824923276901245,45.82928406675717
bfp16,16,both,1,2,65,2000,3.572763442993164,3.5815696597099302,35.92989431509662
bfp16,16,both,1,2,65,2250,3.431000232696533,3.5008132815361024,33.142395099024206
bfp16,16,both,1,2,65,2500,3.4705371856689453,3.4828068912029266,32.55096097313386
bfp16,16,both,1,2,65,2750,3.4140942096710205,3.429765546321869,30.86940445577151
bfp16,16,both,1,2,65,3000,3.433161735534668,3.4661934673786163,32.01464541688096
bfp16,16,both,1,2,65,3250,3.4288859367370605,3.438903474807739,31.152779625249273
bfp16,16,both,1,2,65,3500,3.424652338027954,3.4440362751483917,31.313091696087753
bfp16,16,both,1,2,65,3750,3.412290334701538,3.451587665081024,31.550444103885063
bfp16,16,both,1,2,65,4000,3.4040043354034424,3.4684673666954042,32.087526327745046
bfp16,16,both,2,0,65,250,25.25469970703125,25.13189754486084,82156971826.6916
bfp16,16,both,2,0,65,500,14.451150894165039,14.363947081565858,1730545.2350103585
bfp16,16,both,2,0,65,750,9.304384231567383,9.31940598487854,11152.355217803215
bfp16,16,both,2,0,65,1000,6.173389434814453,6.159655749797821,473.2651251736918
bfp16,16,both,2,0,65,1250,4.471795082092285,4.4472996354103085,85.39603194837721
bfp16,16,both,2,0,65,1500,3.7650842666625977,3.7802989721298217,43.82914346932104
bfp16,16,both,2,0,65,1750,3.536222457885742,3.556195783615112,35.02968285402791
bfp16,16,both,2,0,65,2000,3.432422161102295,3.456901657581329,31.718549186221484
bfp16,16,both,2,0,65,2250,3.359004497528076,3.39790803194046,29.901481627868375
bfp16,16,both,2,0,65,2500,3.358825206756592,3.375413250923157,29.236363239237814
bfp16,16,both,2,0,65,2750,3.3141565322875977,3.346971958875656,28.41655673359828
bfp16,16,both,2,0,65,3000,3.3079724311828613,3.336310440301895,28.115202388179032
bfp16,16,both,2,0,65,3250,3.277210235595703,3.3234307706356048,27.755409847052537
bfp16,16,both,2,0,65,3500,3.2873730659484863,3.3203309178352356,27.669505376508166
bfp16,16,both,2,0,65,3750,3.277196168899536,3.3129621744155884,27.46636525374237
bfp16,16,both,2,0,65,4000,3.306727647781372,3.3133803367614747,27.47785305518545
bfp16,16,both,2,1,65,250,25.7996826171875,25.71434054374695,147094421955.07452
bfp16,16,both,2,1,65,500,14.890478134155273,14.817284965515137,2723109.4500783077
bfp16,16,both,2,1,65,750,9.546865463256836,9.570351266860962,14333.450306042303
bfp16,16,both,2,1,65,1000,6.2475666999816895,6.236560308933258,511.09746656485635
bfp16,16,both,2,1,65,1250,4.464791297912598,4.470334553718567,87.38595341926485
bfp16,16,both,2,1,65,1500,3.774716854095459,3.786380386352539,44.09649877097229
bfp16,16,both,2,1,65,1750,3.56404709815979,3.5534514486789703,34.93368146180879
bfp16,16,both,2,1,65,2000,3.442793369293213,3.4648047745227815,31.970217762831112
bfp16,16,both,2,1,65,2250,3.381165027618408,3.399854028224945,29.95972645374355
bfp16,16,both,2,1,65,2500,3.341599941253662,3.3745223701000215,29.210328722437534
bfp16,16,both,2,1,65,2750,3.346996784210205,3.3548748314380648,28.642018886012693
bfp16,16,both,2,1,65,3000,3.2959282398223877,3.3461398839950562,28.392921864901016
bfp16,16,both,2,1,65,3250,3.2943882942199707,3.3341192424297335,28.053663862696027
bfp16,16,both,2,1,65,3500,3.2818470001220703,3.3313304245471955,27.975536295659527
bfp16,16,both,2,1,65,3750,3.2726473808288574,3.322964310646057,27.74246607797528
bfp16,16,both,2,1,65,4000,3.2356157302856445,3.3228923320770263,27.740469286829548
bfp16,16,both,2,2,65,250,25.22356605529785,25.073968935012818,77532957037.83948
bfp16,16,both,2,2,65,500,14.353498458862305,14.3318279504776,1675844.7935868641
bfp16,16,both,2,2,65,750,9.35930061340332,9.277512907981873,10694.799860619758
bfp16,16,both,2,2,65,1000,6.078671455383301,6.069524490833283,432.47498685286473
bfp16,16,both,2,2,65,1250,4.455997467041016,4.440011298656463,84.77589952218186
bfp16,16,both,2,2,65,1500,3.7833762168884277,3.7820540606975555,43.90613504170854
bfp16,16,both,2,2,65,1750,3.502411365509033,3.540464383363724,34.48292877173224
bfp16,16,both,2,2,65,2000,3.4562041759490967,3.4664973080158235,32.02437424507622
bfp16,16,both,2,2,65,2250,3.323427200317383,3.3869595170021056,29.575890432000264
bfp16,16,both,2,2,65,2500,3.3344414234161377,3.360167557001114,28.794015113886754
bfp16,16,both,2,2,65,2750,3.3018240928649902,3.343817490339279,28.32705883283965
bfp16,16,both,2,2,65,3000,3.307873249053955,3.3316127836704252,27.983436558863055
bfp16,16,both,2,2,65,3250,3.297577381134033,3.324848699569702,27.794792960381965
bfp16,16,both,2,2,65,3500,3.312154769897461,3.321045935153961,27.689296626753094
bfp16,16,both,2,2,65,3750,3.2797038555145264,3.318982207775116,27.63221239061401
bfp16,16,both,2,2,65,4000,3.2559618949890137,3.313829904794693,27.4902089967506
bfp16,16,both,3,0,65,250,24.98297119140625,24.85001411437988,61976065948.93646
bfp16,16,both,3,0,65,500,14.32275104522705,14.233031678199769,1518193.4681634533
bfp16,16,both,3,0,65,750,9.203815460205078,9.209538054466247,9991.980042606976
bfp16,16,both,3,0,65,1000,6.079182147979736,6.062649035453797,429.511722945647
bfp16,16,both,3,0,65,1250,4.3890380859375,4.36980048418045,79.02786281772872
bfp16,16,both,3,0,65,1500,3.7140536308288574,3.7271804571151734,41.56175764631109
bfp16,16,both,3,0,65,1750,3.4796574115753174,3.5058483600616457,33.30969048012333
bfp16,16,both,3,0,65,2000,3.39538311958313,3.4178056478500367,30.502408504310058
bfp16,16,both,3,0,65,2250,3.332207441329956,3.370309275388718,29.08752172139856
bfp16,16,both,3,0,65,2500,3.3310046195983887,3.34342839717865,28.316039111975087
bfp16,16,both,3,0,65,2750,3.2865149974823,3.321994948387146,27.71558660846661
bfp16,16,both,3,0,65,3000,3.2710373401641846,3.3102630972862244,27.3923313719826
bfp16,16,both,3,0,65,3250,3.255493640899658,3.304935598373413,27.24678679490705
bfp16,16,both,3,0,65,3500,3.263590097427368,3.2984141290187834,27.069675849317758
bfp16,16,both,3,0,65,3750,3.2560079097747803,3.2909298837184906,26.86783600666161
bfp16,16,both,3,0,65,4000,3.2628488540649414,3.286117172241211,26.738839524354823
bfp16,16,both,3,1,65,250,25.503612518310547,25.377350521087646,105013055879.91765
bfp16,16,both,3,1,65,500,14.652568817138672,14.56841230392456,2123151.934193139
bfp16,16,both,3,1,65,750,9.397483825683594,9.384521842002869,11902.715448319155
bfp16,16,both,3,1,65,1000,6.1555023193359375,6.150757932662964,469.0727776637238
bfp16,16,both,3,1,65,1250,4.392720699310303,4.389319407939911,80.58555442390521
bfp16,16,both,3,1,65,1500,3.7220230102539062,3.7334745585918427,41.82417654575152
bfp16,16,both,3,1,65,1750,3.513230800628662,3.5048454284667967,33.27629988616588
bfp16,16,both,3,1,65,2000,3.3932862281799316,3.4105669796466827,30.282408902438842
bfp16,16,both,3,1,65,2250,3.3589491844177246,3.3750713169574738,29.226368042559272
bfp16,16,both,3,1,65,2500,3.3039164543151855,3.344697707891464,28.35200378410749
bfp16,16,both,3,1,65,2750,3.3120083808898926,3.3259852647781374,27.826401514225086
bfp16,16,both,3,1,65,3000,3.258236885070801,3.3118496596813203,27.435825508808794
bfp16,16,both,3,1,65,3250,3.2689943313598633,3.3060561299324034,27.27733479119246
bfp16,16,both,3,1,65,3500,3.244924545288086,3.2962607204914094,27.011446496804318
bfp16,16,both,3,1,65,3750,3.246023654937744,3.294966089725494,26.97649927389383
bfp16,16,both,3,1,65,4000,3.1987268924713135,3.2894505202770232,26.828118098176514
bfp16,16,both,3,2,65,250,22.500699996948242,22.263895511627197,4667528370.304306
bfp16,16,both,3,2,65,500,11.67824935913086,11.67392406463623,117468.33238637242
bfp16,16,both,3,2,65,750,8.01114273071289,7.938511383533478,2803.184534203532
bfp16,16,both,3,2,65,1000,5.75703239440918,5.7384367227554325,310.5785109632866
bfp16,16,both,3,2,65,1250,4.5493879318237305,4.525664186477661,92.35724789692638
bfp16,16,both,3,2,65,1500,3.9191396236419678,3.922543078660965,50.52878018804026
bfp16,16,both,3,2,65,1750,3.6236276626586914,3.6552200257778167,38.67602990261295
bfp16,16,both,3,2,65,2000,3.5087156295776367,3.5187963902950288,33.74378965940931
bfp16,16,both,3,2,65,2250,3.3885183334350586,3.445121467113495,31.347090856069933
bfp16,16,both,3,2,65,2500,3.3733816146850586,3.3895184278488157,29.651669413306212
bfp16,16,both,3,2,65,2750,3.3249173164367676,3.360975056886673,28.81727566797946
bfp16,16,both,3,2,65,3000,3.314523220062256,3.338764303922653,28.184277976885493
bfp16,16,both,3,2,65,3250,3.2964603900909424,3.323788952827454,27.765353121232785
bfp16,16,both,3,2,65,3500,3.3060221672058105,3.3094846963882447,27.37101745310788
bfp16,16,both,3,2,65,3750,3.2573893070220947,3.304933512210846,27.246729953739653
bfp16,16,both,3,2,65,4000,3.2433414459228516,3.297644793987274,27.048858208292327
bfp16,16,both,4,0,65,250,4.729816436767578,4.742587840557098,114.73072265740981
bfp16,16,both,4,0,65,500,3.6740798950195312,3.7699032604694365,43.375868471724004
bfp16,16,both,4,0,65,750,3.391404151916504,3.4460847795009615,31.37730244626588
bfp16,16,both,4,0,65,1000,3.276887893676758,3.299727421998978,27.105249618864764
bfp16,16,both,4,0,65,1250,3.187398910522461,3.2163398385047914,24.936680663337008
bfp16,16,both,4,0,65,1500,3.1210830211639404,3.1578810811042786,23.52070462445155
bfp16,16,both,4,0,65,1750,3.095262050628662,3.113793134689331,22.50625194171066
bfp16,16,both,4,0,65,2000,3.0293402671813965,3.0536541759967806,21.19264475578842
bfp16,16,both,4,0,65,2250,2.925438404083252,2.961260956525803,19.32232100737034
bfp16,16,both,4,0,65,2500,2.897123336791992,2.9016851425170898,18.204797213626293
bfp16,16,both,4,0,65,2750,2.849231004714966,2.8765791714191438,17.75343771794026
bfp16,16,both,4,0,65,3000,2.8129701614379883,2.8531199157238007,17.341802489077836
bfp16,16,both,4,0,65,3250,2.785254955291748,2.8249116122722624,16.859454751334404
bfp16,16,both,4,0,65,3500,2.7777199745178223,2.804348957538605,16.516319579677642
bfp16,16,both,4,0,65,3750,2.7631592750549316,2.7826156198978422,16.16123736693708
bfp16,16,both,4,0,65,4000,2.765744209289551,2.7616946578025816,15.826640975722038
bfp16,16,both,4,1,65,250,5.075827598571777,4.978913617134094,145.31642659332408
bfp16,16,both,4,1,65,500,3.8320534229278564,3.860997289419174,47.51271167359115
bfp16,16,both,4,1,65,750,3.4666075706481934,3.4805605709552765,32.47792315429721
bfp16,16,both,4,1,65,1000,3.29042649269104,3.318903774023056,27.630045177510937
bfp16,16,both,4,1,65,1250,3.2071573734283447,3.2308322310447695,25.30070424317713
bfp16,16,both,4,1,65,1500,3.1589016914367676,3.172887164354324,23.876319798429847
bfp16,16,both,4,1,65,1750,3.15567684173584,3.130560302734375,22.886799486914057
bfp16,16,both,4,1,65,2000,3.0332143306732178,3.0520039319992067,21.157700562140686
bfp16,16,both,4,1,65,2250,3.0030012130737305,3.0218749761581423,20.52974840900508
bfp16,16,both,4,1,65,2500,2.963078498840332,2.991909992694855,19.92370029516175
bfp16,16,both,4,1,65,2750,2.9339165687561035,2.9475379586219788,19.058971938873142
bfp16,16,both,4,1,65,3000,2.856869697570801,2.8907644391059875,18.007069649745272
bfp16,16,both,4,1,65,3250,2.821579933166504,2.842966789007187,17.166619801826872
bfp16,16,both,4,1,65,3500,2.7727456092834473,2.793054038286209,16.330818664711824
bfp16,16,both,4,1,65,3750,2.7025866508483887,2.735569053888321,15.41851490583239
bfp16,16,both,4,1,65,4000,2.6680612564086914,2.7025285065174103,14.917402829262613
bfp16,16,both,4,2,65,250,4.786874771118164,4.814934086799622,123.33868239496
bfp16,16,both,4,2,65,500,3.683417797088623,3.7951638102531433,44.48552299348631
bfp16,16,both,4,2,65,750,3.352485179901123,3.45501452088356,31.658748391936204
bfp16,16,both,4,2,65,1000,3.314143657684326,3.301470786333084,27.15254515901742
bfp16,16,both,4,2,65,1250,3.2189555168151855,3.2174507856369017,24.96439939137412
bfp16,16,both,4,2,65,1500,3.1667120456695557,3.1635599076747893,23.654654606207767
bfp16,16,both,4,2,65,1750,3.0315871238708496,3.1120891094207765,22.467933376875038
bfp16,16,both,4,2,65,2000,3.0512523651123047,3.0716611444950104,21.577716625881298
bfp16,16,both,4,2,65,2250,2.965672254562378,3.0389281690120695,20.882848351492243
bfp16,16,both,4,2,65,2500,2.9891037940979004,3.0017539143562315,20.12079614654013
bfp16,16,both,4,2,65,2750,2.8839173316955566,2.903662544488907,18.24083103046191
bfp16,16,both,4,2,65,3000,2.8623533248901367,2.8594807922840118,17.452463130264285
bfp16,16,both,4,2,65,3250,2.7933387756347656,2.8153236865997315,16.698580012229908
bfp16,16,both,4,2,65,3500,2.779639720916748,2.781080436706543,16.136445941539552
bfp16,16,both,4,2,65,3750,2.7280030250549316,2.7308826088905334,15.34642593621356
bfp16,16,both,4,2,65,4000,2.6826250553131104,2.704362612962723,14.944788039957945
bfp16,16,both,5,0,65,250,3.2472825050354004,3.2387249529361726,25.501185797250727
bfp16,16,both,5,0,65,500,2.957423448562622,3.019948202371597,20.490230311369324
bfp16,16,both,5,0,65,750,2.8590774536132812,2.9086404860019686,18.33185919895825
bfp16,16,both,5,0,65,1000,2.8421623706817627,2.839081710577011,17.100055524959735
bfp16,16,both,5,0,65,1250,2.7342028617858887,2.76344575881958,15.85437930204805
bfp16,16,both,5,0,65,1500,2.680401563644409,2.699836105108261,14.877293212687986
bfp16,16,both,5,0,65,1750,2.655789852142334,2.6661020278930665,14.383792155057796
bfp16,16,both,5,0,65,2000,2.606886386871338,2.6193365275859835,13.726613333927022
bfp16,16,both,5,0,65,2250,2.5371506214141846,2.5503784894943236,12.811952054349552
bfp16,16,both,5,0,65,2500,2.511117458343506,2.5223461270332335,12.457789962398143
bfp16,16,both,5,0,65,2750,2.4805266857147217,2.5036662757396697,12.227240318882195
bfp16,16,both,5,0,65,3000,2.4602251052856445,2.484328877925873,11.993068740190731
bfp16,16,both,5,0,65,3250,2.4269886016845703,2.470298409461975,11.8259753080868
bfp16,16,both,5,0,65,3500,2.4256348609924316,2.45461483001709,11.641948556066234
bfp16,16,both,5,0,65,3750,2.4344468116760254,2.4361927270889283,11.429442792877882
bfp16,16,both,5,0,65,4000,2.422208786010742,2.422131282091141,11.269852972983726
bfp16,16,both,5,1,65,250,3.396817684173584,3.3023305952548982,27.17590119902202
bfp16,16,both,5,1,65,500,3.003018379211426,3.002027779817581,20.126307292281314
bfp16,16,both,5,1,65,750,2.8934383392333984,2.9086253702640534,18.331582101473373
bfp16,16,both,5,1,65,1000,2.7977471351623535,2.829622137546539,16.939058980723207
bfp16,16,both,5,1,65,1250,2.7445547580718994,2.7454010963439943,15.5708580941
bfp16,16,both,5,1,65,1500,2.7086284160614014,2.7004900097846987,14.887024725686665
bfp16,16,both,5,1,65,1750,2.6855037212371826,2.674144816398621,14.499944421201853
bfp16,16,both,5,1,65,2000,2.6331498622894287,2.6436242759227753,14.06408346980577
bfp16,16,both,5,1,65,2250,2.5455000400543213,2.566427767276764,13.01923354162309
bfp16,16,both,5,1,65,2500,2.4990131855010986,2.506792891025543,12.265530022761522
bfp16,16,both,5,1,65,2750,2.4742789268493652,2.47502681016922,11.882025667947957
bfp16,16,both,5,1,65,3000,2.432119131088257,2.451809364557266,11.60933324346556
bfp16,16,both,5,1,65,3250,2.431994915008545,2.434693443775177,11.41231965943469
bfp16,16,both,5,1,65,3500,2.414227247238159,2.4217182040214538,11.26519860524679
bfp16,16,both,5,1,65,3750,2.3916335105895996,2.411876106262207,11.154869246069692
bfp16,16,both,5,1,65,4000,2.3842053413391113,2.413296341896057,11.170723044263614
bfp16,16,both,5,2,65,250,3.2218515872955322,3.224308890104294,25.13619627751042
bfp16,16,both,5,2,65,500,2.9666967391967773,3.007290244102478,20.23250043934385
bfp16,16,both,5,2,65,750,2.8621461391448975,2.916838902235031,18.48276917713325
bfp16,16,both,5,2,65,1000,2.808805465698242,2.7802578270435334,16.123177403343497
bfp16,16,both,5,2,65,1250,2.7429707050323486,2.717468374967575,15.141939966426587
bfp16,16,both,5,2,65,1500,2.701737880706787,2.682079350948334,14.61545237610962
bfp16,16,both,5,2,65,1750,2.617982864379883,2.6525750041007994,14.190532318444705
bfp16,16,both,5,2,65,2000,2.5728702545166016,2.5799955785274507,13.197079809003252
bfp16,16,both,5,2,65,2250,2.493638277053833,2.518601381778717,12.411225952147266
bfp16,16,both,5,2,65,2500,2.503885269165039,2.495306360721588,12.125447710529306
bfp16,16,both,5,2,65,2750,2.4788148403167725,2.473168647289276,11.859967429160328
bfp16,16,both,5,2,65,3000,2.4685773849487305,2.4566207230091095,11.665324496067448
bfp16,16,both,5,2,65,3250,2.4254870414733887,2.4417264342308043,11.492865301038538
bfp16,16,both,5,2,65,3500,2.419187307357788,2.425234544277191,11.304880603407252
bfp16,16,both,5,2,65,3750,2.415475845336914,2.4171917498111726,11.214322430793345
bfp16,16,both,5,2,65,4000,2.3918051719665527,2.407050758600235,11.10117278008079
bfp16,16,both,7,0,65,250,2.74989652633667,2.7369052469730377,15.439130789159215
bfp16,16,both,7,0,65,500,2.568387508392334,2.5935947418212892,13.377774918716714
bfp16,16,both,7,0,65,750,2.430572986602783,2.460310572385788,11.708447295779477
bfp16,16,both,7,0,65,1000,2.380913734436035,2.3485026717185975,10.46988113304927
bfp16,16,both,7,0,65,1250,2.245321750640869,2.2747404098510744,9.725394068354179
bfp16,16,both,7,0,65,1500,2.19730806350708,2.2314475655555723,9.313337993678687
bfp16,16,both,7,0,65,1750,2.1427812576293945,2.186795395612717,8.906625122617834
bfp16,16,both,7,0,65,2000,2.0753073692321777,2.1386556804180143,8.488019345076594
bfp16,16,both,7,0,65,2250,2.024841785430908,2.104193425178528,8.200486035851979
bfp16,16,both,7,0,65,2500,1.9515072107315063,2.0559877932071684,7.81455322401445
bfp16,16,both,7,0,65,2750,1.8960134983062744,2.014368599653244,7.495992914162903
bfp16,16,both,7,0,65,3000,1.8587262630462646,1.9768731623888016,7.220131473671993
bfp16,16,both,7,0,65,3250,1.7647957801818848,1.9510444819927215,7.03603275348233
bfp16,16,both,7,0,65,3500,1.751959204673767,1.9150398075580597,6.787208973837026
bfp16,16,both,7,0,65,3750,1.84251868724823,1.9138821214437485,6.779356062733221
bfp16,16,both,7,0,65,4000,1.678032398223877,1.8589434534311295,6.416953378500236
bfp16,16,both,7,1,65,250,2.790048837661743,2.750882548093796,15.65644335288573
bfp16,16,both,7,1,65,500,2.6182470321655273,2.6053314387798308,13.535710818847535
bfp16,16,both,7,1,65,750,2.547166347503662,2.545603948831558,12.75092666831925
bfp16,16,both,7,1,65,1000,2.3887152671813965,2.407318037748337,11.104140288643295
bfp16,16,both,7,1,65,1250,2.296560287475586,2.3113853096961976,10.0883905244655
bfp16,16,both,7,1,65,1500,2.235668182373047,2.252151131629944,9.50816717238064
bfp16,16,both,7,1,65,1750,2.177640438079834,2.2089064359664916,9.105753222128797
bfp16,16,both,7,1,65,2000,2.131612777709961,2.175140714645386,8.803423805694107
bfp16,16,both,7,1,65,2250,2.057675361633301,2.146812742948532,8.557539805529137
bfp16,16,both,7,1,65,2500,2.0487091541290283,2.1126963019371034,8.270511043084689
bfp16,16,both,7,1,65,2750,1.9832327365875244,2.064885824918747,7.884397644520947
bfp16,16,both,7,1,65,3000,1.9062397480010986,2.017042925953865,7.516066474824254
bfp16,16,both,7,1,65,3250,1.8548524379730225,1.970065438747406,7.1711457437876405
bfp16,16,both,7,1,65,3500,1.8127574920654297,1.9365799754858017,6.934992522125344
bfp16,16,both,7,1,65,3750,1.7374780178070068,1.9066929668188095,6.730792996597191
bfp16,16,both,7,1,65,4000,1.7295552492141724,1.8681233942508697,6.476131842570225
bfp16,16,both,7,2,65,250,2.7774767875671387,2.761081212759018,15.816935178550171
bfp16,16,both,7,2,65,500,2.5999743938446045,2.6020850419998167,13.491839780758491
bfp16,16,both,7,2,65,750,2.525920867919922,2.5315043449401857,12.572405151861336
bfp16,16,both,7,2,65,1000,2.4276485443115234,2.406688630580902,11.097153462167407
bfp16,16,both,7,2,65,1250,2.2950599193573,2.3239126801490784,10.215566456654418
bfp16,16,both,7,2,65,1500,2.2352805137634277,2.2512334823608398,9.499446011819686
bfp16,16,both,7,2,65,1750,2.155843734741211,2.1996842682361604,9.022164465792144
bfp16,16,both,7,2,65,2000,2.1099767684936523,2.159368634223938,8.665664726799056
bfp16,16,both,7,2,65,2250,2.054342269897461,2.1310873508453367,8.424021700367042
bfp16,16,both,7,2,65,2500,2.0553042888641357,2.1001757085323334,8.167604904364232
bfp16,16,both,7,2,65,2750,2.029818058013916,2.072168105840683,7.942023612646453
bfp16,16,both,7,2,65,3000,1.9600111246109009,2.046456116437912,7.740421290657853
bfp16,16,both,7,2,65,3250,1.8825507164001465,2.012730234861374,7.483721798319191
bfp16,16,both,7,2,65,3500,1.8457914590835571,2.012223783135414,7.479932614098265
bfp16,16,both,7,2,65,3750,1.8173377513885498,1.9578959345817566,7.084405320254745
bfp16,16,both,7,2,65,4000,1.789461374282837,1.9253158569335938,6.857314254126142
bfp16,16,both,10,0,65,250,2.669522285461426,2.658399111032486,14.273420637001166
bfp16,16,both,10,0,65,500,2.484933614730835,2.4933382272720337,12.101606680159847
bfp16,16,both,10,0,65,750,2.254685401916504,2.302888256311417,10.003032092760138
bfp16,16,both,10,0,65,1000,2.1916208267211914,2.1965960562229156,8.994345087282444
bfp16,16,both,10,0,65,1250,2.035645008087158,2.1236933410167693,8.361964111062012
bfp16,16,both,10,0,65,1500,1.966456413269043,2.04893553853035,7.75963687413775
bfp16,16,both,10,0,65,1750,1.8545020818710327,1.9523717999458312,7.045378006763906
bfp16,16,both,10,0,65,2000,1.7371543645858765,1.895503830909729,6.6559010086494395
bfp16,16,both,10,0,65,2250,1.67881178855896,1.8544586926698685,6.388239313764247
bfp16,16,both,10,0,65,2500,1.596401572227478,1.7954893499612807,6.022421072368768
bfp16,16,both,10,0,65,2750,1.5754727125167847,1.7762416452169418,5.907611742234636
bfp16,16,both,10,0,65,3000,1.5645302534103394,1.751848578453064,5.76525034901585
bfp16,16,both,10,0,65,3250,1.4836335182189941,1.723948609828949,5.606623181260956
bfp16,16,both,10,0,65,3500,1.4820486307144165,1.7050403147935866,5.501607458909824
bfp16,16,both,10,0,65,3750,1.4637356996536255,1.7058007657527923,5.505792752732784
bfp16,16,both,10,0,65,4000,1.4279096126556396,1.68088755607605,5.370320316924801
bfp16,16,both,10,1,65,250,2.6851484775543213,2.662044757604599,14.325551451543369
bfp16,16,both,10,1,65,500,2.5398380756378174,2.537359219789505,12.646230920004207
bfp16,16,both,10,1,65,750,2.4099607467651367,2.3971675455570223,10.991997912366898
bfp16,16,both,10,1,65,1000,2.1661782264709473,2.2067344903945925,9.085997483699712
bfp16,16,both,10,1,65,1250,2.035022258758545,2.120359939336777,8.334136731530146
bfp16,16,both,10,1,65,1500,1.9462087154388428,2.0738927245140077,7.955732392683984
bfp16,16,both,10,1,65,1750,1.8546923398971558,1.9967271149158479,7.364912099258786
bfp16,16,both,10,1,65,2000,1.7727456092834473,1.9316599935293197,6.900956281550271
bfp16,16,both,10,1,65,2250,1.7088741064071655,1.8965378642082213,6.6627869914780655
bfp16,16,both,10,1,65,2500,1.6659011840820312,1.8530505001544952,6.379249773963049
bfp16,16,both,10,1,65,2750,1.5703496932983398,1.81341755092144,6.131365922125191
bfp16,16,both,10,1,65,3000,1.5888844728469849,1.786348643898964,5.967622720918834
bfp16,16,both,10,1,65,3250,1.5398920774459839,1.7659830927848816,5.84731798950524
bfp16,16,both,10,1,65,3500,1.5114538669586182,1.7444786697626113,5.722917167818347
bfp16,16,both,10,1,65,3750,1.465988278388977,1.7196614235639571,5.582637994583944
bfp16,16,both,10,1,65,4000,1.4533578157424927,1.7005339443683625,5.476870955550487
bfp16,16,both,10,2,65,250,2.6759190559387207,2.6656363785266874,14.377095910526672
bfp16,16,both,10,2,65,500,2.516541004180908,2.5122009038925173,12.332041853258762
bfp16,16,both,10,2,65,750,2.3374786376953125,2.346628928184509,10.450281628929952
bfp16,16,both,10,2,65,1000,2.219071388244629,2.2410986959934234,9.40365737446967
bfp16,16,both,10,2,65,1250,2.066563606262207,2.1483051061630247,8.57032029733738
bfp16,16,both,10,2,65,1500,2.0120739936828613,2.0888670861721037,8.075760838628248
bfp16,16,both,10,2,65,1750,1.8957853317260742,2.018671175837517,7.5283144778861955
bfp16,16,both,10,2,65,2000,1.7856522798538208,1.944620057940483,6.990975184864791
bfp16,16,both,10,2,65,2250,1.7286064624786377,1.8884315550327302,6.608994703182158
bfp16,16,both,10,2,65,2500,1.6858736276626587,1.8639521062374116,6.449174294378193
bfp16,16,both,10,2,65,2750,1.6767988204956055,1.8337616950273514,6.257380800162862
bfp16,16,both,10,2,65,3000,1.6054697036743164,1.8155761182308197,6.144615182732464
bfp16,16,both,10,2,65,3250,1.5342216491699219,1.759705412387848,5.810725374532092
bfp16,16,both,10,2,65,3500,1.4509320259094238,1.7480068504810333,5.743144315356546
bfp16,16,both,10,2,65,3750,1.5169219970703125,1.7326189011335373,5.655445583856534
bfp16,16,both,10,2,65,4000,1.499422550201416,1.7140841454267501,5.551588735410886
bfp16,16,both,23,0,65,250,2.6581006050109863,2.6453729927539826,14.088699085883096
bfp16,16,both,23,0,65,500,2.4631059169769287,2.475398713350296,11.886445452906596
bfp16,16,both,23,0,65,750,2.226069927215576,2.2766301155090334,9.743789576124408
bfp16,16,both,23,0,65,1000,2.1595542430877686,2.1675464510917664,8.736821502954616
bfp16,16,both,23,0,65,1250,1.983290672302246,2.093884199857712,8.116379658268606
bfp16,16,both,23,0,65,1500,1.8894671201705933,1.9934908628463746,7.341115913232974
bfp16,16,both,23,0,65,1750,1.793039083480835,1.906437936425209,6.729076658678496
bfp16,16,both,23,0,65,2000,1.6837120056152344,1.8686868280172348,6.479781742067514
bfp16,16,both,23,0,65,2250,1.6407628059387207,1.8297656297683715,6.232425792263083
bfp16,16,both,23,0,65,2500,1.5606480836868286,1.788661816716194,5.981442841581718
bfp16,16,both,23,0,65,2750,1.550441026687622,1.7703090399503707,5.872667969992872
bfp16,16,both,23,0,65,3000,1.530268907546997,1.7392978101968766,5.6933442104830325
bfp16,16,both,23,0,65,3250,1.4508166313171387,1.7221961319446564,5.5968063025740795
bfp16,16,both,23,0,65,3500,1.4571764469146729,1.7049256235361099,5.500976508815139
bfp16,16,both,23,0,65,3750,1.4399341344833374,1.7029266446828841,5.489991156503455
bfp16,16,both,23,0,65,4000,1.4101839065551758,1.6823057800531387,5.3779420373387286
bfp16,16,both,23,1,65,250,2.673381805419922,2.6517018377780914,14.17814703151756
bfp16,16,both,23,1,65,500,2.529177188873291,2.5342403173446657,12.60685000401071
bfp16,16,both,23,1,65,750,2.3803114891052246,2.36235653758049,10.61593885786107
bfp16,16,both,23,1,65,1000,2.1344823837280273,2.1797029852867125,8.843679165765739
bfp16,16,both,23,1,65,1250,2.0037293434143066,2.097971481084824,8.14962147252187
bfp16,16,both,23,1,65,1500,1.9096581935882568,2.045552784204483,7.73343227578215
bfp16,16,both,23,1,65,1750,1.8012683391571045,1.965263482928276,7.136792765506865
bfp16,16,both,23,1,65,2000,1.720859169960022,1.8958224803209305,6.6580222455343545
bfp16,16,both,23,1,65,2250,1.6631180047988892,1.8538205534219743,6.384164027971393
bfp16,16,both,23,1,65,2500,1.6311373710632324,1.821485447883606,6.181033236602549
bfp16,16,both,23,1,65,2750,1.5347404479980469,1.7836277961730957,5.95140779738197
bfp16,16,both,23,1,65,3000,1.5632750988006592,1.7531588107347489,5.772809116924638
bfp16,16,both,23,1,65,3250,1.5047143697738647,1.735193172097206,5.6700229882538835
bfp16,16,both,23,1,65,3500,1.4958552122116089,1.7174468785524368,5.570288670575826
bfp16,16,both,23,1,65,3750,1.444298505783081,1.7061179012060166,5.507539111714318
bfp16,16,both,23,1,65,4000,1.4383938312530518,1.6842749178409577,5.388542379567137
bfp16,16,both,23,2,65,250,2.6631789207458496,2.6541940808296203,14.213526488730988
bfp16,16,both,23,2,65,500,2.493088483810425,2.4890499293804167,12.049822498104573
bfp16,16,both,23,2,65,750,2.30595064163208,2.3171471774578096,10.14668628153606
bfp16,16,both,23,2,65,1000,2.189718246459961,2.211251252889633,9.127129598432212
bfp16,16,both,23,2,65,1250,2.036963939666748,2.13461719751358,8.453809747990157
bfp16,16,both,23,2,65,1500,1.969053030014038,2.066171073913574,7.894537573439294
bfp16,16,both,23,2,65,1750,1.8584315776824951,1.9891617238521575,7.309403894467845
bfp16,16,both,23,2,65,2000,1.750332236289978,1.9277805030345916,6.874235951397617
bfp16,16,both,23,2,65,2250,1.691447377204895,1.8668580412864686,6.4679424322853505
bfp16,16,both,23,2,65,2500,1.6537349224090576,1.835662829875946,6.269288240101056
bfp16,16,both,23,2,65,2750,1.6510601043701172,1.8124005138874053,6.125133265871523
bfp16,16,both,23,2,65,3000,1.596644639968872,1.8089883923530579,6.104269182391194
bfp16,16,both,23,2,65,3250,1.5089298486709595,1.7573466628789902,5.797035480771104
bfp16,16,both,23,2,65,3500,1.423097848892212,1.742053034901619,5.709052282801808
bfp16,16,both,23,2,65,3750,1.4930670261383057,1.7153442531824112,5.558588744889475
bfp16,16,both,23,2,65,4000,1.4650144577026367,1.7037783980369567,5.494669266900122
