format,block,target,act_at,bits,seed,epoch,train_loss,train_acc,val_loss,val_acc,kl,disagree,logit_rel_err,logit_rel_err_c,upd_survive,grad_survive,grad_cos
elementwise,1,grad,producer,1,0,1,0.24364007457386364,0.9263272727272728,0.09210667759180069,0.9729999899864197,0.05569518730044365,0.02499999850988388,0.4785546362400055,0.4782342314720154,1.0,1.0,0.9946280545966569
elementwise,1,grad,producer,1,0,2,0.07880385298295454,0.9754,0.07338421046733856,0.9793999791145325,0.04530993476510048,0.01860000006854534,0.39492371678352356,0.3945617377758026,1.0,1.0,0.9946382744367732
elementwise,1,grad,producer,1,0,3,0.060351451526988634,0.9812545454545455,0.06672684848308563,0.9817999601364136,0.028273791074752808,0.0139999995008111,0.3305724859237671,0.32990723848342896,1.0,1.0,0.9946169831031977
elementwise,1,grad,producer,1,0,4,0.049765873579545455,0.985,0.05819021165370941,0.983199954032898,0.020279070362448692,0.013199999928474426,0.31103408336639404,0.3107258081436157,1.0,1.0,0.9946295449900072
elementwise,1,grad,producer,1,0,5,0.04481476384943182,0.9863454545454545,0.058673687279224396,0.9839999675750732,0.023639485239982605,0.011799999512732029,0.28894129395484924,0.2885231673717499,1.0,1.0,0.9946344419967297
elementwise,1,grad,producer,1,0,6,0.03850980557528409,0.9877272727272727,0.050525084137916565,0.9879999756813049,0.015549065545201302,0.00839999970048666,0.27224037051200867,0.2716616988182068,1.0,1.0,0.9946401196856831
elementwise,1,grad,producer,1,0,7,0.03495793013139205,0.9894181818181819,0.05144985392689705,0.9863999485969543,0.014681298285722733,0.007599999662488699,0.21676740050315857,0.21560920774936676,1.0,1.0,0.9946396228878998
elementwise,1,grad,producer,1,0,8,0.03135633433948864,0.9902363636363636,0.047163836658000946,0.9871999621391296,0.011313827708363533,0.006399999838322401,0.21725398302078247,0.21617592871189117,1.0,1.0,0.994634158112282
elementwise,1,grad,producer,1,0,9,0.02871195401278409,0.9910909090909091,0.055180177092552185,0.9857999682426453,0.015552862547338009,0.009200000204145908,0.17934387922286987,0.17815351486206055,1.0,1.0,0.9946348678234012
elementwise,1,grad,producer,1,0,10,0.026345763050426137,0.9917636363636364,0.06812020391225815,0.9801999926567078,0.03692913427948952,0.013399999588727951,0.20354147255420685,0.2022957056760788,1.0,1.0,0.9946404745412427
elementwise,1,grad,producer,1,0,11,0.023818159623579544,0.9925090909090909,0.05203448608517647,0.98499995470047,0.01737929694354534,0.009800000116229057,0.17966210842132568,0.17841395735740662,1.0,1.0,0.994625428665516
elementwise,1,grad,producer,1,0,12,0.022410076349431818,0.9929454545454546,0.0459226630628109,0.9878000020980835,0.0005461553810164332,0.002199999988079071,0.04051722586154938,0.03220830112695694,1.0,1.0,0.9946430295012718
elementwise,1,grad,producer,1,1,1,0.23618089488636362,0.9282,0.10288194566965103,0.9693999886512756,0.06317692995071411,0.026799999177455902,0.4640060365200043,0.4639888107776642,1.0,1.0,0.9946413971656977
elementwise,1,grad,producer,1,1,2,0.07588583096590909,0.9765454545454545,0.07476750761270523,0.9781999588012695,0.05044366419315338,0.020399998873472214,0.40317320823669434,0.40315788984298706,1.0,1.0,0.9946227317632631
elementwise,1,grad,producer,1,1,3,0.058688028231534094,0.9816,0.06940193474292755,0.9793999791145325,0.03320593759417534,0.016999999061226845,0.33870798349380493,0.3385709822177887,1.0,1.0,0.9946246479832849
elementwise,1,grad,producer,1,1,4,0.047919025213068185,0.9850727272727273,0.0643266960978508,0.9813999533653259,0.027009880170226097,0.0142000000923872,0.3488011360168457,0.3486214280128479,1.0,1.0,0.9946240092432777
elementwise,1,grad,producer,1,1,5,0.04100751065340909,0.9872727272727273,0.0523148812353611,0.9851999878883362,0.025325283408164978,0.012399999424815178,0.28451627492904663,0.28429198265075684,1.0,1.0,0.9946311063544695
elementwise,1,grad,producer,1,1,6,0.036773213334517045,0.9883272727272727,0.04986206069588661,0.986799955368042,0.01579299196600914,0.008999999612569809,0.23240798711776733,0.23214168846607208,1.0,1.0,0.9946285513944404
elementwise,1,grad,producer,1,1,7,0.03299468439275568,0.989909090909091,0.04656611382961273,0.9873999953269958,0.018795104697346687,0.009800000116229057,0.23979739844799042,0.23941786587238312,1.0,1.0,0.9946282675099928
elementwise,1,grad,producer,1,1,8,0.03001162109375,0.9906181818181818,0.05098918080329895,0.9853999614715576,0.027562402188777924,0.012000000104308128,0.25945714116096497,0.259206622838974,1.0,1.0,0.9946320999500363
elementwise,1,grad,producer,1,1,9,0.027484042080965908,0.9909818181818182,0.06111755222082138,0.983199954032898,0.025164879858493805,0.012799999676644802,0.21581023931503296,0.21551886200904846,1.0,1.0,0.9946291191633357
elementwise,1,grad,producer,1,1,10,0.025620523348721592,0.9917272727272727,0.04571951925754547,0.9879999756813049,0.022743454203009605,0.009999999776482582,0.18948306143283844,0.18924640119075775,1.0,1.0,0.9946548816769623
elementwise,1,grad,producer,1,1,11,0.023017642489346592,0.9926,0.054543402045965195,0.9853999614715576,0.022015530616044998,0.01119999960064888,0.1829259842634201,0.18260805308818817,1.0,1.0,0.994630609556686
elementwise,1,grad,producer,1,1,12,0.02027792746803977,0.9939454545454546,0.04886031523346901,0.9871999621391296,0.0007345816702581942,0.0015999999595806003,0.0406898632645607,0.03856333717703819,1.0,1.0,0.9946528235147166
elementwise,1,grad,producer,1,2,1,0.22741917613636364,0.9310363636363637,0.08962780982255936,0.974399983882904,0.05275571718811989,0.020999999716877937,0.45650359988212585,0.4564318060874939,1.0,1.0,0.9946170540743096
elementwise,1,grad,producer,1,2,2,0.0717038973721591,0.9776363636363636,0.06498079746961594,0.9811999797821045,0.028628002852201462,0.0139999995008111,0.35525813698768616,0.3550981879234314,1.0,1.0,0.9946267771166425
elementwise,1,grad,producer,1,2,3,0.05451997514204546,0.9834363636363637,0.07467582076787949,0.9777999520301819,0.043263018131256104,0.016599999740719795,0.3870055675506592,0.3869803249835968,1.0,1.0,0.9946118731831395
elementwise,1,grad,producer,1,2,4,0.044604913884943184,0.9861818181818182,0.060386210680007935,0.9811999797821045,0.025969961658120155,0.012399999424815178,0.3153551518917084,0.3152941167354584,1.0,1.0,0.9946286933366643
elementwise,1,grad,producer,1,2,5,0.038588103693181816,0.988,0.056603338569402695,0.9843999743461609,0.02345440536737442,0.01119999960064888,0.28502747416496277,0.28493326902389526,1.0,1.0,0.9946316741233648
elementwise,1,grad,producer,1,2,6,0.034519338156960226,0.9889818181818182,0.05649625137448311,0.9837999939918518,0.01966138184070587,0.010599999688565731,0.24996919929981232,0.249712735414505,1.0,1.0,0.9946130087209303
elementwise,1,grad,producer,1,2,7,0.03019632013494318,0.9904363636363637,0.04900927096605301,0.9871999621391296,0.012429529801011086,0.007400000002235174,0.1990336775779724,0.19874919950962067,1.0,1.0,0.9946177637854288
elementwise,1,grad,producer,1,2,8,0.027401851029829546,0.9915090909090909,0.045233845710754395,0.9889999628067017,0.009550298564136028,0.004999999888241291,0.18386150896549225,0.18354785442352295,1.0,1.0,0.9946195380632268
elementwise,1,grad,producer,1,2,9,0.024976165216619318,0.9922181818181818,0.042865313589572906,0.9893999695777893,0.009849965572357178,0.006599999964237213,0.17777861654758453,0.1774652898311615,1.0,1.0,0.9946256415788517
elementwise,1,grad,producer,1,2,10,0.02206131036931818,0.9925818181818182,0.04376267269253731,0.988599956035614,0.010305776260793209,0.006000000052154064,0.14140816032886505,0.1409115344285965,1.0,1.0,0.9946602045103561
elementwise,1,grad,producer,1,2,11,0.02053019131747159,0.9933818181818181,0.048238981515169144,0.9879999756813049,0.010056315921247005,0.006199999712407589,0.14606651663780212,0.14560264348983765,1.0,1.0,0.9946444489235102
elementwise,1,grad,producer,1,2,12,0.01894717462713068,0.9937818181818182,0.0414271354675293,0.9899999499320984,0.00034424744080752134,0.0007999999797903001,0.031661104410886765,0.029275747016072273,1.0,1.0,0.9946374937545421
elementwise,1,grad,producer,2,0,1,0.2429193181818182,0.9261818181818182,0.09133288264274597,0.9731999635696411,0.05494578555226326,0.02459999918937683,0.4764344394207001,0.47642645239830017,1.0,1.0,0.9986068370730378
elementwise,1,grad,producer,2,0,2,0.07850719105113636,0.9754909090909091,0.07462049275636673,0.9781999588012695,0.0468897707760334,0.01979999989271164,0.39682137966156006,0.39680856466293335,1.0,1.0,0.9986147858375727
elementwise,1,grad,producer,2,0,3,0.06021710316051136,0.9812545454545455,0.06516203284263611,0.9824000000953674,0.0267000962048769,0.012999999336898327,0.3352910876274109,0.33530259132385254,1.0,1.0,0.9986106695130814
elementwise,1,grad,producer,2,0,4,0.04973662109375,0.9848545454545454,0.059169474989175797,0.9833999872207642,0.020835384726524353,0.013399999588727951,0.31119272112846375,0.3111138343811035,1.0,1.0,0.9986163472020348
elementwise,1,grad,producer,2,0,5,0.044693536931818184,0.9861454545454545,0.05655336752533913,0.9843999743461609,0.02179385907948017,0.011799999512732029,0.28693535923957825,0.28686395287513733,1.0,1.0,0.9986148568086846
elementwise,1,grad,producer,2,0,6,0.03866643732244318,0.9876363636363636,0.051850657910108566,0.9875999689102173,0.016481783241033554,0.008799999952316284,0.2755671739578247,0.275381475687027,1.0,1.0,0.9986141470975654
elementwise,1,grad,producer,2,0,7,0.035196220259232955,0.9893090909090909,0.05190480500459671,0.9855999946594238,0.015271992422640324,0.00839999970048666,0.21774815022945404,0.217581644654274,1.0,1.0,0.9986142890397892
elementwise,1,grad,producer,2,0,8,0.03128518954190341,0.9902363636363636,0.04759597033262253,0.9871999621391296,0.011533748358488083,0.007199999876320362,0.22108665108680725,0.22092410922050476,1.0,1.0,0.9986164891442587
elementwise,1,grad,producer,2,0,9,0.02886271084872159,0.991,0.05509746074676514,0.98499995470047,0.015153259038925171,0.008999999612569809,0.17982922494411469,0.1796412318944931,1.0,1.0,0.998611876021984
elementwise,1,grad,producer,2,0,10,0.026391965553977274,0.9916181818181818,0.06712832301855087,0.9809999465942383,0.035594772547483444,0.012600000016391277,0.20073214173316956,0.20059360563755035,1.0,1.0,0.9986145729242369
elementwise,1,grad,producer,2,0,11,0.02392193936434659,0.9924181818181819,0.05045919865369797,0.9860000014305115,0.01606299728155136,0.007999999448657036,0.17196907103061676,0.17165566980838776,1.0,1.0,0.9986110953397529
elementwise,1,grad,producer,2,0,12,0.02270570401278409,0.9927818181818182,0.046563468873500824,0.9871999621391296,0.0008113890653476119,0.003000000026077032,0.04628650099039078,0.044903725385665894,1.0,1.0,0.9986141470975654
elementwise,1,grad,producer,2,1,1,0.23525759943181818,0.9287818181818182,0.10404111444950104,0.9684000015258789,0.06374488770961761,0.026999998837709427,0.46365270018577576,0.46363595128059387,1.0,1.0,0.9986036433730014
elementwise,1,grad,producer,2,1,2,0.07570215731534091,0.9768727272727272,0.07362769544124603,0.9783999919891357,0.04891214147210121,0.02019999921321869,0.3995465338230133,0.3995457887649536,1.0,1.0,0.9986117340797602
elementwise,1,grad,producer,2,1,3,0.058314306640625,0.9816545454545454,0.06875920295715332,0.9793999791145325,0.032284729182720184,0.01679999940097332,0.3384054899215698,0.33837366104125977,1.0,1.0,0.9986039272574492
elementwise,1,grad,producer,2,1,4,0.047689759410511366,0.9850181818181818,0.06271591782569885,0.9813999533653259,0.026455309242010117,0.014399999752640724,0.34303775429725647,0.3430161774158478,1.0,1.0,0.9986090371775073
elementwise,1,grad,producer,2,1,5,0.04069534801136364,0.9872545454545455,0.0525631345808506,0.9855999946594238,0.0254278052598238,0.012600000016391277,0.28473520278930664,0.2847231328487396,1.0,1.0,0.9986140761264535
elementwise,1,grad,producer,2,1,6,0.036508726917613636,0.9884,0.04928857088088989,0.9863999485969543,0.014974062331020832,0.009200000204145908,0.22738496959209442,0.22735421359539032,1.0,1.0,0.9986127986464389
elementwise,1,grad,producer,2,1,7,0.03272503329190341,0.99,0.04568852111697197,0.9873999953269958,0.017288081347942352,0.009599999524652958,0.23756898939609528,0.23753179609775543,1.0,1.0,0.9986090371775073
elementwise,1,grad,producer,2,1,8,0.029619176136363636,0.9906363636363636,0.04960445687174797,0.9860000014305115,0.025238482281565666,0.01119999960064888,0.24983887374401093,0.24981679022312164,1.0,1.0,0.9986100307730741
elementwise,1,grad,producer,2,1,9,0.027246522105823862,0.9910363636363636,0.06038139760494232,0.9833999872207642,0.025545582175254822,0.012000000104308128,0.21687206625938416,0.21682190895080566,1.0,1.0,0.9986140761264535
elementwise,1,grad,producer,2,1,10,0.025118192915482954,0.991890909090909,0.04599351808428764,0.9881999492645264,0.022969625890254974,0.009800000116229057,0.1841374635696411,0.18398849666118622,1.0,1.0,0.9986098178597383
elementwise,1,grad,producer,2,1,11,0.02267308016690341,0.9926727272727273,0.05306541174650192,0.9853999614715576,0.02112456224858761,0.01119999960064888,0.17729699611663818,0.17721989750862122,1.0,1.0,0.9986132244731105
elementwise,1,grad,producer,2,1,12,0.019951817737926137,0.993890909090909,0.050662413239479065,0.986799955368042,0.00022816177806816995,0.0009999999310821295,0.02436722442507744,0.02325398102402687,1.0,1.0,0.9986135083575581
elementwise,1,grad,producer,2,2,1,0.22661340553977272,0.9314181818181818,0.088725745677948,0.9741999506950378,0.0517907589673996,0.021399999037384987,0.4572898745536804,0.4572144150733948,1.0,1.0,0.9986073338708212
elementwise,1,grad,producer,2,2,2,0.07136178533380681,0.9776727272727272,0.06460333615541458,0.9817999601364136,0.028221599757671356,0.013599999248981476,0.35463985800743103,0.3544672727584839,1.0,1.0,0.9986155665198038
elementwise,1,grad,producer,2,2,3,0.05414828657670454,0.9835090909090909,0.07320643216371536,0.9781999588012695,0.04203306883573532,0.016200000420212746,0.38458016514778137,0.3845909535884857,1.0,1.0,0.9986149277797965
elementwise,1,grad,producer,2,2,4,0.04427934126420455,0.9862909090909091,0.05969904735684395,0.9813999533653259,0.025503039360046387,0.012000000104308128,0.3138401508331299,0.31379425525665283,1.0,1.0,0.9986073338708212
elementwise,1,grad,producer,2,2,5,0.038124467329545456,0.9882181818181818,0.05501853674650192,0.9845999479293823,0.022051705047488213,0.010599999688565731,0.28917986154556274,0.28910669684410095,1.0,1.0,0.998605843477471
elementwise,1,grad,producer,2,2,6,0.03408462579900568,0.9891818181818182,0.0562070868909359,0.9837999939918518,0.019444739446043968,0.010599999688565731,0.2458210289478302,0.245619997382164,1.0,1.0,0.9986100307730741
elementwise,1,grad,producer,2,2,7,0.029785606800426138,0.9905454545454545,0.04888198897242546,0.9871999621391296,0.012458378449082375,0.00699999975040555,0.19548779726028442,0.19532665610313416,1.0,1.0,0.9986034304596657
elementwise,1,grad,producer,2,2,8,0.027122520862926137,0.9914909090909091,0.045233726501464844,0.9887999892234802,0.009499659761786461,0.00559999980032444,0.17383001744747162,0.17358063161373138,1.0,1.0,0.9986079726108285
elementwise,1,grad,producer,2,2,9,0.024740256569602274,0.9922545454545455,0.04255449399352074,0.9896000027656555,0.009651686064898968,0.005799999926239252,0.17451657354831696,0.1743105798959732,1.0,1.0,0.9986124437908793
elementwise,1,grad,producer,2,2,10,0.021718989701704546,0.9927636363636364,0.04371991753578186,0.988599956035614,0.010645792819559574,0.006000000052154064,0.1431887298822403,0.14299972355365753,1.0,1.0,0.9986120889353197
elementwise,1,grad,producer,2,2,11,0.020260762162642044,0.9935636363636363,0.04778553545475006,0.988599956035614,0.00949990376830101,0.005799999926239252,0.1441650539636612,0.14401786029338837,1.0,1.0,0.9986114501953125
elementwise,1,grad,producer,2,2,12,0.018732179953835228,0.993890909090909,0.04064647853374481,0.9901999831199646,0.00019577419152483344,0.0005999999702908099,0.02065972238779068,0.019286831840872765,1.0,1.0,0.9986095339752907
elementwise,1,grad,producer,3,0,1,0.24304456676136363,0.9262,0.09107843786478043,0.9735999703407288,0.05459345132112503,0.02459999918937683,0.4754469692707062,0.4753069579601288,1.0,1.0,0.9996518866960392
elementwise,1,grad,producer,3,0,2,0.07846671697443182,0.9755090909090909,0.07401735335588455,0.9789999723434448,0.045994363725185394,0.01899999938905239,0.39669764041900635,0.3966251611709595,1.0,1.0,0.9996501124182413
elementwise,1,grad,producer,3,0,3,0.06012411221590909,0.9812363636363637,0.06586352735757828,0.9824000000953674,0.02713150903582573,0.012999999336898327,0.3323458433151245,0.3322666585445404,1.0,1.0,0.9996496865915697
elementwise,1,grad,producer,3,0,4,0.04964533025568182,0.9848,0.05848957598209381,0.9833999872207642,0.02033327706158161,0.012999999336898327,0.31003159284591675,0.3100256621837616,1.0,1.0,0.9996491188226744
elementwise,1,grad,producer,3,0,5,0.04465400834517046,0.9861454545454545,0.05803012102842331,0.9837999939918518,0.022389758378267288,0.012399999424815178,0.2874014377593994,0.28741562366485596,1.0,1.0,0.9996482671693314
elementwise,1,grad,producer,3,0,6,0.038446342329545455,0.9877454545454546,0.052530787885189056,0.9878000020980835,0.017356975004076958,0.008999999612569809,0.2796723246574402,0.27969178557395935,1.0,1.0,0.9996498995049056
elementwise,1,grad,producer,3,0,7,0.03499897682883523,0.9892363636363637,0.051147568970918655,0.9860000014305115,0.014378572814166546,0.007999999448657036,0.21223846077919006,0.2122078537940979,1.0,1.0,0.999649544649346
elementwise,1,grad,producer,3,0,8,0.031228564453125,0.9902363636363636,0.04760155454277992,0.986799955368042,0.011305248364806175,0.00699999975040555,0.21965496242046356,0.2196456789970398,1.0,1.0,0.9996486929960029
elementwise,1,grad,producer,3,0,9,0.028661745383522726,0.9912363636363636,0.05596984922885895,0.9851999878883362,0.015561413019895554,0.008999999612569809,0.1745741367340088,0.17456454038619995,1.0,1.0,0.9996516737827035
elementwise,1,grad,producer,3,0,10,0.026107663796164773,0.9917818181818182,0.06966512650251389,0.9807999730110168,0.036908261477947235,0.013199999928474426,0.20044584572315216,0.20045337080955505,1.0,1.0,0.9996501833893532
elementwise,1,grad,producer,3,0,11,0.023756141246448863,0.9924909090909091,0.0515877790749073,0.9857999682426453,0.016819054260849953,0.008200000040233135,0.17579719424247742,0.17576129734516144,1.0,1.0,0.9996497575626817
elementwise,1,grad,producer,3,0,12,0.022569094016335226,0.9928181818181818,0.04740850627422333,0.9865999817848206,0.0004416839510668069,0.0026000000070780516,0.02953358367085457,0.02924281358718872,1.0,1.0,0.9996501124182413
elementwise,1,grad,producer,3,1,1,0.23482785866477274,0.9286545454545454,0.10350136458873749,0.9687999486923218,0.06358202546834946,0.026999998837709427,0.4641420543193817,0.46413931250572205,1.0,1.0,0.9996496865915697
elementwise,1,grad,producer,3,1,2,0.075623828125,0.9767272727272728,0.07445936650037766,0.9783999919891357,0.050023630261421204,0.02019999921321869,0.4031515419483185,0.4031405448913574,1.0,1.0,0.9996494027071221
elementwise,1,grad,producer,3,1,3,0.05811136807528409,0.9816363636363636,0.0684347152709961,0.9801999926567078,0.03197794035077095,0.016200000420212746,0.33630070090293884,0.3362748324871063,1.0,1.0,0.9996484091115553
elementwise,1,grad,producer,3,1,4,0.047583811257102274,0.9853454545454545,0.06330180168151855,0.9817999601364136,0.02661838009953499,0.014599999412894249,0.3439858555793762,0.344001442193985,1.0,1.0,0.9996479832848837
elementwise,1,grad,producer,3,1,5,0.04070208185369318,0.9872363636363637,0.05264034867286682,0.9853999614715576,0.025494499132037163,0.012399999424815178,0.2853292226791382,0.28533968329429626,1.0,1.0,0.9996486929960029
elementwise,1,grad,producer,3,1,6,0.03651779119318182,0.9885090909090909,0.048891618847846985,0.9865999817848206,0.014849726110696793,0.009200000204145908,0.22877870500087738,0.22877401113510132,1.0,1.0,0.9996483381404433
elementwise,1,grad,producer,3,1,7,0.032797554154829545,0.989909090909091,0.04641337692737579,0.9869999885559082,0.017784060910344124,0.009999999776482582,0.23972438275814056,0.2397276759147644,1.0,1.0,0.9996498285337936
elementwise,1,grad,producer,3,1,8,0.029672358842329546,0.9907090909090909,0.05021850764751434,0.9847999811172485,0.025538146495819092,0.011599999852478504,0.2530118227005005,0.2530063986778259,1.0,1.0,0.9996503963026889
elementwise,1,grad,producer,3,1,9,0.027331440873579544,0.9912727272727273,0.06111437827348709,0.983199954032898,0.02599196694791317,0.012399999424815178,0.21672576665878296,0.2167259007692337,1.0,1.0,0.9996486929960029
elementwise,1,grad,producer,3,1,10,0.025093217329545454,0.9919454545454546,0.04590773209929466,0.9881999492645264,0.023006068542599678,0.009800000116229057,0.18567052483558655,0.18559019267559052,1.0,1.0,0.999649544649346
elementwise,1,grad,producer,3,1,11,0.022687220348011364,0.9929272727272728,0.05325629934668541,0.9853999614715576,0.020399222150444984,0.010999999940395355,0.170731782913208,0.17073479294776917,1.0,1.0,0.999649473678234
elementwise,1,grad,producer,3,1,12,0.01991245783025568,0.9940545454545454,0.050658222287893295,0.9865999817848206,0.0002844661066774279,0.00139999995008111,0.022361569106578827,0.022194355726242065,1.0,1.0,0.9996508221293605
elementwise,1,grad,producer,3,2,1,0.22638993252840908,0.9314,0.08859964460134506,0.9745999574661255,0.05164171755313873,0.020800000056624413,0.45646849274635315,0.4564124345779419,1.0,1.0,0.9996494027071221
elementwise,1,grad,producer,3,2,2,0.0713061612215909,0.9777090909090909,0.06440632790327072,0.9817999601364136,0.028055528178811073,0.013599999248981476,0.35512664914131165,0.3550463914871216,1.0,1.0,0.999648551053779
elementwise,1,grad,producer,3,2,3,0.054084135298295456,0.9836181818181818,0.07170373946428299,0.9783999919891357,0.040391065180301666,0.01599999889731407,0.38144999742507935,0.3814907670021057,1.0,1.0,0.9996506801871367
elementwise,1,grad,producer,3,2,4,0.04420086558948864,0.9864181818181819,0.059609852731227875,0.9815999865531921,0.02565295621752739,0.012199999764561653,0.3135303258895874,0.313544362783432,1.0,1.0,0.9996497575626817
elementwise,1,grad,producer,3,2,5,0.038088725142045456,0.9880181818181818,0.05521146208047867,0.9851999878883362,0.022374432533979416,0.010400000028312206,0.28889384865760803,0.2889094650745392,1.0,1.0,0.9996504672738009
elementwise,1,grad,producer,3,2,6,0.034083655894886364,0.9892545454545455,0.05490265041589737,0.9847999811172485,0.018191685900092125,0.009599999524652958,0.24900862574577332,0.248939648270607,1.0,1.0,0.9996496156204578
elementwise,1,grad,producer,3,2,7,0.02980284090909091,0.9904909090909091,0.04891269654035568,0.9871999621391296,0.012471032328903675,0.00699999975040555,0.1978970617055893,0.19781503081321716,1.0,1.0,0.999649544649346
elementwise,1,grad,producer,3,2,8,0.027033647017045456,0.9915090909090909,0.04519672319293022,0.9883999824523926,0.00942109152674675,0.005799999926239252,0.17594905197620392,0.17584162950515747,1.0,1.0,0.9996479123137718
elementwise,1,grad,producer,3,2,9,0.024613203568892045,0.9924181818181819,0.04253092780709267,0.9896000027656555,0.009628848172724247,0.00559999980032444,0.17401748895645142,0.17401641607284546,1.0,1.0,0.9996493317360102
elementwise,1,grad,producer,3,2,10,0.021669617808948865,0.9926727272727273,0.04296285659074783,0.9893999695777893,0.009980050846934319,0.004999999888241291,0.13850608468055725,0.13851436972618103,1.0,1.0,0.9996513898982559
elementwise,1,grad,producer,3,2,11,0.02010399502840909,0.9936545454545455,0.04716154932975769,0.988599956035614,0.009373459964990616,0.006199999712407589,0.14269192516803741,0.14269602298736572,1.0,1.0,0.999649473678234
elementwise,1,grad,producer,3,2,12,0.01880188654119318,0.9939454545454546,0.04054439440369606,0.9901999831199646,9.672920714365318e-05,0.0005999999702908099,0.016315139830112457,0.016098661348223686,1.0,1.0,0.9996513898982559
elementwise,1,grad,producer,4,0,1,0.24270619673295454,0.9263454545454546,0.09145870059728622,0.9731999635696411,0.05483586713671684,0.02499999850988388,0.4767279028892517,0.4766053557395935,1.0,1.0,0.9999102925145349
elementwise,1,grad,producer,4,0,2,0.07834886363636363,0.9754545454545455,0.07414570450782776,0.9783999919891357,0.04630589485168457,0.019600000232458115,0.3963955342769623,0.3962940275669098,1.0,1.0,0.999910221543423
elementwise,1,grad,producer,4,0,3,0.06004960493607955,0.9814,0.06621705740690231,0.9824000000953674,0.027272973209619522,0.012999999336898327,0.33293333649635315,0.33283761143684387,1.0,1.0,0.9999105763989825
elementwise,1,grad,producer,4,0,4,0.04958071732954546,0.9848545454545454,0.05793037265539169,0.9835999608039856,0.02002551220357418,0.012799999676644802,0.310137540102005,0.31012991070747375,1.0,1.0,0.9999106473700945
elementwise,1,grad,producer,4,0,5,0.044561891867897725,0.9860363636363636,0.05765250325202942,0.9842000007629395,0.02233937382698059,0.012000000104308128,0.28525522351264954,0.28526273369789124,1.0,1.0,0.9999100086300872
elementwise,1,grad,producer,4,0,6,0.038398583984375,0.9877454545454546,0.05278070643544197,0.9873999953269958,0.01770096644759178,0.009399999864399433,0.28045812249183655,0.2804969549179077,1.0,1.0,0.9999105763989825
elementwise,1,grad,producer,4,0,7,0.03491245561079546,0.9894363636363637,0.05133810266852379,0.9863999485969543,0.014735238626599312,0.008599999360740185,0.21728014945983887,0.21727538108825684,1.0,1.0,0.9999104344567588
elementwise,1,grad,producer,4,0,8,0.031145348011363636,0.9902909090909091,0.04763540253043175,0.9871999621391296,0.011538736522197723,0.00699999975040555,0.21747128665447235,0.21746543049812317,1.0,1.0,0.999910150572311
elementwise,1,grad,producer,4,0,9,0.028609519264914774,0.9912,0.05484564229846001,0.9845999479293823,0.015176726505160332,0.009999999776482582,0.18121843039989471,0.18123272061347961,1.0,1.0,0.9999102925145349
elementwise,1,grad,producer,4,0,10,0.026108418412642047,0.9918181818181818,0.06714316457509995,0.9809999465942383,0.034873876720666885,0.011799999512732029,0.20081624388694763,0.20084433257579803,1.0,1.0,0.9999102925145349
elementwise,1,grad,producer,4,0,11,0.023592638050426138,0.9927818181818182,0.05129805952310562,0.9857999682426453,0.01715228147804737,0.008200000040233135,0.1760329157114029,0.17602039873600006,1.0,1.0,0.9999102925145349
elementwise,1,grad,producer,4,0,12,0.02258785733309659,0.9927636363636364,0.04735417664051056,0.9865999817848206,0.00047856158926151693,0.0026000000070780516,0.030729016289114952,0.030636200681328773,1.0,1.0,0.999910221543423
elementwise,1,grad,producer,4,1,1,0.23450420809659092,0.929,0.1031387448310852,0.9691999554634094,0.06329300254583359,0.026999998837709427,0.463754266500473,0.46374666690826416,1.0,1.0,0.9999098666878634
elementwise,1,grad,producer,4,1,2,0.07569124644886363,0.9768909090909091,0.07476446777582169,0.9787999987602234,0.050151605159044266,0.01979999989271164,0.40304577350616455,0.4030410945415497,1.0,1.0,0.9999100796011992
elementwise,1,grad,producer,4,1,3,0.05817804509943182,0.9816909090909091,0.06882306933403015,0.9801999926567078,0.03243022412061691,0.016200000420212746,0.338878870010376,0.3388669192790985,1.0,1.0,0.9999100796011992
elementwise,1,grad,producer,4,1,4,0.04765856267755682,0.985,0.06288968771696091,0.9821999669075012,0.026408428326249123,0.0139999995008111,0.34557366371154785,0.3455914855003357,1.0,1.0,0.999910221543423
elementwise,1,grad,producer,4,1,5,0.04068195134943182,0.9873272727272727,0.05251796916127205,0.9855999946594238,0.025624334812164307,0.012199999764561653,0.2853565216064453,0.2853715121746063,1.0,1.0,0.999910150572311
elementwise,1,grad,producer,4,1,6,0.03646124600497159,0.9883272727272727,0.04932411015033722,0.9863999485969543,0.015424639917910099,0.009200000204145908,0.2262657731771469,0.226270392537117,1.0,1.0,0.9999103634856468
elementwise,1,grad,producer,4,1,7,0.032684925426136366,0.9897818181818182,0.04615219682455063,0.9873999953269958,0.01711644046008587,0.009599999524652958,0.23926065862178802,0.2392726093530655,1.0,1.0,0.999910150572311
elementwise,1,grad,producer,4,1,8,0.029604416725852272,0.9907090909090909,0.05002492666244507,0.9847999811172485,0.02580755017697811,0.011599999852478504,0.2537413239479065,0.2537625730037689,1.0,1.0,0.999910150572311
elementwise,1,grad,producer,4,1,9,0.027301120827414774,0.9912363636363636,0.061540648341178894,0.983199954032898,0.026077574118971825,0.012799999676644802,0.21746937930583954,0.21748696267604828,1.0,1.0,0.999910150572311
elementwise,1,grad,producer,4,1,10,0.025048244406960227,0.991909090909091,0.04619491472840309,0.9881999492645264,0.022851862013339996,0.009800000116229057,0.18385563790798187,0.1837749481201172,1.0,1.0,0.999910150572311
elementwise,1,grad,producer,4,1,11,0.02265492276278409,0.9927636363636364,0.05384879931807518,0.9851999878883362,0.021371999755501747,0.011599999852478504,0.17608538269996643,0.17609022557735443,1.0,1.0,0.9999107183412064
elementwise,1,grad,producer,4,1,12,0.019936030717329547,0.9940545454545454,0.05102944001555443,0.9863999485969543,0.00013971309817861766,0.00139999995008111,0.018279246985912323,0.0181764904409647,1.0,1.0,0.9999103634856468
elementwise,1,grad,producer,4,2,1,0.22633467684659092,0.9312545454545454,0.08850009739398956,0.9745999574661255,0.05157417431473732,0.020800000056624413,0.4561595022678375,0.4561047852039337,1.0,1.0,0.999910221543423
elementwise,1,grad,producer,4,2,2,0.0712606844815341,0.9777272727272728,0.06425058841705322,0.9819999933242798,0.027840666472911835,0.013399999588727951,0.3534689247608185,0.3533591032028198,1.0,1.0,0.9999103634856468
elementwise,1,grad,producer,4,2,3,0.05409262251420455,0.9834545454545455,0.07268637418746948,0.9783999919891357,0.04138693958520889,0.01599999889731407,0.3838377296924591,0.38387274742126465,1.0,1.0,0.9999100796011992
elementwise,1,grad,producer,4,2,4,0.044249831321022726,0.9864,0.05988914892077446,0.9811999797821045,0.02577645517885685,0.012199999764561653,0.3128603994846344,0.312858521938324,1.0,1.0,0.9999100796011992
elementwise,1,grad,producer,4,2,5,0.03817256747159091,0.988,0.05523496866226196,0.9851999878883362,0.022144613787531853,0.010400000028312206,0.2850075662136078,0.28501302003860474,1.0,1.0,0.999910221543423
elementwise,1,grad,producer,4,2,6,0.0341492431640625,0.9891818181818182,0.055415257811546326,0.9845999479293823,0.018754350021481514,0.009599999524652958,0.2492574006319046,0.24919943511486053,1.0,1.0,0.9999102925145349
elementwise,1,grad,producer,4,2,7,0.02974983797940341,0.9906181818181818,0.048737481236457825,0.9869999885559082,0.012242371216416359,0.007199999876320362,0.19670945405960083,0.19667698442935944,1.0,1.0,0.9999099376589753
elementwise,1,grad,producer,4,2,8,0.027032040127840908,0.9915454545454545,0.045490164309740067,0.9883999824523926,0.009527325630187988,0.005799999926239252,0.1709505319595337,0.1708834320306778,1.0,1.0,0.9999106473700945
elementwise,1,grad,producer,4,2,9,0.02468225763494318,0.9921272727272727,0.042411644011735916,0.989799976348877,0.009329671040177345,0.005399999674409628,0.1732073724269867,0.1732136607170105,1.0,1.0,0.9999105763989825
elementwise,1,grad,producer,4,2,10,0.021712824041193183,0.9926181818181818,0.0431748703122139,0.9889999628067017,0.010298560373485088,0.005799999926239252,0.14220131933689117,0.14221514761447906,1.0,1.0,0.9999103634856468
elementwise,1,grad,producer,4,2,11,0.020154629794034092,0.9935818181818182,0.04750409722328186,0.9883999824523926,0.009353404864668846,0.00559999980032444,0.14227809011936188,0.14226864278316498,1.0,1.0,0.9999105763989825
elementwise,1,grad,producer,4,2,12,0.01865862482244318,0.9939454545454546,0.04065798968076706,0.9905999898910522,8.649256051285192e-05,0.00019999999494757503,0.01397545076906681,0.01388462446630001,1.0,1.0,0.9999105054278706
elementwise,1,grad,producer,5,0,1,0.24282418323863636,0.9263454545454546,0.09102745354175568,0.9733999967575073,0.05455966666340828,0.024799998849630356,0.47683295607566833,0.4766809046268463,1.0,1.0,0.9999756569086119
elementwise,1,grad,producer,5,0,2,0.07845217507102273,0.9753454545454545,0.07342582195997238,0.9789999723434448,0.04533156752586365,0.01899999938905239,0.3976138234138489,0.3975036144256592,1.0,1.0,0.9999758698219476
elementwise,1,grad,producer,5,0,3,0.05997559037642045,0.9812181818181818,0.06668393313884735,0.9821999669075012,0.027998149394989014,0.013199999928474426,0.3305571377277374,0.3304685652256012,1.0,1.0,0.9999755859375
elementwise,1,grad,producer,5,0,4,0.04960656072443182,0.9848727272727272,0.05787917599081993,0.9837999939918518,0.01993327960371971,0.012399999424815178,0.31064876914024353,0.31065914034843445,1.0,1.0,0.9999758698219476
elementwise,1,grad,producer,5,0,5,0.044611239346590906,0.9859818181818182,0.05856160447001457,0.9837999939918518,0.023147474974393845,0.012399999424815178,0.28582876920700073,0.2858484983444214,1.0,1.0,0.9999756569086119
elementwise,1,grad,producer,5,0,6,0.038336261541193184,0.9877272727272727,0.05196418613195419,0.9875999689102173,0.016655780375003815,0.008799999952316284,0.27688539028167725,0.27692899107933044,1.0,1.0,0.9999757278797239
elementwise,1,grad,producer,5,0,7,0.03485665616122159,0.9892181818181818,0.050836365669965744,0.9863999485969543,0.01413684617727995,0.008599999360740185,0.21650685369968414,0.21651069819927216,1.0,1.0,0.9999758698219476
elementwise,1,grad,producer,5,0,8,0.031116230912642047,0.9902909090909091,0.04763174057006836,0.986799955368042,0.01132396049797535,0.006199999712407589,0.21590100228786469,0.2159031182527542,1.0,1.0,0.9999755859375
elementwise,1,grad,producer,5,0,9,0.028585886452414774,0.9909818181818182,0.054866138845682144,0.9851999878883362,0.015401278622448444,0.009399999864399433,0.18367122113704681,0.1836964190006256,1.0,1.0,0.9999756569086119
elementwise,1,grad,producer,5,0,10,0.026046562056107954,0.9917090909090909,0.06736454367637634,0.9809999465942383,0.035050082951784134,0.012999999336898327,0.20024694502353668,0.20027807354927063,1.0,1.0,0.9999757278797239
elementwise,1,grad,producer,5,0,11,0.02351761141690341,0.9925818181818182,0.051530126482248306,0.9855999946594238,0.017128020524978638,0.007599999662488699,0.1754486858844757,0.17546866834163666,1.0,1.0,0.9999760117641715
elementwise,1,grad,producer,5,0,12,0.022486973987926137,0.9928,0.0471743606030941,0.9869999885559082,0.00022799886937718838,0.0015999999595806003,0.019611408933997154,0.019578183069825172,1.0,1.0,0.9999756569086119
elementwise,1,grad,producer,5,1,1,0.23472306463068182,0.9286909090909091,0.10325733572244644,0.9684000015258789,0.0632738545536995,0.027400000020861626,0.4640049338340759,0.4640049636363983,1.0,1.0,0.9999758698219476
elementwise,1,grad,producer,5,1,2,0.07569646661931818,0.9768181818181818,0.07451160252094269,0.9789999723434448,0.049876440316438675,0.019600000232458115,0.4021696150302887,0.4021754562854767,1.0,1.0,0.9999756569086119
elementwise,1,grad,producer,5,1,3,0.05818089932528409,0.9817636363636364,0.06894871592521667,0.9795999526977539,0.0326831117272377,0.016599999740719795,0.34035107493400574,0.3403390049934387,1.0,1.0,0.9999756569086119
elementwise,1,grad,producer,5,1,4,0.04762386807528409,0.9850909090909091,0.06308412551879883,0.9815999865531921,0.02665545977652073,0.014999999664723873,0.3430452346801758,0.34306463599205017,1.0,1.0,0.9999758698219476
elementwise,1,grad,producer,5,1,5,0.04066277965198864,0.9873818181818181,0.05297098308801651,0.9853999614715576,0.025834837928414345,0.012600000016391277,0.28426212072372437,0.28427833318710327,1.0,1.0,0.9999757278797239
elementwise,1,grad,producer,5,1,6,0.036446768465909093,0.9884,0.04917324706912041,0.9861999750137329,0.01489822193980217,0.009399999864399433,0.2260158509016037,0.22602014243602753,1.0,1.0,0.9999757278797239
elementwise,1,grad,producer,5,1,7,0.03270664728338068,0.989890909090909,0.04656790941953659,0.9869999885559082,0.018365411087870598,0.009999999776482582,0.24298065900802612,0.2429940104484558,1.0,1.0,0.9999754439952762
elementwise,1,grad,producer,5,1,8,0.029722638494318183,0.9905636363636363,0.05034193396568298,0.9843999743461609,0.026160409674048424,0.012000000104308128,0.2541455030441284,0.25417062640190125,1.0,1.0,0.9999758698219476
elementwise,1,grad,producer,5,1,9,0.027309858842329546,0.9912,0.060914184898138046,0.983199954032898,0.0255619827657938,0.012399999424815178,0.21622678637504578,0.21624623239040375,1.0,1.0,0.9999759407930596
elementwise,1,grad,producer,5,1,10,0.0251841796875,0.9918181818181818,0.046610988676548004,0.988599956035614,0.023229772225022316,0.009800000116229057,0.18464937806129456,0.18463154137134552,1.0,1.0,0.9999757278797239
elementwise,1,grad,producer,5,1,11,0.022756640625,0.9928181818181818,0.05419827252626419,0.98499995470047,0.021886762231588364,0.011799999512732029,0.17906495928764343,0.17908304929733276,1.0,1.0,0.9999757988508358
elementwise,1,grad,producer,5,1,12,0.019963128107244318,0.9941272727272727,0.050671666860580444,0.986799955368042,0.00010155128256883472,0.00039999998989515007,0.013780244626104832,0.013748899102210999,1.0,1.0,0.9999757278797239
elementwise,1,grad,producer,5,2,1,0.22623560014204547,0.9313272727272728,0.08847437798976898,0.9745999574661255,0.05155395343899727,0.020800000056624413,0.4553956985473633,0.4553612768650055,1.0,1.0,0.9999759407930596
elementwise,1,grad,producer,5,2,2,0.07115906427556819,0.977690909090909,0.06398920714855194,0.9821999669075012,0.027482997626066208,0.013199999928474426,0.35224291682243347,0.35215267539024353,1.0,1.0,0.9999758698219476
elementwise,1,grad,producer,5,2,3,0.05398397549715909,0.9836727272727273,0.07280939072370529,0.9785999655723572,0.041550878435373306,0.015799999237060547,0.38470736145973206,0.38474583625793457,1.0,1.0,0.9999758698219476
elementwise,1,grad,producer,5,2,4,0.04419129083806818,0.9862545454545455,0.059652190655469894,0.9813999533653259,0.025471720844507217,0.012399999424815178,0.3142514228820801,0.3142472505569458,1.0,1.0,0.9999758698219476
elementwise,1,grad,producer,5,2,5,0.03802538174715909,0.9881636363636364,0.05523538962006569,0.9847999811172485,0.022173061966896057,0.010400000028312206,0.28717073798179626,0.28718462586402893,1.0,1.0,0.9999758698219476
elementwise,1,grad,producer,5,2,6,0.03398284579190341,0.9893818181818181,0.055570103228092194,0.9843999743461609,0.018765274435281754,0.009999999776482582,0.24833451211452484,0.2482493668794632,1.0,1.0,0.9999758698219476
elementwise,1,grad,producer,5,2,7,0.0297481201171875,0.9905636363636363,0.04848119616508484,0.9873999953269958,0.011993513442575932,0.006799999624490738,0.19680975377559662,0.19674371182918549,1.0,1.0,0.9999758698219476
elementwise,1,grad,producer,5,2,8,0.027008092151988638,0.9915272727272727,0.04538658261299133,0.9887999892234802,0.009362606331706047,0.005200000014156103,0.17218920588493347,0.17208334803581238,1.0,1.0,0.9999757988508358
elementwise,1,grad,producer,5,2,9,0.024607670454545455,0.9922,0.04260872304439545,0.9896000027656555,0.00949206855148077,0.005399999674409628,0.17235787212848663,0.1723351627588272,1.0,1.0,0.9999755859375
elementwise,1,grad,producer,5,2,10,0.021673848100142046,0.9926181818181818,0.04375528544187546,0.9887999892234802,0.01063965167850256,0.005799999926239252,0.1416918933391571,0.14170823991298676,1.0,1.0,0.9999756569086119
elementwise,1,grad,producer,5,2,11,0.020086989524147728,0.9936363636363637,0.047355249524116516,0.9887999892234802,0.009354271925985813,0.006000000052154064,0.14328818023204803,0.1433049887418747,1.0,1.0,0.9999755859375
elementwise,1,grad,producer,5,2,12,0.01865383522727273,0.9939636363636364,0.04068385437130928,0.9901999831199646,0.00013078692427370697,0.0005999999702908099,0.015758194029331207,0.015574652701616287,1.0,1.0,0.9999753730241643
elementwise,1,grad,producer,7,0,1,0.24281340553977274,0.9263454545454546,0.0910245031118393,0.9733999967575073,0.054571811109781265,0.024399999529123306,0.4756407141685486,0.47550684213638306,1.0,1.0,0.9999998580577761
elementwise,1,grad,producer,7,0,2,0.07836361860795454,0.9754727272727273,0.074022576212883,0.9785999655723572,0.04609249159693718,0.01939999870955944,0.3962937891483307,0.3962237238883972,1.0,1.0,0.9999998580577761
elementwise,1,grad,producer,7,0,3,0.06006615767045455,0.9813454545454545,0.06534813344478607,0.9829999804496765,0.026735100895166397,0.012399999424815178,0.3339269757270813,0.33381348848342896,1.0,1.0,0.9999998580577761
elementwise,1,grad,producer,7,0,4,0.049541286399147726,0.9848545454545454,0.05842447653412819,0.9837999939918518,0.02046523243188858,0.012799999676644802,0.310895174741745,0.31089919805526733,1.0,1.0,0.9999998580577761
elementwise,1,grad,producer,7,0,5,0.044463014914772725,0.9861636363636364,0.05721653997898102,0.9835999608039856,0.02228328213095665,0.012600000016391277,0.28560036420822144,0.2856117784976959,1.0,1.0,0.9999998580577761
elementwise,1,grad,producer,7,0,6,0.038435666725852274,0.9878181818181818,0.052478816360235214,0.9875999689102173,0.01691470667719841,0.008799999952316284,0.27987217903137207,0.27990666031837463,1.0,1.0,0.9999998580577761
elementwise,1,grad,producer,7,0,7,0.034906742720170456,0.9896363636363636,0.05089893937110901,0.9860000014305115,0.014192269183695316,0.00839999970048666,0.2152484506368637,0.21524067223072052,1.0,1.0,0.9999998580577761
elementwise,1,grad,producer,7,0,8,0.031080286754261364,0.9904,0.047583527863025665,0.986799955368042,0.011586748994886875,0.00699999975040555,0.2206626981496811,0.22063294053077698,1.0,1.0,0.9999998580577761
elementwise,1,grad,producer,7,0,9,0.028656858132102274,0.9911454545454546,0.05390644446015358,0.9853999614715576,0.014471755363047123,0.008200000040233135,0.1803063452243805,0.18031035363674164,1.0,1.0,0.9999998580577761
elementwise,1,grad,producer,7,0,10,0.026120845170454546,0.991890909090909,0.06943680346012115,0.9809999465942383,0.0374147929251194,0.012600000016391277,0.20345637202262878,0.20347502827644348,1.0,1.0,0.9999998580577761
elementwise,1,grad,producer,7,0,11,0.023696024946732955,0.9927454545454546,0.05120781064033508,0.9855999946594238,0.01688418537378311,0.007999999448657036,0.17197754979133606,0.17197686433792114,1.0,1.0,0.9999998580577761
elementwise,1,grad,producer,7,0,12,0.022516816850142046,0.9929272727272728,0.04676837846636772,0.9875999689102173,0.0005922093987464905,0.002199999988079071,0.038435373455286026,0.03835948929190636,1.0,1.0,0.9999998580577761
elementwise,1,grad,producer,7,1,1,0.23470626775568182,0.9286909090909091,0.1033431887626648,0.9685999751091003,0.0634937584400177,0.02759999968111515,0.46393388509750366,0.46393176913261414,1.0,1.0,0.9999998580577761
elementwise,1,grad,producer,7,1,2,0.0756965731534091,0.9768181818181818,0.07513205707073212,0.9785999655723572,0.0508890263736248,0.019999999552965164,0.40556761622428894,0.4055761694908142,1.0,1.0,0.9999998580577761
elementwise,1,grad,producer,7,1,3,0.058179647549715906,0.9817454545454546,0.06807024031877518,0.9801999926567078,0.03176802396774292,0.016599999740719795,0.3382236063480377,0.33821186423301697,1.0,1.0,0.9999998580577761
elementwise,1,grad,producer,7,1,4,0.04760725319602273,0.9851090909090909,0.06286678463220596,0.9825999736785889,0.026233788579702377,0.013599999248981476,0.3410544991493225,0.34107130765914917,1.0,1.0,0.9999998580577761
elementwise,1,grad,producer,7,1,5,0.04067640713778409,0.9874727272727273,0.05260089039802551,0.9853999614715576,0.025978432968258858,0.012399999424815178,0.28674641251564026,0.2867652177810669,1.0,1.0,0.9999998580577761
elementwise,1,grad,producer,7,1,6,0.03646258212002841,0.9883818181818181,0.04933207854628563,0.9861999750137329,0.015060394071042538,0.009399999864399433,0.22801604866981506,0.22801676392555237,1.0,1.0,0.9999998580577761
elementwise,1,grad,producer,7,1,7,0.03267795188210227,0.9897818181818182,0.04610725864768028,0.9871999621391296,0.017412010580301285,0.009800000116229057,0.2385704517364502,0.2385849803686142,1.0,1.0,0.9999998580577761
elementwise,1,grad,producer,7,1,8,0.02965731534090909,0.9906909090909091,0.05020727217197418,0.9847999811172485,0.025962864980101585,0.012399999424815178,0.25395941734313965,0.2539823055267334,1.0,1.0,0.9999998580577761
elementwise,1,grad,producer,7,1,9,0.027270325816761365,0.9913454545454545,0.06167195364832878,0.9829999804496765,0.025879785418510437,0.012799999676644802,0.21595793962478638,0.2159799188375473,1.0,1.0,0.9999998580577761
elementwise,1,grad,producer,7,1,10,0.025059343927556817,0.9918,0.04682537168264389,0.9881999492645264,0.023304564878344536,0.009800000116229057,0.18178550899028778,0.1817563772201538,1.0,1.0,0.9999998580577761
elementwise,1,grad,producer,7,1,11,0.022744591175426137,0.9927818181818182,0.054019927978515625,0.9847999811172485,0.021637285128235817,0.011599999852478504,0.17713205516338348,0.17715585231781006,1.0,1.0,0.9999998580577761
elementwise,1,grad,producer,7,1,12,0.019930286754261364,0.9941272727272727,0.05059998482465744,0.986799955368042,0.00014402656233869493,0.0009999999310821295,0.017105497419834137,0.017054002732038498,1.0,1.0,0.9999998580577761
elementwise,1,grad,producer,7,2,1,0.22627746803977272,0.9313272727272728,0.08835436403751373,0.9745999574661255,0.05145429074764252,0.020999999716877937,0.45559680461883545,0.4555512070655823,1.0,1.0,0.9999998580577761
elementwise,1,grad,producer,7,2,2,0.07124831764914773,0.9776727272727272,0.06416474282741547,0.9817999601364136,0.02770422026515007,0.013599999248981476,0.3525577187538147,0.35247668623924255,1.0,1.0,0.9999998580577761
elementwise,1,grad,producer,7,2,3,0.05412847123579546,0.9835454545454545,0.07429252564907074,0.9783999919891357,0.04306255280971527,0.01599999889731407,0.38570037484169006,0.38575032353401184,1.0,1.0,0.9999998580577761
elementwise,1,grad,producer,7,2,4,0.044209286221590906,0.9863818181818181,0.05956483259797096,0.9817999601364136,0.02540619671344757,0.012600000016391277,0.3139975666999817,0.3140046000480652,1.0,1.0,0.9999998580577761
elementwise,1,grad,producer,7,2,5,0.03812078746448864,0.9880909090909091,0.05569029971957207,0.9845999479293823,0.022515922784805298,0.010999999940395355,0.28589022159576416,0.28590765595436096,1.0,1.0,0.9999998580577761
elementwise,1,grad,producer,7,2,6,0.03400535333806818,0.9893272727272727,0.05591307953000069,0.9839999675750732,0.01918751746416092,0.010400000028312206,0.24632233381271362,0.24621573090553284,1.0,1.0,0.9999998580577761
elementwise,1,grad,producer,7,2,7,0.029714777166193182,0.9905636363636363,0.04873163625597954,0.9869999885559082,0.012239578180015087,0.007199999876320362,0.19704569876194,0.19697393476963043,1.0,1.0,0.9999998580577761
elementwise,1,grad,producer,7,2,8,0.026944495738636363,0.9915272727272727,0.04530158266425133,0.9887999892234802,0.009529185481369495,0.005399999674409628,0.17457416653633118,0.1745111346244812,1.0,1.0,0.9999998580577761
elementwise,1,grad,producer,7,2,9,0.024647196821732956,0.9921636363636364,0.04255056008696556,0.9896000027656555,0.009576753713190556,0.005399999674409628,0.17280372977256775,0.17280028760433197,1.0,1.0,0.9999998580577761
elementwise,1,grad,producer,7,2,10,0.021721910511363636,0.9927272727272727,0.04337649792432785,0.988599956035614,0.010685708373785019,0.006000000052154064,0.1431422382593155,0.14316189289093018,1.0,1.0,0.9999998580577761
elementwise,1,grad,producer,7,2,11,0.020059148615056817,0.9934727272727273,0.04659150540828705,0.9891999959945679,0.008979104459285736,0.00559999980032444,0.14201737940311432,0.1420326828956604,1.0,1.0,0.9999998580577761
elementwise,1,grad,producer,7,2,12,0.018541521661931817,0.9941272727272727,0.04071308672428131,0.9901999831199646,0.00010400771861895919,0.0005999999702908099,0.014503492042422295,0.01440765056759119,1.0,1.0,0.9999998580577761
elementwise,1,grad,producer,10,0,1,0.24298132102272726,0.9263454545454546,0.09065104275941849,0.973800003528595,0.05432002991437912,0.023799998685717583,0.47616711258888245,0.4760051667690277,1.0,1.0,1.0
elementwise,1,grad,producer,10,0,2,0.07848078835227272,0.9752363636363637,0.07358681410551071,0.9791999459266663,0.045612942427396774,0.018799999728798866,0.3980339765548706,0.3979477286338806,1.0,1.0,1.0
elementwise,1,grad,producer,10,0,3,0.06007792080965909,0.9811454545454545,0.0658966675400734,0.9817999601364136,0.027332281693816185,0.013599999248981476,0.3327929675579071,0.33269932866096497,1.0,1.0,1.0
elementwise,1,grad,producer,10,0,4,0.04954112659801136,0.9850363636363636,0.05839748680591583,0.9837999939918518,0.02050331048667431,0.012799999676644802,0.31216898560523987,0.3121822476387024,1.0,1.0,1.0
elementwise,1,grad,producer,10,0,5,0.04460252130681818,0.9861090909090909,0.05807260051369667,0.9839999675750732,0.022945092990994453,0.012199999764561653,0.28590863943099976,0.28592950105667114,1.0,1.0,1.0
elementwise,1,grad,producer,10,0,6,0.03840045720880682,0.9877818181818182,0.052188511937856674,0.9875999689102173,0.016990847885608673,0.008799999952316284,0.2769451439380646,0.27698954939842224,1.0,1.0,1.0
elementwise,1,grad,producer,10,0,7,0.03478580211292614,0.9893272727272727,0.050993915647268295,0.9861999750137329,0.014376305975019932,0.008599999360740185,0.215718612074852,0.21572275459766388,1.0,1.0,1.0
elementwise,1,grad,producer,10,0,8,0.03114237393465909,0.9904,0.04754675552248955,0.9869999885559082,0.011320553719997406,0.006399999838322401,0.2156287431716919,0.215643048286438,1.0,1.0,1.0
elementwise,1,grad,producer,10,0,9,0.028546619762073865,0.9911272727272727,0.05603036656975746,0.98499995470047,0.01598697528243065,0.009200000204145908,0.17795409262180328,0.17797864973545074,1.0,1.0,1.0
elementwise,1,grad,producer,10,0,10,0.026215851384943183,0.9918363636363636,0.06802265346050262,0.9805999994277954,0.03605277091264725,0.012999999336898327,0.19993504881858826,0.1999700963497162,1.0,1.0,1.0
elementwise,1,grad,producer,10,0,11,0.023645885120738636,0.9924545454545455,0.05174926295876503,0.9855999946594238,0.017555663362145424,0.007999999448657036,0.1789896935224533,0.1790073961019516,1.0,1.0,1.0
elementwise,1,grad,producer,10,0,12,0.02246543856534091,0.9929272727272728,0.046329159289598465,0.9869999885559082,0.00011354726302670315,0.0011999999405816197,0.016452249139547348,0.01642468571662903,1.0,1.0,1.0
elementwise,1,grad,producer,10,1,1,0.2347913174715909,0.9288,0.10366853326559067,0.9685999751091003,0.06367067992687225,0.02719999849796295,0.46319857239723206,0.4631957411766052,1.0,1.0,1.0
elementwise,1,grad,producer,10,1,2,0.07570426136363637,0.9767454545454546,0.07480311393737793,0.9785999655723572,0.05029406026005745,0.019999999552965164,0.40304499864578247,0.40305423736572266,1.0,1.0,1.0
elementwise,1,grad,producer,10,1,3,0.05806797318892046,0.9818727272727272,0.06867766380310059,0.9799999594688416,0.0326683409512043,0.016599999740719795,0.3378823399543762,0.33786776661872864,1.0,1.0,1.0
elementwise,1,grad,producer,10,1,4,0.04760035511363636,0.9851818181818182,0.06294897198677063,0.9821999669075012,0.02628360502421856,0.014399999752640724,0.344309538602829,0.3443247377872467,1.0,1.0,1.0
elementwise,1,grad,producer,10,1,5,0.040641734730113635,0.9874363636363637,0.05244254320859909,0.9853999614715576,0.025390077382326126,0.012399999424815178,0.28485047817230225,0.2848663926124573,1.0,1.0,1.0
elementwise,1,grad,producer,10,1,6,0.036435382634943184,0.9883636363636363,0.04943231865763664,0.9861999750137329,0.015336558222770691,0.009399999864399433,0.22722487151622772,0.22722649574279785,1.0,1.0,1.0
elementwise,1,grad,producer,10,1,7,0.03266529430042614,0.9899636363636364,0.04611939564347267,0.9871999621391296,0.017624950036406517,0.009800000116229057,0.24241288006305695,0.24242495000362396,1.0,1.0,1.0
elementwise,1,grad,producer,10,1,8,0.029675361772017045,0.9906363636363636,0.05018150806427002,0.9847999811172485,0.0258772112429142,0.012000000104308128,0.25302010774612427,0.25304388999938965,1.0,1.0,1.0
elementwise,1,grad,producer,10,1,9,0.027247587446732953,0.9912545454545455,0.06131654232740402,0.9829999804496765,0.025960778817534447,0.012399999424815178,0.21624921262264252,0.21626850962638855,1.0,1.0,1.0
elementwise,1,grad,producer,10,1,10,0.0251837890625,0.9919272727272728,0.046670667827129364,0.988599956035614,0.023277761414647102,0.009800000116229057,0.18319398164749146,0.18317347764968872,1.0,1.0,1.0
elementwise,1,grad,producer,10,1,11,0.022768849875710227,0.9927636363636364,0.05353405699133873,0.9851999878883362,0.021356936544179916,0.01119999960064888,0.17472964525222778,0.17474867403507233,1.0,1.0,1.0
elementwise,1,grad,producer,10,1,12,0.019866736949573863,0.9941272727272727,0.0499381422996521,0.9865999817848206,9.585189400240779e-05,0.0009999999310821295,0.01352754421532154,0.01350695826113224,1.0,1.0,1.0
elementwise,1,grad,producer,10,2,1,0.22628441051136364,0.9313272727272728,0.08838112652301788,0.9745999574661255,0.05144920572638512,0.021199999377131462,0.45537203550338745,0.45533955097198486,1.0,1.0,1.0
elementwise,1,grad,producer,10,2,2,0.07126105291193181,0.9776727272727272,0.06446690857410431,0.9815999865531921,0.028180455788969994,0.013599999248981476,0.3526526391506195,0.35256946086883545,1.0,1.0,1.0
elementwise,1,grad,producer,10,2,3,0.054109499289772725,0.9835090909090909,0.07325293868780136,0.9783999919891357,0.04211597889661789,0.01599999889731407,0.38418275117874146,0.38422703742980957,1.0,1.0,1.0
elementwise,1,grad,producer,10,2,4,0.04422860440340909,0.9862181818181818,0.05934492126107216,0.9817999601364136,0.02527531608939171,0.012000000104308128,0.31287050247192383,0.31287726759910583,1.0,1.0,1.0
elementwise,1,grad,producer,10,2,5,0.03814250266335227,0.988,0.05550234392285347,0.9847999811172485,0.022440342232584953,0.010799999348819256,0.28789329528808594,0.2879096269607544,1.0,1.0,1.0
elementwise,1,grad,producer,10,2,6,0.034027769886363635,0.9891818181818182,0.054899848997592926,0.9847999811172485,0.018170278519392014,0.009399999864399433,0.2490767538547516,0.2490130066871643,1.0,1.0,1.0
elementwise,1,grad,producer,10,2,7,0.02973868741122159,0.9904727272727273,0.04863600432872772,0.9871999621391296,0.01215406134724617,0.00699999975040555,0.195021390914917,0.19497282803058624,1.0,1.0,1.0
elementwise,1,grad,producer,10,2,8,0.027047895951704544,0.9914181818181819,0.045196883380413055,0.988599956035614,0.00945988018065691,0.005799999926239252,0.17422574758529663,0.17414391040802002,1.0,1.0,1.0
elementwise,1,grad,producer,10,2,9,0.024682182173295455,0.9922727272727273,0.042618509382009506,0.9896000027656555,0.009620072320103645,0.00559999980032444,0.1732357144355774,0.17322926223278046,1.0,1.0,1.0
elementwise,1,grad,producer,10,2,10,0.021684161931818182,0.9926909090909091,0.04360036179423332,0.9889999628067017,0.010623570531606674,0.00559999980032444,0.14271049201488495,0.1427292674779892,1.0,1.0,1.0
elementwise,1,grad,producer,10,2,11,0.020100237482244317,0.9936181818181818,0.0469365268945694,0.9889999628067017,0.00900945533066988,0.005399999674409628,0.14329200983047485,0.14331012964248657,1.0,1.0,1.0
elementwise,1,grad,producer,10,2,12,0.018628684303977273,0.9940181818181818,0.04057929664850235,0.9905999898910522,8.715409057913348e-05,0.00019999999494757503,0.013294989243149757,0.013234603218734264,1.0,1.0,1.0
elementwise,1,grad,producer,23,0,1,0.24287595880681817,0.9263636363636364,0.09122674912214279,0.9729999899864197,0.05478321388363838,0.025200000032782555,0.4767282009124756,0.4765999913215637,1.0,1.0,1.0
elementwise,1,grad,producer,23,0,2,0.0784342862215909,0.9753272727272727,0.07416540384292603,0.9789999723434448,0.04659605771303177,0.01899999938905239,0.3972146511077881,0.39713919162750244,1.0,1.0,1.0
elementwise,1,grad,producer,23,0,3,0.06001303267045455,0.9813636363636363,0.065792016685009,0.9824000000953674,0.02729676477611065,0.012999999336898327,0.33053508400917053,0.33042848110198975,1.0,1.0,1.0
elementwise,1,grad,producer,23,0,4,0.049588565340909094,0.9849818181818182,0.058066077530384064,0.983199954032898,0.020102104172110558,0.012600000016391277,0.3069857358932495,0.3069879114627838,1.0,1.0,1.0
elementwise,1,grad,producer,23,0,5,0.044644491299715906,0.9860181818181818,0.0581439770758152,0.9839999675750732,0.02305295690894127,0.012199999764561653,0.287113755941391,0.28713059425354004,1.0,1.0,1.0
elementwise,1,grad,producer,23,0,6,0.038292591441761364,0.9876727272727273,0.05206166207790375,0.9875999689102173,0.01649639941751957,0.008799999952316284,0.27617284655570984,0.2762173116207123,1.0,1.0,1.0
elementwise,1,grad,producer,23,0,7,0.034757279829545455,0.9892181818181818,0.05119213089346886,0.986799955368042,0.014489755034446716,0.007999999448657036,0.21562787890434265,0.21562308073043823,1.0,1.0,1.0
elementwise,1,grad,producer,23,0,8,0.03113529607599432,0.9902181818181818,0.047669462859630585,0.9863999485969543,0.011549356393516064,0.006599999964237213,0.21408794820308685,0.21409697830677032,1.0,1.0,1.0
elementwise,1,grad,producer,23,0,9,0.02854914328835227,0.9912545454545455,0.05525756999850273,0.9855999946594238,0.015515157952904701,0.008999999612569809,0.17515742778778076,0.1751830279827118,1.0,1.0,1.0
elementwise,1,grad,producer,23,0,10,0.02604432927911932,0.9917636363636364,0.06661822646856308,0.9809999465942383,0.03402075171470642,0.012600000016391277,0.1972249448299408,0.1972607523202896,1.0,1.0,1.0
elementwise,1,grad,producer,23,0,11,0.02354187899502841,0.9925818181818182,0.050856731832027435,0.9861999750137329,0.016603488475084305,0.007400000002235174,0.17460529506206512,0.1746215522289276,1.0,1.0,1.0
elementwise,1,grad,producer,23,0,12,0.022440003551136362,0.993,0.04625881835818291,0.9865999817848206,9.150247933575884e-05,0.0005999999702908099,0.014954769052565098,0.0149414436891675,1.0,1.0,1.0
elementwise,1,grad,producer,23,1,1,0.23472572798295455,0.9287818181818182,0.1034424901008606,0.9685999751091003,0.06352264434099197,0.02719999849796295,0.46408796310424805,0.4640865623950958,1.0,1.0,1.0
elementwise,1,grad,producer,23,1,2,0.07565086115056818,0.9768727272727272,0.07500788569450378,0.9789999723434448,0.05070706829428673,0.019600000232458115,0.4034740924835205,0.4034731388092041,1.0,1.0,1.0
elementwise,1,grad,producer,23,1,3,0.05823646129261364,0.9816545454545454,0.06839307397603989,0.9805999994277954,0.03210281953215599,0.016200000420212746,0.33766528964042664,0.3376520872116089,1.0,1.0,1.0
elementwise,1,grad,producer,23,1,4,0.04761989080255682,0.9850909090909091,0.0632597878575325,0.9819999933242798,0.02657782845199108,0.0142000000923872,0.3458290100097656,0.3458458483219147,1.0,1.0,1.0
elementwise,1,grad,producer,23,1,5,0.040723699396306816,0.9874727272727273,0.05266854166984558,0.9855999946594238,0.02539416216313839,0.012199999764561653,0.2857505977153778,0.2857683598995209,1.0,1.0,1.0
elementwise,1,grad,producer,23,1,6,0.03644675071022727,0.9884363636363637,0.049539778381586075,0.9863999485969543,0.01494195032864809,0.009599999524652958,0.22782501578330994,0.22783464193344116,1.0,1.0,1.0
elementwise,1,grad,producer,23,1,7,0.03271356534090909,0.9897818181818182,0.045909009873867035,0.9873999953269958,0.0172074344009161,0.009800000116229057,0.23909461498260498,0.23910333216190338,1.0,1.0,1.0
elementwise,1,grad,producer,23,1,8,0.02966467950994318,0.9906727272727273,0.04993802681565285,0.98499995470047,0.025432705879211426,0.011399999260902405,0.2526703178882599,0.25270041823387146,1.0,1.0,1.0
elementwise,1,grad,producer,23,1,9,0.027266222034801137,0.9912,0.06135072186589241,0.983199954032898,0.026022881269454956,0.012199999764561653,0.21624256670475006,0.21626459062099457,1.0,1.0,1.0
elementwise,1,grad,producer,23,1,10,0.025192995383522727,0.9918727272727272,0.04590246453881264,0.988599956035614,0.02237633988261223,0.009800000116229057,0.1824464052915573,0.1824246048927307,1.0,1.0,1.0
elementwise,1,grad,producer,23,1,11,0.02273006258877841,0.9927272727272727,0.05313039571046829,0.9851999878883362,0.021098539233207703,0.011599999852478504,0.17560623586177826,0.17562934756278992,1.0,1.0,1.0
elementwise,1,grad,producer,23,1,12,0.019896699662642046,0.9940727272727272,0.04999331757426262,0.9869999885559082,9.723116818349808e-05,0.0011999999405816197,0.013191566802561283,0.013165176846086979,1.0,1.0,1.0
elementwise,1,grad,producer,23,2,1,0.2262951171875,0.9313818181818182,0.0885847955942154,0.9745999574661255,0.05157534033060074,0.020600000396370888,0.4556533098220825,0.4556181728839874,1.0,1.0,1.0
elementwise,1,grad,producer,23,2,2,0.07125621892755682,0.9776,0.06436841189861298,0.9817999601364136,0.027961907908320427,0.013599999248981476,0.3533126413822174,0.3532317578792572,1.0,1.0,1.0
elementwise,1,grad,producer,23,2,3,0.05409627130681818,0.9835272727272727,0.07403852790594101,0.9783999919891357,0.04271369054913521,0.01599999889731407,0.38429394364356995,0.3843330144882202,1.0,1.0,1.0
elementwise,1,grad,producer,23,2,4,0.04418568448153409,0.9863636363636363,0.059891607612371445,0.9813999533653259,0.025763414800167084,0.012399999424815178,0.3133464753627777,0.31335675716400146,1.0,1.0,1.0
elementwise,1,grad,producer,23,2,5,0.03808573774857955,0.9880181818181818,0.05562565475702286,0.98499995470047,0.022577431052923203,0.010599999688565731,0.2881905436515808,0.28820717334747314,1.0,1.0,1.0
elementwise,1,grad,producer,23,2,6,0.0340540283203125,0.9892727272727273,0.05582200363278389,0.9843999743461609,0.018999693915247917,0.009999999776482582,0.24798312783241272,0.2479017972946167,1.0,1.0,1.0
elementwise,1,grad,producer,23,2,7,0.029756982421875,0.9906363636363636,0.048640791326761246,0.9869999885559082,0.012031586840748787,0.007199999876320362,0.1973765790462494,0.19730740785598755,1.0,1.0,1.0
elementwise,1,grad,producer,23,2,8,0.027042531516335226,0.9914545454545455,0.04560453072190285,0.9883999824523926,0.009737567976117134,0.005799999926239252,0.17539170384407043,0.17530006170272827,1.0,1.0,1.0
elementwise,1,grad,producer,23,2,9,0.02465176447088068,0.9922181818181818,0.042618054896593094,0.9896000027656555,0.009605723433196545,0.00559999980032444,0.1740589290857315,0.17404985427856445,1.0,1.0,1.0
elementwise,1,grad,producer,23,2,10,0.02169826882102273,0.9926363636363637,0.04315969720482826,0.9893999695777893,0.010145287960767746,0.005200000014156103,0.14066007733345032,0.14067643880844116,1.0,1.0,1.0
elementwise,1,grad,producer,23,2,11,0.020203122780539772,0.9935272727272727,0.047396283596754074,0.9889999628067017,0.009308538399636745,0.005399999674409628,0.14316749572753906,0.1431799829006195,1.0,1.0,1.0
elementwise,1,grad,producer,23,2,12,0.018668903142755683,0.9940363636363636,0.0406947024166584,0.9905999898910522,9.020886500366032e-05,0.00019999999494757503,0.014205187559127808,0.014179681427776814,1.0,1.0,1.0
elementwise,1,grad_sr,producer,1,0,1,0.24371811079545455,0.926290909090909,0.09197679162025452,0.9735999703407288,0.05503439903259277,0.02459999918937683,0.4763295352458954,0.47621503472328186,1.0,1.0,0.9892952142759811
elementwise,1,grad_sr,producer,1,0,2,0.07835959694602272,0.9750727272727273,0.07248301804065704,0.9787999987602234,0.043943651020526886,0.019199999049305916,0.3959214389324188,0.39573490619659424,1.0,1.0,0.9892668968023256
elementwise,1,grad_sr,producer,1,0,3,0.06022611416903409,0.9812727272727273,0.06642146408557892,0.9813999533653259,0.027784831821918488,0.014399999752640724,0.33139851689338684,0.3313319981098175,1.0,1.0,0.9892153717750727
elementwise,1,grad_sr,producer,1,0,4,0.04964312855113636,0.9849272727272728,0.05900484696030617,0.9837999939918518,0.020800532773137093,0.013599999248981476,0.31097009778022766,0.31079524755477905,1.0,1.0,0.9892699485601381
elementwise,1,grad_sr,producer,1,0,5,0.044595658735795456,0.9860545454545454,0.057309191673994064,0.9835999608039856,0.021751724183559418,0.012600000016391277,0.28595033288002014,0.2857488691806793,1.0,1.0,0.9892411342886991
elementwise,1,grad_sr,producer,1,0,6,0.03838092151988636,0.9879272727272728,0.053170252591371536,0.986799955368042,0.018061432987451553,0.009800000116229057,0.2806449830532074,0.2803769111633301,1.0,1.0,0.9892588770666788
elementwise,1,grad_sr,producer,1,0,7,0.03487082741477273,0.9891818181818182,0.05176542326807976,0.9847999811172485,0.01509835198521614,0.009599999524652958,0.2209823578596115,0.22025030851364136,1.0,1.0,0.9892899624136992
elementwise,1,grad_sr,producer,1,0,8,0.031223952414772726,0.9902181818181818,0.04762739688158035,0.9863999485969543,0.01063481718301773,0.006599999964237213,0.2176077663898468,0.2169661521911621,1.0,1.0,0.9892869106558866
elementwise,1,grad_sr,producer,1,0,9,0.028448876953125,0.9914,0.058215733617544174,0.9847999811172485,0.01759042590856552,0.009800000116229057,0.18602637946605682,0.1850312352180481,1.0,1.0,0.9892450376998546
elementwise,1,grad_sr,producer,1,0,10,0.02607711736505682,0.9917636363636364,0.07339107245206833,0.9799999594688416,0.04082808271050453,0.014800000004470348,0.20998801290988922,0.20898652076721191,1.0,1.0,0.9892035195993822
elementwise,1,grad_sr,producer,1,0,11,0.023723850319602273,0.9924,0.052599839866161346,0.9869999885559082,0.01720242202281952,0.007799999788403511,0.17715142667293549,0.17592573165893555,1.0,1.0,0.9892021001771439
elementwise,1,grad_sr,producer,1,0,12,0.0226021240234375,0.9928727272727272,0.04753415659070015,0.9869999885559082,0.000906340079382062,0.003599999938160181,0.046182796359062195,0.040367573499679565,1.0,1.0,0.989294362622638
elementwise,1,grad_sr,producer,1,1,1,0.2341390625,0.9298545454545455,0.10383370518684387,0.9687999486923218,0.06370619684457779,0.026999998837709427,0.4626332223415375,0.4625117778778076,1.0,1.0,0.9891947191815044
elementwise,1,grad_sr,producer,1,1,2,0.07570540660511364,0.9771272727272727,0.07686221599578857,0.9787999987602234,0.052742257714271545,0.020600000396370888,0.41093552112579346,0.4108581244945526,1.0,1.0,0.9892426956531614
elementwise,1,grad_sr,producer,1,1,3,0.05827437411221591,0.9816727272727273,0.06851989775896072,0.9799999594688416,0.032418109476566315,0.01679999940097332,0.3392185866832733,0.3389912247657776,1.0,1.0,0.989202029206032
elementwise,1,grad_sr,producer,1,1,4,0.047813441051136364,0.9850363636363636,0.0624944269657135,0.9813999533653259,0.02532484382390976,0.014399999752640724,0.34396395087242126,0.34381309151649475,1.0,1.0,0.9892515670421511
elementwise,1,grad_sr,producer,1,1,5,0.04073023348721591,0.9873636363636363,0.05508146807551384,0.9845999479293823,0.02870958112180233,0.013399999588727951,0.2878868281841278,0.2877311706542969,1.0,1.0,0.989197699968205
elementwise,1,grad_sr,producer,1,1,6,0.03649348366477273,0.9886,0.048580169677734375,0.9863999485969543,0.014769770205020905,0.009200000204145908,0.23005057871341705,0.2297816276550293,1.0,1.0,0.9892222559729288
elementwise,1,grad_sr,producer,1,1,7,0.03266553400213068,0.989909090909091,0.04674794524908066,0.9865999817848206,0.018997689709067345,0.010400000028312206,0.2387831062078476,0.23831453919410706,1.0,1.0,0.9892278626907703
elementwise,1,grad_sr,producer,1,1,8,0.029636452414772727,0.9905636363636363,0.05008642375469208,0.9851999878883362,0.025429479777812958,0.011799999512732029,0.24728435277938843,0.24692566692829132,1.0,1.0,0.9892609352289244
elementwise,1,grad_sr,producer,1,1,9,0.027148255504261365,0.9914,0.06117844209074974,0.9833999872207642,0.02529032528400421,0.012600000016391277,0.2125200629234314,0.21203751862049103,1.0,1.0,0.9892040163971657
elementwise,1,grad_sr,producer,1,1,10,0.025243428178267045,0.9917090909090909,0.04600997269153595,0.9878000020980835,0.022772369906306267,0.009800000116229057,0.1827101856470108,0.1822759062051773,1.0,1.0,0.9892299918241279
elementwise,1,grad_sr,producer,1,1,11,0.02259918767755682,0.9930363636363636,0.05313285067677498,0.9857999682426453,0.02168717235326767,0.010999999940395355,0.1748819202184677,0.17436987161636353,1.0,1.0,0.989199403274891
elementwise,1,grad_sr,producer,1,1,12,0.02008781516335227,0.9939272727272728,0.0502566397190094,0.986799955368042,0.000953925889916718,0.002199999988079071,0.051754359155893326,0.049213457852602005,1.0,1.0,0.9892627095067223
elementwise,1,grad_sr,producer,1,2,1,0.22692144886363635,0.9313090909090909,0.08920951187610626,0.9749999642372131,0.05204449221491814,0.02019999921321869,0.45347410440444946,0.4532356560230255,1.0,1.0,0.9892546897710756
elementwise,1,grad_sr,producer,1,2,2,0.0714649502840909,0.9772545454545455,0.06460140645503998,0.9815999865531921,0.028109855949878693,0.013399999588727951,0.3515234887599945,0.3510414958000183,1.0,1.0,0.9892504315043604
elementwise,1,grad_sr,producer,1,2,3,0.054197895951704544,0.9836,0.07564913481473923,0.9777999520301819,0.0445919930934906,0.016599999740719795,0.38532185554504395,0.3851398229598999,1.0,1.0,0.9892001129860102
elementwise,1,grad_sr,producer,1,2,4,0.044295783025568185,0.9862727272727273,0.05948653072118759,0.9815999865531921,0.02529963292181492,0.012799999676644802,0.3083929419517517,0.30799102783203125,1.0,1.0,0.9892228237418241
elementwise,1,grad_sr,producer,1,2,5,0.03817001065340909,0.9878727272727272,0.05609513446688652,0.98499995470047,0.022814912721514702,0.010799999348819256,0.2845734655857086,0.28395065665245056,1.0,1.0,0.9892651225245276
elementwise,1,grad_sr,producer,1,2,6,0.034110362659801136,0.9893454545454545,0.05605867877602577,0.9845999479293823,0.019402679055929184,0.009800000116229057,0.24912726879119873,0.2476968914270401,1.0,1.0,0.9892307015352471
elementwise,1,grad_sr,producer,1,2,7,0.029779898348721592,0.9908,0.04880444332957268,0.9869999885559082,0.012488367967307568,0.007999999448657036,0.20166674256324768,0.20047512650489807,1.0,1.0,0.9892308434774709
elementwise,1,grad_sr,producer,1,2,8,0.027271468838778408,0.9914909090909091,0.045287925750017166,0.988599956035614,0.009362534619867802,0.005399999674409628,0.1732020229101181,0.17215374112129211,1.0,1.0,0.989211539335029
elementwise,1,grad_sr,producer,1,2,9,0.024808327414772728,0.9920909090909091,0.043268267065286636,0.988599956035614,0.010412434116005898,0.006599999964237213,0.17721149325370789,0.17641766369342804,1.0,1.0,0.9892106876816861
elementwise,1,grad_sr,producer,1,2,10,0.021892498224431817,0.9927636363636364,0.04327158257365227,0.9891999959945679,0.010068986564874649,0.00559999980032444,0.14110760390758514,0.13987000286579132,1.0,1.0,0.9892419859420422
elementwise,1,grad_sr,producer,1,2,11,0.020146859463778408,0.9937272727272727,0.0474868044257164,0.988599956035614,0.00959561113268137,0.00559999980032444,0.14790713787078857,0.1465509533882141,1.0,1.0,0.9892096940861191
elementwise,1,grad_sr,producer,1,2,12,0.01855584716796875,0.9940909090909091,0.040969252586364746,0.9899999499320984,0.00064745859708637,0.0007999999797903001,0.04883746802806854,0.04186254367232323,1.0,1.0,0.9892195590706758
elementwise,1,grad_sr,producer,2,0,1,0.24290186434659092,0.926290909090909,0.0904235914349556,0.9735999703407288,0.0540907196700573,0.02459999918937683,0.4775286614894867,0.4771420359611511,1.0,1.0,0.9972296426462572
elementwise,1,grad_sr,producer,2,0,2,0.07834742542613636,0.9756727272727272,0.07320640236139297,0.9789999723434448,0.044682908803224564,0.01899999938905239,0.3966410458087921,0.3962695300579071,1.0,1.0,0.9972269457440044
elementwise,1,grad_sr,producer,2,0,3,0.060114035866477275,0.9812909090909091,0.06625683605670929,0.9821999669075012,0.027296559885144234,0.013199999928474426,0.3395059406757355,0.3391205072402954,1.0,1.0,0.9972145257994186
elementwise,1,grad_sr,producer,2,0,4,0.04965608132102273,0.9848,0.05861243978142738,0.9837999939918518,0.02046598680317402,0.012600000016391277,0.31299182772636414,0.3126814663410187,1.0,1.0,0.997237662381904
elementwise,1,grad_sr,producer,2,0,5,0.04467300692471591,0.9860727272727273,0.05642309412360191,0.9842000007629395,0.021420499309897423,0.012000000104308128,0.2899346649646759,0.28964728116989136,1.0,1.0,0.997232481490734
elementwise,1,grad_sr,producer,2,0,6,0.03842968306107954,0.9878545454545454,0.05312350019812584,0.986799955368042,0.01727212779223919,0.009399999864399433,0.28165918588638306,0.281406432390213,1.0,1.0,0.9972190679505814
elementwise,1,grad_sr,producer,2,0,7,0.03478636807528409,0.9896,0.051239751279354095,0.9860000014305115,0.014825384132564068,0.008599999360740185,0.21401835978031158,0.21358691155910492,1.0,1.0,0.9972350364507631
elementwise,1,grad_sr,producer,2,0,8,0.031142034357244316,0.9903090909090909,0.047438446432352066,0.9873999953269958,0.011439889669418335,0.00699999975040555,0.22071628272533417,0.22039034962654114,1.0,1.0,0.9972312749818314
elementwise,1,grad_sr,producer,2,0,9,0.02846445978338068,0.9911636363636364,0.055715613067150116,0.9835999608039856,0.01632940024137497,0.010199999436736107,0.1878577023744583,0.18725807964801788,1.0,1.0,0.9972197066905887
elementwise,1,grad_sr,producer,2,0,10,0.02614761408025568,0.9919272727272728,0.06853768229484558,0.9807999730110168,0.035582639276981354,0.012799999676644802,0.20256277918815613,0.20187249779701233,1.0,1.0,0.9972364558730015
elementwise,1,grad_sr,producer,2,0,11,0.02354301979758523,0.9927818181818182,0.05150498077273369,0.9855999946594238,0.016083234921097755,0.007999999448657036,0.1693381518125534,0.1687351018190384,1.0,1.0,0.9972145967705305
elementwise,1,grad_sr,producer,2,0,12,0.022548175603693182,0.9927090909090909,0.04763062670826912,0.9865999817848206,0.00101949879899621,0.00279999990016222,0.04644780233502388,0.04344673827290535,1.0,1.0,0.9972271586573401
elementwise,1,grad_sr,producer,2,1,1,0.23441281960227273,0.9290545454545455,0.10381221771240234,0.9681999683380127,0.06364186853170395,0.02759999968111515,0.4642122983932495,0.46420133113861084,1.0,1.0,0.9972161581349928
elementwise,1,grad_sr,producer,2,1,2,0.0757265713778409,0.9767272727272728,0.07494378834962845,0.9779999852180481,0.050891801714897156,0.020600000396370888,0.40525880455970764,0.40526479482650757,1.0,1.0,0.9972070028615553
elementwise,1,grad_sr,producer,2,1,3,0.058143665660511365,0.9816909090909091,0.0684184804558754,0.9803999662399292,0.03234349563717842,0.015399999916553497,0.3394280970096588,0.3393838107585907,1.0,1.0,0.9972209131994912
elementwise,1,grad_sr,producer,2,1,4,0.047522114701704546,0.9853272727272727,0.06243515759706497,0.9813999533653259,0.025487110018730164,0.014399999752640724,0.3402285873889923,0.3401826322078705,1.0,1.0,0.9972082093704578
elementwise,1,grad_sr,producer,2,1,5,0.040649538352272724,0.9871454545454545,0.05247700214385986,0.9855999946594238,0.024953030049800873,0.012199999764561653,0.28520458936691284,0.28515830636024475,1.0,1.0,0.9972140999727471
elementwise,1,grad_sr,producer,2,1,6,0.036488822798295455,0.9883818181818181,0.04910667613148689,0.9863999485969543,0.01440435741096735,0.008599999360740185,0.22932255268096924,0.22924740612506866,1.0,1.0,0.9972252424373184
elementwise,1,grad_sr,producer,2,1,7,0.03272812721946023,0.9898,0.046803951263427734,0.986799955368042,0.018309958279132843,0.010199999436736107,0.2395305037498474,0.23942378163337708,1.0,1.0,0.9972131063771802
elementwise,1,grad_sr,producer,2,1,8,0.029613270152698865,0.9906181818181818,0.05061271786689758,0.9855999946594238,0.02665409818291664,0.011399999260902405,0.25478386878967285,0.2546926438808441,1.0,1.0,0.9972170097883357
elementwise,1,grad_sr,producer,2,1,9,0.027256602894176137,0.9912181818181818,0.06136968359351158,0.9842000007629395,0.02498364821076393,0.012399999424815178,0.21651941537857056,0.21633267402648926,1.0,1.0,0.9972212680550508
elementwise,1,grad_sr,producer,2,1,10,0.025255075905539773,0.9917636363636364,0.04601141810417175,0.9881999492645264,0.022392025217413902,0.010199999436736107,0.17800720036029816,0.17783312499523163,1.0,1.0,0.9972151645394258
elementwise,1,grad_sr,producer,2,1,11,0.022767356178977273,0.9930363636363636,0.05351167544722557,0.9853999614715576,0.020748091861605644,0.011399999260902405,0.17406940460205078,0.17390593886375427,1.0,1.0,0.9972191389216933
elementwise,1,grad_sr,producer,2,1,12,0.019973077947443182,0.9940727272727272,0.049881476908922195,0.9869999885559082,0.0002686192747205496,0.0007999999797903001,0.026833675801753998,0.02558184415102005,1.0,1.0,0.9972279393395712
elementwise,1,grad_sr,producer,2,2,1,0.22645026633522727,0.9312,0.08880225569009781,0.9745999574661255,0.051675036549568176,0.020800000056624413,0.4551367163658142,0.4549737572669983,1.0,1.0,0.9972049446993096
elementwise,1,grad_sr,producer,2,2,2,0.07128706942471591,0.977690909090909,0.06472114473581314,0.9819999933242798,0.028147442266345024,0.013399999588727951,0.35186412930488586,0.35161155462265015,1.0,1.0,0.9972241778706395
elementwise,1,grad_sr,producer,2,2,3,0.05414387428977273,0.9835272727272727,0.07409794628620148,0.977400004863739,0.04292077198624611,0.016999999061226845,0.3850381076335907,0.385031133890152,1.0,1.0,0.9972263070039971
elementwise,1,grad_sr,producer,2,2,4,0.04415892666903409,0.9864,0.058836035430431366,0.9825999736785889,0.024357004091143608,0.011599999852478504,0.3084830045700073,0.30841636657714844,1.0,1.0,0.9972270167151163
elementwise,1,grad_sr,producer,2,2,5,0.03817511541193182,0.9880727272727273,0.05715203285217285,0.9845999479293823,0.023946821689605713,0.01119999960064888,0.2898634076118469,0.2897915840148926,1.0,1.0,0.997212467637173
elementwise,1,grad_sr,producer,2,2,6,0.034101384943181816,0.9892727272727273,0.05710022151470184,0.9843999743461609,0.02009575068950653,0.009999999776482582,0.24834097921848297,0.24816301465034485,1.0,1.0,0.9972172936727834
elementwise,1,grad_sr,producer,2,2,7,0.029804836203835228,0.9905818181818182,0.04909810796380043,0.986799955368042,0.0122974319383502,0.007400000002235174,0.19764718413352966,0.19748760759830475,1.0,1.0,0.9972103385038154
elementwise,1,grad_sr,producer,2,2,8,0.027063556463068184,0.9915636363636363,0.04543690010905266,0.9881999492645264,0.009413950145244598,0.005799999926239252,0.17373783886432648,0.17355141043663025,1.0,1.0,0.9972136031749637
elementwise,1,grad_sr,producer,2,2,9,0.02477256525213068,0.9921818181818182,0.0425536185503006,0.9891999959945679,0.009334425441920757,0.006199999712407589,0.1738169640302658,0.17364537715911865,1.0,1.0,0.9972253843795421
elementwise,1,grad_sr,producer,2,2,10,0.02179163485440341,0.9926181818181818,0.043232761323451996,0.9889999628067017,0.009462914429605007,0.00559999980032444,0.13381609320640564,0.1335049420595169,1.0,1.0,0.9972165129905524
elementwise,1,grad_sr,producer,2,2,11,0.020269595614346592,0.9935636363636363,0.046800050884485245,0.9896000027656555,0.008907923474907875,0.004999999888241291,0.14468000829219818,0.1441161334514618,1.0,1.0,0.997228932935138
elementwise,1,grad_sr,producer,2,2,12,0.018757164417613638,0.9939818181818182,0.04152220860123634,0.989799976348877,0.0003850974899251014,0.0011999999405816197,0.03246749937534332,0.03066425584256649,1.0,1.0,0.9972186421239099
elementwise,1,grad_sr,producer,3,0,1,0.24285007102272727,0.9262545454545454,0.09085625410079956,0.9735999703407288,0.05443434789776802,0.02459999918937683,0.476866215467453,0.4766143262386322,1.0,1.0,0.9992996570675872
elementwise,1,grad_sr,producer,3,0,2,0.07833830788352272,0.9754727272727273,0.07423926144838333,0.9783999919891357,0.04612009972333908,0.019600000232458115,0.39557507634162903,0.3953015208244324,1.0,1.0,0.9993009345476017
elementwise,1,grad_sr,producer,3,0,3,0.060126123046875,0.9811090909090909,0.0656588226556778,0.9825999736785889,0.026854919269680977,0.012799999676644802,0.3332746624946594,0.3330659568309784,1.0,1.0,0.999299799009811
elementwise,1,grad_sr,producer,3,0,4,0.049560329367897726,0.9849454545454546,0.058114491403102875,0.9835999608039856,0.02005356177687645,0.012399999424815178,0.3083151578903198,0.3081810772418976,1.0,1.0,0.9993007926053779
elementwise,1,grad_sr,producer,3,0,5,0.044611967329545456,0.9860545454545454,0.057895246893167496,0.9839999675750732,0.022798147052526474,0.012199999764561653,0.28361883759498596,0.2835483253002167,1.0,1.0,0.99929901832758
elementwise,1,grad_sr,producer,3,0,6,0.038436900745738634,0.9877090909090909,0.052418529987335205,0.9875999689102173,0.017184890806674957,0.009200000204145908,0.2784019410610199,0.2784194350242615,1.0,1.0,0.9993016442587209
elementwise,1,grad_sr,producer,3,0,7,0.034925565962357956,0.9892,0.05144277215003967,0.9861999750137329,0.014945733360946178,0.008799999952316284,0.21358223259449005,0.21350005269050598,1.0,1.0,0.999302424940952
elementwise,1,grad_sr,producer,3,0,8,0.03125748180042614,0.9902909090909091,0.0479036308825016,0.986799955368042,0.01148403063416481,0.00699999975040555,0.21724937856197357,0.21720486879348755,1.0,1.0,0.9992983086164607
elementwise,1,grad_sr,producer,3,0,9,0.02867701748934659,0.9911272727272727,0.05494037643074989,0.98499995470047,0.014628353528678417,0.008799999952316284,0.17691047489643097,0.17685770988464355,1.0,1.0,0.9992973150208939
elementwise,1,grad_sr,producer,3,0,10,0.026198612837357953,0.9918727272727272,0.06918496638536453,0.9807999730110168,0.03621276095509529,0.013199999928474426,0.20013342797756195,0.20010904967784882,1.0,1.0,0.9993034185365189
elementwise,1,grad_sr,producer,3,0,11,0.02366106622869318,0.9927454545454546,0.05197976529598236,0.9857999682426453,0.017189759761095047,0.007799999788403511,0.17596369981765747,0.17593322694301605,1.0,1.0,0.9993031346520712
elementwise,1,grad_sr,producer,3,0,12,0.022604423384232953,0.9928545454545454,0.046814702451229095,0.9871999621391296,0.00043833651579916477,0.001999999862164259,0.030662916600704193,0.03026859648525715,1.0,1.0,0.9993014313453852
elementwise,1,grad_sr,producer,3,1,1,0.2348638849431818,0.9288909090909091,0.10386042296886444,0.9684000015258789,0.06384067237377167,0.027400000020861626,0.4633164703845978,0.46331787109375,1.0,1.0,0.9993005087209302
elementwise,1,grad_sr,producer,3,1,2,0.07560134943181818,0.976690909090909,0.07486587762832642,0.9781999588012695,0.05035015568137169,0.020399998873472214,0.4050257205963135,0.4050323963165283,1.0,1.0,0.9992989473564681
elementwise,1,grad_sr,producer,3,1,3,0.05827791193181818,0.9816545454545454,0.06901855766773224,0.9799999594688416,0.032900772988796234,0.01640000008046627,0.337609201669693,0.33760958909988403,1.0,1.0,0.9992961794831032
elementwise,1,grad_sr,producer,3,1,4,0.04760369318181818,0.985,0.06379455327987671,0.9807999730110168,0.027306396514177322,0.015399999916553497,0.3473469614982605,0.3473746180534363,1.0,1.0,0.9992989473564681
elementwise,1,grad_sr,producer,3,1,5,0.040776140802556815,0.9873454545454545,0.052353233098983765,0.9853999614715576,0.02550622820854187,0.012399999424815178,0.2859432101249695,0.28596964478492737,1.0,1.0,0.9992965343386628
elementwise,1,grad_sr,producer,3,1,6,0.03650711558948864,0.9883818181818181,0.04966379329562187,0.9865999817848206,0.015874838456511497,0.009200000204145908,0.2282513529062271,0.22826290130615234,1.0,1.0,0.9992972440497819
elementwise,1,grad_sr,producer,3,1,7,0.032779962713068184,0.9898545454545454,0.04617665335536003,0.9873999953269958,0.017499158158898354,0.009599999524652958,0.23942820727825165,0.23943786323070526,1.0,1.0,0.9993002248364825
elementwise,1,grad_sr,producer,3,1,8,0.029611902965198864,0.9905454545454545,0.04995892196893692,0.9851999878883362,0.02626817487180233,0.011799999512732029,0.25616398453712463,0.2561969459056854,1.0,1.0,0.9992978827897893
elementwise,1,grad_sr,producer,3,1,9,0.027320578835227274,0.9912181818181818,0.060296718031167984,0.983199954032898,0.024388933554291725,0.012399999424815178,0.2148684561252594,0.21486780047416687,1.0,1.0,0.9993008635764898
elementwise,1,grad_sr,producer,3,1,10,0.02514268465909091,0.9918545454545454,0.0465644970536232,0.9879999756813049,0.02254760079085827,0.009999999776482582,0.18135187029838562,0.18129625916481018,1.0,1.0,0.9993031346520712
elementwise,1,grad_sr,producer,3,1,11,0.022722998046875,0.9928181818181818,0.05364236980676651,0.9853999614715576,0.02159620262682438,0.011399999260902405,0.1795448213815689,0.179524227976799,1.0,1.0,0.9992988763853561
elementwise,1,grad_sr,producer,3,1,12,0.01993720703125,0.9940727272727272,0.050846684724092484,0.9869999885559082,0.00015163897478487343,0.00139999995008111,0.018281178548932076,0.017689824104309082,1.0,1.0,0.9992997280386992
elementwise,1,grad_sr,producer,3,2,1,0.22634868607954545,0.9312363636363636,0.08846896141767502,0.9745999574661255,0.05147301033139229,0.020399998873472214,0.45588499307632446,0.4557507336139679,1.0,1.0,0.9992959665697675
elementwise,1,grad_sr,producer,3,2,2,0.07120325372869318,0.9774545454545455,0.06443876773118973,0.9817999601364136,0.028050456196069717,0.013399999588727951,0.35492390394210815,0.354780912399292,1.0,1.0,0.9992976698764535
elementwise,1,grad_sr,producer,3,2,3,0.054066255326704546,0.9835636363636364,0.0739993155002594,0.9777999520301819,0.042742881923913956,0.016599999740719795,0.3847076892852783,0.38472241163253784,1.0,1.0,0.9992978118186773
elementwise,1,grad_sr,producer,3,2,4,0.04414877485795454,0.9864,0.05991380661725998,0.9813999533653259,0.025704070925712585,0.012000000104308128,0.31189754605293274,0.311858206987381,1.0,1.0,0.9992960375408794
elementwise,1,grad_sr,producer,3,2,5,0.03811097301136364,0.9880727272727273,0.0560675710439682,0.9845999479293823,0.023102501407265663,0.01119999960064888,0.28645676374435425,0.2864067852497101,1.0,1.0,0.9992961794831032
elementwise,1,grad_sr,producer,3,2,6,0.034045554421164775,0.9892727272727273,0.05535705387592316,0.9842000007629395,0.018731512129306793,0.010199999436736107,0.25003811717033386,0.24984923005104065,1.0,1.0,0.9993011474609375
elementwise,1,grad_sr,producer,3,2,7,0.0297242431640625,0.9906363636363636,0.048869553953409195,0.9869999885559082,0.01246408186852932,0.007199999876320362,0.1976848542690277,0.19747821986675262,1.0,1.0,0.9992977408475654
elementwise,1,grad_sr,producer,3,2,8,0.027039643998579544,0.9914727272727273,0.04515715688467026,0.9883999824523926,0.009281513281166553,0.00559999980032444,0.1719597578048706,0.17174875736236572,1.0,1.0,0.9992979537609011
elementwise,1,grad_sr,producer,3,2,9,0.02464600275213068,0.9921818181818182,0.042472030967473984,0.9896000027656555,0.009505145251750946,0.00559999980032444,0.17518611252307892,0.17502006888389587,1.0,1.0,0.9992982376453489
elementwise,1,grad_sr,producer,3,2,10,0.021702938565340908,0.9927272727272727,0.04347285255789757,0.9889999628067017,0.010560091584920883,0.005799999926239252,0.14269748330116272,0.142425075173378,1.0,1.0,0.999298095703125
elementwise,1,grad_sr,producer,3,2,11,0.020094464666193183,0.9934363636363637,0.046637553721666336,0.9891999959945679,0.009069835767149925,0.005200000014156103,0.14153599739074707,0.14135701954364777,1.0,1.0,0.9993012894031613
elementwise,1,grad_sr,producer,3,2,12,0.018606480823863635,0.9941454545454546,0.04053415358066559,0.990399956703186,9.12952164071612e-05,0.00039999998989515007,0.016639482229948044,0.014169277623295784,1.0,1.0,0.9992984505586846
elementwise,1,grad_sr,producer,4,0,1,0.24268595525568182,0.9262181818181818,0.09116943925619125,0.9733999967575073,0.05463586375117302,0.024799998849630356,0.47621458768844604,0.47601285576820374,1.0,1.0,0.9998227851335393
elementwise,1,grad_sr,producer,4,0,2,0.0782976651278409,0.9754909090909091,0.07379880547523499,0.9787999987602234,0.04561193659901619,0.019199999049305916,0.39647674560546875,0.3962976336479187,1.0,1.0,0.99982392067133
elementwise,1,grad_sr,producer,4,0,3,0.06005469637784091,0.9811272727272727,0.06598657369613647,0.9824000000953674,0.02717565931379795,0.012999999336898327,0.3325343132019043,0.3323803246021271,1.0,1.0,0.9998232819313226
elementwise,1,grad_sr,producer,4,0,4,0.04956539417613636,0.9849272727272728,0.05853009596467018,0.9837999939918518,0.020264441147446632,0.012600000016391277,0.30801859498023987,0.30799591541290283,1.0,1.0,0.9998243464980014
elementwise,1,grad_sr,producer,4,0,5,0.04457722833806818,0.9859818181818182,0.05774152651429176,0.9842000007629395,0.022606976330280304,0.012000000104308128,0.28510382771492004,0.2851000130176544,1.0,1.0,0.9998240626135538
elementwise,1,grad_sr,producer,4,0,6,0.03838137872869318,0.9876181818181818,0.05218077823519707,0.9878000020980835,0.017049985006451607,0.008200000040233135,0.2776831388473511,0.2777210474014282,1.0,1.0,0.9998243464980014
elementwise,1,grad_sr,producer,4,0,7,0.03494104669744318,0.9891272727272727,0.05109294876456261,0.9855999946594238,0.01449230033904314,0.008999999612569809,0.2155475914478302,0.21552035212516785,1.0,1.0,0.9998239916424418
elementwise,1,grad_sr,producer,4,0,8,0.031097263405539772,0.9901636363636364,0.0476062148809433,0.9869999885559082,0.011357462964951992,0.006599999964237213,0.21993251144886017,0.219916433095932,1.0,1.0,0.9998248432957849
elementwise,1,grad_sr,producer,4,0,9,0.028569236061789773,0.9909818181818182,0.05484022945165634,0.9847999811172485,0.015045245178043842,0.009800000116229057,0.18253207206726074,0.18252046406269073,1.0,1.0,0.9998243464980014
elementwise,1,grad_sr,producer,4,0,10,0.026131696111505683,0.9917090909090909,0.06931522488594055,0.9803999662399292,0.03750131279230118,0.013599999248981476,0.2043887823820114,0.20440657436847687,1.0,1.0,0.9998237077579942
elementwise,1,grad_sr,producer,4,0,11,0.02355401944247159,0.9926,0.05168980732560158,0.9860000014305115,0.017256541177630424,0.008200000040233135,0.17837625741958618,0.1783924251794815,1.0,1.0,0.9998241335846657
elementwise,1,grad_sr,producer,4,0,12,0.022486463512073864,0.9929272727272728,0.04721667245030403,0.9871999621391296,0.0003047143982257694,0.00279999990016222,0.023416845127940178,0.023229103535413742,1.0,1.0,0.9998237787291061
elementwise,1,grad_sr,producer,4,1,1,0.23466947798295454,0.9286909090909091,0.10306824743747711,0.9685999751091003,0.0631457045674324,0.02719999849796295,0.4644257128238678,0.46442288160324097,1.0,1.0,0.9998226431913154
elementwise,1,grad_sr,producer,4,1,2,0.07561793323863636,0.9768363636363636,0.07563420385122299,0.9787999987602234,0.051238249987363815,0.01979999989271164,0.40460389852523804,0.40460801124572754,1.0,1.0,0.9998231399890989
elementwise,1,grad_sr,producer,4,1,3,0.05817465376420455,0.9817454545454546,0.06855884939432144,0.9797999858856201,0.03233836591243744,0.016599999740719795,0.340597927570343,0.34057703614234924,1.0,1.0,0.9998225012490916
elementwise,1,grad_sr,producer,4,1,4,0.047547527521306816,0.9851818181818182,0.0631316527724266,0.9815999865531921,0.026761000975966454,0.015199999324977398,0.345569908618927,0.3455902338027954,1.0,1.0,0.999822927075763
elementwise,1,grad_sr,producer,4,1,5,0.040648814808238634,0.9873636363636363,0.05262994393706322,0.9851999878883362,0.025698460638523102,0.012600000016391277,0.2865888178348541,0.2866038382053375,1.0,1.0,0.9998252691224564
elementwise,1,grad_sr,producer,4,1,6,0.03651928045099432,0.9882909090909091,0.04965924844145775,0.9861999750137329,0.015696978196501732,0.009399999864399433,0.2279985100030899,0.22799940407276154,1.0,1.0,0.9998228561046512
elementwise,1,grad_sr,producer,4,1,7,0.032718536931818185,0.9898727272727272,0.046166617423295975,0.9871999621391296,0.01756473258137703,0.009999999776482582,0.23834437131881714,0.2383614182472229,1.0,1.0,0.9998242045557776
elementwise,1,grad_sr,producer,4,1,8,0.029641095525568182,0.9907818181818182,0.05015064775943756,0.98499995470047,0.025685548782348633,0.011599999852478504,0.25379619002342224,0.2538149356842041,1.0,1.0,0.9998237787291061
elementwise,1,grad_sr,producer,4,1,9,0.027310602361505683,0.9911272727272727,0.061603844165802,0.983199954032898,0.026143712922930717,0.012399999424815178,0.21479065716266632,0.21479840576648712,1.0,1.0,0.9998245594113372
elementwise,1,grad_sr,producer,4,1,10,0.02515559747869318,0.9919454545454546,0.04628579691052437,0.9883999824523926,0.022585909813642502,0.009599999524652958,0.18090924620628357,0.1808333843946457,1.0,1.0,0.9998232819313226
elementwise,1,grad_sr,producer,4,1,11,0.022774840198863635,0.9927818181818182,0.05339556932449341,0.9851999878883362,0.02147253416478634,0.01119999960064888,0.17640714347362518,0.17640504240989685,1.0,1.0,0.9998230690179869
elementwise,1,grad_sr,producer,4,1,12,0.01989046963778409,0.9941272727272727,0.05020294710993767,0.9863999485969543,7.848584209568799e-05,0.0011999999405816197,0.0137454429641366,0.013450794853270054,1.0,1.0,0.9998246303824492
elementwise,1,grad_sr,producer,4,2,1,0.22632950994318182,0.9314363636363636,0.08856286853551865,0.9745999574661255,0.05152779445052147,0.020800000056624413,0.4560432434082031,0.4560002088546753,1.0,1.0,0.9998225012490916
elementwise,1,grad_sr,producer,4,2,2,0.07128248401988636,0.9776181818181818,0.06432192027568817,0.9819999933242798,0.027879968285560608,0.013399999588727951,0.3532046675682068,0.35313910245895386,1.0,1.0,0.9998236367868822
elementwise,1,grad_sr,producer,4,2,3,0.05407321111505682,0.9835454545454545,0.07306088507175446,0.9783999919891357,0.04174470901489258,0.01599999889731407,0.3843216896057129,0.3843711018562317,1.0,1.0,0.9998237787291061
elementwise,1,grad_sr,producer,4,2,4,0.04419442471590909,0.9864,0.05977076292037964,0.9817999601364136,0.02555936388671398,0.012000000104308128,0.3134385049343109,0.31345704197883606,1.0,1.0,0.9998234948446584
elementwise,1,grad_sr,producer,4,2,5,0.03810393732244318,0.9881090909090909,0.05562487617135048,0.98499995470047,0.022668322548270226,0.010599999688565731,0.2886922061443329,0.28871986269950867,1.0,1.0,0.9998225722202035
elementwise,1,grad_sr,producer,4,2,6,0.034042109818892045,0.9893818181818181,0.05502744019031525,0.9842000007629395,0.018279528245329857,0.010199999436736107,0.24911344051361084,0.24906395375728607,1.0,1.0,0.9998232819313226
elementwise,1,grad_sr,producer,4,2,7,0.0297680419921875,0.9904363636363637,0.04903337359428406,0.9871999621391296,0.012529890984296799,0.00699999975040555,0.19650116562843323,0.1964641660451889,1.0,1.0,0.9998240626135538
elementwise,1,grad_sr,producer,4,2,8,0.02691751376065341,0.9915636363636363,0.045173417776823044,0.9881999492645264,0.009188439697027206,0.005799999926239252,0.173492893576622,0.17343860864639282,1.0,1.0,0.99982392067133
elementwise,1,grad_sr,producer,4,2,9,0.024650956587357956,0.9922909090909091,0.042728718370199203,0.989799976348877,0.009641348384320736,0.005399999674409628,0.17364917695522308,0.173645481467247,1.0,1.0,0.9998234948446584
elementwise,1,grad_sr,producer,4,2,10,0.02167273615056818,0.9926727272727273,0.04338708892464638,0.9889999628067017,0.010332617908716202,0.00559999980032444,0.14037534594535828,0.14038164913654327,1.0,1.0,0.9998248432957849
elementwise,1,grad_sr,producer,4,2,11,0.020036536754261362,0.9934909090909091,0.046722251921892166,0.988599956035614,0.008928407914936543,0.005799999926239252,0.14046841859817505,0.14046788215637207,1.0,1.0,0.99982392067133
elementwise,1,grad_sr,producer,4,2,12,0.018640163352272726,0.9940181818181818,0.04050115868449211,0.990399956703186,7.912497676443309e-05,0.00039999998989515007,0.01442257035523653,0.014265230856835842,1.0,1.0,0.9998231399890989
elementwise,1,grad_sr,producer,5,0,1,0.24281685014204546,0.9261272727272727,0.09091915190219879,0.9733999967575073,0.054406408220529556,0.024799998849630356,0.4762769341468811,0.47611895203590393,1.0,1.0,0.9999581980150799
elementwise,1,grad_sr,producer,5,0,2,0.07837899502840909,0.9755090909090909,0.0743175745010376,0.9787999987602234,0.046346649527549744,0.019199999049305916,0.3958361744880676,0.3957209289073944,1.0,1.0,0.9999583399573038
elementwise,1,grad_sr,producer,5,0,3,0.06011587801846591,0.9811636363636363,0.06586898118257523,0.9824000000953674,0.027153484523296356,0.012999999336898327,0.3329770565032959,0.3328601121902466,1.0,1.0,0.9999587657839752
elementwise,1,grad_sr,producer,5,0,4,0.04952792080965909,0.9847272727272727,0.058274950832128525,0.9833999872207642,0.02014041319489479,0.012799999676644802,0.3119274973869324,0.3119318187236786,1.0,1.0,0.9999578431595203
elementwise,1,grad_sr,producer,5,0,5,0.04459297318892046,0.986,0.05742063745856285,0.9845999479293823,0.022117992863059044,0.011599999852478504,0.28347834944725037,0.2834814190864563,1.0,1.0,0.9999587657839752
elementwise,1,grad_sr,producer,5,0,6,0.03843176935369318,0.9876727272727273,0.05278702825307846,0.9875999689102173,0.017831815406680107,0.009200000204145908,0.28222209215164185,0.28225836157798767,1.0,1.0,0.9999584109284158
elementwise,1,grad_sr,producer,5,0,7,0.034999465110085226,0.9893272727272727,0.05117267370223999,0.9860000014305115,0.014619220048189163,0.00839999970048666,0.21575810015201569,0.21575891971588135,1.0,1.0,0.9999583399573038
elementwise,1,grad_sr,producer,5,0,8,0.03119881036931818,0.9901818181818182,0.04749118164181709,0.986799955368042,0.011370765045285225,0.006799999624490738,0.2193233072757721,0.2193116545677185,1.0,1.0,0.9999580560728561
elementwise,1,grad_sr,producer,5,0,9,0.02863757546164773,0.9910545454545454,0.05510764196515083,0.98499995470047,0.015490975230932236,0.008799999952316284,0.18391479551792145,0.18392325937747955,1.0,1.0,0.9999584818995276
elementwise,1,grad_sr,producer,5,0,10,0.026101797762784092,0.9917454545454546,0.06748990714550018,0.9809999465942383,0.035254526883363724,0.012600000016391277,0.20131562650203705,0.20134234428405762,1.0,1.0,0.9999584109284158
elementwise,1,grad_sr,producer,5,0,11,0.023630091441761363,0.9927090909090909,0.051442041993141174,0.9855999946594238,0.016986312344670296,0.007999999448657036,0.17555363476276398,0.17554597556591034,1.0,1.0,0.9999577012172965
elementwise,1,grad_sr,producer,5,0,12,0.022543714488636363,0.9926363636363637,0.047056976705789566,0.9869999885559082,0.00044010113924741745,0.002199999988079071,0.02944786474108696,0.02926669642329216,1.0,1.0,0.9999583399573038
elementwise,1,grad_sr,producer,5,1,1,0.23467444957386363,0.9286727272727273,0.10382866114377975,0.9681999683380127,0.06380460411310196,0.0279999990016222,0.4637458324432373,0.46373873949050903,1.0,1.0,0.9999584109284158
elementwise,1,grad_sr,producer,5,1,2,0.07569647549715909,0.9767272727272728,0.0756382942199707,0.9783999919891357,0.051156722009181976,0.02019999921321869,0.4057827293872833,0.405777245759964,1.0,1.0,0.9999584109284158
elementwise,1,grad_sr,producer,5,1,3,0.05813486328125,0.9816545454545454,0.06877417862415314,0.9797999858856201,0.03257361054420471,0.016599999740719795,0.33939602971076965,0.339376300573349,1.0,1.0,0.9999582689861919
elementwise,1,grad_sr,producer,5,1,4,0.04761397816051136,0.9851636363636364,0.06310763210058212,0.9819999933242798,0.026621397584676743,0.014599999412894249,0.34407806396484375,0.3440912961959839,1.0,1.0,0.9999579851017442
elementwise,1,grad_sr,producer,5,1,5,0.04062951438210227,0.9874,0.05250514671206474,0.9861999750137329,0.025253064930438995,0.012199999764561653,0.28766611218452454,0.28767886757850647,1.0,1.0,0.9999582689861919
elementwise,1,grad_sr,producer,5,1,6,0.03645019087357954,0.9884,0.0489036999642849,0.9863999485969543,0.014869805425405502,0.009599999524652958,0.228084534406662,0.22808420658111572,1.0,1.0,0.9999589786973111
elementwise,1,grad_sr,producer,5,1,7,0.03266121271306818,0.989890909090909,0.04572521895170212,0.9875999689102173,0.017060669139027596,0.009599999524652958,0.23862873017787933,0.2386387139558792,1.0,1.0,0.9999582689861919
elementwise,1,grad_sr,producer,5,1,8,0.02960680486505682,0.9906909090909091,0.05029547959566116,0.9851999878883362,0.026243606582283974,0.011599999852478504,0.2545444369316101,0.254560261964798,1.0,1.0,0.9999588367550872
elementwise,1,grad_sr,producer,5,1,9,0.0272130615234375,0.9912727272727273,0.06097222864627838,0.9827999472618103,0.02529190294444561,0.012799999676644802,0.2152015119791031,0.21521781384944916,1.0,1.0,0.9999587657839752
elementwise,1,grad_sr,producer,5,1,10,0.02506358975497159,0.9919454545454546,0.046229008585214615,0.9879999756813049,0.02253151126205921,0.010400000028312206,0.180166557431221,0.18011757731437683,1.0,1.0,0.9999588367550872
elementwise,1,grad_sr,producer,5,1,11,0.02273540926846591,0.9928363636363636,0.05315327271819115,0.9851999878883362,0.021332895383238792,0.011599999852478504,0.17602111399173737,0.17603342235088348,1.0,1.0,0.9999581980150799
elementwise,1,grad_sr,producer,5,1,12,0.019897554154829546,0.9941090909090909,0.05078046768903732,0.9863999485969543,0.00013096208567731082,0.00039999998989515007,0.01662505976855755,0.016549888998270035,1.0,1.0,0.9999578431595203
elementwise,1,grad_sr,producer,5,2,1,0.22630877130681817,0.9313818181818182,0.08847928792238235,0.974399983882904,0.05159369856119156,0.020999999716877937,0.456840455532074,0.4567948877811432,1.0,1.0,0.9999578431595203
elementwise,1,grad_sr,producer,5,2,2,0.07125988991477272,0.9776727272727272,0.06424961239099503,0.9817999601364136,0.0278287623077631,0.013599999248981476,0.35247018933296204,0.3523743748664856,1.0,1.0,0.9999577721884084
elementwise,1,grad_sr,producer,5,2,3,0.054003076171875,0.9834909090909091,0.07393491268157959,0.9787999987602234,0.04266570508480072,0.015599999576807022,0.3852264881134033,0.3852686882019043,1.0,1.0,0.9999582689861919
elementwise,1,grad_sr,producer,5,2,4,0.044137273615056816,0.9863454545454545,0.05963599681854248,0.9817999601364136,0.02535608969628811,0.012000000104308128,0.3121538758277893,0.3121489882469177,1.0,1.0,0.9999586238417515
elementwise,1,grad_sr,producer,5,2,5,0.03808474343039773,0.9880181818181818,0.054695069789886475,0.9853999614715576,0.021687056869268417,0.010400000028312206,0.2887656092643738,0.2887766361236572,1.0,1.0,0.9999584818995276
elementwise,1,grad_sr,producer,5,2,6,0.03401006525213068,0.9892181818181818,0.05526580661535263,0.9842000007629395,0.01869634911417961,0.009999999776482582,0.24880516529083252,0.24869604408740997,1.0,1.0,0.9999575592750727
elementwise,1,grad_sr,producer,5,2,7,0.029715833629261362,0.9905818181818182,0.04883858188986778,0.9873999953269958,0.012222318910062313,0.007199999876320362,0.19671736657619476,0.19662272930145264,1.0,1.0,0.9999577721884084
elementwise,1,grad_sr,producer,5,2,8,0.02698919122869318,0.9915272727272727,0.04505956918001175,0.9887999892234802,0.009183931164443493,0.005200000014156103,0.17210347950458527,0.17202332615852356,1.0,1.0,0.9999580560728561
elementwise,1,grad_sr,producer,5,2,9,0.024603484552556818,0.9921818181818182,0.042862750589847565,0.989799976348877,0.009692942723631859,0.005399999674409628,0.17197655141353607,0.1719428449869156,1.0,1.0,0.9999583399573038
elementwise,1,grad_sr,producer,5,2,10,0.021675312943892047,0.9926545454545455,0.04346277937293053,0.9889999628067017,0.01045908685773611,0.00559999980032444,0.1412438601255417,0.14124992489814758,1.0,1.0,0.9999586238417515
elementwise,1,grad_sr,producer,5,2,11,0.020128040660511364,0.9935272727272727,0.046867091208696365,0.9889999628067017,0.008920630440115929,0.005399999674409628,0.14230573177337646,0.14233052730560303,1.0,1.0,0.9999582689861919
elementwise,1,grad_sr,producer,5,2,12,0.01867063654119318,0.9940545454545454,0.04070604220032692,0.9901999831199646,7.959799404488876e-05,0.0005999999702908099,0.01437286101281643,0.014297684654593468,1.0,1.0,0.9999587657839752
elementwise,1,grad_sr,producer,7,0,1,0.24284898792613635,0.926290909090909,0.09107503294944763,0.9731999635696411,0.054638635367155075,0.02499999850988388,0.47634458541870117,0.47621747851371765,1.0,1.0,0.9999995032022165
elementwise,1,grad_sr,producer,7,0,2,0.07843501420454546,0.9752545454545455,0.07369360327720642,0.9789999723434448,0.045630354434251785,0.01899999938905239,0.39769795536994934,0.39760667085647583,1.0,1.0,0.9999995032022165
elementwise,1,grad_sr,producer,7,0,3,0.06004573419744318,0.9811818181818182,0.06588698923587799,0.9819999933242798,0.027284158393740654,0.013399999588727951,0.33211660385131836,0.33203041553497314,1.0,1.0,0.9999995032022165
elementwise,1,grad_sr,producer,7,0,4,0.049585862038352274,0.984890909090909,0.05832376703619957,0.9839999675750732,0.020346401259303093,0.012600000016391277,0.31137314438819885,0.31138351559638977,1.0,1.0,0.9999995032022165
elementwise,1,grad_sr,producer,7,0,5,0.044617529296875,0.9860909090909091,0.05777589604258537,0.9842000007629395,0.02288118004798889,0.012000000104308128,0.28475427627563477,0.28476637601852417,1.0,1.0,0.9999995032022165
elementwise,1,grad_sr,producer,7,0,6,0.038301167436079545,0.9876909090909091,0.0522373765707016,0.9879999756813049,0.01687937043607235,0.00839999970048666,0.2784353494644165,0.27847662568092346,1.0,1.0,0.9999995032022165
elementwise,1,grad_sr,producer,7,0,7,0.03473628373579545,0.9894181818181819,0.051230430603027344,0.9865999817848206,0.014826815575361252,0.008200000040233135,0.21764414012432098,0.2176521122455597,1.0,1.0,0.9999995032022165
elementwise,1,grad_sr,producer,7,0,8,0.031150530450994317,0.9902545454545455,0.047457657754421234,0.986799955368042,0.011346490122377872,0.006399999838322401,0.21521992981433868,0.2152310311794281,1.0,1.0,0.9999995032022165
elementwise,1,grad_sr,producer,7,0,9,0.0285068115234375,0.9910545454545454,0.055615466088056564,0.9847999811172485,0.01589537039399147,0.009399999864399433,0.17996105551719666,0.17998658120632172,1.0,1.0,0.9999995032022165
elementwise,1,grad_sr,producer,7,0,10,0.026038753995028408,0.9917090909090909,0.0694684311747551,0.9807999730110168,0.03720059245824814,0.013199999928474426,0.20186293125152588,0.20189844071865082,1.0,1.0,0.9999995032022165
elementwise,1,grad_sr,producer,7,0,11,0.023611177201704546,0.9926363636363637,0.05169180780649185,0.9860000014305115,0.01714746095240116,0.007599999662488699,0.17768359184265137,0.1776898354291916,1.0,1.0,0.9999995032022165
elementwise,1,grad_sr,producer,7,0,12,0.022492635830965908,0.9929636363636364,0.04695972055196762,0.9869999885559082,0.0001294701505685225,0.0011999999405816197,0.016023783013224602,0.015972517430782318,1.0,1.0,0.9999995032022165
elementwise,1,grad_sr,producer,7,1,1,0.23477507102272727,0.9287454545454545,0.10335808247327805,0.9681999683380127,0.06337415426969528,0.0279999990016222,0.46321865916252136,0.4632159471511841,1.0,1.0,0.9999995032022165
elementwise,1,grad_sr,producer,7,1,2,0.07574042080965909,0.976690909090909,0.07533854991197586,0.9785999655723572,0.050892528146505356,0.019999999552965164,0.403628945350647,0.4036424160003662,1.0,1.0,0.9999995032022165
elementwise,1,grad_sr,producer,7,1,3,0.058194371448863635,0.9817636363636364,0.06884358823299408,0.9803999662399292,0.032700199633836746,0.01640000008046627,0.3386504352092743,0.33863428235054016,1.0,1.0,0.9999995032022165
elementwise,1,grad_sr,producer,7,1,4,0.04766471502130682,0.9852,0.06352366507053375,0.9824000000953674,0.02686767466366291,0.014599999412894249,0.3440849483013153,0.3441041111946106,1.0,1.0,0.9999995032022165
elementwise,1,grad_sr,producer,7,1,5,0.040715940163352275,0.9874363636363637,0.05319194495677948,0.98499995470047,0.02621227689087391,0.012799999676644802,0.2865231931209564,0.2865419089794159,1.0,1.0,0.9999995032022165
elementwise,1,grad_sr,producer,7,1,6,0.03649252041903409,0.9881272727272727,0.049228735268116,0.9865999817848206,0.015123220160603523,0.009800000116229057,0.22603216767311096,0.22603633999824524,1.0,1.0,0.9999995032022165
elementwise,1,grad_sr,producer,7,1,7,0.032712502219460225,0.9898545454545454,0.04618917033076286,0.9871999621391296,0.01701124757528305,0.009800000116229057,0.24003279209136963,0.24004587531089783,1.0,1.0,0.9999995032022165
elementwise,1,grad_sr,producer,7,1,8,0.029593401544744317,0.9907818181818182,0.05019628256559372,0.9845999479293823,0.026006801053881645,0.012000000104308128,0.2545623779296875,0.2545884847640991,1.0,1.0,0.9999995032022165
elementwise,1,grad_sr,producer,7,1,9,0.027322609641335226,0.9911818181818182,0.06126360967755318,0.983199954032898,0.025827251374721527,0.012799999676644802,0.21882200241088867,0.21884316205978394,1.0,1.0,0.9999995032022165
elementwise,1,grad_sr,producer,7,1,10,0.02510730646306818,0.9917636363636364,0.04633154720067978,0.9883999824523926,0.022747471928596497,0.009999999776482582,0.18149667978286743,0.18146634101867676,1.0,1.0,0.9999995032022165
elementwise,1,grad_sr,producer,7,1,11,0.022769440252130683,0.9927090909090909,0.05327993631362915,0.98499995470047,0.021335477009415627,0.011799999512732029,0.1776941418647766,0.17771326005458832,1.0,1.0,0.9999995032022165
elementwise,1,grad_sr,producer,7,1,12,0.019920822975852272,0.9941272727272727,0.04945145547389984,0.986799955368042,8.267827070085332e-05,0.00039999998989515007,0.012687569484114647,0.01266002468764782,1.0,1.0,0.9999995032022165
elementwise,1,grad_sr,producer,7,2,1,0.22633904474431818,0.9313636363636364,0.08878374099731445,0.9741999506950378,0.05181880295276642,0.020800000056624413,0.4549390375614166,0.4548996090888977,1.0,1.0,0.9999995032022165
elementwise,1,grad_sr,producer,7,2,2,0.07127294477982954,0.9776,0.06418760120868683,0.9817999601364136,0.027828399091959,0.013599999248981476,0.35223618149757385,0.35215771198272705,1.0,1.0,0.9999995032022165
elementwise,1,grad_sr,producer,7,2,3,0.05406158114346591,0.9834181818181819,0.07431505620479584,0.9785999655723572,0.042985666543245316,0.015799999237060547,0.38680294156074524,0.3868493437767029,1.0,1.0,0.9999995032022165
elementwise,1,grad_sr,producer,7,2,4,0.04424430042613636,0.9863090909090909,0.059693511575460434,0.9811999797821045,0.025492286309599876,0.012399999424815178,0.3138454556465149,0.3138412833213806,1.0,1.0,0.9999995032022165
elementwise,1,grad_sr,producer,7,2,5,0.03813505415482955,0.9882,0.05597447603940964,0.9847999811172485,0.02289673686027527,0.010599999688565731,0.28679797053337097,0.28680601716041565,1.0,1.0,0.9999995032022165
elementwise,1,grad_sr,producer,7,2,6,0.03405856045809659,0.9892,0.05583978816866875,0.9843999743461609,0.018903346732258797,0.009999999776482582,0.24847275018692017,0.24838872253894806,1.0,1.0,0.9999995032022165
elementwise,1,grad_sr,producer,7,2,7,0.029800281871448862,0.9906,0.048940494656562805,0.9871999621391296,0.012442630715668201,0.00699999975040555,0.19501332938671112,0.1949428766965866,1.0,1.0,0.9999995032022165
elementwise,1,grad_sr,producer,7,2,8,0.027058544921875,0.9915272727272727,0.04522841423749924,0.988599956035614,0.009501570835709572,0.00559999980032444,0.17592716217041016,0.17584025859832764,1.0,1.0,0.9999995032022165
elementwise,1,grad_sr,producer,7,2,9,0.02466930264559659,0.9923090909090909,0.04243721812963486,0.9893999695777893,0.009374159388244152,0.00559999980032444,0.17377297580242157,0.1737702190876007,1.0,1.0,0.9999995032022165
elementwise,1,grad_sr,producer,7,2,10,0.021693943093039774,0.9927454545454546,0.043548546731472015,0.9893999695777893,0.010306494310498238,0.005200000014156103,0.14057250320911407,0.14058856666088104,1.0,1.0,0.9999995032022165
elementwise,1,grad_sr,producer,7,2,11,0.020165403053977272,0.9935090909090909,0.04750993475317955,0.9887999892234802,0.009177060797810555,0.00559999980032444,0.14274723827838898,0.14276377856731415,1.0,1.0,0.9999995032022165
elementwise,1,grad_sr,producer,7,2,12,0.018720323597301136,0.9938727272727272,0.04067192226648331,0.9901999831199646,8.565310417907313e-05,0.0005999999702908099,0.01397201418876648,0.013935491442680359,1.0,1.0,0.9999995032022165
elementwise,1,grad_sr,producer,10,0,1,0.2428461115056818,0.9263818181818182,0.09110089391469955,0.9735999703407288,0.0546441376209259,0.02459999918937683,0.47659051418304443,0.4764539301395416,1.0,1.0,1.0
elementwise,1,grad_sr,producer,10,0,2,0.07841089311079545,0.9754363636363637,0.07402125000953674,0.9785999655723572,0.04602537676692009,0.01939999870955944,0.3966481387615204,0.3965557813644409,1.0,1.0,1.0
elementwise,1,grad_sr,producer,10,0,3,0.06008148526278409,0.9813454545454545,0.06535980850458145,0.9824000000953674,0.02686186507344246,0.012999999336898327,0.33420896530151367,0.33408626914024353,1.0,1.0,1.0
elementwise,1,grad_sr,producer,10,0,4,0.04962606977982954,0.9848727272727272,0.05822131410241127,0.9835999608039856,0.02021360583603382,0.012999999336898327,0.31072601675987244,0.31073635816574097,1.0,1.0,1.0
elementwise,1,grad_sr,producer,10,0,5,0.04459713245738636,0.9860181818181818,0.05753541365265846,0.9842000007629395,0.022554295137524605,0.012000000104308128,0.28550440073013306,0.28552278876304626,1.0,1.0,1.0
elementwise,1,grad_sr,producer,10,0,6,0.03845151811079545,0.9877818181818182,0.05209246650338173,0.9879999756813049,0.016962895169854164,0.00839999970048666,0.27792540192604065,0.2779676914215088,1.0,1.0,1.0
elementwise,1,grad_sr,producer,10,0,7,0.034976007634943185,0.9892727272727273,0.05095311254262924,0.9865999817848206,0.014407199807465076,0.008200000040233135,0.21419532597064972,0.21420128643512726,1.0,1.0,1.0
elementwise,1,grad_sr,producer,10,0,8,0.031227021928267044,0.9902545454545455,0.04782640561461449,0.986799955368042,0.01150268130004406,0.006799999624490738,0.218041330575943,0.2180541753768921,1.0,1.0,1.0
elementwise,1,grad_sr,producer,10,0,9,0.028740003551136362,0.9911090909090909,0.0557764396071434,0.9851999878883362,0.015808669850230217,0.008999999612569809,0.17654411494731903,0.17656615376472473,1.0,1.0,1.0
elementwise,1,grad_sr,producer,10,0,10,0.026222727272727273,0.9917636363636364,0.0682593286037445,0.9807999730110168,0.035965390503406525,0.012799999676644802,0.20140403509140015,0.20143987238407135,1.0,1.0,1.0
elementwise,1,grad_sr,producer,10,0,11,0.023724467329545456,0.9924727272727273,0.05176180601119995,0.9853999614715576,0.017220189794898033,0.008200000040233135,0.1771567016839981,0.1771639734506607,1.0,1.0,1.0
elementwise,1,grad_sr,producer,10,0,12,0.02258396883877841,0.9928,0.04717597737908363,0.9869999885559082,0.00022834255651105195,0.001999999862164259,0.02110723964869976,0.02098633535206318,1.0,1.0,1.0
elementwise,1,grad_sr,producer,10,1,1,0.23475736860795454,0.9287818181818182,0.10327597707509995,0.9687999486923218,0.06343317776918411,0.026999998837709427,0.46418020129203796,0.4641779065132141,1.0,1.0,1.0
elementwise,1,grad_sr,producer,10,1,2,0.0756730557528409,0.976690909090909,0.07575026154518127,0.9781999588012695,0.05133821815252304,0.020399998873472214,0.40586429834365845,0.4058683216571808,1.0,1.0,1.0
elementwise,1,grad_sr,producer,10,1,3,0.058116574928977274,0.9816909090909091,0.06865216046571732,0.9797999858856201,0.03261525183916092,0.016999999061226845,0.3392004668712616,0.33918502926826477,1.0,1.0,1.0
elementwise,1,grad_sr,producer,10,1,4,0.04757984286221591,0.9852727272727273,0.06331896036863327,0.9817999601364136,0.02676238864660263,0.014399999752640724,0.3432580530643463,0.343277245759964,1.0,1.0,1.0
elementwise,1,grad_sr,producer,10,1,5,0.04062432972301137,0.9874909090909091,0.05257508531212807,0.9855999946594238,0.02557537518441677,0.012600000016391277,0.2870643138885498,0.2870786488056183,1.0,1.0,1.0
elementwise,1,grad_sr,producer,10,1,6,0.036445379083806816,0.9883636363636363,0.049380283802747726,0.9863999485969543,0.015326972119510174,0.009200000204145908,0.22727209329605103,0.22728152573108673,1.0,1.0,1.0
elementwise,1,grad_sr,producer,10,1,7,0.03267993386008523,0.9898545454545454,0.04597308114171028,0.9875999689102173,0.017186082899570465,0.009599999524652958,0.2394605129957199,0.23947234451770782,1.0,1.0,1.0
elementwise,1,grad_sr,producer,10,1,8,0.029575090997869317,0.9906,0.04974731430411339,0.9851999878883362,0.025729961693286896,0.011799999512732029,0.25451287627220154,0.2545391321182251,1.0,1.0,1.0
elementwise,1,grad_sr,producer,10,1,9,0.027168809925426137,0.9912909090909091,0.06104760617017746,0.983199954032898,0.025334922596812248,0.012399999424815178,0.21247975528240204,0.2124970555305481,1.0,1.0,1.0
elementwise,1,grad_sr,producer,10,1,10,0.02505454767400568,0.9919454545454546,0.04622301086783409,0.988599956035614,0.022465934976935387,0.009800000116229057,0.17978714406490326,0.17974986135959625,1.0,1.0,1.0
elementwise,1,grad_sr,producer,10,1,11,0.022754538796164774,0.9928545454545454,0.053255949169397354,0.9847999811172485,0.02096255123615265,0.011599999852478504,0.17280437052249908,0.17282627522945404,1.0,1.0,1.0
elementwise,1,grad_sr,producer,10,1,12,0.019912080522017046,0.9941090909090909,0.04999532550573349,0.9871999621391296,9.119886817643419e-05,0.00039999998989515007,0.013205393217504025,0.013161122798919678,1.0,1.0,1.0
elementwise,1,grad_sr,producer,10,2,1,0.22626246448863635,0.9314181818181818,0.08852178603410721,0.974399983882904,0.05157918483018875,0.020600000396370888,0.45582902431488037,0.45579010248184204,1.0,1.0,1.0
elementwise,1,grad_sr,producer,10,2,2,0.07116333895596591,0.9776545454545454,0.06429602950811386,0.9817999601364136,0.027945592999458313,0.013599999248981476,0.3539729714393616,0.3538983166217804,1.0,1.0,1.0
elementwise,1,grad_sr,producer,10,2,3,0.05401336558948864,0.9835818181818182,0.07456269860267639,0.9781999588012695,0.04326187074184418,0.016200000420212746,0.3859274685382843,0.38597413897514343,1.0,1.0,1.0
elementwise,1,grad_sr,producer,10,2,4,0.04416734286221591,0.9863636363636363,0.06002555415034294,0.9813999533653259,0.02592972293496132,0.012600000016391277,0.3136867880821228,0.3136909008026123,1.0,1.0,1.0
elementwise,1,grad_sr,producer,10,2,5,0.03811484375,0.9880363636363636,0.05542221665382385,0.9851999878883362,0.022413307800889015,0.010199999436736107,0.287232905626297,0.2872541844844818,1.0,1.0,1.0
elementwise,1,grad_sr,producer,10,2,6,0.034095576615767044,0.9894,0.05587213113903999,0.9843999743461609,0.019064702093601227,0.009999999776482582,0.24933353066444397,0.24925349652767181,1.0,1.0,1.0
elementwise,1,grad_sr,producer,10,2,7,0.029734361683238637,0.9905818181818182,0.04840494692325592,0.9871999621391296,0.011855403892695904,0.00699999975040555,0.19365090131759644,0.19360235333442688,1.0,1.0,1.0
elementwise,1,grad_sr,producer,10,2,8,0.026943326083096592,0.9915454545454545,0.04563739523291588,0.9883999824523926,0.009775424376130104,0.005799999926239252,0.1739993840456009,0.17392733693122864,1.0,1.0,1.0
elementwise,1,grad_sr,producer,10,2,9,0.024639268909801136,0.9922,0.04274745658040047,0.9896000027656555,0.009628025814890862,0.00559999980032444,0.1750970184803009,0.1750868856906891,1.0,1.0,1.0
elementwise,1,grad_sr,producer,10,2,10,0.021708018909801136,0.9926,0.04323958978056908,0.9889999628067017,0.010164118371903896,0.00559999980032444,0.1409914642572403,0.14100761711597443,1.0,1.0,1.0
elementwise,1,grad_sr,producer,10,2,11,0.020183238636363638,0.9934545454545455,0.04737534001469612,0.988599956035614,0.009135067462921143,0.005399999674409628,0.1417616754770279,0.14178000390529633,1.0,1.0,1.0
elementwise,1,grad_sr,producer,10,2,12,0.018605780584161933,0.9940181818181818,0.040932994335889816,0.990399956703186,9.332117770100012e-05,0.00039999998989515007,0.015061110258102417,0.015032278373837471,1.0,1.0,1.0
elementwise,1,grad_sr,producer,23,0,1,0.2428862393465909,0.9263818181818182,0.09090389311313629,0.9735999703407288,0.05460355803370476,0.02419999986886978,0.477224200963974,0.47709235548973083,1.0,1.0,1.0
elementwise,1,grad_sr,producer,23,0,2,0.07842934126420455,0.9753272727272727,0.07430372387170792,0.9785999655723572,0.04644368216395378,0.01939999870955944,0.3979220986366272,0.3978365957736969,1.0,1.0,1.0
elementwise,1,grad_sr,producer,23,0,3,0.06008659002130682,0.9813636363636363,0.06584756821393967,0.9827999472618103,0.027016350999474525,0.012600000016391277,0.3335404396057129,0.3334357738494873,1.0,1.0,1.0
elementwise,1,grad_sr,producer,23,0,4,0.04956513671875,0.9849636363636364,0.05829421430826187,0.9837999939918518,0.020508911460638046,0.012999999336898327,0.309605211019516,0.3096141219139099,1.0,1.0,1.0
elementwise,1,grad_sr,producer,23,0,5,0.04461702769886364,0.9860727272727273,0.057980891317129135,0.9839999675750732,0.022867845371365547,0.012199999764561653,0.286194771528244,0.2862125635147095,1.0,1.0,1.0
elementwise,1,grad_sr,producer,23,0,6,0.03842285600142045,0.9877454545454546,0.05220859870314598,0.9879999756813049,0.017056748270988464,0.008799999952316284,0.27715983986854553,0.2772042751312256,1.0,1.0,1.0
elementwise,1,grad_sr,producer,23,0,7,0.03480246138139204,0.9893090909090909,0.05119016766548157,0.9863999485969543,0.014731615781784058,0.00839999970048666,0.21504975855350494,0.21505257487297058,1.0,1.0,1.0
elementwise,1,grad_sr,producer,23,0,8,0.031201078657670453,0.9900909090909091,0.04765407368540764,0.9863999485969543,0.011411196552217007,0.006599999964237213,0.2174607664346695,0.21746684610843658,1.0,1.0,1.0
elementwise,1,grad_sr,producer,23,0,9,0.028631205610795456,0.9911454545454546,0.05548638477921486,0.9855999946594238,0.015480001457035542,0.008599999360740185,0.17678552865982056,0.17681388556957245,1.0,1.0,1.0
elementwise,1,grad_sr,producer,23,0,10,0.026143594637784092,0.9917818181818182,0.06796221435070038,0.9807999730110168,0.035531800240278244,0.012799999676644802,0.20161256194114685,0.20165009796619415,1.0,1.0,1.0
elementwise,1,grad_sr,producer,23,0,11,0.02363479891690341,0.9923818181818181,0.05160244181752205,0.9860000014305115,0.017222320660948753,0.007599999662488699,0.17757417261600494,0.17759309709072113,1.0,1.0,1.0
elementwise,1,grad_sr,producer,23,0,12,0.022469770951704545,0.9929818181818182,0.046505630016326904,0.9871999621391296,0.0001245796593138948,0.0017999999690800905,0.016126060858368874,0.01607644185423851,1.0,1.0,1.0
elementwise,1,grad_sr,producer,23,1,1,0.23475763494318183,0.9287818181818182,0.10296208411455154,0.9687999486923218,0.06314735114574432,0.026999998837709427,0.46425187587738037,0.46425101161003113,1.0,1.0,1.0
elementwise,1,grad_sr,producer,23,1,2,0.07570374644886364,0.9767818181818182,0.07517757266759872,0.9785999655723572,0.05088065564632416,0.019999999552965164,0.4029475748538971,0.40295904874801636,1.0,1.0,1.0
elementwise,1,grad_sr,producer,23,1,3,0.05820890891335227,0.9817090909090909,0.06877840310335159,0.9803999662399292,0.03245169296860695,0.016200000420212746,0.3377723693847656,0.33776041865348816,1.0,1.0,1.0
elementwise,1,grad_sr,producer,23,1,4,0.04765475852272727,0.9851818181818182,0.06336650252342224,0.9819999933242798,0.026796560734510422,0.014599999412894249,0.3463507890701294,0.3463665246963501,1.0,1.0,1.0
elementwise,1,grad_sr,producer,23,1,5,0.04067978071732955,0.9874,0.0527338944375515,0.9851999878883362,0.02567518875002861,0.012600000016391277,0.2853985130786896,0.28541794419288635,1.0,1.0,1.0
elementwise,1,grad_sr,producer,23,1,6,0.03648826793323864,0.9884909090909091,0.04964349791407585,0.9861999750137329,0.015281694941222668,0.009399999864399433,0.22697576880455017,0.22698019444942474,1.0,1.0,1.0
elementwise,1,grad_sr,producer,23,1,7,0.0327540283203125,0.9898,0.04606661945581436,0.9871999621391296,0.0177640151232481,0.009999999776482582,0.23835481703281403,0.23837126791477203,1.0,1.0,1.0
elementwise,1,grad_sr,producer,23,1,8,0.029714288884943183,0.9906909090909091,0.05010262876749039,0.9845999479293823,0.025666192173957825,0.011799999512732029,0.2542649209499359,0.2542896568775177,1.0,1.0,1.0
elementwise,1,grad_sr,producer,23,1,9,0.027302723277698865,0.9912909090909091,0.06121112033724785,0.9827999472618103,0.025883397087454796,0.012600000016391277,0.21616986393928528,0.21619002521038055,1.0,1.0,1.0
elementwise,1,grad_sr,producer,23,1,10,0.025013230202414773,0.9918727272727272,0.04637967050075531,0.988599956035614,0.023197174072265625,0.009800000116229057,0.18394280970096588,0.18391530215740204,1.0,1.0,1.0
elementwise,1,grad_sr,producer,23,1,11,0.022783180930397728,0.992890909090909,0.053468067198991776,0.98499995470047,0.021754931658506393,0.011799999512732029,0.17699024081230164,0.17701146006584167,1.0,1.0,1.0
elementwise,1,grad_sr,producer,23,1,12,0.019927778764204547,0.9940727272727272,0.050357989966869354,0.9869999885559082,4.973605246050283e-05,0.0005999999702908099,0.009684517979621887,0.00962669588625431,1.0,1.0,1.0
elementwise,1,grad_sr,producer,23,2,1,0.22633442826704545,0.9313454545454546,0.08869939297437668,0.974399983882904,0.051714830100536346,0.020600000396370888,0.4554154872894287,0.4553753137588501,1.0,1.0,1.0
elementwise,1,grad_sr,producer,23,2,2,0.07126374289772727,0.9775818181818182,0.06418901681900024,0.9819999933242798,0.027717920020222664,0.013399999588727951,0.35305777192115784,0.35297057032585144,1.0,1.0,1.0
elementwise,1,grad_sr,producer,23,2,3,0.05406934481534091,0.9835090909090909,0.07400486618280411,0.9785999655723572,0.042767368257045746,0.015799999237060547,0.3851967453956604,0.38524821400642395,1.0,1.0,1.0
elementwise,1,grad_sr,producer,23,2,4,0.044197674005681815,0.9864363636363637,0.059866901487112045,0.9811999797821045,0.02569197304546833,0.012199999764561653,0.3141382932662964,0.3141496479511261,1.0,1.0,1.0
elementwise,1,grad_sr,producer,23,2,5,0.03806210049715909,0.9881272727272727,0.05568433925509453,0.98499995470047,0.022572627291083336,0.010400000028312206,0.28698062896728516,0.2869980037212372,1.0,1.0,1.0
elementwise,1,grad_sr,producer,23,2,6,0.034094593394886366,0.9892,0.05571984127163887,0.9845999479293823,0.01896858774125576,0.009800000116229057,0.2511330544948578,0.25105565786361694,1.0,1.0,1.0
elementwise,1,grad_sr,producer,23,2,7,0.029759743430397726,0.9905636363636363,0.04852915182709694,0.9873999953269958,0.011915977112948895,0.006799999624490738,0.19380329549312592,0.1937401294708252,1.0,1.0,1.0
elementwise,1,grad_sr,producer,23,2,8,0.027020640980113635,0.9914545454545455,0.04531736299395561,0.9887999892234802,0.00924385990947485,0.005399999674409628,0.1733313649892807,0.1732507348060608,1.0,1.0,1.0
elementwise,1,grad_sr,producer,23,2,9,0.024705650745738637,0.9922181818181818,0.042877715080976486,0.9893999695777893,0.009685580618679523,0.00559999980032444,0.17323759198188782,0.17322617769241333,1.0,1.0,1.0
elementwise,1,grad_sr,producer,23,2,10,0.021708030007102273,0.9926727272727273,0.04358036443591118,0.9887999892234802,0.0106351925060153,0.005799999926239252,0.144052192568779,0.14407412707805634,1.0,1.0,1.0
elementwise,1,grad_sr,producer,23,2,11,0.020149702592329545,0.9935272727272727,0.04693317040801048,0.9891999959945679,0.00897404458373785,0.005399999674409628,0.1425505429506302,0.14256851375102997,1.0,1.0,1.0
elementwise,1,grad_sr,producer,23,2,12,0.018650557084517044,0.9939272727272728,0.04066883400082588,0.9905999898910522,6.485899211838841e-05,0.00019999999494757503,0.013897271826863289,0.013861507177352905,1.0,1.0,1.0
bfp16,16,grad,producer,1,0,1,0.2439150213068182,0.926509090909091,0.09160934388637543,0.9721999764442444,0.055199265480041504,0.02539999969303608,0.48694977164268494,0.4791070520877838,1.0,0.4787317918886849,0.9779014409974564
bfp16,16,grad,producer,1,0,2,0.07895539772727272,0.9753090909090909,0.07513218373060226,0.9787999987602234,0.04744940996170044,0.01939999870955944,0.4355778694152832,0.3997449576854706,1.0,0.4387318674222411,0.9785735374273256
bfp16,16,grad,producer,1,0,3,0.060838995916193184,0.9809818181818182,0.06659357994794846,0.9811999797821045,0.028340257704257965,0.014599999412894249,0.425324022769928,0.33259159326553345,1.0,0.42660053166134215,0.97891845703125
bfp16,16,grad,producer,1,0,4,0.05028030007102273,0.9848727272727272,0.058751776814460754,0.9835999608039856,0.020627716556191444,0.012999999336898327,0.43854764103889465,0.3070927858352661,1.0,0.4200722905928805,0.9791171051735101
bfp16,16,grad,producer,1,0,5,0.04517628728693182,0.9860181818181818,0.057792626321315765,0.9829999804496765,0.023351425305008888,0.012999999336898327,0.47303637862205505,0.28195008635520935,1.0,0.4172578049866573,0.979252447083939
bfp16,16,grad,producer,1,0,6,0.03907533735795454,0.9876363636363636,0.05347741022706032,0.9861999750137329,0.018583636730909348,0.010199999436736107,0.521555483341217,0.2768458425998688,1.0,0.41685475148869244,0.9793567746184593
bfp16,16,grad,producer,1,0,7,0.03533985928622159,0.9889272727272728,0.052167877554893494,0.9853999614715576,0.01645413227379322,0.009599999524652958,0.5634081363677979,0.21569035947322845,1.0,0.4152263620453009,0.9794182356013809
bfp16,16,grad,producer,1,0,8,0.03162672230113636,0.989890909090909,0.04784894734621048,0.9865999817848206,0.012033260427415371,0.006599999964237213,0.5874522924423218,0.21136750280857086,1.0,0.41310580237618144,0.9796388138172238
bfp16,16,grad,producer,1,0,9,0.028914293323863638,0.9910363636363636,0.05373412370681763,0.9853999614715576,0.014930477365851402,0.008799999952316284,0.6352528929710388,0.18249110877513885,1.0,0.41030928083209867,0.9796806867732558
bfp16,16,grad,producer,1,0,10,0.026353857421875,0.9916545454545455,0.07362633943557739,0.9793999791145325,0.04241503030061722,0.015399999916553497,0.7373276352882385,0.21520337462425232,1.0,0.40982238838260726,0.9797178046647892
bfp16,16,grad,producer,1,0,11,0.023901919833096592,0.9925090909090909,0.05262446403503418,0.9855999946594238,0.01807032898068428,0.008999999612569809,0.8145074248313904,0.18174387514591217,1.0,0.40839370755008464,0.979844417128452
bfp16,16,grad,producer,1,0,12,0.022777752130681818,0.9924909090909091,0.04621674120426178,0.9881999492645264,0.0017178725684061646,0.00419999985024333,0.8141637444496155,0.06718236207962036,1.0,0.4060738509567282,0.9800357552461846
bfp16,16,grad,producer,1,1,1,0.2355036044034091,0.9275636363636364,0.10830151289701462,0.9667999744415283,0.06769663840532303,0.028599999845027924,0.47122815251350403,0.4665004014968872,1.0,0.46177647077618444,0.9783840445585029
bfp16,16,grad,producer,1,1,2,0.07632820490056819,0.9764181818181819,0.0739438608288765,0.977400004863739,0.050244685262441635,0.021199999377131462,0.43050649762153625,0.4034930467605591,1.0,0.4248708687716028,0.9786108682321948
bfp16,16,grad,producer,1,1,3,0.05918384676846591,0.9812909090909091,0.07006820291280746,0.9787999987602234,0.03360358253121376,0.016999999061226845,0.39688220620155334,0.33739423751831055,1.0,0.411752770737683,0.9790490438771803
bfp16,16,grad,producer,1,1,4,0.04830944602272727,0.9850545454545454,0.06376122683286667,0.9811999797821045,0.02745036780834198,0.014399999752640724,0.4372214674949646,0.3441550135612488,1.0,0.403414302089208,0.9792603248773619
bfp16,16,grad,producer,1,1,5,0.041408629261363634,0.9869818181818182,0.05280672013759613,0.9860000014305115,0.028188545256853104,0.012399999424815178,0.4380222260951996,0.2939552366733551,1.0,0.399726357018462,0.9795508096384448
bfp16,16,grad,producer,1,1,6,0.03736886097301136,0.9881454545454545,0.049495015293359756,0.9869999885559082,0.0154300257563591,0.008799999952316284,0.4593464136123657,0.22824609279632568,1.0,0.3949942844384302,0.9798939549645712
bfp16,16,grad,producer,1,1,7,0.033436323686079544,0.9897636363636364,0.047454096376895905,0.9869999885559082,0.020368585363030434,0.010400000028312206,0.5151588916778564,0.23973515629768372,1.0,0.3908878965246275,0.9799283759538517
bfp16,16,grad,producer,1,1,8,0.029957539506392045,0.9906363636363636,0.05059285834431648,0.9861999750137329,0.026257304474711418,0.009999999776482582,0.582011878490448,0.24799470603466034,1.0,0.3887439733335695,0.9800389489462209
bfp16,16,grad,producer,1,1,9,0.02793119451349432,0.9908363636363636,0.06246918439865112,0.9842000007629395,0.027308423072099686,0.012399999424815178,0.5935361981391907,0.2084142118692398,1.0,0.38510160874618454,0.9802169444949128
bfp16,16,grad,producer,1,1,10,0.025628351384943182,0.9915272727272727,0.04627709463238716,0.9871999621391296,0.02478942833840847,0.009800000116229057,0.6732048392295837,0.18801045417785645,1.0,0.38207650025628465,0.9804057276526162
bfp16,16,grad,producer,1,1,11,0.023163993696732953,0.9925818181818182,0.05515272170305252,0.9839999675750732,0.026015594601631165,0.012199999764561653,0.6882573962211609,0.19192902743816376,1.0,0.38196158592316426,0.9803781908611918
bfp16,16,grad,producer,1,1,12,0.020273586203835226,0.993890909090909,0.05224684998393059,0.9860000014305115,0.0018888198537752032,0.003599999938160181,0.7586783766746521,0.07279165089130402,1.0,0.38095234585598914,0.9804150248682776
bfp16,16,grad,producer,1,2,1,0.2269322088068182,0.9310727272727273,0.08874183148145676,0.974399983882904,0.05178176611661911,0.021199999377131462,0.46412545442581177,0.4592638611793518,1.0,0.4647291537552413,0.9781048442042151
bfp16,16,grad,producer,1,2,2,0.07192470703125,0.9774545454545455,0.0659879669547081,0.9801999926567078,0.030000979080796242,0.014999999664723873,0.3877376317977905,0.35703057050704956,1.0,0.4261906521810813,0.9783253514489462
bfp16,16,grad,producer,1,2,3,0.05468529385653409,0.9832545454545455,0.0746927484869957,0.9785999655723572,0.043861761689186096,0.01599999889731407,0.44405892491340637,0.38390427827835083,1.0,0.4149216412035807,0.9789014239643895
bfp16,16,grad,producer,1,2,4,0.044669091796875,0.9860181818181818,0.05983978882431984,0.9819999933242798,0.025330353528261185,0.011799999512732029,0.4287356734275818,0.3068310022354126,1.0,0.4054341104080044,0.9791781403297601
bfp16,16,grad,producer,1,2,5,0.03823218661221591,0.9881454545454545,0.055965978652238846,0.9845999479293823,0.023142587393522263,0.010999999940395355,0.44801798462867737,0.2818608582019806,1.0,0.3985637571657776,0.9793486839117006
bfp16,16,grad,producer,1,2,6,0.03431431329900568,0.9892363636363637,0.05595249682664871,0.98499995470047,0.019457446411252022,0.009399999864399433,0.45725715160369873,0.2466164082288742,1.0,0.39271725126883267,0.9796968681867733
bfp16,16,grad,producer,1,2,7,0.02989536354758523,0.9905454545454545,0.04934132099151611,0.986799955368042,0.012606089003384113,0.007400000002235174,0.5350673198699951,0.191996231675148,1.0,0.3921891688993829,0.9795376090116279
bfp16,16,grad,producer,1,2,8,0.02751397372159091,0.9914,0.0460471473634243,0.9879999756813049,0.010387725196778774,0.006199999712407589,0.5457504391670227,0.1750430166721344,1.0,0.38750572292928365,0.9798301519349564
bfp16,16,grad,producer,1,2,9,0.024877390358664774,0.9923454545454545,0.04321723431348801,0.9893999695777893,0.010722583159804344,0.006599999964237213,0.603778600692749,0.17236271500587463,1.0,0.38627322626360144,0.9801251788472021
bfp16,16,grad,producer,1,2,10,0.021954108220880682,0.9927272727272727,0.042966023087501526,0.9896000027656555,0.011371920816600323,0.005399999674409628,0.6962130069732666,0.14397549629211426,1.0,0.3837501515745509,0.9799689714298692
bfp16,16,grad,producer,1,2,11,0.020229474431818183,0.9934363636363637,0.04703205078840256,0.9881999492645264,0.01013926975429058,0.00559999980032444,0.7388503551483154,0.1529342234134674,1.0,0.38177928793607563,0.9802241835483285
bfp16,16,grad,producer,1,2,12,0.018701025390625,0.9938363636363636,0.04087448865175247,0.989799976348877,0.0008562933653593063,0.0011999999405816197,0.7410277724266052,0.06959833949804306,1.0,0.3781740572853544,0.9804378775663154
bfp16,16,grad,producer,2,0,1,0.2438811612215909,0.9266545454545455,0.09150248765945435,0.9735999703407288,0.05490478500723839,0.023799998685717583,0.47821715474128723,0.4777194559574127,1.0,0.6152590396146304,0.9938621343568314
bfp16,16,grad,producer,2,0,2,0.07888901811079546,0.9752727272727273,0.07464035600423813,0.9783999919891357,0.04639146104454994,0.019999999552965164,0.39977404475212097,0.394026517868042,1.0,0.563846084125482,0.9940327489098837
bfp16,16,grad,producer,2,0,3,0.06048729137073864,0.9814363636363637,0.06717773526906967,0.9811999797821045,0.02845570631325245,0.014599999412894249,0.35195907950401306,0.33513006567955017,1.0,0.5499371823359933,0.9940740540970203
bfp16,16,grad,producer,2,0,4,0.04994361239346591,0.9848363636363636,0.059433162212371826,0.9833999872207642,0.021140292286872864,0.013399999588727951,0.34118449687957764,0.31393617391586304,1.0,0.5411311650238492,0.9941306180732195
bfp16,16,grad,producer,2,0,5,0.04492925692471591,0.986,0.057233165949583054,0.9843999743461609,0.02258969284594059,0.011799999512732029,0.3304452896118164,0.28517597913742065,1.0,0.5364987597687607,0.994177175122638
bfp16,16,grad,producer,2,0,6,0.03867969637784091,0.9878,0.05053544044494629,0.9878000020980835,0.015592128969728947,0.008599999360740185,0.3390786647796631,0.27253469824790955,1.0,0.5344482216921146,0.9941560967023982
bfp16,16,grad,producer,2,0,7,0.034826708984375,0.9895454545454545,0.05248440057039261,0.9861999750137329,0.016432933509349823,0.008200000040233135,0.32352983951568604,0.21913841366767883,1.0,0.5312653895400374,0.9941814333893532
bfp16,16,grad,producer,2,0,8,0.031100989879261364,0.9905636363636363,0.04766722396016121,0.9871999621391296,0.011588869616389275,0.007400000002235174,0.3352639377117157,0.21514540910720825,1.0,0.5281321801663558,0.9942592886991279
bfp16,16,grad,producer,2,0,9,0.02855009099786932,0.9910363636363636,0.05628473684191704,0.9845999479293823,0.015762057155370712,0.008999999612569809,0.34477701783180237,0.17460085451602936,1.0,0.524805621279314,0.9942870384038881
bfp16,16,grad,producer,2,0,10,0.026134465997869318,0.991890909090909,0.07013346254825592,0.9801999926567078,0.037817101925611496,0.013399999588727951,0.4071946442127228,0.20550362765789032,1.0,0.5240627391666036,0.994277457303779
bfp16,16,grad,producer,2,0,11,0.023624540571732956,0.9925090909090909,0.05116993561387062,0.9863999485969543,0.016544964164495468,0.008799999952316284,0.41430899500846863,0.16615499556064606,1.0,0.5216805313799571,0.9943070522574491
bfp16,16,grad,producer,2,0,12,0.0225196044921875,0.9927636363636364,0.04663712903857231,0.9861999750137329,0.0011907147709280252,0.0031999999191612005,0.4049527049064636,0.05384344235062599,1.0,0.5176285272471937,0.9943347309910974
bfp16,16,grad,producer,2,1,1,0.23593416193181818,0.9286909090909091,0.1040000468492508,0.9675999879837036,0.06370043754577637,0.028199998661875725,0.4657687246799469,0.46494337916374207,1.0,0.5883519680133938,0.993931331190952
bfp16,16,grad,producer,2,1,2,0.07592465376420454,0.9766,0.07468996942043304,0.9793999791145325,0.04975123330950737,0.019199999049305916,0.4076986610889435,0.4021274745464325,1.0,0.5459726437676281,0.9939727073492006
bfp16,16,grad,producer,2,1,3,0.058588636363636364,0.9814,0.0680546760559082,0.9789999723434448,0.03173580393195152,0.01719999872148037,0.35228970646858215,0.33835074305534363,1.0,0.529441104535419,0.9940353748410247
bfp16,16,grad,producer,2,1,4,0.04792698419744318,0.984909090909091,0.063776396214962,0.9817999601364136,0.026428721845149994,0.0142000000923872,0.3726695477962494,0.3467993140220642,1.0,0.5193132868020788,0.9940807963526526
bfp16,16,grad,producer,2,1,5,0.04099489080255682,0.9873454545454545,0.05247214436531067,0.98499995470047,0.02556636370718479,0.012999999336898327,0.33793047070503235,0.2905685603618622,1.0,0.514312062898932,0.9941173464752907
bfp16,16,grad,producer,2,1,6,0.036670927290482956,0.9881272727272727,0.04911166802048683,0.9863999485969543,0.01527428813278675,0.008999999612569809,0.3125605285167694,0.22620294988155365,1.0,0.5090638468632669,0.9941968341206395
bfp16,16,grad,producer,2,1,7,0.0328671630859375,0.9899272727272728,0.046238336712121964,0.9863999485969543,0.019203640520572662,0.010599999688565731,0.34251123666763306,0.23857809603214264,1.0,0.5055901382292514,0.9941805107648982
bfp16,16,grad,producer,2,1,8,0.029686024058948865,0.9906363636363636,0.05084628984332085,0.9853999614715576,0.02665935829281807,0.011399999260902405,0.3829919099807739,0.25006455183029175,1.0,0.5017831331090998,0.99421904807867
bfp16,16,grad,producer,2,1,9,0.0272754638671875,0.9911818181818182,0.062214985489845276,0.9839999675750732,0.027526922523975372,0.012999999336898327,0.3721725642681122,0.21304284036159515,1.0,0.49899625422922966,0.9942272097565407
bfp16,16,grad,producer,2,1,10,0.025143925337357955,0.9919272727272728,0.046236999332904816,0.9881999492645264,0.023852156475186348,0.009800000116229057,0.4021795690059662,0.1819588989019394,1.0,0.49608774611677553,0.994267024550327
bfp16,16,grad,producer,2,1,11,0.02278229092684659,0.992909090909091,0.05502226576209068,0.9847999811172485,0.022997545078396797,0.011799999512732029,0.41340506076812744,0.17811919748783112,1.0,0.4960365766412271,0.9942753281704215
bfp16,16,grad,producer,2,1,12,0.01998699618252841,0.9940727272727272,0.05045473203063011,0.9863999485969543,0.0006105438224039972,0.00139999995008111,0.4148046374320984,0.03986192122101784,1.0,0.49411238691224846,0.9942866125772166
bfp16,16,grad,producer,2,2,1,0.22639543678977272,0.9315636363636364,0.08838139474391937,0.9741999506950378,0.051466137170791626,0.020800000056624413,0.45855724811553955,0.45797887444496155,1.0,0.5909693489505038,0.9938473723655523
bfp16,16,grad,producer,2,2,2,0.07135152254971591,0.9778909090909091,0.06421591341495514,0.9815999865531921,0.027844710275530815,0.013199999928474426,0.3608913719654083,0.35546138882637024,1.0,0.5467990929549819,0.9939054267351017
bfp16,16,grad,producer,2,2,3,0.054325284090909094,0.9834181818181819,0.07521392405033112,0.9775999784469604,0.043982602655887604,0.01679999940097332,0.3982876241207123,0.38662365078926086,1.0,0.5317981784703086,0.99405517578125
bfp16,16,grad,producer,2,2,4,0.044356587357954544,0.9860909090909091,0.060077961534261703,0.9819999933242798,0.025820177048444748,0.012399999424815178,0.3392865061759949,0.31239384412765503,1.0,0.5199201369890823,0.9941317536110101
bfp16,16,grad,producer,2,2,5,0.03814101118607954,0.9882727272727273,0.0567927248775959,0.9845999479293823,0.024073053151369095,0.01119999960064888,0.3287869691848755,0.28869739174842834,1.0,0.5137971235995075,0.9941785945448764
bfp16,16,grad,producer,2,2,6,0.03412045010653409,0.9890363636363636,0.05713724344968796,0.9842000007629395,0.02036406099796295,0.010599999688565731,0.30225953459739685,0.24705836176872253,1.0,0.5067845030844663,0.9942587919013445
bfp16,16,grad,producer,2,2,7,0.029933624822443182,0.9905818181818182,0.0490533709526062,0.9875999689102173,0.012633242644369602,0.007799999788403511,0.3012256622314453,0.19421258568763733,1.0,0.5053098035651354,0.9942605661791425
bfp16,16,grad,producer,2,2,8,0.027119879705255683,0.9914363636363637,0.044865112751722336,0.9887999892234802,0.009469426237046719,0.005200000014156103,0.30665701627731323,0.1728953719139099,1.0,0.49856021400151546,0.9943565191224564
bfp16,16,grad,producer,2,2,9,0.02471574041193182,0.9922727272727273,0.04287848621606827,0.9887999892234802,0.009876873344182968,0.006599999964237213,0.33179089426994324,0.17185860872268677,1.0,0.4964804003213291,0.9943972565406977
bfp16,16,grad,producer,2,2,10,0.0218569091796875,0.9927454545454546,0.043260931968688965,0.9893999695777893,0.010589119978249073,0.005399999674409628,0.3650110065937042,0.13989780843257904,1.0,0.49268202754569645,0.994378662109375
bfp16,16,grad,producer,2,2,11,0.020342784534801137,0.9934181818181819,0.04730915650725365,0.9883999824523926,0.009240456856787205,0.005799999926239252,0.3943086564540863,0.14094114303588867,1.0,0.489836664714224,0.9944419683412064
bfp16,16,grad,producer,2,2,12,0.018722472034801138,0.9938363636363636,0.040939655154943466,0.990399956703186,0.00027787903673015535,0.00039999998989515007,0.38635098934173584,0.034618571400642395,1.0,0.483591900940148,0.994512868482013
bfp16,16,grad,producer,3,0,1,0.24291654829545453,0.9264727272727272,0.09056054055690765,0.973800003528595,0.05407443270087242,0.024000000208616257,0.4757057726383209,0.4756834805011749,1.0,0.719920609163611,0.9983614899391352
bfp16,16,grad,producer,3,0,2,0.07853477450284091,0.9754909090909091,0.0739317387342453,0.9785999655723572,0.045925114303827286,0.01939999870955944,0.39833858609199524,0.3974539041519165,1.0,0.66441858719243,0.998388600903888
bfp16,16,grad,producer,3,0,3,0.06027224343039773,0.9811272727272727,0.06686803698539734,0.9815999865531921,0.02800563909113407,0.0142000000923872,0.3351132571697235,0.3318389356136322,1.0,0.6468576242080711,0.9983917236328125
bfp16,16,grad,producer,3,0,4,0.04966493696732954,0.984909090909091,0.05846637487411499,0.9839999675750732,0.020180221647024155,0.012600000016391277,0.32028889656066895,0.31279441714286804,1.0,0.6365353218531445,0.9984027241551598
bfp16,16,grad,producer,3,0,5,0.044744256036931815,0.9860181818181818,0.05818752571940422,0.9837999939918518,0.02259019762277603,0.012000000104308128,0.29859432578086853,0.2858606278896332,1.0,0.6305996056489477,0.9984075501907703
bfp16,16,grad,producer,3,0,6,0.038463662997159094,0.9877454545454546,0.05253598466515541,0.986799955368042,0.01773601956665516,0.009599999524652958,0.30160194635391235,0.2828097939491272,1.0,0.6281399918143269,0.9984093954396802
bfp16,16,grad,producer,3,0,7,0.03504509943181818,0.9892727272727273,0.05155724659562111,0.9860000014305115,0.015027331188321114,0.008599999360740185,0.2488335520029068,0.21694225072860718,1.0,0.6241071125778341,0.9984277769576672
bfp16,16,grad,producer,3,0,8,0.031187220348011364,0.9903090909090909,0.04829302057623863,0.9861999750137329,0.011643868871033192,0.006799999624490738,0.25477245450019836,0.21783161163330078,1.0,0.6199155740044398,0.9984416872956032
bfp16,16,grad,producer,3,0,9,0.028690489612926137,0.9910363636363636,0.05512850359082222,0.9855999946594238,0.015235942788422108,0.008599999360740185,0.23430967330932617,0.17899306118488312,1.0,0.6161427061494278,0.9984406937000363
bfp16,16,grad,producer,3,0,10,0.026263145862926135,0.9918181818181818,0.06913405656814575,0.9803999662399292,0.03760864958167076,0.013199999928474426,0.2715170681476593,0.20591439306735992,1.0,0.6150031407674996,0.9984589332757994
bfp16,16,grad,producer,3,0,11,0.023651145241477274,0.9924363636363637,0.05200771614909172,0.9847999811172485,0.018018731847405434,0.00839999970048666,0.268401563167572,0.18089571595191956,1.0,0.6122262751696484,0.9984625528025073
bfp16,16,grad,producer,3,0,12,0.022574604936079545,0.9929272727272728,0.047033846378326416,0.9873999953269958,0.00041287645581178367,0.002199999988079071,0.20949649810791016,0.028458381071686745,1.0,0.6073130277570014,0.9984763921693314
bfp16,16,grad,producer,3,1,1,0.23495355113636363,0.9290727272727273,0.10371685773134232,0.9681999683380127,0.06350386887788773,0.0279999990016222,0.463857501745224,0.4637269377708435,1.0,0.6872678111478197,0.9983592188635538
bfp16,16,grad,producer,3,1,2,0.07575309836647727,0.9768545454545454,0.07420936971902847,0.9783999919891357,0.04949900880455971,0.02019999921321869,0.4042445421218872,0.40326350927352905,1.0,0.6409025929200085,0.9983629803324855
bfp16,16,grad,producer,3,1,3,0.05831956232244318,0.9817090909090909,0.06854686886072159,0.9801999926567078,0.0320592038333416,0.01679999940097332,0.34190258383750916,0.33928415179252625,1.0,0.6224111164208374,0.9983805101971294
bfp16,16,grad,producer,3,1,4,0.047725537109375,0.9851272727272727,0.06340467184782028,0.9813999533653259,0.026751670986413956,0.014599999412894249,0.35074976086616516,0.3453071117401123,1.0,0.6110425024154242,0.9983917236328125
bfp16,16,grad,producer,3,1,5,0.040749067826704545,0.9872545454545455,0.05316814407706261,0.98499995470047,0.0262984037399292,0.012999999336898327,0.29714658856391907,0.2864287793636322,1.0,0.6045107309038603,0.9984005240506904
bfp16,16,grad,producer,3,1,6,0.036443201793323866,0.9884181818181819,0.049358464777469635,0.9861999750137329,0.014672454446554184,0.008999999612569809,0.2463870495557785,0.22615572810173035,1.0,0.5970177766302458,0.9984145763308503
bfp16,16,grad,producer,3,1,7,0.03272713290127841,0.9898363636363636,0.04599044844508171,0.9869999885559082,0.017748786136507988,0.010199999436736107,0.26149654388427734,0.23772720992565155,1.0,0.5925938706139875,0.9984159247819767
bfp16,16,grad,producer,3,1,8,0.029582523970170454,0.9907454545454546,0.05073283612728119,0.98499995470047,0.02695145271718502,0.011799999512732029,0.28733357787132263,0.2557885944843292,1.0,0.5875656324700972,0.9984355837799782
bfp16,16,grad,producer,3,1,9,0.027241812411221592,0.9912545454545455,0.061324719339609146,0.9833999872207642,0.025276310741901398,0.012999999336898327,0.2521897852420807,0.20949026942253113,1.0,0.5832534248189685,0.9984321061954942
bfp16,16,grad,producer,3,1,10,0.025149181019176136,0.9920181818181818,0.04605507478117943,0.9889999628067017,0.022677011787891388,0.009399999864399433,0.24541768431663513,0.18232694268226624,1.0,0.5808995703491334,0.9984476488690044
bfp16,16,grad,producer,3,1,11,0.02278219327059659,0.9927818181818182,0.054133038967847824,0.98499995470047,0.022155767306685448,0.012000000104308128,0.2500242292881012,0.17853038012981415,1.0,0.5807647064419644,0.9984441712845203
bfp16,16,grad,producer,3,1,12,0.01998102361505682,0.9939454545454546,0.05128832533955574,0.9857999682426453,0.00031706588924862444,0.0015999999595806003,0.20146945118904114,0.02973313070833683,1.0,0.5782120084187142,0.9984370032022166
bfp16,16,grad,producer,3,2,1,0.22630104758522726,0.9315272727272728,0.08834374696016312,0.9747999906539917,0.051400743424892426,0.020800000056624413,0.4566689729690552,0.45666375756263733,1.0,0.6884185698959805,0.9983510571856832
bfp16,16,grad,producer,3,2,2,0.07127013050426137,0.9777090909090909,0.0642959251999855,0.9819999933242798,0.02794564701616764,0.013399999588727951,0.35364630818367004,0.3525374233722687,1.0,0.6428401285424036,0.9983542508857195
bfp16,16,grad,producer,3,2,3,0.054123180042613635,0.9835272727272727,0.07350122928619385,0.9783999919891357,0.04218968376517296,0.01599999889731407,0.3876153230667114,0.38495734333992004,1.0,0.6239120429319854,0.9983898074127907
bfp16,16,grad,producer,3,2,4,0.04424624911221591,0.9864363636363637,0.05970805138349533,0.9813999533653259,0.02567611075937748,0.012000000104308128,0.3219965696334839,0.315433531999588,1.0,0.611162826678672,0.9984071953352107
bfp16,16,grad,producer,3,2,5,0.03807193714488637,0.9880909090909091,0.05504786968231201,0.98499995470047,0.022296300157904625,0.009999999776482582,0.30126953125,0.2903788983821869,1.0,0.6035853913903366,0.998411382630814
bfp16,16,grad,producer,3,2,6,0.03407170632102273,0.9893090909090909,0.0558871291577816,0.9842000007629395,0.019126446917653084,0.010199999436736107,0.2634727358818054,0.2480134516954422,1.0,0.5951778240701782,0.998427067246548
bfp16,16,grad,producer,3,2,7,0.02966886985085227,0.9906,0.04898390173912048,0.9869999885559082,0.012598122470080853,0.007199999876320362,0.22955405712127686,0.1970711499452591,1.0,0.5930775097294408,0.9984289834665697
bfp16,16,grad,producer,3,2,8,0.0270465576171875,0.9915090909090909,0.04519087076187134,0.9883999824523926,0.00920170545578003,0.00559999980032444,0.21718254685401917,0.1741524338722229,1.0,0.5848854722355669,0.9984538943268532
bfp16,16,grad,producer,3,2,9,0.02472501553622159,0.9923454545454545,0.04273340851068497,0.9896000027656555,0.009497945196926594,0.00559999980032444,0.22830724716186523,0.17224684357643127,1.0,0.5831952315110535,0.998459359102471
bfp16,16,grad,producer,3,2,10,0.021726318359375,0.9926727272727273,0.04338761046528816,0.9893999695777893,0.010719326324760914,0.005200000014156103,0.2286388874053955,0.14263761043548584,1.0,0.579524658494301,0.9984507715979288
bfp16,16,grad,producer,3,2,11,0.020237349076704544,0.9934909090909091,0.046955667436122894,0.9891999959945679,0.009114689193665981,0.005399999674409628,0.24249063432216644,0.14328479766845703,1.0,0.575902972193565,0.9984719919603925
bfp16,16,grad,producer,3,2,12,0.01867176180752841,0.9939636363636364,0.04095083102583885,0.989799976348877,0.0001687669864622876,0.0009999999310821295,0.20067231357097626,0.021195759996771812,1.0,0.5675158813723826,0.9984920058139535
bfp16,16,grad,producer,4,0,1,0.24279144176136364,0.9263818181818182,0.0909019485116005,0.9735999703407288,0.054427340626716614,0.02419999986886978,0.47715646028518677,0.4770997166633606,1.0,0.7961468143548069,0.9995694892351017
bfp16,16,grad,producer,4,0,2,0.07846935369318182,0.9754181818181819,0.07411777228116989,0.9789999723434448,0.045936767011880875,0.01899999938905239,0.39839547872543335,0.3983553946018219,1.0,0.7397446912693109,0.9995737475018168
bfp16,16,grad,producer,4,0,3,0.060169646661931815,0.9812363636363637,0.0660235807299614,0.9821999669075012,0.027290932834148407,0.013199999928474426,0.3329256772994995,0.33257102966308594,1.0,0.7212155421506392,0.9995707667151162
bfp16,16,grad,producer,4,0,4,0.04964276899857954,0.9847272727272727,0.05805090814828873,0.9835999608039856,0.020142143592238426,0.012199999764561653,0.313644140958786,0.31255125999450684,1.0,0.7097449793164012,0.9995755217796148
bfp16,16,grad,producer,4,0,5,0.04467087624289773,0.9859818181818182,0.05724843218922615,0.9842000007629395,0.022315576672554016,0.012000000104308128,0.28988903760910034,0.2878307104110718,1.0,0.7024072869382553,0.9995748830396075
bfp16,16,grad,producer,4,0,6,0.03842658025568182,0.9878727272727272,0.05263282358646393,0.9869999885559082,0.017598018050193787,0.009599999524652958,0.2848089039325714,0.2813488245010376,1.0,0.6983227820690697,0.999577154115189
bfp16,16,grad,producer,4,0,7,0.034887404563210225,0.9892181818181818,0.05128965899348259,0.986799955368042,0.015041481703519821,0.008200000040233135,0.2234007716178894,0.2176060527563095,1.0,0.6948454147270045,0.9995783606240916
bfp16,16,grad,producer,4,0,8,0.03120817205255682,0.9901454545454546,0.04756281152367592,0.9875999689102173,0.011427509598433971,0.007199999876320362,0.22643406689167023,0.2197236865758896,1.0,0.6894482235042568,0.9995833995730378
bfp16,16,grad,producer,4,0,9,0.028652192826704545,0.9910727272727273,0.05515836179256439,0.9845999479293823,0.015307802706956863,0.009200000204145908,0.19273661077022552,0.181775763630867,1.0,0.6856296671172967,0.9995853867641715
bfp16,16,grad,producer,4,0,10,0.026004811789772726,0.9917818181818182,0.06718945503234863,0.9809999465942383,0.034545790404081345,0.012600000016391277,0.21107642352581024,0.19658121466636658,1.0,0.6842806086586344,0.999585812590843
bfp16,16,grad,producer,4,0,11,0.023610136274857956,0.9924909090909091,0.05051819980144501,0.9865999817848206,0.016348907724022865,0.00699999975040555,0.19510680437088013,0.173320010304451,1.0,0.6802301902726747,0.999590212799782
bfp16,16,grad,producer,4,0,12,0.022445527787642045,0.9926545454545455,0.04696601629257202,0.986799955368042,0.00039552259841002524,0.0026000000070780516,0.09744242578744888,0.027886632829904556,1.0,0.6764339910915407,0.9995924129042515
bfp16,16,grad,producer,4,1,1,0.23498618607954547,0.9287636363636363,0.10392627120018005,0.9679999947547913,0.06397932022809982,0.028199998661875725,0.46400555968284607,0.46397972106933594,1.0,0.7615450033991901,0.9995699150617733
bfp16,16,grad,producer,4,1,2,0.07571008522727272,0.9767818181818182,0.07555408030748367,0.9783999919891357,0.051070958375930786,0.02019999921321869,0.4048675298690796,0.4047422409057617,1.0,0.7126952190622599,0.999567502043968
bfp16,16,grad,producer,4,1,3,0.05829600497159091,0.9817272727272728,0.06901511549949646,0.9799999594688416,0.03266926854848862,0.01640000008046627,0.3392467200756073,0.33879348635673523,1.0,0.6943302292259211,0.9995682827261991
bfp16,16,grad,producer,4,1,4,0.047605632990056816,0.9851090909090909,0.06312219053506851,0.9815999865531921,0.026382556185126305,0.015199999324977398,0.3487844467163086,0.3477412462234497,1.0,0.6827130091032351,0.9995714054551236
bfp16,16,grad,producer,4,1,5,0.040739040305397725,0.9873272727272727,0.053698353469371796,0.98499995470047,0.026943722739815712,0.012799999676644802,0.2872829735279083,0.2850775718688965,1.0,0.6757943784427353,0.9995719022529069
bfp16,16,grad,producer,4,1,6,0.03655397727272727,0.9883090909090909,0.04931861534714699,0.9863999485969543,0.014944277703762054,0.008999999612569809,0.2309202402830124,0.22683165967464447,1.0,0.6674909426062743,0.9995749540107195
bfp16,16,grad,producer,4,1,7,0.03275893332741477,0.9898727272727272,0.046050071716308594,0.9873999953269958,0.017280496656894684,0.009599999524652958,0.2457101196050644,0.2407292127609253,1.0,0.6630596967035627,0.9995768702307413
bfp16,16,grad,producer,4,1,8,0.029681394264914774,0.9906727272727273,0.050564441829919815,0.9845999479293823,0.026358116418123245,0.011799999512732029,0.2620117962360382,0.25483500957489014,1.0,0.6566146965318838,0.9995829737463663
bfp16,16,grad,producer,4,1,9,0.0273134033203125,0.9910909090909091,0.06119650974869728,0.983199954032898,0.024996105581521988,0.012600000016391277,0.22312867641448975,0.2132594734430313,1.0,0.6532147691782287,0.999582405977471
bfp16,16,grad,producer,4,1,10,0.025205701793323862,0.991909090909091,0.04594171792268753,0.9881999492645264,0.021873125806450844,0.009800000116229057,0.19564341008663177,0.18018683791160583,1.0,0.6494583192569838,0.9995869481286337
bfp16,16,grad,producer,4,1,11,0.02276843927556818,0.9928363636363636,0.054696571081876755,0.9851999878883362,0.02173546887934208,0.01119999960064888,0.195913627743721,0.17648914456367493,1.0,0.650251550310001,0.9995873739553053
bfp16,16,grad,producer,4,1,12,0.020003699840198865,0.9940363636363636,0.05060293525457382,0.986799955368042,0.00012585548392962664,0.00039999998989515007,0.09959527105093002,0.01614796556532383,1.0,0.648833867297629,0.9995862384175145
bfp16,16,grad,producer,4,2,1,0.22634703480113635,0.9313272727272728,0.08861251175403595,0.974399983882904,0.0517517551779747,0.020999999716877937,0.4566405415534973,0.45667481422424316,1.0,0.7635730139120922,0.9995663665061774
bfp16,16,grad,producer,4,2,2,0.07124226740056819,0.9776,0.06450732797384262,0.9815999865531921,0.02809777483344078,0.013799999840557575,0.3525571823120117,0.3525222837924957,1.0,0.7180024041152725,0.9995624630950218
bfp16,16,grad,producer,4,2,3,0.054070827414772725,0.9835272727272727,0.07403983175754547,0.9783999919891357,0.04292197898030281,0.01599999889731407,0.3865813612937927,0.3862656354904175,1.0,0.6962500204929616,0.9995689214662064
bfp16,16,grad,producer,4,2,4,0.04421673029119318,0.9864363636363637,0.05932677537202835,0.9821999669075012,0.025163384154438972,0.012000000104308128,0.31341177225112915,0.3125119209289551,1.0,0.6829007084341251,0.9995714764262355
bfp16,16,grad,producer,4,2,5,0.03814694602272727,0.9881272727272727,0.055290721356868744,0.98499995470047,0.022383665665984154,0.010599999688565731,0.28895920515060425,0.2872566878795624,1.0,0.6748667221522404,0.9995723990506904
bfp16,16,grad,producer,4,2,6,0.034028830788352275,0.9891272727272727,0.05527876690030098,0.9845999479293823,0.01856592670083046,0.009800000116229057,0.2520737648010254,0.24980434775352478,1.0,0.6668767523978054,0.999574528184048
bfp16,16,grad,producer,4,2,7,0.02974837313565341,0.9906545454545455,0.04879853501915932,0.9869999885559082,0.01237577199935913,0.007199999876320362,0.2027338594198227,0.19686277210712433,1.0,0.6646492561216633,0.9995738184729288
bfp16,16,grad,producer,4,2,8,0.027009814453125,0.9914363636363637,0.04530656337738037,0.9887999892234802,0.00919089000672102,0.005399999674409628,0.1801542043685913,0.171883225440979,1.0,0.6568383626315848,0.99957978004633
bfp16,16,grad,producer,4,2,9,0.024666441761363636,0.9922181818181818,0.04233507812023163,0.9896000027656555,0.009412203915417194,0.00559999980032444,0.18472188711166382,0.1726446896791458,1.0,0.6541633234748763,0.99957978004633
bfp16,16,grad,producer,4,2,10,0.021689970259232954,0.9927454545454546,0.04358777403831482,0.9889999628067017,0.01079151127487421,0.00559999980032444,0.16404543817043304,0.14323930442333221,1.0,0.6496264969599331,0.99957978004633
bfp16,16,grad,producer,4,2,11,0.020124245383522726,0.9935454545454545,0.047185834497213364,0.9879999756813049,0.009366067126393318,0.006000000052154064,0.16899335384368896,0.1440664380788803,1.0,0.6457474025916728,0.9995852448219477
bfp16,16,grad,producer,4,2,12,0.018671018288352274,0.9940181818181818,0.040548503398895264,0.9899999499320984,0.0001208532412420027,0.0007999999797903001,0.09199655055999756,0.01708035171031952,1.0,0.637424101858194,0.9995881546375364
bfp16,16,grad,producer,5,0,1,0.24273881392045454,0.9263636363636364,0.09107284247875214,0.9731999635696411,0.05456560105085373,0.02499999850988388,0.47711119055747986,0.47702929377555847,1.0,0.8515326224782047,0.999887510787609
bfp16,16,grad,producer,5,0,2,0.07833542258522727,0.9755272727272727,0.07411400973796844,0.9787999987602234,0.045879293233156204,0.019199999049305916,0.3957796096801758,0.3957657217979431,1.0,0.7991930606589964,0.9998865171920421
bfp16,16,grad,producer,5,0,3,0.06006025390625,0.9812727272727273,0.06574689596891403,0.9824000000953674,0.026982320472598076,0.012999999336898327,0.3332095146179199,0.33320003747940063,1.0,0.7806088919306603,0.9998862333075945
bfp16,16,grad,producer,5,0,4,0.04962337979403409,0.9847636363636364,0.057796284556388855,0.9837999939918518,0.01985783316195011,0.012399999424815178,0.3088878393173218,0.3087410032749176,1.0,0.7692784570926564,0.999887510787609
bfp16,16,grad,producer,5,0,5,0.04461623313210227,0.9860363636363636,0.057770319283008575,0.9835999608039856,0.022521184757351875,0.012600000016391277,0.2857935428619385,0.28546783328056335,1.0,0.7629324183224565,0.9998874398164971
bfp16,16,grad,producer,5,0,6,0.03845992542613636,0.9876545454545455,0.051921453326940536,0.9879999756813049,0.01628522388637066,0.008799999952316284,0.2778380513191223,0.27716636657714844,1.0,0.7563700263587297,0.9998884334120639
bfp16,16,grad,producer,5,0,7,0.03492033913352273,0.9892545454545455,0.05112679302692413,0.9861999750137329,0.014630445279181004,0.008799999952316284,0.21796275675296783,0.2168419361114502,1.0,0.7519503501846627,0.9998886463253998
bfp16,16,grad,producer,5,0,8,0.031234457120028408,0.9901818181818182,0.04776715859770775,0.9863999485969543,0.01137353666126728,0.00699999975040555,0.21937285363674164,0.21804070472717285,1.0,0.745757677988361,0.9998904915743096
bfp16,16,grad,producer,5,0,9,0.028728988370028408,0.9909454545454546,0.05640501528978348,0.9847999811172485,0.015866011381149292,0.009399999864399433,0.1778259426355362,0.1752500683069229,1.0,0.7420127779140799,0.9998907044876454
bfp16,16,grad,producer,5,0,10,0.02622415216619318,0.9918181818181818,0.0678977519273758,0.9811999797821045,0.03554902225732803,0.012399999424815178,0.20317010581493378,0.19994378089904785,1.0,0.7398085109437744,0.9998911303143169
bfp16,16,grad,producer,5,0,11,0.02369671075994318,0.9926181818181818,0.05117521435022354,0.9865999817848206,0.01676645129919052,0.007799999788403511,0.17900849878787994,0.17376363277435303,1.0,0.7365259568124359,0.9998923368232194
bfp16,16,grad,producer,5,0,12,0.022553406871448863,0.9927090909090909,0.04704848304390907,0.986799955368042,0.0003657590423244983,0.001999999862164259,0.05393125116825104,0.029061274603009224,1.0,0.7317718204818534,0.9998929755632268
bfp16,16,grad,producer,5,1,1,0.23457240767045454,0.9286,0.10357040911912918,0.9684000015258789,0.06365720182657242,0.027400000020861626,0.4643266201019287,0.4643225371837616,1.0,0.8173342114632854,0.999888362440952
bfp16,16,grad,producer,5,1,2,0.07572269176136363,0.976690909090909,0.07494717091321945,0.9789999723434448,0.05056194216012955,0.019600000232458115,0.4047345519065857,0.40474051237106323,1.0,0.7698217182387928,0.9998860203942587
bfp16,16,grad,producer,5,1,3,0.05818765536221591,0.9816909090909091,0.06800214946269989,0.9799999594688416,0.03187422454357147,0.01640000008046627,0.3437913656234741,0.3437366783618927,1.0,0.7496770241131009,0.9998863042787064
bfp16,16,grad,producer,5,1,4,0.047674382990056816,0.9849818181818182,0.06275878101587296,0.9824000000953674,0.02608230523765087,0.013799999840557575,0.34468916058540344,0.344522625207901,1.0,0.7392854063634008,0.9998863042787064
bfp16,16,grad,producer,5,1,5,0.04068839222301136,0.9874181818181819,0.05303541198372841,0.9855999946594238,0.026099929586052895,0.012600000016391277,0.28629663586616516,0.28597262501716614,1.0,0.7318110020196039,0.9998868010764899
bfp16,16,grad,producer,5,1,6,0.03647935236150568,0.9882,0.049279022961854935,0.9863999485969543,0.015144970268011093,0.009200000204145908,0.2259834259748459,0.22529937326908112,1.0,0.7222091438819771,0.9998884334120639
bfp16,16,grad,producer,5,1,7,0.032702135120738635,0.9898181818181818,0.04649046063423157,0.9871999621391296,0.018175121396780014,0.009800000116229057,0.24409839510917664,0.24328117072582245,1.0,0.7164175484422539,0.9998886463253998
bfp16,16,grad,producer,5,1,8,0.02960908203125,0.9908,0.050582706928253174,0.9845999479293823,0.02617678791284561,0.012000000104308128,0.25393974781036377,0.2527453601360321,1.0,0.708759460541944,0.9998894979787427
bfp16,16,grad,producer,5,1,9,0.027273020241477274,0.9911454545454546,0.060766398906707764,0.9833999872207642,0.02560954913496971,0.012399999424815178,0.21753676235675812,0.21576166152954102,1.0,0.7064052468638705,0.9998900657476381
bfp16,16,grad,producer,5,1,10,0.025080579723011365,0.991890909090909,0.046167194843292236,0.988599956035614,0.022429535165429115,0.009399999864399433,0.182341530919075,0.17970582842826843,1.0,0.7012904436713662,0.999891910996548
bfp16,16,grad,producer,5,1,11,0.022700521573153408,0.992890909090909,0.05360671505331993,0.9847999811172485,0.021768786013126373,0.012000000104308128,0.17998959124088287,0.17614194750785828,1.0,0.7010514117733002,0.999892762649891
bfp16,16,grad,producer,5,1,12,0.019967289595170454,0.9941818181818182,0.04998401924967766,0.9869999885559082,0.0001430416596122086,0.0007999999797903001,0.044660694897174835,0.01567174680531025,1.0,0.6987725139239463,0.9998920529387718
bfp16,16,grad,producer,5,2,1,0.2263181818181818,0.9312909090909091,0.08857077360153198,0.9745999574661255,0.05165112763643265,0.020800000056624413,0.45561257004737854,0.45561033487319946,1.0,0.8194716909701668,0.9998874398164971
bfp16,16,grad,producer,5,2,2,0.07122266512784091,0.9775454545454545,0.06425292044878006,0.9817999601364136,0.02784149721264839,0.013599999248981476,0.35380515456199646,0.3538060486316681,1.0,0.7753778711524366,0.999884884856468
bfp16,16,grad,producer,5,2,3,0.054043013139204545,0.9835454545454545,0.07351149618625641,0.9785999655723572,0.04229051619768143,0.015799999237060547,0.38569068908691406,0.38572952151298523,1.0,0.7526247884102881,0.9998856655386992
bfp16,16,grad,producer,5,2,4,0.044130522017045454,0.9863818181818181,0.059376977384090424,0.9819999933242798,0.025121692568063736,0.011799999512732029,0.3120848536491394,0.31201982498168945,1.0,0.7395937716843558,0.9998858074809229
bfp16,16,grad,producer,5,2,5,0.038062548828125,0.9881454545454545,0.05576421692967415,0.9845999479293823,0.022756017744541168,0.010999999940395355,0.28654614090919495,0.28635022044181824,1.0,0.7316218568418341,0.9998855235964753
bfp16,16,grad,producer,5,2,6,0.03407454944957387,0.9892,0.05561279132962227,0.9845999479293823,0.018870748579502106,0.009800000116229057,0.2514559328556061,0.2512759566307068,1.0,0.7240750590817584,0.9998869430187136
bfp16,16,grad,producer,5,2,7,0.029723583984375,0.9905818181818182,0.048730455338954926,0.9869999885559082,0.012221201322972775,0.007199999876320362,0.1983221173286438,0.19750620424747467,1.0,0.722658156942375,0.9998869430187136
bfp16,16,grad,producer,5,2,8,0.027017573686079547,0.9914545454545455,0.04514814913272858,0.9889999628067017,0.009228302165865898,0.004999999888241291,0.1747504025697708,0.17357800900936127,1.0,0.7136480171601173,0.9998891431231831
bfp16,16,grad,producer,5,2,9,0.024650206409801135,0.9921636363636364,0.042606282979249954,0.9896000027656555,0.00958516076207161,0.005399999674409628,0.17402929067611694,0.17192186415195465,1.0,0.7106792779997897,0.9998898528343023
bfp16,16,grad,producer,5,2,10,0.021721772904829545,0.9926909090909091,0.04344043508172035,0.9887999892234802,0.010623978450894356,0.005799999926239252,0.1470341682434082,0.1426640897989273,1.0,0.7070480412996374,0.9998907754587573
bfp16,16,grad,producer,5,2,11,0.020155393288352273,0.9935818181818182,0.04693273827433586,0.9883999824523926,0.009255658835172653,0.006000000052154064,0.1472851186990738,0.1416214108467102,1.0,0.7023546513622866,0.999893685274346
bfp16,16,grad,producer,5,2,12,0.018709663529829546,0.993890909090909,0.040342047810554504,0.9901999831199646,0.00011287801316939294,0.0005999999702908099,0.043593477457761765,0.015840450301766396,1.0,0.6939277684602453,0.9998932594476744
bfp16,16,grad,producer,7,0,1,0.24267679332386363,0.9263454545454546,0.09116564691066742,0.9731999635696411,0.05465560778975487,0.02499999850988388,0.4753207564353943,0.47520118951797485,1.0,0.9168100740420577,0.999996522415516
bfp16,16,grad,producer,7,0,2,0.07837061434659091,0.9754909090909091,0.07419897615909576,0.9785999655723572,0.04613061249256134,0.01939999870955944,0.3968091607093811,0.39672350883483887,1.0,0.8742232461213356,0.999996522415516
bfp16,16,grad,producer,7,0,3,0.06003922230113636,0.9813636363636363,0.06541465222835541,0.9825999736785889,0.026826882734894753,0.012799999676644802,0.33323416113853455,0.33315956592559814,1.0,0.8581819426126975,0.9999960256177326
bfp16,16,grad,producer,7,0,4,0.049590966796875,0.9848545454545454,0.05832607299089432,0.9837999939918518,0.020268874242901802,0.012799999676644802,0.3112529516220093,0.31127116084098816,1.0,0.8480863517526348,0.9999960256177326
bfp16,16,grad,producer,7,0,5,0.04450506036931818,0.9861454545454545,0.05713726207613945,0.9843999743461609,0.02210255153477192,0.011799999512732029,0.28457361459732056,0.28459760546684265,1.0,0.8415811060578743,0.9999961675599564
bfp16,16,grad,producer,7,0,6,0.03848100142045455,0.9878181818181818,0.051716823130846024,0.9875999689102173,0.016257021576166153,0.008799999952316284,0.2776836156845093,0.27769219875335693,1.0,0.8337060833988365,0.9999963095021802
bfp16,16,grad,producer,7,0,7,0.034909315074573864,0.9895636363636363,0.05097522586584091,0.9860000014305115,0.014291088096797466,0.00839999970048666,0.21409183740615845,0.21407829225063324,1.0,0.8275219632751003,0.9999964514444041
bfp16,16,grad,producer,7,0,8,0.03114097567471591,0.9902363636363636,0.0476776584982872,0.986799955368042,0.011487241834402084,0.006799999624490738,0.21811415255069733,0.2181011438369751,1.0,0.8206681113460226,0.999996522415516
bfp16,16,grad,producer,7,0,9,0.028607166637073862,0.9912545454545455,0.05466508865356445,0.9847999811172485,0.01480191946029663,0.008799999952316284,0.1783328801393509,0.17827995121479034,1.0,0.8190119854032721,0.9999962385310683
bfp16,16,grad,producer,7,0,10,0.02612618741122159,0.992,0.07038284838199615,0.9807999730110168,0.03845260664820671,0.0139999995008111,0.20431087911128998,0.20427177846431732,1.0,0.8149218399900292,0.9999963095021802
bfp16,16,grad,producer,7,0,11,0.023697978071732954,0.9927636363636364,0.051460545510053635,0.9860000014305115,0.01667753979563713,0.007799999788403511,0.1715124398469925,0.17134398221969604,1.0,0.8117111777653273,0.999996522415516
bfp16,16,grad,producer,7,0,12,0.022543372691761362,0.992909090909091,0.047154899686574936,0.9869999885559082,0.0007243002764880657,0.00279999990016222,0.042795710265636444,0.041956204921007156,1.0,0.807238748566812,0.9999970192132994
bfp16,16,grad,producer,7,1,1,0.23475921519886364,0.9288363636363637,0.10371901839971542,0.9681999683380127,0.06372229754924774,0.02759999968111515,0.46339887380599976,0.4633985161781311,1.0,0.8899230058401942,0.9999968772710756
bfp16,16,grad,producer,7,1,2,0.07570822088068181,0.9766363636363636,0.0757165253162384,0.9785999655723572,0.051216110587120056,0.019999999552965164,0.4053458869457245,0.40536028146743774,1.0,0.8485397304446597,0.9999964514444041
bfp16,16,grad,producer,7,1,3,0.0581537109375,0.9816181818181818,0.06841712445020676,0.9801999926567078,0.03220638632774353,0.01640000008046627,0.3374274671077728,0.3374217748641968,1.0,0.827837677587427,0.9999961675599564
bfp16,16,grad,producer,7,1,4,0.04761355646306818,0.9851818181818182,0.06277899444103241,0.9824000000953674,0.026018822565674782,0.0139999995008111,0.3414592742919922,0.3414699137210846,1.0,0.8183998735582374,0.9999958836755087
bfp16,16,grad,producer,7,1,5,0.04068156516335227,0.9874909090909091,0.05235743895173073,0.9855999946594238,0.02521728165447712,0.012199999764561653,0.2871773838996887,0.2871869206428528,1.0,0.8113745055551739,0.9999960256177326
bfp16,16,grad,producer,7,1,6,0.036431132368607955,0.9883818181818181,0.04956436902284622,0.9860000014305115,0.015473899431526661,0.009200000204145908,0.22845137119293213,0.22844398021697998,1.0,0.8001653878917518,0.9999963095021802
bfp16,16,grad,producer,7,1,7,0.03267790749289773,0.9899272727272728,0.04607962444424629,0.9871999621391296,0.01765364594757557,0.009800000116229057,0.23922088742256165,0.23920190334320068,1.0,0.7932413493316691,0.9999961675599564
bfp16,16,grad,producer,7,1,8,0.029656090198863637,0.9907454545454546,0.04978281259536743,0.9851999878883362,0.025498341768980026,0.01119999960064888,0.2544371783733368,0.2544580399990082,1.0,0.7855205337413074,0.999996522415516
bfp16,16,grad,producer,7,1,9,0.027228657670454546,0.9913090909090909,0.06168776750564575,0.9829999804496765,0.02685999684035778,0.012799999676644802,0.21875318884849548,0.21873855590820312,1.0,0.7817609314076218,0.9999963095021802
bfp16,16,grad,producer,7,1,10,0.025142555930397728,0.991890909090909,0.04628647863864899,0.9887999892234802,0.02266295999288559,0.009599999524652958,0.18105322122573853,0.1810617446899414,1.0,0.7769167727380244,0.9999966643577398
bfp16,16,grad,producer,7,1,11,0.02274392311789773,0.9928181818181818,0.053005293011665344,0.9851999878883362,0.021383162587881088,0.011599999852478504,0.17636987566947937,0.17629709839820862,1.0,0.7758946048685225,0.9999965933866279
bfp16,16,grad,producer,7,1,12,0.01991858575994318,0.9941454545454546,0.05022395774722099,0.9865999817848206,0.00012390603660605848,0.0007999999797903001,0.016213148832321167,0.014700940810143948,1.0,0.7715222915903382,0.9999966643577398
bfp16,16,grad,producer,7,2,1,0.22628785511363636,0.9312545454545454,0.08856704831123352,0.974399983882904,0.051590695977211,0.021199999377131462,0.45593833923339844,0.4559071362018585,1.0,0.8885934217680596,0.9999967353288517
bfp16,16,grad,producer,7,2,2,0.07128624378551136,0.9776,0.06416480243206024,0.9817999601364136,0.02778972126543522,0.013599999248981476,0.3525362014770508,0.3524744510650635,1.0,0.8502960465840995,0.9999960256177326
bfp16,16,grad,producer,7,2,3,0.05401593572443182,0.9835272727272727,0.07392662763595581,0.9785999655723572,0.04272869974374771,0.015799999237060547,0.38453468680381775,0.38459205627441406,1.0,0.8299151729571289,0.9999959546466206
bfp16,16,grad,producer,7,2,4,0.044186226029829544,0.9863454545454545,0.05965299531817436,0.9819999933242798,0.025583626702427864,0.012199999764561653,0.3110724687576294,0.31109941005706787,1.0,0.8187579372361902,0.999995670762173
bfp16,16,grad,producer,7,2,5,0.038144642223011366,0.9881272727272727,0.055315736681222916,0.9851999878883362,0.02215285412967205,0.010400000028312206,0.2869623601436615,0.2869999408721924,1.0,0.8105121079191516,0.9999959546466206
bfp16,16,grad,producer,7,2,6,0.0340284423828125,0.9892545454545455,0.05505776405334473,0.9847999811172485,0.018390556797385216,0.009599999524652958,0.2501009702682495,0.25008532404899597,1.0,0.8014053412625839,0.9999960965888445
bfp16,16,grad,producer,7,2,7,0.029674109996448865,0.9906363636363636,0.04887907952070236,0.9869999885559082,0.012477702461183071,0.007199999876320362,0.1957395076751709,0.19574777781963348,1.0,0.799620191114618,0.9999960256177326
bfp16,16,grad,producer,7,2,8,0.02699501065340909,0.9915818181818182,0.04578859731554985,0.988599956035614,0.009841421619057655,0.00559999980032444,0.17095540463924408,0.17094403505325317,1.0,0.7892522713052843,0.999996522415516
bfp16,16,grad,producer,7,2,9,0.024644480202414772,0.9922363636363636,0.042419519275426865,0.989799976348877,0.009402149356901646,0.005799999926239252,0.17475493252277374,0.17474032938480377,1.0,0.7848128234414464,0.9999963804732922
bfp16,16,grad,producer,7,2,10,0.021621042702414772,0.9928181818181818,0.04325471818447113,0.9889999628067017,0.010493709705770016,0.00559999980032444,0.1413516104221344,0.1412372887134552,1.0,0.7822849410523397,0.9999965933866279
bfp16,16,grad,producer,7,2,11,0.02007479802911932,0.9934,0.046924054622650146,0.9891999959945679,0.009020849131047726,0.00559999980032444,0.14385564625263214,0.14358855783939362,1.0,0.7752636608910597,0.9999968772710756
bfp16,16,grad,producer,7,2,12,0.018621579811789774,0.9941090909090909,0.04047367721796036,0.990399956703186,6.181102071423084e-05,0.00039999998989515007,0.014439909718930721,0.01237420178949833,1.0,0.7685041868993204,0.9999969482421875
bfp16,16,grad,producer,10,0,1,0.24284066051136363,0.9262363636363636,0.09107503294944763,0.9731999635696411,0.05462220311164856,0.02459999918937683,0.4763964116573334,0.47625210881233215,1.0,0.9587946330731238,1.0
bfp16,16,grad,producer,10,0,2,0.0783921875,0.9755454545454545,0.07439406961202621,0.9785999655723572,0.04632492735981941,0.01939999870955944,0.3974516987800598,0.39735496044158936,1.0,0.9306620181765924,0.9999999290288881
bfp16,16,grad,producer,10,0,3,0.060073171164772725,0.9814,0.06568609178066254,0.9824000000953674,0.026892265304923058,0.012999999336898327,0.3333355486392975,0.33324259519577026,1.0,0.9179580446105406,0.9999999290288881
bfp16,16,grad,producer,10,0,4,0.04961208718039773,0.9848545454545454,0.05814750865101814,0.9842000007629395,0.020193761214613914,0.012199999764561653,0.31014445424079895,0.31015506386756897,1.0,0.911096550893277,1.0
bfp16,16,grad,producer,10,0,5,0.04457712180397727,0.985909090909091,0.05795589089393616,0.9839999675750732,0.022779660299420357,0.012199999764561653,0.2878165543079376,0.28784164786338806,1.0,0.9062756390042659,0.9999999290288881
bfp16,16,grad,producer,10,0,6,0.038431782670454544,0.9876909090909091,0.05151236429810524,0.9879999756813049,0.016202611848711967,0.008799999952316284,0.2756122946739197,0.2756565511226654,1.0,0.8997446356913077,0.9999999290288881
bfp16,16,grad,producer,10,0,7,0.034884745649857954,0.9893090909090909,0.05104731395840645,0.9861999750137329,0.014417394995689392,0.008599999360740185,0.21589632332324982,0.2159065455198288,1.0,0.8952928726155649,0.9999999290288881
bfp16,16,grad,producer,10,0,8,0.031218763316761364,0.9902545454545455,0.04748081415891647,0.9871999621391296,0.011419392190873623,0.006799999624490738,0.21615667641162872,0.21616405248641968,1.0,0.8884667822073739,0.9999999290288881
bfp16,16,grad,producer,10,0,9,0.028603892933238638,0.9910727272727273,0.055256254971027374,0.9847999811172485,0.01572202518582344,0.009399999864399433,0.18175384402275085,0.18177956342697144,1.0,0.885868789638199,0.9999999290288881
bfp16,16,grad,producer,10,0,10,0.026096180308948863,0.9918363636363636,0.06676830351352692,0.9815999865531921,0.034455761313438416,0.012399999424815178,0.19797436892986298,0.19800373911857605,1.0,0.883632303848105,1.0
bfp16,16,grad,producer,10,0,11,0.02357999600497159,0.9926727272727273,0.05163956433534622,0.9857999682426453,0.017492318525910378,0.007799999788403511,0.17763154208660126,0.177629292011261,1.0,0.8784240906834362,0.9999999290288881
bfp16,16,grad,producer,10,0,12,0.022480333362926135,0.9928727272727272,0.047109588980674744,0.9869999885559082,0.00030784503906033933,0.001999999862164259,0.024440450593829155,0.024352451786398888,1.0,0.8731514177151796,1.0
bfp16,16,grad,producer,10,1,1,0.23477581676136364,0.9288181818181818,0.10325983911752701,0.9687999486923218,0.06337466835975647,0.027400000020861626,0.4637060761451721,0.46370571851730347,1.0,0.9411233059293945,1.0
bfp16,16,grad,producer,10,1,2,0.07576314808238636,0.976690909090909,0.07530629634857178,0.9787999987602234,0.05082587152719498,0.01979999989271164,0.4039488136768341,0.4039613604545593,1.0,0.9112396730311932,0.9999999290288881
bfp16,16,grad,producer,10,1,3,0.05808475230823864,0.9818363636363636,0.068290576338768,0.9801999926567078,0.03238390013575554,0.01640000008046627,0.3368237018585205,0.33680853247642517,1.0,0.8946499464504795,0.9999999290288881
bfp16,16,grad,producer,10,1,4,0.047603231534090906,0.9852181818181818,0.06319592148065567,0.9815999865531921,0.026773907244205475,0.014999999664723873,0.3435942828655243,0.3436107337474823,1.0,0.886492971621853,1.0
bfp16,16,grad,producer,10,1,5,0.04065182883522727,0.9875636363636363,0.05252242460846901,0.98499995470047,0.02528444491326809,0.012799999676644802,0.28657421469688416,0.28659242391586304,1.0,0.8804372112796506,0.9999999290288881
bfp16,16,grad,producer,10,1,6,0.03650196200284091,0.9882909090909091,0.04922792315483093,0.9860000014305115,0.014843666926026344,0.009200000204145908,0.22645486891269684,0.22646276652812958,1.0,0.8694784920368441,0.9999999290288881
bfp16,16,grad,producer,10,1,7,0.03265780140269886,0.9899636363636364,0.04616495221853256,0.9871999621391296,0.01775456964969635,0.009999999776482582,0.24004462361335754,0.240058034658432,1.0,0.8640575058977529,0.9999999290288881
bfp16,16,grad,producer,10,1,8,0.029651094193892044,0.9905818181818182,0.05029064789414406,0.98499995470047,0.026445304974913597,0.011399999260902405,0.2546316385269165,0.25466370582580566,1.0,0.8583126494797128,1.0
bfp16,16,grad,producer,10,1,9,0.02731076438210227,0.9912363636363636,0.06145603209733963,0.983199954032898,0.026055309921503067,0.012600000016391277,0.21663038432598114,0.21665512025356293,1.0,0.8549603790810237,0.9999999290288881
bfp16,16,grad,producer,10,1,10,0.025154294655539772,0.9918,0.04673510789871216,0.9881999492645264,0.02382233552634716,0.010199999436736107,0.18432939052581787,0.18431591987609863,1.0,0.8494014204117869,1.0
bfp16,16,grad,producer,10,1,11,0.022753455699573863,0.9927454545454546,0.053523845970630646,0.98499995470047,0.0217475276440382,0.011799999512732029,0.17831118404865265,0.17833499610424042,1.0,0.8487437375119676,0.9999999290288881
bfp16,16,grad,producer,10,1,12,0.01991942471590909,0.9941818181818182,0.05087397247552872,0.986799955368042,8.012288890313357e-05,0.0007999999797903001,0.01343460101634264,0.013415158726274967,1.0,0.845259853969762,0.9999999290288881
bfp16,16,grad,producer,10,2,1,0.22631328125,0.9314181818181818,0.08852087706327438,0.974399983882904,0.051646970212459564,0.020999999716877937,0.45640090107917786,0.45635995268821716,1.0,0.9387025041327374,1.0
bfp16,16,grad,producer,10,2,2,0.07125196200284091,0.9776363636363636,0.06438880413770676,0.9817999601364136,0.028017016127705574,0.013599999248981476,0.35288628935813904,0.35280364751815796,1.0,0.9119988802484829,0.9999999290288881
bfp16,16,grad,producer,10,2,3,0.05409957386363636,0.9835636363636364,0.07382248342037201,0.9785999655723572,0.042540669441223145,0.015799999237060547,0.3844570815563202,0.38450077176094055,1.0,0.8959726888474159,1.0
bfp16,16,grad,producer,10,2,4,0.04421894087357955,0.9864181818181819,0.05985056236386299,0.9817999601364136,0.025774922221899033,0.012000000104308128,0.3150579333305359,0.3150489032268524,1.0,0.8876551807603696,0.9999999290288881
bfp16,16,grad,producer,10,2,5,0.03808039328835227,0.9880727272727273,0.0551644042134285,0.9851999878883362,0.022076236084103584,0.010599999688565731,0.2876124978065491,0.2876186966896057,1.0,0.8792491093933299,1.0
bfp16,16,grad,producer,10,2,6,0.03410468306107955,0.9892,0.05516810342669487,0.9847999811172485,0.018355842679739,0.009399999864399433,0.24943825602531433,0.24936634302139282,1.0,0.8716082464138709,0.9999999290288881
bfp16,16,grad,producer,10,2,7,0.02969678400213068,0.9905636363636363,0.04854786396026611,0.9869999885559082,0.01210889220237732,0.007199999876320362,0.1940128654241562,0.193965882062912,1.0,0.8692423854428523,1.0
bfp16,16,grad,producer,10,2,8,0.026980652965198863,0.9914909090909091,0.045343782752752304,0.9887999892234802,0.009464817121624947,0.005399999674409628,0.1716468185186386,0.17156703770160675,1.0,0.8602630292986594,1.0
bfp16,16,grad,producer,10,2,9,0.024621448863636364,0.9921818181818182,0.04248505458235741,0.9896000027656555,0.00950643327087164,0.00559999980032444,0.17228683829307556,0.17228040099143982,1.0,0.8559577936763277,1.0
bfp16,16,grad,producer,10,2,10,0.021671693004261364,0.9927454545454546,0.04343866929411888,0.9889999628067017,0.010516340844333172,0.00559999980032444,0.14275206625461578,0.14277198910713196,1.0,0.8530641201672329,1.0
bfp16,16,grad,producer,10,2,11,0.020107080078125,0.9934,0.04668097570538521,0.9893999695777893,0.008948217146098614,0.005399999674409628,0.14141064882278442,0.14142267405986786,1.0,0.8463307911710456,0.9999999290288881
bfp16,16,grad,producer,10,2,12,0.018639100230823862,0.9940363636363636,0.04052579030394554,0.9905999898910522,6.785016012145206e-05,0.00019999999494757503,0.012601065449416637,0.012566852383315563,1.0,0.8393576884065626,0.9999999290288881
bfp16,16,grad,producer,23,0,1,0.24282160866477273,0.9263090909090909,0.09126251190900803,0.9731999635696411,0.05478345975279808,0.02499999850988388,0.47650599479675293,0.4763684570789337,1.0,1.0,1.0
bfp16,16,grad,producer,23,0,2,0.0784286044034091,0.9753454545454545,0.07460286468267441,0.9785999655723572,0.0465536005795002,0.01939999870955944,0.39683935046195984,0.3967520296573639,1.0,1.0,1.0
bfp16,16,grad,producer,23,0,3,0.06011017400568182,0.9813636363636363,0.06572387367486954,0.9825999736785889,0.02693711780011654,0.012799999676644802,0.33518266677856445,0.33509737253189087,1.0,1.0,1.0
bfp16,16,grad,producer,23,0,4,0.04961729403409091,0.984890909090909,0.05791647359728813,0.9842000007629395,0.020029457286000252,0.012399999424815178,0.3097781538963318,0.3097877502441406,1.0,1.0,1.0
bfp16,16,grad,producer,23,0,5,0.04464911665482955,0.9859818181818182,0.05725613981485367,0.9843999743461609,0.022140828892588615,0.011799999512732029,0.2875858247280121,0.2876109778881073,1.0,1.0,1.0
bfp16,16,grad,producer,23,0,6,0.038450887784090906,0.9876727272727273,0.052109986543655396,0.9878000020980835,0.017293917015194893,0.008999999612569809,0.2784596085548401,0.2785038650035858,1.0,1.0,1.0
bfp16,16,grad,producer,23,0,7,0.034896193625710226,0.9894545454545455,0.05163329467177391,0.9857999682426453,0.015208524651825428,0.008999999612569809,0.21794670820236206,0.2179621458053589,1.0,1.0,1.0
bfp16,16,grad,producer,23,0,8,0.031194364790482956,0.9901454545454546,0.04744337871670723,0.9869999885559082,0.011371300555765629,0.006599999964237213,0.22095249593257904,0.220965176820755,1.0,1.0,1.0
bfp16,16,grad,producer,23,0,9,0.028669040749289772,0.9910909090909091,0.0551975816488266,0.9847999811172485,0.015297248028218746,0.009399999864399433,0.17776240408420563,0.17778626084327698,1.0,1.0,1.0
bfp16,16,grad,producer,23,0,10,0.026141867897727274,0.9917090909090909,0.06765064597129822,0.9817999601364136,0.03596395254135132,0.012199999764561653,0.19972355663776398,0.19975581765174866,1.0,1.0,1.0
bfp16,16,grad,producer,23,0,11,0.02365870028409091,0.9926363636363637,0.05166894569993019,0.9857999682426453,0.01736116223037243,0.008200000040233135,0.1771077662706375,0.17710919678211212,1.0,1.0,1.0
bfp16,16,grad,producer,23,0,12,0.022507277610085228,0.9928,0.04656838998198509,0.9875999689102173,0.0003270928282290697,0.0017999999690800905,0.02562570385634899,0.025561846792697906,1.0,1.0,1.0
bfp16,16,grad,producer,23,1,1,0.23472384588068182,0.9288181818181818,0.10365670174360275,0.9685999751091003,0.06367751210927963,0.02759999968111515,0.4634721875190735,0.4634704887866974,1.0,1.0,1.0
bfp16,16,grad,producer,23,1,2,0.07577740589488637,0.9766727272727272,0.07548649609088898,0.9789999723434448,0.051056988537311554,0.019600000232458115,0.40396472811698914,0.40397003293037415,1.0,1.0,1.0
bfp16,16,grad,producer,23,1,3,0.05815453213778409,0.9816,0.0683869794011116,0.9801999926567078,0.03248777985572815,0.016599999740719795,0.34089991450309753,0.3408861458301544,1.0,1.0,1.0
bfp16,16,grad,producer,23,1,4,0.04765143821022727,0.9851818181818182,0.06294446438550949,0.9821999669075012,0.026371654123067856,0.0139999995008111,0.3422396183013916,0.34225520491600037,1.0,1.0,1.0
bfp16,16,grad,producer,23,1,5,0.040718022017045455,0.9873818181818181,0.052506133913993835,0.98499995470047,0.025412309914827347,0.012799999676644802,0.2865874171257019,0.28660470247268677,1.0,1.0,1.0
bfp16,16,grad,producer,23,1,6,0.03646327237215909,0.9884545454545455,0.04950053244829178,0.9861999750137329,0.015341319143772125,0.008999999612569809,0.22704459726810455,0.22705264389514923,1.0,1.0,1.0
bfp16,16,grad,producer,23,1,7,0.032677860884232954,0.9898545454545454,0.04599627107381821,0.9871999621391296,0.017684105783700943,0.009999999776482582,0.23937125504016876,0.23938612639904022,1.0,1.0,1.0
bfp16,16,grad,producer,23,1,8,0.0296894287109375,0.9907090909090909,0.05020035430788994,0.9851999878883362,0.02611967921257019,0.011599999852478504,0.25495973229408264,0.2549864649772644,1.0,1.0,1.0
bfp16,16,grad,producer,23,1,9,0.027230701793323864,0.9911818181818182,0.061783093959093094,0.9827999472618103,0.02591896988451481,0.012999999336898327,0.2173084169626236,0.21733379364013672,1.0,1.0,1.0
bfp16,16,grad,producer,23,1,10,0.025076094193892045,0.9920181818181818,0.046355441212654114,0.9883999824523926,0.022445542737841606,0.009999999776482582,0.17920850217342377,0.1791848987340927,1.0,1.0,1.0
bfp16,16,grad,producer,23,1,11,0.022710029740767045,0.9927818181818182,0.053446605801582336,0.9855999946594238,0.022346192970871925,0.011399999260902405,0.17869190871715546,0.17871537804603577,1.0,1.0,1.0
bfp16,16,grad,producer,23,1,12,0.019925996537642047,0.9940909090909091,0.050750598311424255,0.9869999885559082,0.00011393902241252363,0.0007999999797903001,0.015995968133211136,0.015970000997185707,1.0,1.0,1.0
bfp16,16,grad,producer,23,2,1,0.22634330610795456,0.9313272727272728,0.08856715261936188,0.974399983882904,0.05156152695417404,0.020600000396370888,0.4555426239967346,0.4554978907108307,1.0,1.0,1.0
bfp16,16,grad,producer,23,2,2,0.07123367808948863,0.9775818181818182,0.06413525342941284,0.9819999933242798,0.0277089923620224,0.013399999588727951,0.35284167528152466,0.35275882482528687,1.0,1.0,1.0
bfp16,16,grad,producer,23,2,3,0.054100075461647724,0.9834909090909091,0.07394930720329285,0.9781999588012695,0.04267051815986633,0.016200000420212746,0.3849250078201294,0.38497194647789,1.0,1.0,1.0
bfp16,16,grad,producer,23,2,4,0.04425361772017045,0.9863090909090909,0.05986356735229492,0.9815999865531921,0.02587875910103321,0.012199999764561653,0.3153616786003113,0.31535521149635315,1.0,1.0,1.0
bfp16,16,grad,producer,23,2,5,0.03814350142045454,0.9880363636363636,0.055557310581207275,0.98499995470047,0.022565364837646484,0.010599999688565731,0.28583037853240967,0.28585338592529297,1.0,1.0,1.0
bfp16,16,grad,producer,23,2,6,0.03413157182173295,0.9891818181818182,0.05526536703109741,0.9843999743461609,0.018481966108083725,0.009999999776482582,0.24852822721004486,0.24845553934574127,1.0,1.0,1.0
bfp16,16,grad,producer,23,2,7,0.02975364657315341,0.9905636363636363,0.048554301261901855,0.9871999621391296,0.012044582515954971,0.00699999975040555,0.19437626004219055,0.19430743157863617,1.0,1.0,1.0
bfp16,16,grad,producer,23,2,8,0.026971433327414772,0.9914727272727273,0.04542482644319534,0.988599956035614,0.009431535378098488,0.00559999980032444,0.17357371747493744,0.17351119220256805,1.0,1.0,1.0
bfp16,16,grad,producer,23,2,9,0.024645381303267044,0.9922909090909091,0.042568132281303406,0.9891999959945679,0.009426296688616276,0.005799999926239252,0.1719747632741928,0.17197707295417786,1.0,1.0,1.0
bfp16,16,grad,producer,23,2,10,0.021688738458806818,0.9926727272727273,0.043433282524347305,0.9889999628067017,0.01053626835346222,0.00559999980032444,0.14320626854896545,0.14322945475578308,1.0,1.0,1.0
bfp16,16,grad,producer,23,2,11,0.020091792436079545,0.9936545454545455,0.047243472188711166,0.9887999892234802,0.009203323163092136,0.006000000052154064,0.1428791731595993,0.14289572834968567,1.0,1.0,1.0
bfp16,16,grad,producer,23,2,12,0.018632102272727272,0.9939272727272728,0.04069416597485542,0.990399956703186,6.17234836681746e-05,0.00039999998989515007,0.01130710169672966,0.011275937780737877,1.0,1.0,1.0
bfp16,16,grad_sr,producer,1,0,1,0.24458345170454546,0.9264727272727272,0.09185068309307098,0.973800003528595,0.05537005513906479,0.023799998685717583,0.47649654746055603,0.4762876629829407,1.0,0.5130290223107289,0.9545830305232558
bfp16,16,grad_sr,producer,1,0,2,0.07927720170454546,0.9750727272727273,0.07481485605239868,0.9781999588012695,0.04663635790348053,0.019999999552965164,0.4008084237575531,0.40031561255455017,1.0,0.4752830148162271,0.9556456100109012
bfp16,16,grad_sr,producer,1,0,3,0.06055602805397727,0.9810181818181818,0.06924876570701599,0.9797999858856201,0.030201302841305733,0.01640000008046627,0.3343445956707001,0.3324331045150757,1.0,0.46575026417543386,0.9560495775799419
bfp16,16,grad_sr,producer,1,0,4,0.049728000710227274,0.9850363636363636,0.06088551506400108,0.9821999669075012,0.022739509120583534,0.013799999840557575,0.30987247824668884,0.30864304304122925,1.0,0.45891123268384987,0.9563267907430959
bfp16,16,grad_sr,producer,1,0,5,0.044654638671875,0.9858545454545454,0.05801839008927345,0.9839999675750732,0.02323109097778797,0.012199999764561653,0.29152995347976685,0.28982096910476685,1.0,0.4547175062953526,0.9566766073537427
bfp16,16,grad_sr,producer,1,0,6,0.038815962357954543,0.9878363636363636,0.05157014727592468,0.9875999689102173,0.015707077458500862,0.008799999952316284,0.27687931060791016,0.27521252632141113,1.0,0.45168445265999657,0.9567864706349928
bfp16,16,grad_sr,producer,1,0,7,0.03507525301846591,0.9893818181818181,0.053197234869003296,0.9853999614715576,0.01709653250873089,0.009200000204145908,0.2258361130952835,0.2219628244638443,1.0,0.4475517743927552,0.9570277014444041
bfp16,16,grad_sr,producer,1,0,8,0.03119149502840909,0.9903090909090909,0.04788145050406456,0.9863999485969543,0.012070633471012115,0.007199999876320362,0.21280841529369354,0.21078412234783173,1.0,0.4439424055802907,0.9572233687999636
bfp16,16,grad_sr,producer,1,0,9,0.028793299449573862,0.9908181818181818,0.05920110642910004,0.9842000007629395,0.02133168652653694,0.011599999852478504,0.20202048122882843,0.1979319304227829,1.0,0.4412599982379281,0.9574370628179506
bfp16,16,grad_sr,producer,1,0,10,0.026230812766335227,0.9915454545454545,0.07228479534387589,0.9793999791145325,0.04217129573225975,0.015599999576807022,0.21247659623622894,0.20896689593791962,1.0,0.440124380441376,0.9575729724972747
bfp16,16,grad_sr,producer,1,0,11,0.02384236727627841,0.9924727272727273,0.053308647125959396,0.9842000007629395,0.020639730617403984,0.009800000116229057,0.19244033098220825,0.18904699385166168,1.0,0.43859346864636223,0.9576152712799783
bfp16,16,grad_sr,producer,1,0,12,0.022676533647017046,0.992909090909091,0.04511750116944313,0.9878000020980835,0.0019172824686393142,0.00419999985024333,0.07513412833213806,0.06941679865121841,1.0,0.43512227645069107,0.9579863082530886
bfp16,16,grad_sr,producer,1,1,1,0.23486070667613637,0.9286181818181818,0.10112382471561432,0.9697999954223633,0.06209024041891098,0.025999998673796654,0.4673900008201599,0.46734121441841125,1.0,0.496754042715714,0.9553930947946948
bfp16,16,grad_sr,producer,1,1,2,0.07595816761363636,0.9767454545454546,0.07688895612955093,0.9783999919891357,0.05268019437789917,0.01979999989271164,0.4051450490951538,0.4049568474292755,1.0,0.46135249499496217,0.9554501555686773
bfp16,16,grad_sr,producer,1,1,3,0.05826675692471591,0.9816727272727273,0.0689796656370163,0.9793999791145325,0.03273874893784523,0.016200000420212746,0.34190309047698975,0.3414593040943146,1.0,0.44656420315139495,0.955882014784702
bfp16,16,grad_sr,producer,1,1,4,0.0478826171875,0.9850909090909091,0.06390558183193207,0.9813999533653259,0.026316741481423378,0.014800000004470348,0.3486855626106262,0.348132461309433,1.0,0.4366674545929209,0.956211675599564
bfp16,16,grad_sr,producer,1,1,5,0.040885804332386366,0.9869818181818182,0.05118328332901001,0.9857999682426453,0.02505764737725258,0.012799999676644802,0.2877200245857239,0.28709882497787476,1.0,0.4325262152407682,0.9564768946448038
bfp16,16,grad_sr,producer,1,1,6,0.03687634499289773,0.9883090909090909,0.04909317195415497,0.9873999953269958,0.01630159094929695,0.009200000204145908,0.23215147852897644,0.23148944973945618,1.0,0.4281701761645137,0.95670166015625
bfp16,16,grad_sr,producer,1,1,7,0.033011194957386365,0.9899636363636364,0.04666425660252571,0.9873999953269958,0.017791973426938057,0.009399999864399433,0.23528841137886047,0.23451419174671173,1.0,0.42362943004213927,0.9569930675417878
bfp16,16,grad_sr,producer,1,1,8,0.029951120827414773,0.9905818181818182,0.04937531799077988,0.9869999885559082,0.02592904306948185,0.010400000028312206,0.2502047121524811,0.24932773411273956,1.0,0.4219227769350292,0.9572573639625727
bfp16,16,grad_sr,producer,1,1,9,0.027410680042613638,0.9909818181818182,0.0590246319770813,0.9839999675750732,0.0240355022251606,0.013399999588727951,0.21691395342350006,0.2159716784954071,1.0,0.4194678380179691,0.957293701171875
bfp16,16,grad_sr,producer,1,1,10,0.025284923206676135,0.9916909090909091,0.04452817887067795,0.9879999756813049,0.02249431423842907,0.010400000028312206,0.18340663611888885,0.18189769983291626,1.0,0.41495919410740445,0.957598025299782
bfp16,16,grad_sr,producer,1,1,11,0.022908183149857955,0.9926909090909091,0.051883336156606674,0.9853999614715576,0.021145503968000412,0.010599999688565731,0.1862356811761856,0.1845872402191162,1.0,0.41634444147953403,0.9573492715525073
bfp16,16,grad_sr,producer,1,1,12,0.02015780362215909,0.9938181818181818,0.04978793486952782,0.9871999621391296,0.00190390320494771,0.00279999990016222,0.06953667849302292,0.06408345699310303,1.0,0.4144616594250307,0.9576159809910973
bfp16,16,grad_sr,producer,1,2,1,0.22724987571022728,0.9307818181818182,0.08828993886709213,0.9735999703407288,0.05187578126788139,0.02199999988079071,0.45947179198265076,0.45891860127449036,1.0,0.4974453616327566,0.9548096412836119
bfp16,16,grad_sr,producer,1,2,2,0.07104299094460227,0.9777636363636364,0.06351591646671295,0.9809999465942383,0.027615847066044807,0.0142000000923872,0.35510215163230896,0.35462769865989685,1.0,0.45829578451987585,0.9547735879587572
bfp16,16,grad_sr,producer,1,2,3,0.053997381036931816,0.9834181818181819,0.07309963554143906,0.9783999919891357,0.042541153728961945,0.01640000008046627,0.38718876242637634,0.38705694675445557,1.0,0.4457490461828771,0.9555433406386264
bfp16,16,grad_sr,producer,1,2,4,0.04438820578835227,0.9859818181818182,0.05796342343091965,0.9829999804496765,0.024665532633662224,0.011399999260902405,0.315900593996048,0.31545111536979675,1.0,0.4367480084695624,0.9560619265534157
bfp16,16,grad_sr,producer,1,2,5,0.03827500887784091,0.9881636363636364,0.05651148781180382,0.9843999743461609,0.024738719686865807,0.01119999960064888,0.29574987292289734,0.2951612174510956,1.0,0.43110889493641646,0.9564159304596657
bfp16,16,grad_sr,producer,1,2,6,0.03413181596235795,0.9893090909090909,0.055306751281023026,0.9843999743461609,0.019846642389893532,0.01119999960064888,0.25446951389312744,0.25311458110809326,1.0,0.4266250664563605,0.9570502702579942
bfp16,16,grad_sr,producer,1,2,7,0.029825588156960226,0.9905090909090909,0.04937536641955376,0.9869999885559082,0.013559862971305847,0.007999999448657036,0.20603546500205994,0.20405332744121552,1.0,0.4251091781528147,0.9570860396984011
bfp16,16,grad_sr,producer,1,2,8,0.02731422674005682,0.9913636363636363,0.044348374009132385,0.988599956035614,0.010056663304567337,0.005799999926239252,0.18854553997516632,0.1866200566291809,1.0,0.4186981275109492,0.9577371996502544
bfp16,16,grad_sr,producer,1,2,9,0.02497528409090909,0.9920909090909091,0.04167868196964264,0.9896000027656555,0.010154502466320992,0.006399999838322401,0.18352091312408447,0.1815713346004486,1.0,0.4178425061442262,0.9578262683957122
bfp16,16,grad_sr,producer,1,2,10,0.021810862038352273,0.9928,0.04166615754365921,0.9893999695777893,0.010309568606317043,0.005399999674409628,0.15388889610767365,0.15081597864627838,1.0,0.4154398316388797,0.9577694915061773
bfp16,16,grad_sr,producer,1,2,11,0.0203241455078125,0.9935818181818182,0.045665111392736435,0.9896000027656555,0.00955766998231411,0.005200000014156103,0.15049369633197784,0.14678362011909485,1.0,0.4138309800633858,0.9583092268123183
bfp16,16,grad_sr,producer,1,2,12,0.01869959161931818,0.9941090909090909,0.03940502926707268,0.990399956703186,0.001187245943583548,0.001999999862164259,0.065548837184906,0.05452675372362137,1.0,0.4075735788921424,0.9587519446084666
bfp16,16,grad_sr,producer,2,0,1,0.24383567116477273,0.9265454545454546,0.09185643494129181,0.9729999899864197,0.05504066124558449,0.024799998849630356,0.4749719202518463,0.4748866856098175,1.0,0.6382695312523593,0.987189572356468
bfp16,16,grad_sr,producer,2,0,2,0.0788457919034091,0.9753272727272727,0.07302449643611908,0.9787999987602234,0.04479510337114334,0.01939999870955944,0.39659518003463745,0.3964823782444,1.0,0.5892393858210486,0.9873987242232921
bfp16,16,grad_sr,producer,2,0,3,0.060239124644886365,0.9812,0.06801508367061615,0.9799999594688416,0.029143383726477623,0.015399999916553497,0.3356013298034668,0.3354533016681671,1.0,0.5765700683105802,0.9874481910882994
bfp16,16,grad_sr,producer,2,0,4,0.04960110085227273,0.9849636363636364,0.05833972245454788,0.9833999872207642,0.0208424162119627,0.013399999588727951,0.3128020167350769,0.31270667910575867,1.0,0.5676015134376097,0.9875269690225291
bfp16,16,grad_sr,producer,2,0,5,0.044649533913352274,0.985909090909091,0.05854233354330063,0.983199954032898,0.02348634973168373,0.012600000016391277,0.29049280285835266,0.29037076234817505,1.0,0.561687515211976,0.9876233477925145
bfp16,16,grad_sr,producer,2,0,6,0.03847964311079546,0.987909090909091,0.05160094425082207,0.9875999689102173,0.016266318038105965,0.008999999612569809,0.2769782245159149,0.2767771780490875,1.0,0.5588220319587275,0.9876140505768533
bfp16,16,grad_sr,producer,2,0,7,0.03483006036931818,0.9892181818181818,0.053200941532850266,0.9857999682426453,0.017318150028586388,0.008799999952316284,0.21692810952663422,0.21650394797325134,1.0,0.5535036693798101,0.9877236299736555
bfp16,16,grad_sr,producer,2,0,8,0.031073561789772726,0.9904545454545455,0.0482022650539875,0.9879999756813049,0.012128368951380253,0.007599999662488699,0.21717718243598938,0.21687887609004974,1.0,0.549446401094534,0.9878364740416061
bfp16,16,grad_sr,producer,2,0,9,0.028658906693892046,0.9910181818181818,0.05700594559311867,0.9839999675750732,0.017881158739328384,0.010799999348819256,0.1845085769891739,0.18416571617126465,1.0,0.545794371080252,0.9879084387490916
bfp16,16,grad_sr,producer,2,0,10,0.02605933283025568,0.9918545454545454,0.06904688477516174,0.9799999594688416,0.036630935966968536,0.0139999995008111,0.20401035249233246,0.2035568654537201,1.0,0.5456691721591242,0.9879581894985465
bfp16,16,grad_sr,producer,2,0,11,0.023599030095880682,0.9923454545454545,0.05303812772035599,0.9851999878883362,0.019063634797930717,0.010199999436736107,0.18213610351085663,0.18161892890930176,1.0,0.5440611045788689,0.9880105661791424
bfp16,16,grad_sr,producer,2,0,12,0.02246874334161932,0.9928727272727272,0.04651015251874924,0.9873999953269958,0.0011019061785191298,0.0026000000070780516,0.05036446824669838,0.04838166385889053,1.0,0.5391782953831784,0.988118229355923
bfp16,16,grad_sr,producer,2,1,1,0.2355220880681818,0.9288727272727273,0.10246623307466507,0.968999981880188,0.06301894038915634,0.027400000020861626,0.46311983466148376,0.4631027281284332,1.0,0.6131693814738618,0.9873347792514535
bfp16,16,grad_sr,producer,2,1,2,0.07596685901988637,0.9766,0.07676088064908981,0.9785999655723572,0.052207205444574356,0.020399998873472214,0.40864837169647217,0.40853774547576904,1.0,0.5709074352069067,0.9873246303824491
bfp16,16,grad_sr,producer,2,1,3,0.05849063387784091,0.9816545454545454,0.06852061301469803,0.9797999858856201,0.032836124300956726,0.016599999740719795,0.3404105603694916,0.3402984142303467,1.0,0.553976338191799,0.9874282482058503
bfp16,16,grad_sr,producer,2,1,4,0.04781631747159091,0.9850909090909091,0.063628189265728,0.9815999865531921,0.027247581630945206,0.014999999664723873,0.3459662199020386,0.34581702947616577,1.0,0.5438916252780662,0.9874999290288881
bfp16,16,grad_sr,producer,2,1,5,0.040923508522727275,0.9871818181818182,0.05156370997428894,0.9851999878883362,0.02469058893620968,0.012799999676644802,0.28453725576400757,0.2844143807888031,1.0,0.5390974554541621,0.9875515959983648
bfp16,16,grad_sr,producer,2,1,6,0.03681299050071023,0.9883090909090909,0.04971396178007126,0.9861999750137329,0.016004595905542374,0.008999999612569809,0.23056212067604065,0.23038724064826965,1.0,0.5321709734610827,0.9876572010128997
bfp16,16,grad_sr,producer,2,1,7,0.03304119984019886,0.9898545454545454,0.04592238366603851,0.9875999689102173,0.01765640266239643,0.009599999524652958,0.2299291342496872,0.2297201007604599,1.0,0.5285658545484647,0.9877120616824128
bfp16,16,grad_sr,producer,2,1,8,0.0299555908203125,0.9906545454545455,0.0502384752035141,0.9861999750137329,0.026306472718715668,0.011399999260902405,0.2549920678138733,0.2547093629837036,1.0,0.52525932259557,0.9878109954124273
bfp16,16,grad_sr,producer,2,1,9,0.02759073153409091,0.9909818181818182,0.05963186174631119,0.9837999939918518,0.02410760149359703,0.012000000104308128,0.21415136754512787,0.2138814777135849,1.0,0.5235858276604328,0.9877750130586846
bfp16,16,grad_sr,producer,2,1,10,0.0254626953125,0.9918,0.0452946275472641,0.9883999824523926,0.022621365264058113,0.009200000204145908,0.18384410440921783,0.18325312435626984,1.0,0.5195054663826446,0.9878622365552325
bfp16,16,grad_sr,producer,2,1,11,0.022982550603693183,0.992890909090909,0.0551518052816391,0.9853999614715576,0.02184387855231762,0.010999999940395355,0.17917461693286896,0.17877072095870972,1.0,0.5202094198997633,0.9878782760265261
bfp16,16,grad_sr,producer,2,1,12,0.02027870205965909,0.993909090909091,0.050085004419088364,0.9871999621391296,0.0007330931257456541,0.0015999999595806003,0.04069797694683075,0.03873899579048157,1.0,0.5181986718412099,0.9878765017487282
bfp16,16,grad_sr,producer,2,2,1,0.2268324396306818,0.9311454545454545,0.08811955899000168,0.9739999771118164,0.05133954808115959,0.021199999377131462,0.4581577777862549,0.45787104964256287,1.0,0.6133758502171166,0.987186946425327
bfp16,16,grad_sr,producer,2,2,2,0.07118908469460228,0.9776181818181818,0.06506391614675522,0.9811999797821045,0.028666503727436066,0.0139999995008111,0.35649317502975464,0.3560781478881836,1.0,0.5701260678464412,0.987229671034702
bfp16,16,grad_sr,producer,2,2,3,0.05412228781960227,0.9835636363636364,0.07133365422487259,0.9785999655723572,0.039991337805986404,0.015799999237060547,0.38472476601600647,0.3845660984516144,1.0,0.5546577925250521,0.9873919819676599
bfp16,16,grad_sr,producer,2,2,4,0.04427774769176136,0.9861636363636364,0.059101652354002,0.9821999669075012,0.02474426105618477,0.012199999764561653,0.31325027346611023,0.31283238530158997,1.0,0.5427317019282362,0.9875
bfp16,16,grad_sr,producer,2,2,5,0.03824727450284091,0.9879818181818182,0.05540909990668297,0.9847999811172485,0.022276809439063072,0.009999999776482582,0.2888093888759613,0.28839412331581116,1.0,0.5359026734313751,0.987615966796875
bfp16,16,grad_sr,producer,2,2,6,0.034048033558238634,0.9891090909090909,0.055942803621292114,0.9842000007629395,0.0192547794431448,0.010199999436736107,0.24974754452705383,0.24876129627227783,1.0,0.5300202613893363,0.9877457729605741
bfp16,16,grad_sr,producer,2,2,7,0.02981778009588068,0.9904181818181819,0.049576979130506516,0.9865999817848206,0.01288648508489132,0.007199999876320362,0.19993510842323303,0.1977882981300354,1.0,0.5282645311899766,0.9877337788426599
bfp16,16,grad_sr,producer,2,2,8,0.027125517134232953,0.9914727272727273,0.045255545526742935,0.9889999628067017,0.009574268944561481,0.004999999888241291,0.18034249544143677,0.17837704718112946,1.0,0.5204838227127339,0.9879729514898256
bfp16,16,grad_sr,producer,2,2,9,0.02469834872159091,0.9922,0.042641110718250275,0.9893999695777893,0.009610126726329327,0.006199999712407589,0.17705340683460236,0.175505593419075,1.0,0.5183615560381813,0.9879890619322311
bfp16,16,grad_sr,producer,2,2,10,0.02170991876775568,0.9925454545454545,0.043106596916913986,0.9901999831199646,0.010074001736938953,0.005200000014156103,0.14288868010044098,0.14104034006595612,1.0,0.5156658637302134,0.9879426468250363
bfp16,16,grad_sr,producer,2,2,11,0.0201642578125,0.9935454545454545,0.0462864451110363,0.9893999695777893,0.008321896195411682,0.005200000014156103,0.14264574646949768,0.14023780822753906,1.0,0.5128241863708931,0.9881447725517806
bfp16,16,grad_sr,producer,2,2,12,0.0188015869140625,0.9940909090909091,0.040887389332056046,0.9899999499320984,0.000387171923648566,0.0011999999405816197,0.043963413685560226,0.0326545424759388,1.0,0.5063959866255282,0.9882632233375727
bfp16,16,grad_sr,producer,3,0,1,0.24314770951704545,0.9267272727272727,0.09100579470396042,0.9733999967575073,0.054512571543455124,0.02459999918937683,0.47687679529190063,0.4767483174800873,1.0,0.7359226601086142,0.9966019741324491
bfp16,16,grad_sr,producer,3,0,2,0.07850657848011364,0.9753818181818181,0.07381068915128708,0.9789999723434448,0.045852288603782654,0.01899999938905239,0.3953464925289154,0.3950577974319458,1.0,0.6823401108749878,0.9966284463571947
bfp16,16,grad_sr,producer,3,0,3,0.060126056463068185,0.9813090909090909,0.06615719199180603,0.9824000000953674,0.027580223977565765,0.012999999336898327,0.33460620045661926,0.33410951495170593,1.0,0.6654706237374908,0.9966167361237283
bfp16,16,grad_sr,producer,3,0,4,0.04963618607954545,0.9848727272727272,0.05830783024430275,0.9842000007629395,0.020411433652043343,0.011799999512732029,0.30929291248321533,0.3089355230331421,1.0,0.6539688428950788,0.9966315690861192
bfp16,16,grad_sr,producer,3,0,5,0.04461490145596591,0.9859818181818182,0.05772330239415169,0.9835999608039856,0.022352389991283417,0.012199999764561653,0.2875250279903412,0.28713688254356384,1.0,0.647714291906053,0.996638666197311
bfp16,16,grad_sr,producer,3,0,6,0.038453213778409094,0.9878181818181818,0.05099695920944214,0.9875999689102173,0.015688898041844368,0.00839999970048666,0.273648202419281,0.27343612909317017,1.0,0.6428806136258199,0.9966504474018896
bfp16,16,grad_sr,producer,3,0,7,0.03486914284446023,0.9892181818181818,0.05123782530426979,0.9860000014305115,0.015146475285291672,0.008799999952316284,0.2158346325159073,0.2152031660079956,1.0,0.6373127899681766,0.9966808940089026
bfp16,16,grad_sr,producer,3,0,8,0.031154982688210226,0.9902181818181818,0.04709119722247124,0.9871999621391296,0.011375418864190578,0.006599999964237213,0.2161342054605484,0.21572309732437134,1.0,0.6334851505914106,0.9967077920603198
bfp16,16,grad_sr,producer,3,0,9,0.02874031649502841,0.991,0.05504729598760605,0.9851999878883362,0.015817660838365555,0.008999999612569809,0.18345016241073608,0.18299266695976257,1.0,0.6305073282460038,0.9967292963072311
bfp16,16,grad_sr,producer,3,0,10,0.026220676491477274,0.9918363636363636,0.06903886795043945,0.9811999797821045,0.036704059690237045,0.013199999928474426,0.20085707306861877,0.2004893571138382,1.0,0.629434825740186,0.9967435615007267
bfp16,16,grad_sr,producer,3,0,11,0.023717100941051138,0.9924545454545455,0.05096982419490814,0.9851999878883362,0.016794519498944283,0.00839999970048666,0.17462372779846191,0.174172505736351,1.0,0.626451024734624,0.996774788789971
bfp16,16,grad_sr,producer,3,0,12,0.02260110751065341,0.9928727272727272,0.04612113907933235,0.9875999689102173,0.00040436332346871495,0.0017999999690800905,0.03248601779341698,0.03035389631986618,1.0,0.6211377115443987,0.9967937380768532
bfp16,16,grad_sr,producer,3,1,1,0.2342998046875,0.9287090909090909,0.1020011231303215,0.9693999886512756,0.062357787042856216,0.026599999517202377,0.4639988839626312,0.464000940322876,1.0,0.7036669600110179,0.9966154586437137
bfp16,16,grad_sr,producer,3,1,2,0.07558927556818182,0.9770545454545455,0.07476929575204849,0.9787999987602234,0.05019127577543259,0.01979999989271164,0.40244483947753906,0.40244191884994507,1.0,0.6578678001377218,0.996602896756904
bfp16,16,grad_sr,producer,3,1,3,0.05818908913352273,0.9816727272727273,0.06820845603942871,0.9801999926567078,0.03207356482744217,0.016599999740719795,0.33837905526161194,0.33834221959114075,1.0,0.6391959766713352,0.9966141101925872
bfp16,16,grad_sr,producer,3,1,4,0.04763902698863636,0.9851090909090909,0.06272431463003159,0.9825999736785889,0.026002513244748116,0.013799999840557575,0.34567132592201233,0.34563079476356506,1.0,0.6283342875972253,0.996628233443859
bfp16,16,grad_sr,producer,3,1,5,0.040715181107954544,0.9872727272727273,0.05289866402745247,0.9857999682426453,0.02609451487660408,0.012399999424815178,0.28328678011894226,0.28324589133262634,1.0,0.622518630425581,0.9966380984284157
bfp16,16,grad_sr,producer,3,1,6,0.03661506569602273,0.9884181818181819,0.04932677745819092,0.9863999485969543,0.015422466211020947,0.009200000204145908,0.22557199001312256,0.22547055780887604,1.0,0.6142295659275012,0.9966747195221657
bfp16,16,grad_sr,producer,3,1,7,0.032848359818892045,0.9899636363636364,0.04623185098171234,0.9869999885559082,0.017836853861808777,0.009999999776482582,0.2393026500940323,0.23914596438407898,1.0,0.6097585196872785,0.9966804681822311
bfp16,16,grad_sr,producer,3,1,8,0.029716728071732954,0.9907454545454546,0.05006128549575806,0.98499995470047,0.025989046320319176,0.011799999512732029,0.25472673773765564,0.25462430715560913,1.0,0.6048144938547767,0.9967165215070858
bfp16,16,grad_sr,producer,3,1,9,0.027404774058948863,0.9912545454545455,0.06138521805405617,0.9829999804496765,0.026335615664720535,0.012999999336898327,0.21931806206703186,0.21916651725769043,1.0,0.6022493350116592,0.9967201410337936
bfp16,16,grad_sr,producer,3,1,10,0.025301930930397728,0.9918545454545454,0.045411765575408936,0.9879999756813049,0.02144061028957367,0.009999999776482582,0.1811036467552185,0.1810070425271988,1.0,0.5972454444386274,0.9967454777207485
bfp16,16,grad_sr,producer,3,1,11,0.022816972212357955,0.9928181818181818,0.05357280746102333,0.9853999614715576,0.02199813723564148,0.011399999260902405,0.1782705932855606,0.17796698212623596,1.0,0.5975378399674296,0.9967325609783794
bfp16,16,grad_sr,producer,3,1,12,0.020098353160511364,0.9940545454545454,0.05038146674633026,0.986799955368042,0.0002880115353036672,0.0009999999310821295,0.027111470699310303,0.02445434033870697,1.0,0.5961642781496468,0.9967395871184593
bfp16,16,grad_sr,producer,3,2,1,0.22657789417613636,0.931490909090909,0.0882779210805893,0.9745999574661255,0.051425766199827194,0.020999999716877937,0.4568198025226593,0.45679032802581787,1.0,0.7063594294399081,0.9965923930323402
bfp16,16,grad_sr,producer,3,2,2,0.07118668323863636,0.9777454545454546,0.06394518166780472,0.9815999865531921,0.027598068118095398,0.013599999248981476,0.3545930087566376,0.3545830547809601,1.0,0.6604666223412564,0.9965517265852107
bfp16,16,grad_sr,producer,3,2,3,0.054032004616477274,0.9834727272727273,0.07283519208431244,0.9779999852180481,0.041743189096450806,0.01640000008046627,0.38273313641548157,0.3827822208404541,1.0,0.6417118191481088,0.9966006966524346
bfp16,16,grad_sr,producer,3,2,4,0.04427505770596591,0.9863454545454545,0.0590059831738472,0.9821999669075012,0.025025948882102966,0.011599999852478504,0.3121810853481293,0.31219661235809326,1.0,0.6287312464182679,0.9966363241506178
bfp16,16,grad_sr,producer,3,2,5,0.03812705522017045,0.9881454545454545,0.05513487383723259,0.98499995470047,0.022463351488113403,0.010599999688565731,0.28820517659187317,0.28823065757751465,1.0,0.6205880815124231,0.9966514409974564
bfp16,16,grad_sr,producer,3,2,6,0.03405812544389204,0.9892545454545455,0.055217161774635315,0.9842000007629395,0.018666816875338554,0.010199999436736107,0.2489648312330246,0.2489708960056305,1.0,0.6136202212535738,0.996669254746548
bfp16,16,grad_sr,producer,3,2,7,0.02966052468039773,0.9905818181818182,0.04894654080271721,0.9878000020980835,0.012558810412883759,0.007599999662488699,0.196282759308815,0.19625326991081238,1.0,0.6115699303455271,0.9966745775799418
bfp16,16,grad_sr,producer,3,2,8,0.02697149103338068,0.9914727272727273,0.0450296625494957,0.9883999824523926,0.009322046302258968,0.00559999980032444,0.17503368854522705,0.17499303817749023,1.0,0.6020558596956479,0.996729367278343
bfp16,16,grad_sr,producer,3,2,9,0.024606125710227272,0.9923090909090909,0.042144257575273514,0.9893999695777893,0.009560582228004932,0.006000000052154064,0.17784950137138367,0.17778189480304718,1.0,0.6011452469938311,0.9967404387718023
bfp16,16,grad_sr,producer,3,2,10,0.02162978515625,0.9927090909090909,0.042657896876335144,0.9896000027656555,0.009834189899265766,0.004999999888241291,0.13878045976161957,0.13860537111759186,1.0,0.5975282582193291,0.9967197152071221
bfp16,16,grad_sr,producer,3,2,11,0.020134115323153408,0.9935090909090909,0.046633973717689514,0.9887999892234802,0.009038555435836315,0.005799999926239252,0.14136414229869843,0.14115522801876068,1.0,0.5939389515970586,0.996784298918968
bfp16,16,grad_sr,producer,3,2,12,0.018705189098011363,0.9938545454545454,0.04025549814105034,0.9901999831199646,0.00028557778568938375,0.00139999995008111,0.025961916893720627,0.02511237934231758,1.0,0.586502693627979,0.9968085000681323
bfp16,16,grad_sr,producer,4,0,1,0.24278686079545456,0.9264727272727272,0.091635562479496,0.972599983215332,0.054945334792137146,0.025599999353289604,0.4758879244327545,0.47573041915893555,1.0,0.8072170375444604,0.9991152031477107
bfp16,16,grad_sr,producer,4,0,2,0.07841804865056819,0.9756181818181818,0.07361066341400146,0.9783999919891357,0.04532996192574501,0.019600000232458115,0.39732804894447327,0.3971504271030426,1.0,0.7538949206635955,0.9991136417832486
bfp16,16,grad_sr,producer,4,0,3,0.06023609730113636,0.9812909090909091,0.06583794951438904,0.9824000000953674,0.027273187413811684,0.012999999336898327,0.3329123556613922,0.33269020915031433,1.0,0.7359488491048594,0.999107964094295
bfp16,16,grad_sr,producer,4,0,4,0.04960333806818182,0.9847818181818182,0.058066729456186295,0.9837999939918518,0.020104100927710533,0.012799999676644802,0.30902156233787537,0.3089466691017151,1.0,0.7254892367847258,0.9991169064543968
bfp16,16,grad_sr,producer,4,0,5,0.044789692826704544,0.9859272727272728,0.05705869197845459,0.9843999743461609,0.021891634911298752,0.011799999512732029,0.28356531262397766,0.28349536657333374,1.0,0.7189075864433361,0.9991161257721657
bfp16,16,grad_sr,producer,4,0,6,0.03839801136363637,0.9877454545454546,0.05198856070637703,0.9878000020980835,0.01667039655148983,0.008200000040233135,0.2762067914009094,0.27617305517196655,1.0,0.715332551111829,0.9991185387899709
bfp16,16,grad_sr,producer,4,0,7,0.03492593439275568,0.9893636363636363,0.05132047086954117,0.9857999682426453,0.01475339476019144,0.008599999360740185,0.21283188462257385,0.212567538022995,1.0,0.7111979475110631,0.9991232938544695
bfp16,16,grad_sr,producer,4,0,8,0.03113675870028409,0.9902909090909091,0.047527480870485306,0.9871999621391296,0.011715702712535858,0.006799999624490738,0.21878819167613983,0.21864287555217743,1.0,0.7051314275817369,0.9991334427234738
bfp16,16,grad_sr,producer,4,0,9,0.0286921630859375,0.9910363636363636,0.055567383766174316,0.9847999811172485,0.016055015847086906,0.009800000116229057,0.17986974120140076,0.1796373873949051,1.0,0.7018920512071751,0.9991383397301962
bfp16,16,grad_sr,producer,4,0,10,0.02616324129971591,0.9917818181818182,0.07004566490650177,0.9809999465942383,0.038055840879678726,0.012999999336898327,0.20173297822475433,0.20158229768276215,1.0,0.7001625682032246,0.9991390494413154
bfp16,16,grad_sr,producer,4,0,11,0.02377630948153409,0.9926,0.05191592872142792,0.9853999614715576,0.0178176648914814,0.008599999360740185,0.17897768318653107,0.1788155436515808,1.0,0.6970774343520144,0.9991438754769258
bfp16,16,grad_sr,producer,4,0,12,0.022642877752130683,0.9928,0.04700008034706116,0.9869999885559082,0.00039234093856066465,0.0015999999595806003,0.028795700520277023,0.02761489525437355,1.0,0.6924176698016169,0.9991512564725654
bfp16,16,grad_sr,producer,4,1,1,0.23455687144886364,0.9288363636363637,0.10341396182775497,0.9681999683380127,0.06354456394910812,0.02759999968111515,0.4641198515892029,0.4641333520412445,1.0,0.7738700405417278,0.9991207388944404
bfp16,16,grad_sr,producer,4,1,2,0.07563837890625,0.9768363636363636,0.07569746673107147,0.9783999919891357,0.05122537538409233,0.02019999921321869,0.40517592430114746,0.4052058756351471,1.0,0.7277986397568796,0.9991082479787428
bfp16,16,grad_sr,producer,4,1,3,0.05813933771306818,0.9817636363636364,0.06863175332546234,0.9801999926567078,0.03250764682888985,0.01599999889731407,0.34029528498649597,0.3402920663356781,1.0,0.7073113936698812,0.9991064737009447
bfp16,16,grad_sr,producer,4,1,4,0.047598459694602274,0.9851818181818182,0.06300914287567139,0.9825999736785889,0.02627214975655079,0.013599999248981476,0.34168174862861633,0.341681569814682,1.0,0.6965837236291573,0.9991073253542878
bfp16,16,grad_sr,producer,4,1,5,0.04069456676136363,0.9874,0.052741896361112595,0.9857999682426453,0.025708824396133423,0.011799999512732029,0.2837619483470917,0.28377050161361694,1.0,0.6899959834268986,0.9991075382676236
bfp16,16,grad_sr,producer,4,1,6,0.03648546697443182,0.9883636363636363,0.049542948603630066,0.9860000014305115,0.015387263149023056,0.009200000204145908,0.2278386354446411,0.2278241217136383,1.0,0.681424707737139,0.9991175451944041
bfp16,16,grad_sr,producer,4,1,7,0.032698355379971594,0.989909090909091,0.04644244536757469,0.9871999621391296,0.01784646324813366,0.009800000116229057,0.2401220202445984,0.24008683860301971,1.0,0.676295565172435,0.9991186807321948
bfp16,16,grad_sr,producer,4,1,8,0.029732914595170454,0.9907090909090909,0.05018992722034454,0.9855999946594238,0.0264676995575428,0.012199999764561653,0.25510191917419434,0.2551068067550659,1.0,0.6695526888345734,0.9991309587345567
bfp16,16,grad_sr,producer,4,1,9,0.027292589222301135,0.9911818181818182,0.0614909790456295,0.9829999804496765,0.026071270927786827,0.012799999676644802,0.2179807424545288,0.21795295178890228,1.0,0.6669389139658535,0.999126345612282
bfp16,16,grad_sr,producer,4,1,10,0.025154221413352273,0.9920181818181818,0.046242088079452515,0.988599956035614,0.022435011342167854,0.009399999864399433,0.18098607659339905,0.18098069727420807,1.0,0.6633043433984281,0.9991368493368459
bfp16,16,grad_sr,producer,4,1,11,0.022757954545454546,0.9926727272727273,0.05382755026221275,0.98499995470047,0.021201753988862038,0.011399999260902405,0.17464816570281982,0.17460490763187408,1.0,0.6629935202415423,0.9991355008857195
bfp16,16,grad_sr,producer,4,1,12,0.019915949041193183,0.9941090909090909,0.051022596657276154,0.986799955368042,9.599635086487979e-05,0.0009999999310821295,0.014433545060455799,0.013662625104188919,1.0,0.6598886485118532,0.9991365654523983
bfp16,16,grad_sr,producer,4,2,1,0.22637993607954546,0.9313272727272728,0.0884241908788681,0.974399983882904,0.051546160131692886,0.021199999377131462,0.456650972366333,0.45661622285842896,1.0,0.7745188425866845,0.9991122933321221
bfp16,16,grad_sr,producer,4,2,2,0.07120142045454546,0.9776545454545454,0.06449458003044128,0.9815999865531921,0.028130345046520233,0.013799999840557575,0.35338518023490906,0.3532930016517639,1.0,0.7300232286544431,0.9990956151208212
bfp16,16,grad_sr,producer,4,2,3,0.05407708629261364,0.9835272727272727,0.07274419814348221,0.9781999588012695,0.041492924094200134,0.016200000420212746,0.3855876326560974,0.3856304883956909,1.0,0.7094776277745891,0.9991058349609375
bfp16,16,grad_sr,producer,4,2,4,0.04419306640625,0.9862545454545455,0.05958182364702225,0.9819999933242798,0.025338228791952133,0.012199999764561653,0.3136919438838959,0.31370869278907776,1.0,0.6973892072195836,0.9991074672965117
bfp16,16,grad_sr,producer,4,2,5,0.03810401722301136,0.9879636363636364,0.055002424865961075,0.98499995470047,0.022135363891720772,0.009999999776482582,0.2879573106765747,0.2879834473133087,1.0,0.689357442764693,0.9991076802098474
bfp16,16,grad_sr,producer,4,2,6,0.03400415926846591,0.9892545454545455,0.055585864931344986,0.9843999743461609,0.01875351555645466,0.010400000028312206,0.24808649718761444,0.24804213643074036,1.0,0.6812124862969171,0.9991157709166061
bfp16,16,grad_sr,producer,4,2,7,0.02972343528053977,0.9905636363636363,0.04899595305323601,0.9869999885559082,0.012353942729532719,0.007999999448657036,0.19370506703853607,0.19363828003406525,1.0,0.6793793992595222,0.9991113707076672
bfp16,16,grad_sr,producer,4,2,8,0.02704601162997159,0.9915090909090909,0.04474003612995148,0.9887999892234802,0.009056877344846725,0.005200000014156103,0.17653565108776093,0.17645816504955292,1.0,0.6694141445065407,0.999130745821221
bfp16,16,grad_sr,producer,4,2,9,0.024648182262073864,0.9921454545454546,0.04274752363562584,0.9893999695777893,0.009839203208684921,0.00559999980032444,0.17467649281024933,0.17464417219161987,1.0,0.6671816128634983,0.999132378156795
bfp16,16,grad_sr,producer,4,2,10,0.02167246315696023,0.9927090909090909,0.04318803548812866,0.9893999695777893,0.010144968517124653,0.005200000014156103,0.14097510278224945,0.14093096554279327,1.0,0.6644031711423884,0.9991282618323037
bfp16,16,grad_sr,producer,4,2,11,0.020120481178977273,0.9935454545454545,0.04679025709629059,0.9893999695777893,0.00881133135408163,0.005200000014156103,0.13987265527248383,0.1398070752620697,1.0,0.6590743018600511,0.9991473530614099
bfp16,16,grad_sr,producer,4,2,12,0.01873255948153409,0.9939818181818182,0.04041801020503044,0.9901999831199646,0.0001606119330972433,0.0005999999702908099,0.02028062753379345,0.01990501582622528,1.0,0.6496365889917902,0.9991508306458939
bfp16,16,grad_sr,producer,5,0,1,0.24289240056818182,0.926290909090909,0.09152780473232269,0.9731999635696411,0.054879046976566315,0.02499999850988388,0.4757574498653412,0.4756108522415161,1.0,0.8587828627705767,0.9997745957485465
bfp16,16,grad_sr,producer,5,0,2,0.07841348544034091,0.9756181818181818,0.07359100878238678,0.9785999655723572,0.045530881732702255,0.01939999870955944,0.3971726596355438,0.3970711827278137,1.0,0.8083156267364232,0.9997711181640625
bfp16,16,grad_sr,producer,5,0,3,0.06014112215909091,0.9814181818181819,0.06582619249820709,0.9821999669075012,0.02722502313554287,0.013199999928474426,0.33438706398010254,0.334261953830719,1.0,0.7909687773106117,0.9997682083484738
bfp16,16,grad_sr,producer,5,0,4,0.04956398703835227,0.9848545454545454,0.05787834897637367,0.9837999939918518,0.01995430886745453,0.012399999424815178,0.3106646239757538,0.3106575906276703,1.0,0.7797358343971589,0.9997692729151526
bfp16,16,grad_sr,producer,5,0,5,0.04455489169034091,0.9858727272727272,0.057981688529253006,0.9839999675750732,0.022793132811784744,0.012199999764561653,0.2856445014476776,0.2856380343437195,1.0,0.772841512588957,0.9997691309729287
bfp16,16,grad_sr,producer,5,0,6,0.03844491743607954,0.9878181818181818,0.05255979672074318,0.9878000020980835,0.01743205077946186,0.008999999612569809,0.2788906395435333,0.27892616391181946,1.0,0.7668889444049426,0.9997704794240553
bfp16,16,grad_sr,producer,5,0,7,0.03497694646661932,0.9892727272727273,0.0515495128929615,0.9863999485969543,0.015256017446517944,0.00839999970048666,0.21707606315612793,0.21705469489097595,1.0,0.7603972618234105,0.9997718988462936
bfp16,16,grad_sr,producer,5,0,8,0.031204658647017044,0.9901090909090909,0.047595176845788956,0.9871999621391296,0.011735145002603531,0.006799999624490738,0.21858283877372742,0.21858420968055725,1.0,0.7554048850888556,0.9997743828352108
bfp16,16,grad_sr,producer,5,0,9,0.028734250710227272,0.9910727272727273,0.05546557530760765,0.9845999479293823,0.015401300974190235,0.009200000204145908,0.17888200283050537,0.178889662027359,1.0,0.7532056267045606,0.9997748796329942
bfp16,16,grad_sr,producer,5,0,10,0.02609380548650568,0.9918727272727272,0.06971603631973267,0.9801999926567078,0.03756057471036911,0.013399999588727951,0.2030615210533142,0.2030876725912094,1.0,0.7501982254014977,0.9997746667196584
bfp16,16,grad_sr,producer,5,0,11,0.023704594282670455,0.9923636363636363,0.05131940171122551,0.9853999614715576,0.016839364543557167,0.007999999448657036,0.17531681060791016,0.17532746493816376,1.0,0.7467472333924736,0.9997765119685683
bfp16,16,grad_sr,producer,5,0,12,0.022555652965198864,0.9927272727272727,0.046716224402189255,0.9865999817848206,0.0002895686193369329,0.0023999998811632395,0.02461346425116062,0.024447211995720863,1.0,0.7419796811060805,0.9997784991597021
bfp16,16,grad_sr,producer,5,1,1,0.23442034801136363,0.9284909090909091,0.10301921516656876,0.9684000015258789,0.06326601654291153,0.027400000020861626,0.4637506306171417,0.46375083923339844,1.0,0.8268753647941571,0.9997748796329942
bfp16,16,grad_sr,producer,5,1,2,0.07557721058238637,0.976909090909091,0.07537069916725159,0.9787999987602234,0.05095280706882477,0.01979999989271164,0.4062027335166931,0.40621086955070496,1.0,0.7809932607830317,0.9997693438862645
bfp16,16,grad_sr,producer,5,1,3,0.05825213955965909,0.9816363636363636,0.06889408826828003,0.9803999662399292,0.03294025734066963,0.01640000008046627,0.33831271529197693,0.33830323815345764,1.0,0.7607499604733108,0.9997691309729287
bfp16,16,grad_sr,producer,5,1,4,0.047660564630681815,0.9850727272727273,0.06321888417005539,0.9817999601364136,0.026603633537888527,0.014800000004470348,0.3450806438922882,0.3450895845890045,1.0,0.7499966000246776,0.999768989030705
bfp16,16,grad_sr,producer,5,1,5,0.040740824751420456,0.9873454545454545,0.05242137610912323,0.9860000014305115,0.025043435394763947,0.011799999512732029,0.2846163213253021,0.2846306264400482,1.0,0.7432940541023355,0.9997677825218023
bfp16,16,grad_sr,producer,5,1,6,0.03653260165127841,0.9884363636363637,0.049481701105833054,0.9861999750137329,0.015351967886090279,0.009399999864399433,0.2274186760187149,0.22742271423339844,1.0,0.7337104349834034,0.9997709762218386
bfp16,16,grad_sr,producer,5,1,7,0.03276727627840909,0.9897272727272727,0.04638582095503807,0.9873999953269958,0.01754240319132805,0.009800000116229057,0.2388407438993454,0.23884868621826172,1.0,0.7274040685945187,0.999771543990734
bfp16,16,grad_sr,producer,5,1,8,0.029707370827414772,0.9907090909090909,0.05051396042108536,0.9847999811172485,0.026323681697249413,0.011599999852478504,0.25326141715049744,0.2532915771007538,1.0,0.7199287201855855,0.9997727504996367
bfp16,16,grad_sr,producer,5,1,9,0.0273380615234375,0.9912545454545455,0.061183635145425797,0.983199954032898,0.025320105254650116,0.012199999764561653,0.21462953090667725,0.21464261412620544,1.0,0.716674985637886,0.9997725375863009
bfp16,16,grad_sr,producer,5,1,10,0.025149773615056818,0.9919818181818182,0.04636554792523384,0.9883999824523926,0.022538121789693832,0.009599999524652958,0.18125411868095398,0.18122132122516632,1.0,0.7124778378876852,0.9997766539107922
bfp16,16,grad_sr,producer,5,1,11,0.022798974609375,0.9927272727272727,0.053636401891708374,0.9851999878883362,0.021658558398485184,0.011599999852478504,0.17789244651794434,0.17790889739990234,1.0,0.71171094868255,0.999775021575218
bfp16,16,grad_sr,producer,5,1,12,0.01996353426846591,0.9941636363636364,0.05056927353143692,0.9869999885559082,9.878134733298793e-05,0.0005999999702908099,0.0140887051820755,0.01399366557598114,1.0,0.7093863673779771,0.999775944199673
bfp16,16,grad_sr,producer,5,2,1,0.2264203302556818,0.9314181818181818,0.08867675065994263,0.974399983882904,0.051827408373355865,0.021199999377131462,0.4564265310764313,0.4563882052898407,1.0,0.828117296369996,0.9997723246729651
bfp16,16,grad_sr,producer,5,2,2,0.07126671253551137,0.9776727272727272,0.0644729733467102,0.9815999865531921,0.028163796290755272,0.013599999248981476,0.35373562574386597,0.3536423146724701,1.0,0.7850743490640554,0.9997665050417878
bfp16,16,grad_sr,producer,5,2,3,0.05404434481534091,0.9835272727272727,0.07378344982862473,0.9783999919891357,0.04267416149377823,0.01599999889731407,0.38535112142562866,0.38540467619895935,1.0,0.7633201755792639,0.9997667179551235
bfp16,16,grad_sr,producer,5,2,4,0.04419816672585227,0.9863272727272727,0.05945182964205742,0.9819999933242798,0.025468500331044197,0.012199999764561653,0.3130030930042267,0.3130142092704773,1.0,0.7496130107725164,0.99976806640625
bfp16,16,grad_sr,producer,5,2,5,0.038147705078125,0.9880909090909091,0.055565398186445236,0.9847999811172485,0.02250906080007553,0.010799999348819256,0.28658798336982727,0.2866050899028778,1.0,0.7426038382246494,0.9997672857240189
bfp16,16,grad_sr,producer,5,2,6,0.03401521661931818,0.9892727272727273,0.05521567538380623,0.9843999743461609,0.01841718517243862,0.009999999776482582,0.24741333723068237,0.24734918773174286,1.0,0.7348734210909159,0.9997694858284883
bfp16,16,grad_sr,producer,5,2,7,0.029697503107244318,0.9905272727272727,0.04894091933965683,0.9869999885559082,0.012220843695104122,0.007199999876320362,0.19360464811325073,0.19356226921081543,1.0,0.7323309804596606,0.9997684212618096
bfp16,16,grad_sr,producer,5,2,8,0.0269720458984375,0.9915818181818182,0.045414578169584274,0.988599956035614,0.00948265753686428,0.00559999980032444,0.17331650853157043,0.1732555478811264,1.0,0.7224894282113923,0.99977324729742
bfp16,16,grad_sr,producer,5,2,9,0.02465043279474432,0.9922909090909091,0.04231536388397217,0.9893999695777893,0.009309368208050728,0.005799999926239252,0.17452111840248108,0.1745191365480423,1.0,0.7191496547555636,0.9997751635174419
bfp16,16,grad_sr,producer,5,2,10,0.021605925958806817,0.9928545454545454,0.04335637763142586,0.9887999892234802,0.010413392446935177,0.005799999926239252,0.141487255692482,0.14149609208106995,1.0,0.7155370421170216,0.9997738860374273
bfp16,16,grad_sr,producer,5,2,11,0.02011767578125,0.9935454545454545,0.04660653695464134,0.988599956035614,0.008807271718978882,0.00559999980032444,0.1409176141023636,0.140924870967865,1.0,0.7110420197077755,0.9997791378997093
bfp16,16,grad_sr,producer,5,2,12,0.01858969393643466,0.9941454545454546,0.04062238335609436,0.990399956703186,8.265136420959607e-05,0.00039999998989515007,0.014213614165782928,0.01403909083455801,1.0,0.7034609329206739,0.9997787120730378
bfp16,16,grad_sr,producer,7,0,1,0.24286619318181818,0.9262545454545454,0.09115438163280487,0.9735999703407288,0.05467885732650757,0.02459999918937683,0.4761433005332947,0.47600916028022766,1.0,0.9203597346058962,0.9999876510265262
bfp16,16,grad_sr,producer,7,0,2,0.07834311967329545,0.9756181818181818,0.07502364367246628,0.9783999919891357,0.047322772443294525,0.019600000232458115,0.39809855818748474,0.39801597595214844,1.0,0.8806097982886676,0.9999858057776163
bfp16,16,grad_sr,producer,7,0,3,0.060120090553977275,0.9814,0.06570306420326233,0.9821999669075012,0.02697131596505642,0.013199999928474426,0.33313655853271484,0.33302658796310425,1.0,0.8644804371848926,0.999985167037609
bfp16,16,grad_sr,producer,7,0,4,0.049553697620738635,0.9848363636363636,0.05798325315117836,0.9837999939918518,0.02013644017279148,0.012600000016391277,0.31219926476478577,0.3121986389160156,1.0,0.8546198826045834,0.9999855928642806
bfp16,16,grad_sr,producer,7,0,5,0.04464993785511363,0.9859272727272728,0.0580272451043129,0.9837999939918518,0.02292240783572197,0.012399999424815178,0.2866043448448181,0.28662869334220886,1.0,0.8489494751080745,0.9999855218931686
bfp16,16,grad_sr,producer,7,0,6,0.038474107776988634,0.9878,0.05255911871790886,0.9878000020980835,0.017161041498184204,0.008999999612569809,0.2794228196144104,0.279462993144989,1.0,0.840755904686474,0.9999853089798328
bfp16,16,grad_sr,producer,7,0,7,0.03495849387428977,0.9894363636363637,0.05147340148687363,0.9860000014305115,0.014954503625631332,0.008799999952316284,0.21281249821186066,0.2128058671951294,1.0,0.8354127045053873,0.9999858767487282
bfp16,16,grad_sr,producer,7,0,8,0.03127918590198864,0.9901636363636364,0.04754843935370445,0.986799955368042,0.011579622514545918,0.006799999624490738,0.2174229770898819,0.21742860972881317,1.0,0.8294702970446185,0.9999856638353924
bfp16,16,grad_sr,producer,7,0,9,0.028749480646306818,0.9910545454545454,0.05574684962630272,0.9845999479293823,0.015449861995875835,0.009399999864399433,0.17452965676784515,0.17455250024795532,1.0,0.8270421144777587,0.999986018690952
bfp16,16,grad_sr,producer,7,0,10,0.026164564098011364,0.9919272727272728,0.06728212535381317,0.9809999465942383,0.03519073501229286,0.012600000016391277,0.20044226944446564,0.20047716796398163,1.0,0.8241510009374646,0.9999866574309593
bfp16,16,grad_sr,producer,7,0,11,0.0237885498046875,0.9924909090909091,0.05127669498324394,0.9860000014305115,0.016797944903373718,0.007799999788403511,0.17575426399707794,0.17577554285526276,1.0,0.8198847441368838,0.9999865864598474
bfp16,16,grad_sr,producer,7,0,12,0.022662089399857956,0.9928,0.0462091825902462,0.9865999817848206,0.0002672667324077338,0.0015999999595806003,0.024740472435951233,0.024691633880138397,1.0,0.8145749790107356,0.9999872251998546
bfp16,16,grad_sr,producer,7,1,1,0.23455532670454546,0.9285272727272728,0.10367871075868607,0.9684000015258789,0.06367750465869904,0.027799999341368675,0.46382972598075867,0.46383076906204224,1.0,0.8943490434108886,0.9999871542287427
bfp16,16,grad_sr,producer,7,1,2,0.07573607954545454,0.9767272727272728,0.07460745424032211,0.9783999919891357,0.05010329931974411,0.02019999921321869,0.4029591381549835,0.4029700458049774,1.0,0.8543263127701174,0.9999859477198401
bfp16,16,grad_sr,producer,7,1,3,0.05814299538352273,0.9816909090909091,0.06793943792581558,0.9801999926567078,0.03168020397424698,0.01599999889731407,0.3387818932533264,0.33877554535865784,1.0,0.8348619218763232,0.9999865864598474
bfp16,16,grad_sr,producer,7,1,4,0.047573890269886364,0.9851272727272727,0.06316634267568588,0.9815999865531921,0.02657170593738556,0.014599999412894249,0.34287092089653015,0.34288766980171204,1.0,0.8245742394870035,0.9999849541242732
bfp16,16,grad_sr,producer,7,1,5,0.04063571999289773,0.9874545454545455,0.05308574065566063,0.9860000014305115,0.025996532291173935,0.012199999764561653,0.28426194190979004,0.2842806875705719,1.0,0.8186766953913607,0.9999850960664971
bfp16,16,grad_sr,producer,7,1,6,0.0364218994140625,0.9884181818181819,0.049458034336566925,0.9860000014305115,0.015627959743142128,0.009200000204145908,0.22721423208713531,0.22722452878952026,1.0,0.8074616152921628,0.9999853799509447
bfp16,16,grad_sr,producer,7,1,7,0.03268855868252841,0.989890909090909,0.04599587246775627,0.9873999953269958,0.017706915736198425,0.009599999524652958,0.23936955630779266,0.23938217759132385,1.0,0.8025951738914874,0.9999853089798328
bfp16,16,grad_sr,producer,7,1,8,0.02962831809303977,0.9906363636363636,0.04970419406890869,0.9851999878883362,0.02577308565378189,0.012000000104308128,0.25197136402130127,0.2519998550415039,1.0,0.7952726308231768,0.999986018690952
bfp16,16,grad_sr,producer,7,1,9,0.02725224609375,0.9912909090909091,0.06151134520769119,0.9829999804496765,0.025813359767198563,0.012799999676644802,0.21699918806552887,0.2170196920633316,1.0,0.7929301855045614,0.9999847412109375
bfp16,16,grad_sr,producer,7,1,10,0.025111820845170454,0.9919454545454546,0.04624182730913162,0.988599956035614,0.022771257907152176,0.009800000116229057,0.180417001247406,0.18039876222610474,1.0,0.7874893123881886,0.9999862316042878
bfp16,16,grad_sr,producer,7,1,11,0.022752314897017047,0.9927090909090909,0.054072633385658264,0.98499995470047,0.022473055869340897,0.011799999512732029,0.18107402324676514,0.18109650909900665,1.0,0.7880847206670182,0.9999858767487282
bfp16,16,grad_sr,producer,7,1,12,0.019872580788352273,0.9941272727272727,0.050097692757844925,0.9861999750137329,0.00010865650256164372,0.0009999999310821295,0.016218915581703186,0.01619240641593933,1.0,0.784610937689175,0.9999857348065043
bfp16,16,grad_sr,producer,7,2,1,0.2263528409090909,0.9312909090909091,0.08844093978404999,0.974399983882904,0.05152302235364914,0.020999999716877937,0.4563644230365753,0.4563266634941101,1.0,0.8931815784817843,0.9999854509220567
bfp16,16,grad_sr,producer,7,2,2,0.071231298828125,0.977690909090909,0.06452370434999466,0.9819999933242798,0.028213584795594215,0.013399999588727951,0.35324394702911377,0.3531724214553833,1.0,0.8565979882036714,0.9999846702398256
bfp16,16,grad_sr,producer,7,2,3,0.054032594992897726,0.9835454545454545,0.07425499707460403,0.9781999588012695,0.04294782131910324,0.016200000420212746,0.386059433221817,0.38610970973968506,1.0,0.8381419821824241,0.9999841734420422
bfp16,16,grad_sr,producer,7,2,4,0.044169859730113635,0.9862909090909091,0.05928374081850052,0.9824000000953674,0.025034340098500252,0.011799999512732029,0.3142792284488678,0.3142842650413513,1.0,0.8273362719219106,0.999984315384266
bfp16,16,grad_sr,producer,7,2,5,0.03802998046875,0.9881454545454545,0.05551008880138397,0.98499995470047,0.022332705557346344,0.010199999436736107,0.28616833686828613,0.2861766219139099,1.0,0.8203251800219694,0.9999845282976018
bfp16,16,grad_sr,producer,7,2,6,0.0339877197265625,0.9892545454545455,0.055547941476106644,0.9845999479293823,0.018761824816465378,0.009800000116229057,0.2507592439651489,0.25066840648651123,1.0,0.8118216288530894,0.9999838185864826
bfp16,16,grad_sr,producer,7,2,7,0.0297040283203125,0.9905636363636363,0.049308814108371735,0.986799955368042,0.012475840747356415,0.007400000002235174,0.195449560880661,0.19538149237632751,1.0,0.8104254096939483,0.9999850250953852
bfp16,16,grad_sr,producer,7,2,8,0.026999762517755682,0.9915636363636363,0.04510420933365822,0.988599956035614,0.008981308899819851,0.00559999980032444,0.17368184030056,0.1735784411430359,1.0,0.7995117086462955,0.9999855218931686
bfp16,16,grad_sr,producer,7,2,9,0.02460277654474432,0.9921454545454546,0.04250001162290573,0.9893999695777893,0.009292813017964363,0.005799999926239252,0.17049570381641388,0.17047452926635742,1.0,0.7954705235885456,0.9999858767487282
bfp16,16,grad_sr,producer,7,2,10,0.02166063565340909,0.9928181818181818,0.04395424202084541,0.9889999628067017,0.010682543739676476,0.00559999980032444,0.1430104821920395,0.14302252233028412,1.0,0.7927411935453487,0.9999858767487282
bfp16,16,grad_sr,producer,7,2,11,0.020123652787642044,0.9935818181818182,0.04771162196993828,0.9887999892234802,0.009488929063081741,0.00559999980032444,0.14384567737579346,0.1438566893339157,1.0,0.787073570863366,0.9999870122865189
bfp16,16,grad_sr,producer,7,2,12,0.018602306019176135,0.9939454545454546,0.040672775357961655,0.990399956703186,0.00012080852320650592,0.00039999998989515007,0.016515450552105904,0.016354670748114586,1.0,0.7788191507525164,0.9999865864598474
bfp16,16,grad_sr,producer,10,0,1,0.24282766335227274,0.9261454545454545,0.09106479585170746,0.9735999703407288,0.054604992270469666,0.02459999918937683,0.47652316093444824,0.4763890206813812,1.0,0.9608411948866951,0.9999999290288881
bfp16,16,grad_sr,producer,10,0,2,0.07835625887784091,0.9754363636363637,0.07405304908752441,0.9783999919891357,0.04596301540732384,0.019600000232458115,0.39685124158859253,0.39675548672676086,1.0,0.9339557458868469,0.9999999290288881
bfp16,16,grad_sr,producer,10,0,3,0.06010118075284091,0.9812545454545455,0.06536411494016647,0.9827999472618103,0.026670049875974655,0.012600000016391277,0.33395737409591675,0.3338436782360077,1.0,0.921762976596151,0.9999999290288881
bfp16,16,grad_sr,producer,10,0,4,0.04957691761363636,0.9848545454545454,0.05872061103582382,0.9835999608039856,0.02069614827632904,0.013199999928474426,0.31280890107154846,0.31281131505966187,1.0,0.9148648564139987,0.9999999290288881
bfp16,16,grad_sr,producer,10,0,5,0.04459844637784091,0.9860181818181818,0.05806003510951996,0.9837999939918518,0.022742360830307007,0.012399999424815178,0.286952406167984,0.2869599461555481,1.0,0.9103704304211724,0.9999999290288881
bfp16,16,grad_sr,producer,10,0,6,0.03842852006392045,0.9877636363636364,0.05216329172253609,0.9879999756813049,0.016649466007947922,0.007999999448657036,0.27630147337913513,0.27633947134017944,1.0,0.9035232043606081,0.9999999290288881
bfp16,16,grad_sr,producer,10,0,7,0.034996855024857956,0.9892545454545455,0.050692278891801834,0.9869999885559082,0.014290050603449345,0.007799999788403511,0.2158375382423401,0.21583916246891022,1.0,0.9004019272980944,0.9999999290288881
bfp16,16,grad_sr,producer,10,0,8,0.031178690962357956,0.9903818181818181,0.047800540924072266,0.9865999817848206,0.011434576474130154,0.006799999624490738,0.21832315623760223,0.21832655370235443,1.0,0.8939807903353949,0.9999999290288881
bfp16,16,grad_sr,producer,10,0,9,0.02867688876065341,0.9910727272727273,0.054729774594306946,0.98499995470047,0.01553212571889162,0.009200000204145908,0.18310652673244476,0.1831175982952118,1.0,0.8917016197049118,0.9999999290288881
bfp16,16,grad_sr,producer,10,0,10,0.026149786931818183,0.9917454545454546,0.06951063126325607,0.9807999730110168,0.03769028186798096,0.013199999928474426,0.2003774493932724,0.20040930807590485,1.0,0.8886382764128976,0.9999999290288881
bfp16,16,grad_sr,producer,10,0,11,0.023666011186079545,0.9924909090909091,0.05066828429698944,0.9860000014305115,0.016361486166715622,0.007599999662488699,0.17282778024673462,0.17282243072986603,1.0,0.884069242881556,0.9999999290288881
bfp16,16,grad_sr,producer,10,0,12,0.02254043856534091,0.9927454545454546,0.04716221243143082,0.9873999953269958,0.00031803955789655447,0.002199999988079071,0.022554371505975723,0.02240099385380745,1.0,0.8791501580000193,0.9999999290288881
bfp16,16,grad_sr,producer,10,1,1,0.23471186079545456,0.9287272727272727,0.10350876301527023,0.968999981880188,0.06354226917028427,0.02719999849796295,0.46441319584846497,0.4644109606742859,1.0,0.943925438165116,0.9999999290288881
bfp16,16,grad_sr,producer,10,1,2,0.07571663707386364,0.9767636363636364,0.07501612603664398,0.9785999655723572,0.0505676195025444,0.019999999552965164,0.4044482707977295,0.4044590890407562,1.0,0.9143880294064297,0.9999999290288881
bfp16,16,grad_sr,producer,10,1,3,0.058118705610795456,0.9817636363636364,0.06830661743879318,0.9795999526977539,0.031978052109479904,0.016599999740719795,0.336457759141922,0.3364395499229431,1.0,0.8990263026506619,0.9999999290288881
bfp16,16,grad_sr,producer,10,1,4,0.04755567294034091,0.9850363636363636,0.06308038532733917,0.9815999865531921,0.026739543303847313,0.014599999412894249,0.3441973626613617,0.3442130386829376,1.0,0.892158678668268,0.9999999290288881
bfp16,16,grad_sr,producer,10,1,5,0.04066688121448864,0.9874181818181819,0.05264602228999138,0.9853999614715576,0.025527765974402428,0.012600000016391277,0.2857797145843506,0.28579428791999817,1.0,0.886690587274055,0.9999999290288881
bfp16,16,grad_sr,producer,10,1,6,0.036414251154119316,0.9883272727272727,0.049399495124816895,0.9863999485969543,0.01531376875936985,0.009599999524652958,0.22712799906730652,0.22712905704975128,1.0,0.876350838485744,0.9999999290288881
bfp16,16,grad_sr,producer,10,1,7,0.0326778076171875,0.9898181818181818,0.04600193351507187,0.9871999621391296,0.01777937263250351,0.009999999776482582,0.23987285792827606,0.23988451063632965,1.0,0.870644465669428,0.9999999290288881
bfp16,16,grad_sr,producer,10,1,8,0.02967110262784091,0.9905818181818182,0.05019844323396683,0.9847999811172485,0.02576877921819687,0.012000000104308128,0.25290608406066895,0.2529345452785492,1.0,0.863283185153334,0.9999999290288881
bfp16,16,grad_sr,producer,10,1,9,0.02729442471590909,0.9911818181818182,0.061300236731767654,0.9829999804496765,0.025471985340118408,0.012600000016391277,0.21476364135742188,0.2147814780473709,1.0,0.8589982540645624,0.9999999290288881
bfp16,16,grad_sr,producer,10,1,10,0.025113299005681818,0.9919272727272728,0.04605458304286003,0.9887999892234802,0.022411592304706573,0.009599999524652958,0.18025054037570953,0.1802397072315216,1.0,0.853675129858427,0.9999999290288881
bfp16,16,grad_sr,producer,10,1,11,0.0228181396484375,0.9927636363636364,0.053142253309488297,0.9853999614715576,0.021290188655257225,0.011399999260902405,0.1743299812078476,0.17435383796691895,1.0,0.8530938663657255,0.9999999290288881
bfp16,16,grad_sr,producer,10,1,12,0.019957759232954547,0.9940909090909091,0.05038950592279434,0.986799955368042,8.746879029786214e-05,0.0011999999405816197,0.012130063958466053,0.012092769145965576,1.0,0.849340408457587,0.9999999290288881
bfp16,16,grad_sr,producer,10,2,1,0.2263006924715909,0.9313636363636364,0.08857988566160202,0.9745999574661255,0.05167172849178314,0.020800000056624413,0.4556702971458435,0.45563140511512756,1.0,0.9419740003258842,0.9999999290288881
bfp16,16,grad_sr,producer,10,2,2,0.07124192116477272,0.9775818181818182,0.06425268203020096,0.9821999669075012,0.027823010459542274,0.013199999928474426,0.3531160056591034,0.3530406951904297,1.0,0.9159260911725952,0.9999999290288881
bfp16,16,grad_sr,producer,10,2,3,0.05404132634943182,0.9834727272727273,0.07398849725723267,0.9785999655723572,0.042775750160217285,0.015799999237060547,0.38620448112487793,0.3862505555152893,1.0,0.8995056516720382,0.9999999290288881
bfp16,16,grad_sr,producer,10,2,4,0.044172984730113635,0.9863454545454545,0.06013592705130577,0.9813999533653259,0.026078270748257637,0.012399999424815178,0.3133147656917572,0.31332775950431824,1.0,0.8912116461481363,0.9999999290288881
bfp16,16,grad_sr,producer,10,2,5,0.038089466441761366,0.9880181818181818,0.055067095905542374,0.9851999878883362,0.02208559960126877,0.010199999436736107,0.28609025478363037,0.28611236810684204,1.0,0.8837575014955222,0.9999999290288881
bfp16,16,grad_sr,producer,10,2,6,0.033992289595170457,0.9892363636363637,0.055615052580833435,0.9845999479293823,0.018890058621764183,0.009599999524652958,0.2497946172952652,0.24972574412822723,1.0,0.8761482943258988,0.9999999290288881
bfp16,16,grad_sr,producer,10,2,7,0.02974349698153409,0.9905636363636363,0.048750851303339005,0.9871999621391296,0.01213284581899643,0.00699999975040555,0.19426074624061584,0.1942061185836792,1.0,0.8738536716635738,0.9999999290288881
bfp16,16,grad_sr,producer,10,2,8,0.026987397904829544,0.9915454545454545,0.04516570270061493,0.9887999892234802,0.009265897795557976,0.005399999674409628,0.17332294583320618,0.17324291169643402,1.0,0.8647346861991823,0.9999999290288881
bfp16,16,grad_sr,producer,10,2,9,0.02464936301491477,0.9921636363636364,0.042716071009635925,0.9896000027656555,0.009542191401124,0.00559999980032444,0.17133919894695282,0.17132674157619476,1.0,0.8604644410298772,0.9999999290288881
bfp16,16,grad_sr,producer,10,2,10,0.021687258078835227,0.9926909090909091,0.04335951432585716,0.9887999892234802,0.010359950363636017,0.005799999926239252,0.14227184653282166,0.14229248464107513,1.0,0.8579488320104164,0.9999999290288881
bfp16,16,grad_sr,producer,10,2,11,0.020163740678267046,0.9935636363636363,0.04683301970362663,0.9887999892234802,0.00904751755297184,0.00559999980032444,0.14207638800144196,0.14209051430225372,1.0,0.8517453683851124,0.9999999290288881
bfp16,16,grad_sr,producer,10,2,12,0.018698188920454547,0.994,0.040652528405189514,0.9901999831199646,6.208824925124645e-05,0.0005999999702908099,0.0128781134262681,0.012840990908443928,1.0,0.8457493437582053,0.9999999290288881
bfp16,16,grad_sr,producer,23,0,1,0.24283254616477273,0.9262545454545454,0.09091892093420029,0.973800003528595,0.054552916437387466,0.024399999529123306,0.47592318058013916,0.4757879972457886,1.0,1.0,1.0
bfp16,16,grad_sr,producer,23,0,2,0.07835191761363636,0.9755818181818182,0.07342943549156189,0.9789999723434448,0.04524051025509834,0.01899999938905239,0.39489635825157166,0.3948238492012024,1.0,1.0,1.0
bfp16,16,grad_sr,producer,23,0,3,0.06009126864346591,0.9812,0.06566286832094193,0.9825999736785889,0.02680986188352108,0.012799999676644802,0.33257627487182617,0.33247828483581543,1.0,1.0,1.0
bfp16,16,grad_sr,producer,23,0,4,0.04960876242897727,0.9848181818181818,0.05812153220176697,0.9835999608039856,0.02007792703807354,0.012600000016391277,0.30889394879341125,0.30890828371047974,1.0,1.0,1.0
bfp16,16,grad_sr,producer,23,0,5,0.04463231090198864,0.9860363636363636,0.05757967382669449,0.9843999743461609,0.022388819605112076,0.011799999512732029,0.28581130504608154,0.28583040833473206,1.0,1.0,1.0
bfp16,16,grad_sr,producer,23,0,6,0.038444846413352274,0.9878363636363636,0.05188080295920372,0.9883999824523926,0.016723699867725372,0.00839999970048666,0.27747368812561035,0.27751681208610535,1.0,1.0,1.0
bfp16,16,grad_sr,producer,23,0,7,0.034868290571732956,0.9892909090909091,0.05114784836769104,0.9865999817848206,0.014967971481382847,0.008200000040233135,0.2178189903497696,0.21782934665679932,1.0,1.0,1.0
bfp16,16,grad_sr,producer,23,0,8,0.03122447842684659,0.9903090909090909,0.047559525817632675,0.9871999621391296,0.01111625786870718,0.007199999876320362,0.2173164337873459,0.2173101156949997,1.0,1.0,1.0
bfp16,16,grad_sr,producer,23,0,9,0.02865999200994318,0.9911090909090909,0.0551232174038887,0.98499995470047,0.015351496636867523,0.009200000204145908,0.17983300983905792,0.1798582226037979,1.0,1.0,1.0
bfp16,16,grad_sr,producer,23,0,10,0.02609435147372159,0.9918545454545454,0.06644994765520096,0.9817999601364136,0.03403264656662941,0.012199999764561653,0.19796690344810486,0.19799768924713135,1.0,1.0,1.0
bfp16,16,grad_sr,producer,23,0,11,0.023624611594460228,0.9926181818181818,0.05064091831445694,0.9863999485969543,0.016154855489730835,0.007199999876320362,0.17082463204860687,0.17081788182258606,1.0,1.0,1.0
bfp16,16,grad_sr,producer,23,0,12,0.02248022682883523,0.9928545454545454,0.046465180814266205,0.986799955368042,0.00041610674816183746,0.0031999999191612005,0.028513675555586815,0.028445404022932053,1.0,1.0,1.0
bfp16,16,grad_sr,producer,23,1,1,0.23473061079545454,0.9288,0.10292284935712814,0.9687999486923218,0.06310945004224777,0.026999998837709427,0.46399736404418945,0.46399539709091187,1.0,1.0,1.0
bfp16,16,grad_sr,producer,23,1,2,0.07570347123579546,0.9767636363636364,0.07518844306468964,0.9785999655723572,0.05063625052571297,0.019999999552965164,0.40312784910202026,0.4031342566013336,1.0,1.0,1.0
bfp16,16,grad_sr,producer,23,1,3,0.05816302823153409,0.9817636363636364,0.06817728281021118,0.9799999594688416,0.031751859933137894,0.016200000420212746,0.3377249538898468,0.33770763874053955,1.0,1.0,1.0
bfp16,16,grad_sr,producer,23,1,4,0.04760276988636364,0.9850363636363636,0.0633324459195137,0.9821999669075012,0.026749474927783012,0.0139999995008111,0.34250104427337646,0.34251973032951355,1.0,1.0,1.0
bfp16,16,grad_sr,producer,23,1,5,0.040703857421875,0.9874545454545455,0.05276787281036377,0.9853999614715576,0.025550231337547302,0.012399999424815178,0.28443238139152527,0.2844493091106415,1.0,1.0,1.0
bfp16,16,grad_sr,producer,23,1,6,0.036489903675426136,0.9884181818181819,0.04940596967935562,0.9860000014305115,0.015099483542144299,0.009200000204145908,0.22781488299369812,0.22781993448734283,1.0,1.0,1.0
bfp16,16,grad_sr,producer,23,1,7,0.03271553622159091,0.9898727272727272,0.046031977981328964,0.9871999621391296,0.017320269718766212,0.009999999776482582,0.23994992673397064,0.2399652898311615,1.0,1.0,1.0
bfp16,16,grad_sr,producer,23,1,8,0.02968850763494318,0.9906545454545455,0.05026249215006828,0.9847999811172485,0.025923913344740868,0.011599999852478504,0.25462669134140015,0.2546530067920685,1.0,1.0,1.0
bfp16,16,grad_sr,producer,23,1,9,0.02721148126775568,0.9913090909090909,0.06101759523153305,0.9829999804496765,0.025317201390862465,0.012399999424815178,0.21575197577476501,0.21577316522598267,1.0,1.0,1.0
bfp16,16,grad_sr,producer,23,1,10,0.025070250355113635,0.9919636363636364,0.046878185123205185,0.9879999756813049,0.023297347128391266,0.009999999776482582,0.18399010598659515,0.18395474553108215,1.0,1.0,1.0
bfp16,16,grad_sr,producer,23,1,11,0.022792946555397726,0.9925818181818182,0.05461649224162102,0.9847999811172485,0.022442510351538658,0.012000000104308128,0.1801116019487381,0.18013757467269897,1.0,1.0,1.0
bfp16,16,grad_sr,producer,23,1,12,0.019971621981534092,0.9941454545454546,0.05075977370142937,0.9869999885559082,9.046710329130292e-05,0.00019999999494757503,0.01277841441333294,0.012750912457704544,1.0,1.0,1.0
bfp16,16,grad_sr,producer,23,2,1,0.2262708096590909,0.9313272727272728,0.0885276347398758,0.9741999506950378,0.05156536027789116,0.020800000056624413,0.4556516110897064,0.45561495423316956,1.0,1.0,1.0
bfp16,16,grad_sr,producer,23,2,2,0.07121183416193182,0.9776727272727272,0.06414297223091125,0.9819999933242798,0.027792513370513916,0.013399999588727951,0.35397249460220337,0.35390183329582214,1.0,1.0,1.0
bfp16,16,grad_sr,producer,23,2,3,0.054064337713068185,0.9835454545454545,0.07392324507236481,0.9781999588012695,0.04263763502240181,0.016200000420212746,0.38520556688308716,0.3852517604827881,1.0,1.0,1.0
bfp16,16,grad_sr,producer,23,2,4,0.044171568714488636,0.9863090909090909,0.059964198619127274,0.9815999865531921,0.025852413848042488,0.011799999512732029,0.3127113878726959,0.31272536516189575,1.0,1.0,1.0
bfp16,16,grad_sr,producer,23,2,5,0.038094779829545455,0.9880363636363636,0.055617883801460266,0.98499995470047,0.022445764392614365,0.010400000028312206,0.28517961502075195,0.28520116209983826,1.0,1.0,1.0
bfp16,16,grad_sr,producer,23,2,6,0.03398776633522727,0.9892,0.05495511367917061,0.9845999479293823,0.018229840323328972,0.009599999524652958,0.24890859425067902,0.24883027374744415,1.0,1.0,1.0
bfp16,16,grad_sr,producer,23,2,7,0.029738807262073865,0.9904727272727273,0.048392683267593384,0.9869999885559082,0.011841907165944576,0.007199999876320362,0.19362150132656097,0.1935592144727707,1.0,1.0,1.0
bfp16,16,grad_sr,producer,23,2,8,0.026944928533380683,0.9915454545454545,0.045408960431814194,0.988599956035614,0.009575768373906612,0.00559999980032444,0.17116159200668335,0.17109858989715576,1.0,1.0,1.0
bfp16,16,grad_sr,producer,23,2,9,0.024675370649857954,0.9922181818181818,0.04281962290406227,0.9896000027656555,0.009668980725109577,0.005399999674409628,0.1732146441936493,0.17320625483989716,1.0,1.0,1.0
bfp16,16,grad_sr,producer,23,2,10,0.021700306285511364,0.9928181818181818,0.04331677407026291,0.9889999628067017,0.010136933997273445,0.00559999980032444,0.14113396406173706,0.1411517858505249,1.0,1.0,1.0
bfp16,16,grad_sr,producer,23,2,11,0.0201229248046875,0.9934909090909091,0.04722299054265022,0.988599956035614,0.009349508211016655,0.005799999926239252,0.14408111572265625,0.1440993845462799,1.0,1.0,1.0
bfp16,16,grad_sr,producer,23,2,12,0.018721994850852273,0.9939818181818182,0.04081735387444496,0.9905999898910522,6.094937270972878e-05,0.00019999999494757503,0.011707890778779984,0.011686748825013638,1.0,1.0,1.0
