format,block,target,act_at,bits,seed,epoch,train_loss,train_acc,val_loss,val_acc,kl,disagree,logit_rel_err,logit_rel_err_c,upd_survive
elementwise,1,input,producer,1,0,1,0.24011457741477274,0.9275636363636364,0.0928841307759285,0.9731999635696411,0.05514344200491905,0.023799998685717583,0.46625611186027527,0.46616971492767334,1.0
elementwise,1,input,producer,1,0,2,0.07815045276988636,0.9760181818181818,0.07181031256914139,0.9783999919891357,0.043498579412698746,0.01979999989271164,0.382693350315094,0.38265377283096313,1.0
elementwise,1,input,producer,1,0,3,0.060033251953125,0.9810181818181818,0.06620950251817703,0.9813999533653259,0.026596389710903168,0.012999999336898327,0.3247211277484894,0.32468196749687195,1.0
elementwise,1,input,producer,1,0,4,0.04934695490056818,0.9846545454545454,0.062120042741298676,0.9813999533653259,0.022425485774874687,0.013799999840557575,0.3059161603450775,0.30589091777801514,1.0
elementwise,1,input,producer,1,0,5,0.044090478515625,0.9859818181818182,0.06163017079234123,0.9837999939918518,0.026890290901064873,0.012199999764561653,0.29371291399002075,0.29369646310806274,1.0
elementwise,1,input,producer,1,0,6,0.038184885475852276,0.9877818181818182,0.05413585156202316,0.9865999817848206,0.01814952865242958,0.008999999612569809,0.287067711353302,0.2870394289493561,1.0
elementwise,1,input,producer,1,0,7,0.03436805087002841,0.9895272727272727,0.05372537299990654,0.9861999750137329,0.017071956768631935,0.009599999524652958,0.21155628561973572,0.21150605380535126,1.0
elementwise,1,input,producer,1,0,8,0.030649931196732955,0.9906181818181818,0.04826946556568146,0.9863999485969543,0.01225204300135374,0.007199999876320362,0.21211792528629303,0.21203336119651794,1.0
elementwise,1,input,producer,1,0,9,0.0284375244140625,0.9911272727272727,0.05564368888735771,0.9863999485969543,0.01764102093875408,0.009599999524652958,0.20126251876354218,0.20117567479610443,1.0
elementwise,1,input,producer,1,0,10,0.025689093572443183,0.9921090909090909,0.07357946783304214,0.9797999858856201,0.042921438813209534,0.016599999740719795,0.21441349387168884,0.21430303156375885,1.0
elementwise,1,input,producer,1,0,11,0.02334031649502841,0.992890909090909,0.05398353189229965,0.9851999878883362,0.01785407029092312,0.010199999436736107,0.1901405155658722,0.18993651866912842,1.0
elementwise,1,input,producer,1,0,12,0.02230151589133523,0.992890909090909,0.04983548820018768,0.9855999946594238,0.003911443054676056,0.005799999926239252,0.09891676902770996,0.09848013520240784,1.0
elementwise,1,input,producer,1,1,1,0.23376486150568182,0.9288,0.10363657027482986,0.9697999954223633,0.06242677941918373,0.026999998837709427,0.4643271267414093,0.4643218219280243,1.0
elementwise,1,input,producer,1,1,2,0.07571911399147727,0.9769636363636364,0.07796987891197205,0.9781999588012695,0.0502927340567112,0.02019999921321869,0.39716866612434387,0.39716464281082153,1.0
elementwise,1,input,producer,1,1,3,0.05817128018465909,0.9817090909090909,0.06765617430210114,0.9793999791145325,0.028670433908700943,0.015599999576807022,0.3365285396575928,0.3365175724029541,1.0
elementwise,1,input,producer,1,1,4,0.04765874467329546,0.9848181818181818,0.06388671696186066,0.9809999465942383,0.026223469525575638,0.015599999576807022,0.34246107935905457,0.3424765169620514,1.0
elementwise,1,input,producer,1,1,5,0.04051427112926136,0.9877090909090909,0.05567513406276703,0.9842000007629395,0.027515608817338943,0.013799999840557575,0.283769428730011,0.28377842903137207,1.0
elementwise,1,input,producer,1,1,6,0.036590327592329545,0.9884909090909091,0.05033459514379501,0.9861999750137329,0.014633907936513424,0.008999999612569809,0.22438499331474304,0.22437983751296997,1.0
elementwise,1,input,producer,1,1,7,0.03277020596590909,0.9901272727272727,0.04586579650640488,0.9871999621391296,0.015960292890667915,0.009399999864399433,0.23397374153137207,0.233974426984787,1.0
elementwise,1,input,producer,1,1,8,0.029671586470170454,0.9907636363636364,0.050885625183582306,0.9860000014305115,0.026560332626104355,0.012399999424815178,0.25928381085395813,0.2593053877353668,1.0
elementwise,1,input,producer,1,1,9,0.027119158380681817,0.9914,0.06177835166454315,0.9829999804496765,0.02770625799894333,0.013199999928474426,0.22280967235565186,0.22281664609909058,1.0
elementwise,1,input,producer,1,1,10,0.025081096857244318,0.9920181818181818,0.04684353619813919,0.9883999824523926,0.022549521178007126,0.009399999864399433,0.18389388918876648,0.18387532234191895,1.0
elementwise,1,input,producer,1,1,11,0.022752805397727272,0.9928,0.052929479628801346,0.9842000007629395,0.019856402650475502,0.011799999512732029,0.17147882282733917,0.1714637130498886,1.0
elementwise,1,input,producer,1,1,12,0.020210675603693183,0.9937636363636364,0.05014145001769066,0.9853999614715576,0.0020422630477696657,0.003000000026077032,0.06275435537099838,0.0626656711101532,1.0
elementwise,1,input,producer,1,2,1,0.22402297585227274,0.9318545454545455,0.09141005575656891,0.9731999635696411,0.05372220277786255,0.022599998861551285,0.458403617143631,0.45838162302970886,1.0
elementwise,1,input,producer,1,2,2,0.07142951882102273,0.9775272727272727,0.06537330150604248,0.9819999933242798,0.028813716024160385,0.012999999336898327,0.3536013066768646,0.35353851318359375,1.0
elementwise,1,input,producer,1,2,3,0.054105544211647726,0.9835454545454545,0.07252252846956253,0.9779999852180481,0.04185608774423599,0.01679999940097332,0.3861781358718872,0.38621786236763,1.0
elementwise,1,input,producer,1,2,4,0.044157932350852275,0.9862,0.059567030519247055,0.9815999865531921,0.025134002789855003,0.012999999336898327,0.30993419885635376,0.30991795659065247,1.0
elementwise,1,input,producer,1,2,5,0.038441770241477276,0.987909090909091,0.0580725334584713,0.9839999675750732,0.02501717396080494,0.011399999260902405,0.288075715303421,0.288097620010376,1.0
elementwise,1,input,producer,1,2,6,0.03406125710227273,0.9891636363636364,0.056644946336746216,0.9851999878883362,0.019220571964979172,0.009200000204145908,0.24504293501377106,0.2449733465909958,1.0
elementwise,1,input,producer,1,2,7,0.029883877840909092,0.9904909090909091,0.05056088790297508,0.9878000020980835,0.013789789751172066,0.007199999876320362,0.19793163239955902,0.19788117706775665,1.0
elementwise,1,input,producer,1,2,8,0.027147984730113636,0.9914909090909091,0.047181516885757446,0.9873999953269958,0.011198896914720535,0.006799999624490738,0.18045514822006226,0.18038928508758545,1.0
elementwise,1,input,producer,1,2,9,0.024844537908380683,0.9924363636363637,0.043724507093429565,0.9889999628067017,0.010573454201221466,0.006799999624490738,0.17646059393882751,0.17644615471363068,1.0
elementwise,1,input,producer,1,2,10,0.021789588512073865,0.9928545454545454,0.04591476172208786,0.988599956035614,0.013313264586031437,0.006399999838322401,0.1603177785873413,0.16030551493167877,1.0
elementwise,1,input,producer,1,2,11,0.0202226806640625,0.9934,0.04842061176896095,0.9883999824523926,0.011333310976624489,0.006199999712407589,0.15199531614780426,0.1519709974527359,1.0
elementwise,1,input,producer,1,2,12,0.018954350142045454,0.9938727272727272,0.04268549755215645,0.9901999831199646,0.0016306554898619652,0.002199999988079071,0.06235790625214577,0.06227332353591919,1.0
elementwise,1,input,producer,2,0,1,0.2384926846590909,0.9283636363636364,0.08922690153121948,0.9741999506950378,0.05314257740974426,0.022199999541044235,0.47208282351493835,0.472012996673584,1.0
elementwise,1,input,producer,2,0,2,0.07712163529829545,0.9761636363636363,0.07470087707042694,0.9783999919891357,0.04812321439385414,0.019999999552965164,0.39746206998825073,0.39744478464126587,1.0
elementwise,1,input,producer,2,0,3,0.059134845525568185,0.9816909090909091,0.06474439799785614,0.9821999669075012,0.0260743647813797,0.011399999260902405,0.3260878324508667,0.3260522186756134,1.0
elementwise,1,input,producer,2,0,4,0.048575461647727275,0.9852,0.05806649103760719,0.9827999472618103,0.02038360759615898,0.012399999424815178,0.2990017533302307,0.2989971935749054,1.0
elementwise,1,input,producer,2,0,5,0.04361234907670455,0.9861636363636364,0.059246595948934555,0.983199954032898,0.025112370029091835,0.013399999588727951,0.2839055061340332,0.2839186191558838,1.0
elementwise,1,input,producer,2,0,6,0.03738262606534091,0.9881818181818182,0.051735199987888336,0.9865999817848206,0.016574230045080185,0.008799999952316284,0.27762338519096375,0.27763041853904724,1.0
elementwise,1,input,producer,2,0,7,0.0339684814453125,0.9895090909090909,0.05244704708456993,0.9855999946594238,0.016720080748200417,0.008599999360740185,0.21734827756881714,0.21733221411705017,1.0
elementwise,1,input,producer,2,0,8,0.030194466885653408,0.9906181818181818,0.046971600502729416,0.9871999621391296,0.01221410371363163,0.006199999712407589,0.21622250974178314,0.21619996428489685,1.0
elementwise,1,input,producer,2,0,9,0.02757841574928977,0.9914181818181819,0.05640413984656334,0.98499995470047,0.017757782712578773,0.009999999776482582,0.18582765758037567,0.18577711284160614,1.0
elementwise,1,input,producer,2,0,10,0.02512201260653409,0.9921090909090909,0.06735116243362427,0.9813999533653259,0.03724818676710129,0.014399999752640724,0.20662446320056915,0.20658659934997559,1.0
elementwise,1,input,producer,2,0,11,0.022659281782670456,0.9931090909090909,0.052184924483299255,0.9857999682426453,0.018135488033294678,0.007999999448657036,0.19067470729351044,0.1905987560749054,1.0
elementwise,1,input,producer,2,0,12,0.021539548561789773,0.9932909090909091,0.04691508039832115,0.9873999953269958,0.0016953590093180537,0.003599999938160181,0.06619759649038315,0.06584811210632324,1.0
elementwise,1,input,producer,2,1,1,0.2315977450284091,0.9296909090909091,0.10345552116632462,0.9693999886512756,0.06251842528581619,0.026399999856948853,0.4563415050506592,0.45633089542388916,1.0
elementwise,1,input,producer,2,1,2,0.07509424715909091,0.9768,0.07568671554327011,0.9771999716758728,0.050282690674066544,0.022199999541044235,0.3970179557800293,0.3970009684562683,1.0
elementwise,1,input,producer,2,1,3,0.05801772017045455,0.981890909090909,0.06598935276269913,0.9807999730110168,0.029026983305811882,0.016999999061226845,0.3332540690898895,0.33323338627815247,1.0
elementwise,1,input,producer,2,1,4,0.047560000887784094,0.9851636363636364,0.061651576310396194,0.9819999933242798,0.025447439402341843,0.014399999752640724,0.34324541687965393,0.3432593047618866,1.0
elementwise,1,input,producer,2,1,5,0.04053224875710227,0.9871454545454545,0.0552973710000515,0.9851999878883362,0.027210833504796028,0.012600000016391277,0.2822093069553375,0.28221938014030457,1.0
elementwise,1,input,producer,2,1,6,0.036335504705255685,0.9884181818181819,0.04775943234562874,0.986799955368042,0.014454684220254421,0.009800000116229057,0.22297139465808868,0.22296887636184692,1.0
elementwise,1,input,producer,2,1,7,0.03255022638494318,0.9902,0.04511307552456856,0.9878000020980835,0.014927343465387821,0.008799999952316284,0.23226039111614227,0.23226433992385864,1.0
elementwise,1,input,producer,2,1,8,0.029262431196732955,0.9908181818181818,0.04878286272287369,0.9855999946594238,0.023626742884516716,0.012000000104308128,0.24868503212928772,0.24870198965072632,1.0
elementwise,1,input,producer,2,1,9,0.026925272993607953,0.9912,0.060147520154714584,0.9839999675750732,0.02255789190530777,0.012000000104308128,0.20861878991127014,0.20862382650375366,1.0
elementwise,1,input,producer,2,1,10,0.024831871448863636,0.9921454545454546,0.04504825919866562,0.9883999824523926,0.020139260217547417,0.010199999436736107,0.1788802295923233,0.1788598895072937,1.0
elementwise,1,input,producer,2,1,11,0.022277119584517044,0.9930363636363636,0.05299278721213341,0.9855999946594238,0.02183193527162075,0.010999999940395355,0.1778717339038849,0.17787227034568787,1.0
elementwise,1,input,producer,2,1,12,0.019735500266335228,0.9940363636363636,0.05062755569815636,0.9857999682426453,0.0017054248601198196,0.0037999998312443495,0.05509493127465248,0.054987113922834396,1.0
elementwise,1,input,producer,2,2,1,0.2223630859375,0.9321818181818182,0.08685757964849472,0.9741999506950378,0.05005257576704025,0.020999999716877937,0.4547715485095978,0.4547519385814667,1.0
elementwise,1,input,producer,2,2,2,0.07061173650568182,0.9778181818181818,0.06407210230827332,0.9815999865531921,0.028477754443883896,0.013399999588727951,0.3515312373638153,0.35147616267204285,1.0
elementwise,1,input,producer,2,2,3,0.05362873313210227,0.9838545454545454,0.07162180542945862,0.9777999520301819,0.04182155802845955,0.016599999740719795,0.3885401487350464,0.3885858356952667,1.0
elementwise,1,input,producer,2,2,4,0.043638334517045456,0.9864181818181819,0.05923808738589287,0.9815999865531921,0.026106717064976692,0.012600000016391277,0.3143421411514282,0.3143465220928192,1.0
elementwise,1,input,producer,2,2,5,0.03782325106534091,0.9883636363636363,0.0545426644384861,0.98499995470047,0.02310694195330143,0.010799999348819256,0.2911584973335266,0.2911807894706726,1.0
elementwise,1,input,producer,2,2,6,0.033593053089488636,0.9892363636363637,0.05410924553871155,0.9855999946594238,0.017773553729057312,0.008599999360740185,0.2493414431810379,0.2492915391921997,1.0
elementwise,1,input,producer,2,2,7,0.029341537198153408,0.9905818181818182,0.04826785624027252,0.9881999492645264,0.012866035103797913,0.007199999876320362,0.205834299325943,0.20581410825252533,1.0
elementwise,1,input,producer,2,2,8,0.026682947887073864,0.9916545454545455,0.04486078768968582,0.9887999892234802,0.011259772814810276,0.006199999712407589,0.1837051957845688,0.1836712509393692,1.0
elementwise,1,input,producer,2,2,9,0.024215636097301138,0.9923636363636363,0.04181261733174324,0.9899999499320984,0.01052017044275999,0.006599999964237213,0.17871317267417908,0.1787153035402298,1.0
elementwise,1,input,producer,2,2,10,0.021304960493607954,0.9929454545454546,0.041985757648944855,0.9896000027656555,0.011194567196071148,0.006000000052154064,0.1486581712961197,0.14863812923431396,1.0
elementwise,1,input,producer,2,2,11,0.019836021839488637,0.9934909090909091,0.04696274921298027,0.9889999628067017,0.011089349165558815,0.005200000014156103,0.1557658463716507,0.1556910276412964,1.0
elementwise,1,input,producer,2,2,12,0.01830484841086648,0.9942727272727273,0.039495501667261124,0.9905999898910522,0.0010266803437843919,0.0017999999690800905,0.05230085551738739,0.052194781601428986,1.0
elementwise,1,input,producer,3,0,1,0.24299987571022727,0.9267272727272727,0.09073806554079056,0.973800003528595,0.054596081376075745,0.023399999365210533,0.4750511348247528,0.4749315083026886,1.0
elementwise,1,input,producer,3,0,2,0.07845561967329545,0.9752363636363637,0.07417045533657074,0.9783999919891357,0.046247448772192,0.01979999989271164,0.39576834440231323,0.3956766724586487,1.0
elementwise,1,input,producer,3,0,3,0.060076509232954545,0.9812181818181818,0.06567580252885818,0.9824000000953674,0.026852281764149666,0.012199999764561653,0.33132603764533997,0.3312254846096039,1.0
elementwise,1,input,producer,3,0,4,0.04969978693181818,0.9848363636363636,0.058540523052215576,0.983199954032898,0.020756300538778305,0.012399999424815178,0.3102717101573944,0.3102817237377167,1.0
elementwise,1,input,producer,3,0,5,0.04463868963068182,0.9861818181818182,0.057393286377191544,0.9842000007629395,0.022085586562752724,0.011599999852478504,0.2841724753379822,0.28419560194015503,1.0
elementwise,1,input,producer,3,0,6,0.03847422762784091,0.9876727272727273,0.051643963903188705,0.9873999953269958,0.01659533381462097,0.007999999448657036,0.27276861667633057,0.2728053033351898,1.0
elementwise,1,input,producer,3,0,7,0.034941843483664775,0.9893818181818181,0.0504046231508255,0.9860000014305115,0.013622385449707508,0.008200000040233135,0.2098650336265564,0.20984932780265808,1.0
elementwise,1,input,producer,3,0,8,0.03116936700994318,0.9902181818181818,0.04745107516646385,0.986799955368042,0.011417939327657223,0.006199999712407589,0.21486391127109528,0.2148635983467102,1.0
elementwise,1,input,producer,3,0,9,0.028768656782670453,0.991,0.05449870601296425,0.9860000014305115,0.014689388684928417,0.008799999952316284,0.1739804446697235,0.1739950031042099,1.0
elementwise,1,input,producer,3,0,10,0.026255415482954545,0.9918363636363636,0.07142376899719238,0.9791999459266663,0.04008167237043381,0.014999999664723873,0.20489875972270966,0.20493197441101074,1.0
elementwise,1,input,producer,3,0,11,0.023773726029829547,0.9926909090909091,0.05180619657039642,0.9851999878883362,0.01697733998298645,0.008799999952316284,0.1763347089290619,0.1763560175895691,1.0
elementwise,1,input,producer,3,0,12,0.022522989169034092,0.9927818181818182,0.045855987817049026,0.9875999689102173,0.0004387568333186209,0.001999999862164259,0.03369397297501564,0.03363266959786415,1.0
elementwise,1,input,producer,3,1,1,0.23538765980113635,0.9288909090909091,0.10228775441646576,0.968999981880188,0.062148913741111755,0.02719999849796295,0.4636811316013336,0.46367794275283813,1.0
elementwise,1,input,producer,3,1,2,0.07568749112215908,0.976690909090909,0.07550559937953949,0.9779999852180481,0.04994921013712883,0.021199999377131462,0.4050047993659973,0.40501531958580017,1.0
elementwise,1,input,producer,3,1,3,0.05822005060369318,0.9815818181818182,0.06881870329380035,0.9803999662399292,0.032391637563705444,0.01719999872148037,0.34250664710998535,0.3424951434135437,1.0
elementwise,1,input,producer,3,1,4,0.04752965642755682,0.9852181818181818,0.06336826086044312,0.9815999865531921,0.02631363458931446,0.014999999664723873,0.3449569642543793,0.3449764549732208,1.0
elementwise,1,input,producer,3,1,5,0.0407126953125,0.9871636363636364,0.0529145747423172,0.9853999614715576,0.025435233488678932,0.012399999424815178,0.2866871654987335,0.28670603036880493,1.0
elementwise,1,input,producer,3,1,6,0.03646050248579545,0.9883454545454545,0.05000665783882141,0.9865999817848206,0.014970949850976467,0.009800000116229057,0.22482764720916748,0.22483529150485992,1.0
elementwise,1,input,producer,3,1,7,0.03269024103338068,0.989909090909091,0.045870471745729446,0.9871999621391296,0.016336089000105858,0.009599999524652958,0.2375333309173584,0.23754635453224182,1.0
elementwise,1,input,producer,3,1,8,0.02968322088068182,0.9906,0.05063972622156143,0.98499995470047,0.026207350194454193,0.012999999336898327,0.26159602403640747,0.2616233229637146,1.0
elementwise,1,input,producer,3,1,9,0.027295334694602272,0.9912363636363636,0.06166694313287735,0.9829999804496765,0.027086647227406502,0.012999999336898327,0.22079014778137207,0.22081135213375092,1.0
elementwise,1,input,producer,3,1,10,0.025143137428977273,0.9920181818181818,0.046106938272714615,0.9881999492645264,0.021685900166630745,0.009999999776482582,0.17987589538097382,0.17984651029109955,1.0
elementwise,1,input,producer,3,1,11,0.0227638916015625,0.992890909090909,0.05223829299211502,0.9857999682426453,0.01955672726035118,0.01119999960064888,0.17354336380958557,0.17356327176094055,1.0
elementwise,1,input,producer,3,1,12,0.01993984596946023,0.9940181818181818,0.05091320350766182,0.9860000014305115,0.00030303129460662603,0.0011999999405816197,0.02405477687716484,0.024016307666897774,1.0
elementwise,1,input,producer,3,2,1,0.22690324928977273,0.9309818181818181,0.08873582631349564,0.9739999771118164,0.051623813807964325,0.020800000056624413,0.45718830823898315,0.4571475684642792,1.0
elementwise,1,input,producer,3,2,2,0.07137822265625,0.9775272727272727,0.0642106831073761,0.9819999933242798,0.028061114251613617,0.012999999336898327,0.3583492040634155,0.3582848906517029,1.0
elementwise,1,input,producer,3,2,3,0.0540578125,0.9835454545454545,0.07429101318120956,0.9783999919891357,0.04335211217403412,0.01599999889731407,0.38854801654815674,0.38859620690345764,1.0
elementwise,1,input,producer,3,2,4,0.04416739169034091,0.9863818181818181,0.05984599515795708,0.9817999601364136,0.02609282173216343,0.012199999764561653,0.3168632984161377,0.3168694078922272,1.0
elementwise,1,input,producer,3,2,5,0.03810565518465909,0.9880181818181818,0.056538816541433334,0.9851999878883362,0.023756874725222588,0.010199999436736107,0.2900753319263458,0.29009944200515747,1.0
elementwise,1,input,producer,3,2,6,0.0340931396484375,0.9891818181818182,0.05622503533959389,0.9839999675750732,0.019301073625683784,0.009999999776482582,0.24978430569171906,0.24970966577529907,1.0
elementwise,1,input,producer,3,2,7,0.02974457341974432,0.9905272727272727,0.048734813928604126,0.9873999953269958,0.012152976356446743,0.007599999662488699,0.20137010514736176,0.20132233202457428,1.0
elementwise,1,input,producer,3,2,8,0.027009275124289772,0.9915636363636363,0.045190051198005676,0.9889999628067017,0.009171809069812298,0.004999999888241291,0.17327694594860077,0.17318753898143768,1.0
elementwise,1,input,producer,3,2,9,0.024763645241477273,0.9922727272727273,0.043225809931755066,0.9891999959945679,0.010365117341279984,0.005799999926239252,0.17845997214317322,0.1784568727016449,1.0
elementwise,1,input,producer,3,2,10,0.021705950372869317,0.9926,0.04381891340017319,0.9893999695777893,0.010793113149702549,0.005200000014156103,0.1456412523984909,0.14565134048461914,1.0
elementwise,1,input,producer,3,2,11,0.020154862837357953,0.9935090909090909,0.04769320785999298,0.988599956035614,0.009336311370134354,0.005200000014156103,0.14498931169509888,0.14499375224113464,1.0
elementwise,1,input,producer,3,2,12,0.018730903764204547,0.993909090909091,0.040956150740385056,0.9899999499320984,0.0002796732005663216,0.0005999999702908099,0.026666324585676193,0.02662375010550022,1.0
elementwise,1,input,producer,4,0,1,0.24356624644886363,0.9259272727272727,0.0909990593791008,0.9735999703407288,0.054524119943380356,0.023599999025464058,0.47466790676116943,0.47452467679977417,1.0
elementwise,1,input,producer,4,0,2,0.07866685014204546,0.9752909090909091,0.07334845513105392,0.9779999852180481,0.04521637037396431,0.01979999989271164,0.39539021253585815,0.39531028270721436,1.0
elementwise,1,input,producer,4,0,3,0.060352618963068184,0.9811818181818182,0.06607860326766968,0.9813999533653259,0.027362389490008354,0.012999999336898327,0.3324834406375885,0.33238598704338074,1.0
elementwise,1,input,producer,4,0,4,0.04977503995028409,0.9848727272727272,0.05915438383817673,0.9833999872207642,0.02111000567674637,0.012199999764561653,0.311628520488739,0.31164196133613586,1.0
elementwise,1,input,producer,4,0,5,0.04477464932528409,0.986,0.05727734416723251,0.9839999675750732,0.022023456171154976,0.011799999512732029,0.2841242551803589,0.28414398431777954,1.0
elementwise,1,input,producer,4,0,6,0.038681649502840906,0.9874545454545455,0.05320621281862259,0.9869999885559082,0.017994558438658714,0.008999999612569809,0.2795814871788025,0.27961528301239014,1.0
elementwise,1,input,producer,4,0,7,0.03514827325994318,0.9892,0.050977446138858795,0.9861999750137329,0.014103350229561329,0.008599999360740185,0.20892690122127533,0.20892198383808136,1.0
elementwise,1,input,producer,4,0,8,0.0314007080078125,0.9902,0.04762445017695427,0.9865999817848206,0.011581804603338242,0.006799999624490738,0.21752198040485382,0.21751858294010162,1.0
elementwise,1,input,producer,4,0,9,0.028792369495738636,0.9910727272727273,0.05588629096746445,0.9845999479293823,0.016243884339928627,0.010199999436736107,0.17969678342342377,0.17970509827136993,1.0
elementwise,1,input,producer,4,0,10,0.026392762340198862,0.9917090909090909,0.06924530118703842,0.9803999662399292,0.03787221759557724,0.0142000000923872,0.2022838592529297,0.20231418311595917,1.0
elementwise,1,input,producer,4,0,11,0.023961228249289774,0.9925272727272727,0.05103592574596405,0.9857999682426453,0.01664283312857151,0.007599999662488699,0.1771211326122284,0.1771290898323059,1.0
elementwise,1,input,producer,4,0,12,0.02284637784090909,0.9926363636363637,0.046331290155649185,0.9878000020980835,0.0007611418259330094,0.0023999998811632395,0.042736999690532684,0.042670052498579025,1.0
elementwise,1,input,producer,4,1,1,0.23570573508522727,0.9285636363636364,0.10365091264247894,0.9684000015258789,0.06340468674898148,0.027799999341368675,0.4640527665615082,0.4640495181083679,1.0
elementwise,1,input,producer,4,1,2,0.07590633877840909,0.9768,0.07566097378730774,0.9781999588012695,0.05014476180076599,0.020800000056624413,0.4052218496799469,0.40522658824920654,1.0
elementwise,1,input,producer,4,1,3,0.05829188121448864,0.9813272727272727,0.06871260702610016,0.9803999662399292,0.03216066211462021,0.01719999872148037,0.3378664255142212,0.33786219358444214,1.0
elementwise,1,input,producer,4,1,4,0.04774895241477273,0.9852363636363637,0.06346437335014343,0.9819999933242798,0.026039402931928635,0.014999999664723873,0.3447713553905487,0.3447825312614441,1.0
elementwise,1,input,producer,4,1,5,0.040866428444602275,0.9873272727272727,0.05220814049243927,0.9855999946594238,0.024399349465966225,0.012199999764561653,0.28507763147354126,0.28509387373924255,1.0
elementwise,1,input,producer,4,1,6,0.03670383744673295,0.9882727272727273,0.0500505194067955,0.9861999750137329,0.015980232506990433,0.010199999436736107,0.2304602712392807,0.2304685264825821,1.0
elementwise,1,input,producer,4,1,7,0.03291528098366477,0.9897272727272727,0.04644813388586044,0.986799955368042,0.017441438511013985,0.009999999776482582,0.23872502148151398,0.23872829973697662,1.0
elementwise,1,input,producer,4,1,8,0.029847693980823865,0.9905818181818182,0.05087905749678612,0.9851999878883362,0.0258693415671587,0.012799999676644802,0.2571033239364624,0.2571314871311188,1.0
elementwise,1,input,producer,4,1,9,0.02742769220525568,0.9911818181818182,0.06080738455057144,0.9835999608039856,0.024698305875062943,0.012399999424815178,0.21438166499137878,0.2144053429365158,1.0
elementwise,1,input,producer,4,1,10,0.025224287553267045,0.991909090909091,0.04664023593068123,0.9879999756813049,0.02133864164352417,0.010599999688565731,0.17709556221961975,0.17708422243595123,1.0
elementwise,1,input,producer,4,1,11,0.022901047585227274,0.9926727272727273,0.05373372882604599,0.98499995470047,0.020661190152168274,0.012000000104308128,0.17340518534183502,0.17343071103096008,1.0
elementwise,1,input,producer,4,1,12,0.02007726162997159,0.9941636363636364,0.05179806426167488,0.9871999621391296,0.00033169001108035445,0.0015999999595806003,0.023261891677975655,0.023223361000418663,1.0
elementwise,1,input,producer,4,2,1,0.2272287109375,0.9314,0.08889235556125641,0.9745999574661255,0.051895871758461,0.020399998873472214,0.45816197991371155,0.4581291377544403,1.0
elementwise,1,input,producer,4,2,2,0.07148870738636363,0.9775272727272727,0.06441991031169891,0.9817999601364136,0.02832208201289177,0.013199999928474426,0.3556157946586609,0.35553884506225586,1.0
elementwise,1,input,producer,4,2,3,0.054292240767045453,0.9834909090909091,0.07441085577011108,0.9783999919891357,0.043732691556215286,0.01599999889731407,0.388247549533844,0.3882930278778076,1.0
elementwise,1,input,producer,4,2,4,0.044389026988636365,0.9862727272727273,0.05960139259696007,0.9817999601364136,0.02571537159383297,0.012000000104308128,0.31382879614830017,0.3138279616832733,1.0
elementwise,1,input,producer,4,2,5,0.03827207919034091,0.9880727272727273,0.05544039234519005,0.9851999878883362,0.022678351029753685,0.010799999348819256,0.291760116815567,0.29178187251091003,1.0
elementwise,1,input,producer,4,2,6,0.03418915571732955,0.9892,0.055256206542253494,0.9845999479293823,0.018466930836439133,0.009399999864399433,0.2490917444229126,0.24900545179843903,1.0
elementwise,1,input,producer,4,2,7,0.029901420454545455,0.9904,0.04876033961772919,0.9875999689102173,0.012402922846376896,0.007400000002235174,0.19612739980220795,0.1960848718881607,1.0
elementwise,1,input,producer,4,2,8,0.027202086292613635,0.9914363636363637,0.04525931552052498,0.9887999892234802,0.009737800806760788,0.005399999674409628,0.17487004399299622,0.17477338016033173,1.0
elementwise,1,input,producer,4,2,9,0.024789650656960226,0.9921818181818182,0.04283338785171509,0.989799976348877,0.009962462820112705,0.006000000052154064,0.17507429420948029,0.17506945133209229,1.0
elementwise,1,input,producer,4,2,10,0.02181311700994318,0.9927272727272727,0.04342764988541603,0.9891999959945679,0.010538218542933464,0.005200000014156103,0.14079317450523376,0.1408025473356247,1.0
elementwise,1,input,producer,4,2,11,0.020275841175426135,0.9935454545454545,0.047486983239650726,0.9883999824523926,0.009295841678977013,0.005200000014156103,0.1442273110151291,0.1442348212003708,1.0
elementwise,1,input,producer,4,2,12,0.01885280539772727,0.9936545454545455,0.04078393429517746,0.9899999499320984,0.00017376290634274483,0.00039999998989515007,0.020852042362093925,0.020725710317492485,1.0
elementwise,1,input,producer,5,0,1,0.24264948508522727,0.9263636363636364,0.09110531955957413,0.9735999703407288,0.05451326072216034,0.02419999986886978,0.47339367866516113,0.47326722741127014,1.0
elementwise,1,input,producer,5,0,2,0.07830778586647727,0.9754545454545455,0.07375620305538177,0.9785999655723572,0.045512665063142776,0.019199999049305916,0.3939259648323059,0.39384725689888,1.0
elementwise,1,input,producer,5,0,3,0.06005101207386364,0.9814,0.06579034775495529,0.9824000000953674,0.026836616918444633,0.012000000104308128,0.33110135793685913,0.33099380135536194,1.0
elementwise,1,input,producer,5,0,4,0.04955764825994318,0.9848,0.05854663625359535,0.9833999872207642,0.020548971369862556,0.011399999260902405,0.3064958155155182,0.3064973056316376,1.0
elementwise,1,input,producer,5,0,5,0.044601451526988634,0.9860545454545454,0.05796890705823898,0.9839999675750732,0.02260638028383255,0.011799999512732029,0.2822681665420532,0.28228530287742615,1.0
elementwise,1,input,producer,5,0,6,0.03837308238636364,0.9877090909090909,0.05246658995747566,0.9881999492645264,0.01677781343460083,0.007799999788403511,0.2766352593898773,0.2766752243041992,1.0
elementwise,1,input,producer,5,0,7,0.03489800248579546,0.9892727272727273,0.05160065367817879,0.9860000014305115,0.014804888516664505,0.007400000002235174,0.21096131205558777,0.21097643673419952,1.0
elementwise,1,input,producer,5,0,8,0.03112264737215909,0.9903272727272727,0.047826480120420456,0.9865999817848206,0.011260444298386574,0.006000000052154064,0.2152155339717865,0.2152329832315445,1.0
elementwise,1,input,producer,5,0,9,0.028649749200994317,0.9909818181818182,0.05603521689772606,0.9857999682426453,0.015973594039678574,0.008999999612569809,0.17698164284229279,0.1769980490207672,1.0
elementwise,1,input,producer,5,0,10,0.026078200461647726,0.9918545454545454,0.07023517042398453,0.9799999594688416,0.03845596686005592,0.0142000000923872,0.2029184103012085,0.2029513269662857,1.0
elementwise,1,input,producer,5,0,11,0.02357205255681818,0.9926,0.0513082779943943,0.9857999682426453,0.01657751575112343,0.007599999662488699,0.1742815226316452,0.17428405582904816,1.0
elementwise,1,input,producer,5,0,12,0.02253152521306818,0.9928363636363636,0.047435685992240906,0.9865999817848206,0.00024970973026938736,0.001999999862164259,0.024748314172029495,0.024583717808127403,1.0
elementwise,1,input,producer,5,1,1,0.23427487571022726,0.929,0.10306157171726227,0.9679999947547913,0.06255017966032028,0.027799999341368675,0.46168190240859985,0.46167999505996704,1.0
elementwise,1,input,producer,5,1,2,0.07553132102272728,0.9769272727272728,0.07509999722242355,0.9783999919891357,0.049263209104537964,0.020600000396370888,0.4028206169605255,0.4028242826461792,1.0
elementwise,1,input,producer,5,1,3,0.05818473455255682,0.9815818181818182,0.068184994161129,0.9801999926567078,0.0314931645989418,0.01719999872148037,0.3382309079170227,0.3382256031036377,1.0
elementwise,1,input,producer,5,1,4,0.04764779829545455,0.9851818181818182,0.06278012692928314,0.9811999797821045,0.025385089218616486,0.014999999664723873,0.3418664336204529,0.34188389778137207,1.0
elementwise,1,input,producer,5,1,5,0.040661772017045454,0.9874545454545455,0.052587877959012985,0.9853999614715576,0.024270640686154366,0.012199999764561653,0.2825937569141388,0.2826108932495117,1.0
elementwise,1,input,producer,5,1,6,0.03645261674360795,0.9882545454545455,0.048689160495996475,0.9865999817848206,0.013911864720284939,0.009599999524652958,0.22429022192955017,0.224294513463974,1.0
elementwise,1,input,producer,5,1,7,0.032772518643465906,0.9898,0.04617990553379059,0.9875999689102173,0.016204295679926872,0.008999999612569809,0.2376173585653305,0.23763233423233032,1.0
elementwise,1,input,producer,5,1,8,0.029596983753551135,0.9907090909090909,0.04973284527659416,0.9851999878883362,0.024378057569265366,0.012000000104308128,0.25174301862716675,0.25176945328712463,1.0
elementwise,1,input,producer,5,1,9,0.02723039328835227,0.9913090909090909,0.060601282864809036,0.983199954032898,0.025072798132896423,0.012000000104308128,0.21603836119174957,0.21606141328811646,1.0
elementwise,1,input,producer,5,1,10,0.025034141956676137,0.991909090909091,0.04560357704758644,0.988599956035614,0.02090309001505375,0.009999999776482582,0.17826037108898163,0.17822952568531036,1.0
elementwise,1,input,producer,5,1,11,0.022607111150568182,0.992890909090909,0.05303039401769638,0.9853999614715576,0.02013106271624565,0.011599999852478504,0.17315806448459625,0.17318037152290344,1.0
elementwise,1,input,producer,5,1,12,0.01988894930752841,0.9941636363636364,0.05046410486102104,0.9869999885559082,0.0003048798826057464,0.0009999999310821295,0.026978354901075363,0.026952998712658882,1.0
elementwise,1,input,producer,5,2,1,0.22615756392045455,0.9311818181818182,0.0884813591837883,0.974399983882904,0.05142586678266525,0.020600000396370888,0.45559927821159363,0.4555691182613373,1.0
elementwise,1,input,producer,5,2,2,0.07122011274857955,0.9777090909090909,0.06452387571334839,0.9815999865531921,0.028369268402457237,0.013399999588727951,0.352245032787323,0.3521875739097595,1.0
elementwise,1,input,producer,5,2,3,0.054022163529829546,0.9835454545454545,0.07301919162273407,0.9787999987602234,0.0422528050839901,0.015599999576807022,0.38744452595710754,0.38749685883522034,1.0
elementwise,1,input,producer,5,2,4,0.044151043146306815,0.9863272727272727,0.060036033391952515,0.9815999865531921,0.02652336284518242,0.012600000016391277,0.31567642092704773,0.31569704413414,1.0
elementwise,1,input,producer,5,2,5,0.03808034002130682,0.9882,0.054979804903268814,0.9845999479293823,0.02206462249159813,0.010599999688565731,0.28834477066993713,0.28836697340011597,1.0
elementwise,1,input,producer,5,2,6,0.033987688654119316,0.9891818181818182,0.05545644089579582,0.9847999811172485,0.018540237098932266,0.009599999524652958,0.2471410632133484,0.24708853662014008,1.0
elementwise,1,input,producer,5,2,7,0.029726444868607954,0.9905818181818182,0.04886103793978691,0.986799955368042,0.012267923913896084,0.007400000002235174,0.19534921646118164,0.19532190263271332,1.0
elementwise,1,input,producer,5,2,8,0.026985648970170455,0.9916,0.045023851096630096,0.9887999892234802,0.009463137947022915,0.005399999674409628,0.1759859323501587,0.17593638598918915,1.0
elementwise,1,input,producer,5,2,9,0.024635655628551138,0.9921090909090909,0.0425289049744606,0.989799976348877,0.00976165384054184,0.005399999674409628,0.1780070811510086,0.17801819741725922,1.0
elementwise,1,input,producer,5,2,10,0.021661869673295454,0.9926363636363637,0.04333101212978363,0.9893999695777893,0.01041974127292633,0.005200000014156103,0.14252763986587524,0.14254410564899445,1.0
elementwise,1,input,producer,5,2,11,0.02012136896306818,0.9936727272727273,0.0474894642829895,0.9889999628067017,0.009477070532739162,0.00559999980032444,0.14508017897605896,0.14508108794689178,1.0
elementwise,1,input,producer,5,2,12,0.01865646306818182,0.9939636363636364,0.041154369711875916,0.990399956703186,0.00010366577771492302,0.0,0.016445664688944817,0.01640341803431511,1.0
elementwise,1,input,producer,7,0,1,0.24275321377840908,0.9262727272727272,0.09097710996866226,0.9735999703407288,0.0544949434697628,0.02419999986886978,0.4740537703037262,0.47393691539764404,1.0
elementwise,1,input,producer,7,0,2,0.0784192471590909,0.9754181818181819,0.07448950409889221,0.9785999655723572,0.04672456532716751,0.019199999049305916,0.3963426351547241,0.39625459909439087,1.0
elementwise,1,input,producer,7,0,3,0.060166432883522726,0.9812181818181818,0.06561068445444107,0.9825999736785889,0.026739126071333885,0.011799999512732029,0.3310003876686096,0.33090659976005554,1.0
elementwise,1,input,producer,7,0,4,0.049592658025568184,0.9850181818181818,0.05810251459479332,0.9837999939918518,0.020316269248723984,0.012000000104308128,0.3075052797794342,0.3075125813484192,1.0
elementwise,1,input,producer,7,0,5,0.04466819069602273,0.986,0.05790339410305023,0.9839999675750732,0.022454097867012024,0.011799999512732029,0.2823600769042969,0.2823837101459503,1.0
elementwise,1,input,producer,7,0,6,0.03847551935369318,0.9878,0.05263989791274071,0.9873999953269958,0.017524108290672302,0.00839999970048666,0.27694687247276306,0.27699047327041626,1.0
elementwise,1,input,producer,7,0,7,0.03497691761363636,0.9893272727272727,0.05092955753207207,0.986799955368042,0.014278634451329708,0.007999999448657036,0.21456344425678253,0.21457043290138245,1.0
elementwise,1,input,producer,7,0,8,0.031213405539772726,0.9903636363636363,0.04761676490306854,0.9875999689102173,0.011494251899421215,0.006399999838322401,0.2175149917602539,0.2175290435552597,1.0
elementwise,1,input,producer,7,0,9,0.028681043590198865,0.991,0.05528940260410309,0.9845999479293823,0.015557141043245792,0.010199999436736107,0.17647124826908112,0.17649297416210175,1.0
elementwise,1,input,producer,7,0,10,0.02619144620028409,0.9918545454545454,0.06876204907894135,0.9807999730110168,0.03679267317056656,0.013799999840557575,0.20235377550125122,0.20238664746284485,1.0
elementwise,1,input,producer,7,0,11,0.023663130326704546,0.9927272727272727,0.05182543396949768,0.9853999614715576,0.017328856512904167,0.007999999448657036,0.17841488122940063,0.17842401564121246,1.0
elementwise,1,input,producer,7,0,12,0.022641255326704544,0.9926545454545455,0.0467604324221611,0.9871999621391296,0.0002961365389637649,0.001999999862164259,0.025300385430455208,0.025231322273612022,1.0
elementwise,1,input,producer,7,1,1,0.23469604048295453,0.9287272727272727,0.10355329513549805,0.9687999486923218,0.06312307715415955,0.027799999341368675,0.46357017755508423,0.46357235312461853,1.0
elementwise,1,input,producer,7,1,2,0.07560212180397727,0.9767818181818182,0.0743759348988533,0.9787999987602234,0.04846059903502464,0.02019999921321869,0.40065017342567444,0.40066424012184143,1.0
elementwise,1,input,producer,7,1,3,0.05816083984375,0.9818727272727272,0.06868208944797516,0.9801999926567078,0.03171809762716293,0.01719999872148037,0.3367922008037567,0.33678722381591797,1.0
elementwise,1,input,producer,7,1,4,0.04760237482244318,0.9852545454545455,0.06318967044353485,0.9817999601364136,0.025914158672094345,0.014800000004470348,0.34268251061439514,0.3427024781703949,1.0
elementwise,1,input,producer,7,1,5,0.04069412730823864,0.9874363636363637,0.0529831163585186,0.9851999878883362,0.02508346177637577,0.012399999424815178,0.2862266004085541,0.286243736743927,1.0
elementwise,1,input,producer,7,1,6,0.036481159002130684,0.9883636363636363,0.04931380972266197,0.9861999750137329,0.014524341560900211,0.009800000116229057,0.22764796018600464,0.22765997052192688,1.0
elementwise,1,input,producer,7,1,7,0.032709508167613636,0.9899272727272728,0.04609654098749161,0.9871999621391296,0.016014162451028824,0.009399999864399433,0.2374401092529297,0.23745346069335938,1.0
elementwise,1,input,producer,7,1,8,0.0296326416015625,0.9905454545454545,0.0500272773206234,0.9853999614715576,0.02473088912665844,0.012199999764561653,0.25306788086891174,0.2530919909477234,1.0
elementwise,1,input,producer,7,1,9,0.0272031982421875,0.9913090909090909,0.06070652976632118,0.9833999872207642,0.0244245957583189,0.011799999512732029,0.2144792079925537,0.21450091898441315,1.0
elementwise,1,input,producer,7,1,10,0.02509551447088068,0.9918,0.04634636268019676,0.9883999824523926,0.021229034289717674,0.009800000116229057,0.17753322422504425,0.1775006502866745,1.0
elementwise,1,input,producer,7,1,11,0.022710793235085226,0.9929272727272728,0.053817521780729294,0.9847999811172485,0.0206532534211874,0.012199999764561653,0.1758689135313034,0.17589475214481354,1.0
elementwise,1,input,producer,7,1,12,0.019951171875,0.9940909090909091,0.05099012330174446,0.9869999885559082,0.0002121439465554431,0.00139999995008111,0.019639529287815094,0.019611496478319168,1.0
elementwise,1,input,producer,7,2,1,0.22632643821022727,0.9312909090909091,0.08852063864469528,0.9741999506950378,0.051534295082092285,0.020999999716877937,0.4561033546924591,0.4560770094394684,1.0
elementwise,1,input,producer,7,2,2,0.07119443803267045,0.9776545454545454,0.06408707052469254,0.9817999601364136,0.02800697647035122,0.013199999928474426,0.3544534742832184,0.35438013076782227,1.0
elementwise,1,input,producer,7,2,3,0.05400211736505682,0.9834545454545455,0.07278989255428314,0.9787999987602234,0.04206481948494911,0.015599999576807022,0.3860379159450531,0.38608139753341675,1.0
elementwise,1,input,producer,7,2,4,0.04416041814630682,0.9863272727272727,0.05921139568090439,0.9819999933242798,0.025677809491753578,0.012199999764561653,0.315694659948349,0.31570252776145935,1.0
elementwise,1,input,producer,7,2,5,0.03807080965909091,0.9880181818181818,0.05586909130215645,0.9845999479293823,0.023062067106366158,0.010999999940395355,0.28855931758880615,0.28857865929603577,1.0
elementwise,1,input,producer,7,2,6,0.03401377840909091,0.9892727272727273,0.054433368146419525,0.9847999811172485,0.017626244574785233,0.008999999612569809,0.2503102421760559,0.25024911761283875,1.0
elementwise,1,input,producer,7,2,7,0.029708726917613636,0.9906181818181818,0.04881730303168297,0.9871999621391296,0.012414169497787952,0.00699999975040555,0.1962546557188034,0.19621224701404572,1.0
elementwise,1,input,producer,7,2,8,0.027009834428267047,0.9915272727272727,0.045312028378248215,0.988599956035614,0.009830884635448456,0.005399999674409628,0.17482733726501465,0.17476460337638855,1.0
elementwise,1,input,producer,7,2,9,0.024612741921164773,0.9922,0.042872194200754166,0.9893999695777893,0.010078643448650837,0.00559999980032444,0.17579278349876404,0.17579065263271332,1.0
elementwise,1,input,producer,7,2,10,0.02165474298650568,0.9928181818181818,0.043543390929698944,0.9887999892234802,0.010878205299377441,0.005799999926239252,0.14428018033504486,0.14430004358291626,1.0
elementwise,1,input,producer,7,2,11,0.020054847301136363,0.9935454545454545,0.04663540795445442,0.9893999695777893,0.008864174596965313,0.004999999888241291,0.14298750460147858,0.14298927783966064,1.0
elementwise,1,input,producer,7,2,12,0.018563376686789774,0.9941272727272727,0.04056514427065849,0.9901999831199646,7.139094668673351e-05,0.0005999999702908099,0.014015656895935535,0.013990475796163082,1.0
elementwise,1,input,producer,10,0,1,0.24283180042613636,0.9263454545454546,0.09129288792610168,0.9729999899864197,0.054678793996572495,0.024799998849630356,0.47435814142227173,0.4742339253425598,1.0
elementwise,1,input,producer,10,0,2,0.0783716796875,0.9755818181818182,0.07417459785938263,0.9785999655723572,0.046410441398620605,0.019199999049305916,0.3956439793109894,0.39556601643562317,1.0
elementwise,1,input,producer,10,0,3,0.06006520774147727,0.9813090909090909,0.06606179475784302,0.9819999933242798,0.027279388159513474,0.012399999424815178,0.3305775821208954,0.3304901421070099,1.0
elementwise,1,input,producer,10,0,4,0.049580859375,0.9849454545454546,0.058041393756866455,0.9833999872207642,0.019985605031251907,0.012199999764561653,0.3070372939109802,0.3070494532585144,1.0
elementwise,1,input,producer,10,0,5,0.04453908469460227,0.9860727272727273,0.05768952518701553,0.9839999675750732,0.02251036837697029,0.011799999512732029,0.28247955441474915,0.28249767422676086,1.0
elementwise,1,input,producer,10,0,6,0.03833560901988636,0.9878545454545454,0.05288522318005562,0.9871999621391296,0.017645547166466713,0.008999999612569809,0.2782725989818573,0.27831655740737915,1.0
elementwise,1,input,producer,10,0,7,0.034857057883522724,0.9892363636363637,0.0511174350976944,0.9865999817848206,0.014638918451964855,0.007999999448657036,0.21327367424964905,0.21328140795230865,1.0
elementwise,1,input,producer,10,0,8,0.031142021040482956,0.9903272727272727,0.04760623723268509,0.9863999485969543,0.011353670619428158,0.006199999712407589,0.21439026296138763,0.2144017368555069,1.0
elementwise,1,input,producer,10,0,9,0.028602354847301135,0.9911636363636364,0.05528602376580238,0.98499995470047,0.015572767704725266,0.009800000116229057,0.17511127889156342,0.1751326322555542,1.0
elementwise,1,input,producer,10,0,10,0.02610585271661932,0.9918,0.065961092710495,0.9815999865531921,0.03366781398653984,0.012600000016391277,0.19957122206687927,0.19960665702819824,1.0
elementwise,1,input,producer,10,0,11,0.02349117098721591,0.9924545454545455,0.052128929644823074,0.9853999614715576,0.01728958636522293,0.007999999448657036,0.17771820724010468,0.17771895229816437,1.0
elementwise,1,input,producer,10,0,12,0.02240594815340909,0.992909090909091,0.046874772757291794,0.9869999885559082,0.0002774435270112008,0.001999999862164259,0.023186691105365753,0.023064740002155304,1.0
elementwise,1,input,producer,10,1,1,0.23465122514204545,0.9286,0.10313322395086288,0.9687999486923218,0.06276237219572067,0.027799999341368675,0.4647081792354584,0.46470868587493896,1.0
elementwise,1,input,producer,10,1,2,0.07569743430397727,0.9768909090909091,0.07539835572242737,0.9785999655723572,0.04973163455724716,0.020399998873472214,0.4034348130226135,0.4034511148929596,1.0
elementwise,1,input,producer,10,1,3,0.058198450816761366,0.9817818181818182,0.06830441951751709,0.9797999858856201,0.0313812792301178,0.01719999872148037,0.3397741913795471,0.3397676646709442,1.0
elementwise,1,input,producer,10,1,4,0.047610071910511365,0.9851818181818182,0.06313356012105942,0.9821999669075012,0.025647258386015892,0.0139999995008111,0.34392449259757996,0.343941867351532,1.0
elementwise,1,input,producer,10,1,5,0.040655553089488636,0.9874727272727273,0.05307363346219063,0.9851999878883362,0.025415800511837006,0.012600000016391277,0.28647559881210327,0.2864964008331299,1.0
elementwise,1,input,producer,10,1,6,0.03652792524857955,0.9881818181818182,0.04954848811030388,0.9863999485969543,0.014536730945110321,0.009999999776482582,0.2268463373184204,0.22685600817203522,1.0
elementwise,1,input,producer,10,1,7,0.032757246537642046,0.9898545454545454,0.046158622950315475,0.9871999621391296,0.016568494960665703,0.009599999524652958,0.23808227479457855,0.23809842765331268,1.0
elementwise,1,input,producer,10,1,8,0.029629001686789773,0.9906545454545455,0.04988233000040054,0.98499995470047,0.024320626631379128,0.012399999424815178,0.2514805495738983,0.25150784850120544,1.0
elementwise,1,input,producer,10,1,9,0.0272595458984375,0.9913090909090909,0.06072991341352463,0.983199954032898,0.024709247052669525,0.012199999764561653,0.21536631882190704,0.21538816392421722,1.0
elementwise,1,input,producer,10,1,10,0.025100916637073863,0.991909090909091,0.046357885003089905,0.9883999824523926,0.021378496661782265,0.010199999436736107,0.17715713381767273,0.17713187634944916,1.0
elementwise,1,input,producer,10,1,11,0.022721766246448862,0.9928,0.053852397948503494,0.98499995470047,0.020483767613768578,0.012000000104308128,0.17523077130317688,0.17525696754455566,1.0
elementwise,1,input,producer,10,1,12,0.019912513316761363,0.9941636363636364,0.05055079609155655,0.9865999817848206,9.279434743802994e-05,0.0007999999797903001,0.013125705532729626,0.013106548227369785,1.0
elementwise,1,input,producer,10,2,1,0.22635678267045453,0.9313272727272728,0.08848266303539276,0.9741999506950378,0.051562510430812836,0.020800000056624413,0.45696479082107544,0.4569382965564728,1.0
elementwise,1,input,producer,10,2,2,0.07128325639204545,0.9777272727272728,0.06431304663419724,0.9815999865531921,0.028254274278879166,0.013399999588727951,0.35524633526802063,0.35518181324005127,1.0
elementwise,1,input,producer,10,2,3,0.05406639737215909,0.9835272727272727,0.07483195513486862,0.9779999852180481,0.04409622400999069,0.01640000008046627,0.3860936760902405,0.38614270091056824,1.0
elementwise,1,input,producer,10,2,4,0.044205362215909094,0.9863454545454545,0.05950769782066345,0.9821999669075012,0.025998597964644432,0.012199999764561653,0.3164213299751282,0.3164321482181549,1.0
elementwise,1,input,producer,10,2,5,0.03814784268465909,0.9880545454545454,0.055671948939561844,0.98499995470047,0.022946704179048538,0.010199999436736107,0.2912086844444275,0.2912379801273346,1.0
elementwise,1,input,producer,10,2,6,0.03404131747159091,0.9893090909090909,0.055166419595479965,0.9847999811172485,0.018404269590973854,0.008999999612569809,0.2502935230731964,0.2502378225326538,1.0
elementwise,1,input,producer,10,2,7,0.029744162819602273,0.9905818181818182,0.048574987798929214,0.9871999621391296,0.012067914940416813,0.00699999975040555,0.19602106511592865,0.19599342346191406,1.0
elementwise,1,input,producer,10,2,8,0.027022420987215908,0.9914181818181819,0.045935891568660736,0.9881999492645264,0.010543263517320156,0.006199999712407589,0.1740606725215912,0.17399822175502777,1.0
elementwise,1,input,producer,10,2,9,0.02467149103338068,0.9922181818181818,0.04242926090955734,0.9899999499320984,0.009582765400409698,0.00559999980032444,0.17422811686992645,0.17423562705516815,1.0
elementwise,1,input,producer,10,2,10,0.02166292169744318,0.9927636363636364,0.04337397590279579,0.9887999892234802,0.010836100205779076,0.005799999926239252,0.1443604975938797,0.14438118040561676,1.0
elementwise,1,input,producer,10,2,11,0.020125732421875,0.9934727272727273,0.04690638557076454,0.9889999628067017,0.009072519838809967,0.004999999888241291,0.14220057427883148,0.14220330119132996,1.0
elementwise,1,input,producer,10,2,12,0.018620652077414774,0.9939272727272728,0.04054497554898262,0.990399956703186,5.422911635832861e-05,0.00039999998989515007,0.011785532347857952,0.01176868099719286,1.0
elementwise,1,input,producer,23,0,1,0.2429150213068182,0.9262727272727272,0.09109412878751755,0.9735999703407288,0.05465441942214966,0.02419999986886978,0.4751942753791809,0.47506338357925415,1.0
elementwise,1,input,producer,23,0,2,0.07841690340909091,0.9753090909090909,0.07430090755224228,0.9787999987602234,0.046448949724435806,0.01899999938905239,0.3960929214954376,0.39600667357444763,1.0
elementwise,1,input,producer,23,0,3,0.06008311878551136,0.9814363636363637,0.06586819142103195,0.9827999472618103,0.026928531005978584,0.011599999852478504,0.33146822452545166,0.33137473464012146,1.0
elementwise,1,input,producer,23,0,4,0.049579683061079544,0.9849818181818182,0.058241065591573715,0.9837999939918518,0.020575018599629402,0.012000000104308128,0.30809882283210754,0.30810675024986267,1.0
elementwise,1,input,producer,23,0,5,0.04463918235085227,0.986,0.05835159122943878,0.9837999939918518,0.023028837516903877,0.012000000104308128,0.28398165106773376,0.2839987576007843,1.0
elementwise,1,input,producer,23,0,6,0.038372318892045454,0.9877818181818182,0.05204715579748154,0.9879999756813049,0.01685556210577488,0.007999999448657036,0.27737730741500854,0.27742189168930054,1.0
elementwise,1,input,producer,23,0,7,0.03483599076704545,0.9893454545454545,0.05115736275911331,0.9860000014305115,0.014247811399400234,0.008599999360740185,0.21036677062511444,0.21036499738693237,1.0
elementwise,1,input,producer,23,0,8,0.03117667569247159,0.9901818181818182,0.047650959342718124,0.9869999885559082,0.011292809620499611,0.006199999712407589,0.21416924893856049,0.21417655050754547,1.0
elementwise,1,input,producer,23,0,9,0.028628770862926138,0.9910909090909091,0.05548732727766037,0.9851999878883362,0.01540321297943592,0.009599999524652958,0.17160817980766296,0.17163018882274628,1.0
elementwise,1,input,producer,23,0,10,0.026088474343039774,0.9917272727272727,0.06926394253969193,0.9811999797821045,0.0373171865940094,0.013399999588727951,0.20222069323062897,0.2022596001625061,1.0
elementwise,1,input,producer,23,0,11,0.023597489790482956,0.9925818181818182,0.05163884162902832,0.9861999750137329,0.017085785046219826,0.007999999448657036,0.17681582272052765,0.17683196067810059,1.0
elementwise,1,input,producer,23,0,12,0.02241268643465909,0.9928,0.04680668190121651,0.9865999817848206,0.0001792499824659899,0.00139999995008111,0.019449155777692795,0.019402706995606422,1.0
elementwise,1,input,producer,23,1,1,0.23475035511363637,0.9286909090909091,0.10332447290420532,0.9681999683380127,0.06297112256288528,0.0279999990016222,0.46360892057418823,0.46361249685287476,1.0
elementwise,1,input,producer,23,1,2,0.07572963423295455,0.9767272727272728,0.07522888481616974,0.9785999655723572,0.04957441985607147,0.020399998873472214,0.40212059020996094,0.40213528275489807,1.0
elementwise,1,input,producer,23,1,3,0.058129154829545455,0.9817454545454546,0.0687851533293724,0.9801999926567078,0.03168916702270508,0.016999999061226845,0.3375457525253296,0.33754321932792664,1.0
elementwise,1,input,producer,23,1,4,0.04756300603693182,0.9851636363636364,0.0632738545536995,0.9815999865531921,0.026012785732746124,0.014999999664723873,0.3438361585140228,0.34385302662849426,1.0
elementwise,1,input,producer,23,1,5,0.04061918501420454,0.9875090909090909,0.05273493751883507,0.9860000014305115,0.02432013489305973,0.011599999852478504,0.28667545318603516,0.28669503331184387,1.0
elementwise,1,input,producer,23,1,6,0.03642386141690341,0.9884,0.0495406873524189,0.9863999485969543,0.014729737304151058,0.009599999524652958,0.22815179824829102,0.22816091775894165,1.0
elementwise,1,input,producer,23,1,7,0.03264967151988636,0.9899272727272728,0.0459044873714447,0.9873999953269958,0.01639682799577713,0.009200000204145908,0.2385208010673523,0.23852838575839996,1.0
elementwise,1,input,producer,23,1,8,0.02961749600497159,0.9906,0.050038617104291916,0.9851999878883362,0.02425531856715679,0.012199999764561653,0.25366470217704773,0.2536947429180145,1.0
elementwise,1,input,producer,23,1,9,0.027236330344460227,0.9912909090909091,0.06127123907208443,0.9833999872207642,0.02563762478530407,0.012399999424815178,0.21895001828670502,0.21897411346435547,1.0
elementwise,1,input,producer,23,1,10,0.025064404296875,0.9919272727272728,0.04658384248614311,0.9881999492645264,0.021605458110570908,0.009999999776482582,0.17696435749530792,0.17696429789066315,1.0
elementwise,1,input,producer,23,1,11,0.02276707208806818,0.9928363636363636,0.05348939076066017,0.98499995470047,0.02020283415913582,0.012000000104308128,0.17258872091770172,0.1726173311471939,1.0
elementwise,1,input,producer,23,1,12,0.01993805930397727,0.9940909090909091,0.05030874162912369,0.9863999485969543,8.761668868828565e-05,0.0005999999702908099,0.015413710847496986,0.01539488323032856,1.0
elementwise,1,input,producer,23,2,1,0.2263333096590909,0.9313454545454546,0.08871673047542572,0.974399983882904,0.05165969207882881,0.02019999921321869,0.4560225307941437,0.45599469542503357,1.0
elementwise,1,input,producer,23,2,2,0.07127834250710227,0.9775636363636364,0.0643455907702446,0.9817999601364136,0.028250688686966896,0.013199999928474426,0.3552175462245941,0.35515692830085754,1.0
elementwise,1,input,producer,23,2,3,0.0540955078125,0.9834727272727273,0.0735170990228653,0.9783999919891357,0.042792242020368576,0.01599999889731407,0.3879716694355011,0.38801708817481995,1.0
elementwise,1,input,producer,23,2,4,0.04421177201704545,0.9862909090909091,0.05972573906183243,0.9815999865531921,0.0261276513338089,0.012199999764561653,0.3134409189224243,0.3134538531303406,1.0
elementwise,1,input,producer,23,2,5,0.03812383700284091,0.9881090909090909,0.055811021476984024,0.9845999479293823,0.023067370057106018,0.010999999940395355,0.2902042865753174,0.2902301251888275,1.0
elementwise,1,input,producer,23,2,6,0.034070747514204545,0.9893272727272727,0.05579172819852829,0.9843999743461609,0.01892455667257309,0.009599999524652958,0.250681608915329,0.2506226897239685,1.0
elementwise,1,input,producer,23,2,7,0.029767314009232954,0.9905818181818182,0.04879069700837135,0.9869999885559082,0.012338340282440186,0.007199999876320362,0.19687648117542267,0.19684086740016937,1.0
elementwise,1,input,producer,23,2,8,0.02693844549005682,0.9915818181818182,0.04513339698314667,0.988599956035614,0.0095371063798666,0.005399999674409628,0.1755204051733017,0.17545965313911438,1.0
elementwise,1,input,producer,23,2,9,0.02468160733309659,0.9923636363636363,0.04252105578780174,0.9893999695777893,0.00976911187171936,0.00559999980032444,0.17557373642921448,0.1755816787481308,1.0
elementwise,1,input,producer,23,2,10,0.021726171875,0.9926727272727273,0.04312843084335327,0.9891999959945679,0.010413837619125843,0.005399999674409628,0.14278513193130493,0.14280512928962708,1.0
elementwise,1,input,producer,23,2,11,0.02011631747159091,0.9934909090909091,0.047353509813547134,0.988599956035614,0.009302903898060322,0.005399999674409628,0.14420336484909058,0.14421218633651733,1.0
elementwise,1,input,producer,23,2,12,0.018669098455255682,0.9940727272727272,0.040547050535678864,0.990399956703186,5.033993147662841e-05,0.0,0.011596949771046638,0.011576950550079346,1.0
elementwise,1,weight,producer,1,0,1,0.6221448863636364,0.8429090909090909,0.42978623509407043,0.8941999673843384,0.4015279710292816,0.10679999738931656,0.8221350908279419,0.8191802501678467,0.06281186829596984
elementwise,1,weight,producer,1,0,2,0.4134000710227273,0.9014363636363636,0.3839350938796997,0.9083999991416931,0.35697293281555176,0.09279999881982803,0.8153856992721558,0.8112064003944397,0.05584377447141738
elementwise,1,weight,producer,1,0,3,0.38861946022727273,0.9055272727272727,0.36180201172828674,0.9165999889373779,0.33268094062805176,0.08320000022649765,0.805370569229126,0.8043739795684814,0.0625466664238495
elementwise,1,weight,producer,1,0,4,0.35187652698863636,0.9126,0.33589833974838257,0.9243999719619751,0.30763888359069824,0.07440000027418137,0.8007385730743408,0.7998131513595581,0.07289659631039318
elementwise,1,weight,producer,1,0,5,0.343876953125,0.9151090909090909,0.32160013914108276,0.9259999990463257,0.2929843068122864,0.07419999688863754,0.7924903035163879,0.7908667325973511,0.06859144797945767
elementwise,1,weight,producer,1,0,6,0.34219904119318184,0.9160545454545455,0.348922461271286,0.9296000003814697,0.31841135025024414,0.07000000029802322,0.8077560067176819,0.806580126285553,0.08014548542186448
elementwise,1,weight,producer,1,0,7,0.33273139204545454,0.9226181818181818,0.32079219818115234,0.9296000003814697,0.29126712679862976,0.07000000029802322,0.7988266348838806,0.7936260104179382,0.04502626978201089
elementwise,1,weight,producer,1,0,8,0.31979719460227274,0.9227636363636363,0.31068748235702515,0.9297999739646912,0.28103482723236084,0.06939999759197235,0.7931069135665894,0.786514401435852,0.05633991823131977
elementwise,1,weight,producer,1,0,9,0.3142260653409091,0.9234,0.3055787682533264,0.9307999610900879,0.2756999433040619,0.06879999488592148,0.7933197021484375,0.7834371328353882,0.06353622225055089
elementwise,1,weight,producer,1,0,10,0.3089434659090909,0.9242,0.2970508337020874,0.9299999475479126,0.2683192789554596,0.06960000097751617,0.792057991027832,0.7802923917770386,0.07157252189907305
elementwise,1,weight,producer,1,0,11,0.30206480823863635,0.9241454545454545,0.29282405972480774,0.9305999875068665,0.2632500231266022,0.06859999895095825,0.7837885618209839,0.7735393047332764,0.0762455382345978
elementwise,1,weight,producer,1,0,12,0.3754609375,0.9112545454545454,0.34015655517578125,0.9259999990463257,0.31153708696365356,0.07519999891519547,0.807477593421936,0.796665608882904,0.05728257999307971
elementwise,1,weight,producer,1,1,1,0.6725622159090909,0.8210545454545455,0.44733569025993347,0.8977999687194824,0.4231549799442291,0.10419999808073044,0.844476580619812,0.8420398235321045,0.06167354901567992
elementwise,1,weight,producer,1,1,2,0.44468352272727274,0.8901454545454546,0.4039997458457947,0.9070000052452087,0.3803359866142273,0.09479999542236328,0.8345381021499634,0.8322997689247131,0.055422979912950046
elementwise,1,weight,producer,1,1,3,0.41780042613636365,0.9014727272727273,0.39299383759498596,0.9053999781608582,0.36751651763916016,0.09380000084638596,0.8260735273361206,0.8219545483589172,0.05454997632532644
elementwise,1,weight,producer,1,1,4,0.39017180397727275,0.9044,0.4481975734233856,0.8682000041007996,0.4198665916919708,0.131400004029274,0.8212264776229858,0.8185625076293945,0.060553441022745895
elementwise,1,weight,producer,1,1,5,0.38213100142045453,0.9076,0.40779536962509155,0.9089999794960022,0.3844931423664093,0.09259999543428421,0.8314071893692017,0.8299859166145325,0.06761771320864672
elementwise,1,weight,producer,1,1,6,0.37599673295454544,0.9113454545454546,0.3918003439903259,0.9019999504089355,0.3678339719772339,0.0982000008225441,0.8244454264640808,0.8209505677223206,0.06866782156580649
elementwise,1,weight,producer,1,1,7,0.3596835227272727,0.9134,0.3471980392932892,0.9221999645233154,0.3211820423603058,0.07739999890327454,0.8188040852546692,0.8166422843933105,0.07508843856422211
elementwise,1,weight,producer,1,1,8,0.36223803267045457,0.9111454545454546,0.34634917974472046,0.9179999828338623,0.3181864619255066,0.08179999887943268,0.8168841600418091,0.8140646815299988,0.0790713609295041
elementwise,1,weight,producer,1,1,9,0.3516434659090909,0.9147454545454545,0.3378124237060547,0.9169999957084656,0.3117618262767792,0.08320000022649765,0.8093016743659973,0.8069045543670654,0.08219778368632878
elementwise,1,weight,producer,1,1,10,0.3487422585227273,0.9150909090909091,0.333723247051239,0.9233999848365784,0.30817344784736633,0.07620000094175339,0.8142149448394775,0.8091918230056763,0.08590355302216314
elementwise,1,weight,producer,1,1,11,0.33629719460227275,0.9196909090909091,0.34696465730667114,0.9097999930381775,0.3220963180065155,0.09039999544620514,0.8192753195762634,0.8162334561347961,0.08926023474349402
elementwise,1,weight,producer,1,1,12,0.336389453125,0.9182,0.3358352482318878,0.917199969291687,0.3110175132751465,0.08240000158548355,0.8087385892868042,0.8024217486381531,0.10071889056837428
elementwise,1,weight,producer,1,2,1,0.6893729403409091,0.8152909090909091,0.4504658281803131,0.8917999863624573,0.42338767647743225,0.10799999535083771,0.8297632932662964,0.8289043307304382,0.07141009997996758
elementwise,1,weight,producer,1,2,2,0.45860237926136366,0.8874181818181818,0.4337998032569885,0.892799973487854,0.40651795268058777,0.10700000077486038,0.8261843323707581,0.8215128779411316,0.048373504398025895
elementwise,1,weight,producer,1,2,3,0.42551686789772725,0.892090909090909,0.40623441338539124,0.9047999978065491,0.37917470932006836,0.09439999610185623,0.8233010768890381,0.8227616548538208,0.0645016481215057
elementwise,1,weight,producer,1,2,4,0.39484172585227273,0.8996181818181819,0.36987924575805664,0.913599967956543,0.3429334759712219,0.08559999614953995,0.8111265897750854,0.8095344305038452,0.0580178607200743
elementwise,1,weight,producer,1,2,5,0.38023075284090907,0.9032909090909091,0.357126384973526,0.9095999598503113,0.329952210187912,0.08879999816417694,0.8103504180908203,0.8081226944923401,0.07334869151900347
elementwise,1,weight,producer,1,2,6,0.37255625,0.906309090909091,0.3480242192745209,0.9185999631881714,0.32040488719940186,0.07999999821186066,0.8056369423866272,0.8030183911323547,0.079294107737976
elementwise,1,weight,producer,1,2,7,0.3722791193181818,0.9065090909090909,0.38985103368759155,0.9115999937057495,0.36177656054496765,0.08799999952316284,0.8239425420761108,0.8215158581733704,0.08699918959771266
elementwise,1,weight,producer,1,2,8,0.36676068892045455,0.9069272727272727,0.35061994194984436,0.9181999564170837,0.3217063248157501,0.08060000091791153,0.8053033351898193,0.8022801876068115,0.0898732722041121
elementwise,1,weight,producer,1,2,9,0.3606981534090909,0.9103636363636364,0.33560699224472046,0.9145999550819397,0.30790290236473083,0.08399999886751175,0.8042444586753845,0.7992124557495117,0.09262716031396259
elementwise,1,weight,producer,1,2,10,0.35668167613636365,0.9084545454545454,0.34830084443092346,0.9045999646186829,0.3204573094844818,0.09439999610185623,0.8044884204864502,0.7992269992828369,0.0914233942197374
elementwise,1,weight,producer,1,2,11,0.3321099431818182,0.9145454545454546,0.3246234059333801,0.9156000018119812,0.2960216701030731,0.08339999616146088,0.7923962473869324,0.7857131361961365,0.09030920489519405
elementwise,1,weight,producer,1,2,12,0.32782986505681816,0.9171818181818182,0.3055078685283661,0.9249999523162842,0.27802929282188416,0.07400000095367432,0.8042479157447815,0.7924231290817261,0.08645558267013895
elementwise,1,weight,producer,2,0,1,0.40570635653409093,0.8889454545454546,0.25474604964256287,0.9321999549865723,0.22383402287960052,0.06659999489784241,0.8032112121582031,0.7336750626564026,0.1028085219719182
elementwise,1,weight,producer,2,0,2,0.22909730113636365,0.9407818181818182,0.20205894112586975,0.948199987411499,0.17459167540073395,0.05119999870657921,0.8982617259025574,0.7142049670219421,0.07815385350840451
elementwise,1,weight,producer,2,0,3,0.2148593927556818,0.9459818181818181,0.19198180735111237,0.9565999507904053,0.16204866766929626,0.0429999977350235,0.9172423481941223,0.7167052030563354,0.07341243102474913
elementwise,1,weight,producer,2,0,4,0.1922831143465909,0.9525454545454546,0.1759151667356491,0.9573999643325806,0.14721707999706268,0.04179999977350235,0.9906302690505981,0.7085946798324585,0.07342176430951904
elementwise,1,weight,producer,2,0,5,0.18965007102272727,0.951490909090909,0.18047012388706207,0.9581999778747559,0.15167714655399323,0.04039999842643738,0.9923874139785767,0.7145785689353943,0.07865386716687002
elementwise,1,weight,producer,2,0,6,0.18353224431818183,0.9542181818181819,0.17639906704425812,0.9599999785423279,0.1480511873960495,0.03959999978542328,1.0295535326004028,0.7123206853866577,0.0767576168709366
elementwise,1,weight,producer,2,0,7,0.17740221946022727,0.9562545454545455,0.16532061994075775,0.9571999907493591,0.1366831213235855,0.0421999990940094,1.1449915170669556,0.6972774267196655,0.07380010380433794
elementwise,1,weight,producer,2,0,8,0.1699179509943182,0.9582909090909091,0.1608072817325592,0.9621999859809875,0.13139696419239044,0.03700000047683716,1.2026422023773193,0.6932266354560852,0.07833505581759574
elementwise,1,weight,producer,2,0,9,0.16849547230113637,0.958690909090909,0.17103661596775055,0.9583999514579773,0.14207972586154938,0.041600000113248825,1.2238911390304565,0.6987944841384888,0.08072187266667881
elementwise,1,weight,producer,2,0,10,0.1637462890625,0.9588,0.16577118635177612,0.9555999636650085,0.13975828886032104,0.04339999705553055,1.2818435430526733,0.6840962767601013,0.08128869898563129
elementwise,1,weight,producer,2,0,11,0.15941628196022728,0.9598,0.15180878341197968,0.9639999866485596,0.1228373721241951,0.03439999744296074,1.3893073797225952,0.6773493885993958,0.08259433446850357
elementwise,1,weight,producer,2,0,12,0.1786079012784091,0.9575272727272728,0.16392219066619873,0.9613999724388123,0.13558097183704376,0.03720000013709068,1.291897177696228,0.7018718123435974,0.07214355957822659
elementwise,1,weight,producer,2,1,1,0.4435216619318182,0.8802909090909091,0.2597797214984894,0.9401999711990356,0.2349071204662323,0.06119999662041664,0.8094440698623657,0.7659270763397217,0.0841233996831236
elementwise,1,weight,producer,2,1,2,0.24839593394886364,0.9377636363636364,0.23319685459136963,0.9404000043869019,0.20902001857757568,0.05999999865889549,0.8582297563552856,0.7443718314170837,0.06193158019340387
elementwise,1,weight,producer,2,1,3,0.22437741477272727,0.9423272727272727,0.21591079235076904,0.942799985408783,0.19183892011642456,0.056599996984004974,0.8907370567321777,0.7191043496131897,0.065367139553095
elementwise,1,weight,producer,2,1,4,0.2039269353693182,0.9498363636363636,0.25122714042663574,0.9215999841690063,0.22387391328811646,0.07759999483823776,0.939169704914093,0.7221058011054993,0.06250500810402287
elementwise,1,weight,producer,2,1,5,0.2090916015625,0.9486,0.2089465856552124,0.9501999616622925,0.18651142716407776,0.05139999836683273,0.9504055976867676,0.7267140746116638,0.05003357706106245
elementwise,1,weight,producer,2,1,6,0.1888855291193182,0.9540909090909091,0.21162594854831696,0.9411999583244324,0.18733619153499603,0.05920000001788139,1.0498260259628296,0.7162390351295471,0.05538667115878421
elementwise,1,weight,producer,2,1,7,0.18423401988636365,0.9546545454545454,0.17997828125953674,0.9555999636650085,0.15531590580940247,0.044599998742341995,1.0968097448349,0.7178525328636169,0.059157432026369944
elementwise,1,weight,producer,2,1,8,0.1811833096590909,0.9559818181818182,0.17641860246658325,0.9573999643325806,0.14915812015533447,0.041999999433755875,1.119864583015442,0.7149242162704468,0.06215717251552512
elementwise,1,weight,producer,2,1,9,0.18756851917613637,0.9541090909090909,0.18793369829654694,0.9545999765396118,0.16076229512691498,0.04559999704360962,1.0554255247116089,0.7232793569564819,0.06315959006392162
elementwise,1,weight,producer,2,1,10,0.18110568181818182,0.9561454545454545,0.17905232310295105,0.9557999968528748,0.15554828941822052,0.04479999840259552,1.2049180269241333,0.7083220481872559,0.05084580047713573
elementwise,1,weight,producer,2,1,11,0.1741325106534091,0.9574727272727273,0.1739072948694229,0.9555999636650085,0.14888906478881836,0.045399997383356094,1.256941795349121,0.7150363326072693,0.05574839285389084
elementwise,1,weight,producer,2,1,12,0.17322008167613637,0.9582181818181819,0.16925272345542908,0.9591999650001526,0.14465592801570892,0.04179999977350235,1.324832558631897,0.7059880495071411,0.06054979876527472
elementwise,1,weight,producer,2,2,1,0.4257821022727273,0.8823636363636363,0.2502088248729706,0.9411999583244324,0.22029149532318115,0.05700000002980232,0.7718619108200073,0.7402854561805725,0.09010888073427911
elementwise,1,weight,producer,2,2,2,0.23606860795454546,0.9417818181818182,0.22404766082763672,0.943399965763092,0.1943684071302414,0.05460000038146973,0.8299389481544495,0.7214148640632629,0.056234634226293455
elementwise,1,weight,producer,2,2,3,0.20987320667613638,0.9479272727272727,0.20346489548683167,0.9503999948501587,0.17459848523139954,0.04820000007748604,0.8634164333343506,0.7144786715507507,0.05436205860392271
elementwise,1,weight,producer,2,2,4,0.196012109375,0.951490909090909,0.1937379091978073,0.9503999948501587,0.16449476778507233,0.047199998050928116,0.9366242289543152,0.7010747790336609,0.05571811658866165
elementwise,1,weight,producer,2,2,5,0.19251060014204546,0.9526727272727272,0.18495655059814453,0.9535999894142151,0.15672853589057922,0.044599998742341995,0.9334282279014587,0.7123531699180603,0.0576231310666351
elementwise,1,weight,producer,2,2,6,0.18617224786931819,0.9547636363636364,0.17899946868419647,0.9537999629974365,0.14921952784061432,0.04360000044107437,0.9554149508476257,0.6998692154884338,0.058716718872357083
elementwise,1,weight,producer,2,2,7,0.182989453125,0.9550181818181818,0.1846124678850174,0.9537999629974365,0.15393276512622833,0.042799998074769974,1.0213863849639893,0.6991719603538513,0.06159296406913005
elementwise,1,weight,producer,2,2,8,0.17868020241477273,0.9561272727272727,0.17229034006595612,0.9583999514579773,0.14134429395198822,0.03839999809861183,1.0498768091201782,0.693615198135376,0.06335046711952068
elementwise,1,weight,producer,2,2,9,0.17618137428977274,0.9562545454545455,0.16767080128192902,0.9595999717712402,0.13811062276363373,0.03759999945759773,1.0611947774887085,0.6983760595321655,0.06573830835351752
elementwise,1,weight,producer,2,2,10,0.17439389204545455,0.9566181818181818,0.17238546907901764,0.9541999697685242,0.14219315350055695,0.04319999739527702,1.1322011947631836,0.6964547038078308,0.0678196308572053
elementwise,1,weight,producer,2,2,11,0.169799609375,0.9582545454545455,0.17098382115364075,0.9565999507904053,0.1401326209306717,0.04079999774694443,1.2179617881774902,0.6849505305290222,0.06661882409717543
elementwise,1,weight,producer,2,2,12,0.1703561434659091,0.9580181818181818,0.1624661684036255,0.9619999527931213,0.1326037049293518,0.03500000014901161,1.1827868223190308,0.689330518245697,0.0632138824643514
elementwise,1,weight,producer,3,0,1,0.30683043323863635,0.91,0.16473488509655,0.9523999691009521,0.1300469934940338,0.04600000008940697,0.785222589969635,0.6376801133155823,0.17266861375680648
elementwise,1,weight,producer,3,0,2,0.1361475763494318,0.9612545454545455,0.12633466720581055,0.960599958896637,0.10072384029626846,0.038599997758865356,1.1432863473892212,0.5939169526100159,0.12162021270783632
elementwise,1,weight,producer,3,0,3,0.11779303089488637,0.9662909090909091,0.10750225931406021,0.9715999960899353,0.07803425192832947,0.025999998673796654,1.3345136642456055,0.5851394534111023,0.10937130083225584
elementwise,1,weight,producer,3,0,4,0.10541552734375,0.9705818181818182,0.09914471209049225,0.9733999967575073,0.06976301223039627,0.02539999969303608,1.6517643928527832,0.5670895576477051,0.1015723170220903
elementwise,1,weight,producer,3,0,5,0.10147298473011364,0.9712545454545455,0.09256480634212494,0.9747999906539917,0.06419911980628967,0.02279999852180481,1.8235403299331665,0.5654208064079285,0.09882036386152138
elementwise,1,weight,producer,3,0,6,0.09615453657670454,0.9734181818181818,0.09135251492261887,0.9745999574661255,0.06345437467098236,0.024000000208616257,2.16562557220459,0.5552628040313721,0.09861673890477318
elementwise,1,weight,producer,3,0,7,0.09344333274147727,0.9738727272727272,0.0916907787322998,0.9761999845504761,0.062083519995212555,0.020999999716877937,2.2449774742126465,0.5597065687179565,0.09588288321101418
elementwise,1,weight,producer,3,0,8,0.08920932173295455,0.9751272727272727,0.0845588892698288,0.9789999723434448,0.05508885532617569,0.018199998885393143,2.4512598514556885,0.5492449998855591,0.09379678024439547
elementwise,1,weight,producer,3,0,9,0.08803455255681818,0.9749818181818182,0.12146617472171783,0.9631999731063843,0.09357229620218277,0.03480000048875809,2.605895519256592,0.5636146664619446,0.09486805922310648
elementwise,1,weight,producer,3,0,10,0.08491599786931818,0.9760909090909091,0.140614315867424,0.9531999826431274,0.1181701123714447,0.044599998742341995,2.741163730621338,0.5498312711715698,0.09138708546557156
elementwise,1,weight,producer,3,0,11,0.08403999467329545,0.9760181818181818,0.08176133036613464,0.9775999784469604,0.05452704429626465,0.019999999552965164,3.0343925952911377,0.5281338691711426,0.08781972191364208
elementwise,1,weight,producer,3,0,12,0.1015132723721591,0.9743636363636363,0.0891936868429184,0.9747999906539917,0.06058090180158615,0.021800000220537186,2.5399134159088135,0.5639632344245911,0.07201243830926408
elementwise,1,weight,producer,3,1,1,0.3025815340909091,0.9122,0.15140989422798157,0.9615999460220337,0.12271925806999207,0.038599997758865356,0.7639075517654419,0.6516067385673523,0.1500746662781592
elementwise,1,weight,producer,3,1,2,0.13647077414772726,0.9629636363636364,0.1383010447025299,0.9615999460220337,0.1127074658870697,0.039000000804662704,0.9618773460388184,0.6299416422843933,0.10517223325016846
elementwise,1,weight,producer,3,1,3,0.13333736683238637,0.9644363636363636,0.11624520272016525,0.9655999541282654,0.08951673656702042,0.03480000048875809,1.1828303337097168,0.6089426279067993,0.07993605561727159
elementwise,1,weight,producer,3,1,4,0.11127747691761364,0.9704727272727273,0.10443515330553055,0.9729999899864197,0.07669380307197571,0.026200000196695328,1.3873473405838013,0.6016817688941956,0.07867071260767423
elementwise,1,weight,producer,3,1,5,0.10365030184659091,0.972,0.12376518547534943,0.9629999995231628,0.1038966029882431,0.03700000047683716,1.6836605072021484,0.5903242826461792,0.07852126623080985
elementwise,1,weight,producer,3,1,6,0.09924996448863636,0.9734909090909091,0.19879673421382904,0.936199963092804,0.17557206749916077,0.06520000100135803,1.8372037410736084,0.5885854959487915,0.07885476043051483
elementwise,1,weight,producer,3,1,7,0.09734440696022727,0.9747636363636364,0.09685350209474564,0.973800003528595,0.07061649858951569,0.02579999901354313,1.8927485942840576,0.5896903872489929,0.07658779661634281
elementwise,1,weight,producer,3,1,8,0.09535234375,0.9749272727272728,0.09265176951885223,0.9751999974250793,0.06715831160545349,0.025200000032782555,2.1025009155273438,0.5769146680831909,0.07393395676640381
elementwise,1,weight,producer,3,1,9,0.09218850319602273,0.9756181818181818,0.09794020652770996,0.972000002861023,0.07136154174804688,0.026999998837709427,2.292163610458374,0.5604196786880493,0.07468813170403016
elementwise,1,weight,producer,3,1,10,0.09033618607954545,0.9767272727272728,0.09316462278366089,0.9733999967575073,0.07260797917842865,0.026599999517202377,2.4384076595306396,0.5573940277099609,0.0736504297863816
elementwise,1,weight,producer,3,1,11,0.08854973366477273,0.9768909090909091,0.09409840404987335,0.9723999500274658,0.0681905597448349,0.02759999968111515,2.5226504802703857,0.5711480379104614,0.06855730181566536
elementwise,1,weight,producer,3,1,12,0.08759565873579546,0.9773636363636363,0.0877688080072403,0.9763999581336975,0.06132785603404045,0.02319999970495701,2.5832738876342773,0.566584050655365,0.06769727377028283
elementwise,1,weight,producer,3,2,1,0.3031932528409091,0.9126909090909091,0.15443481504917145,0.9601999521255493,0.12268032878637314,0.03759999945759773,0.7547301054000854,0.6502839922904968,0.15211979384822713
elementwise,1,weight,producer,3,2,2,0.13519905007102273,0.9632545454545455,0.11966840922832489,0.967199981212616,0.0889236107468605,0.029999999329447746,1.0055370330810547,0.5976203083992004,0.10416321411010544
elementwise,1,weight,producer,3,2,3,0.11790263671875,0.9673454545454545,0.14756399393081665,0.9575999975204468,0.1182466670870781,0.039799999445676804,1.1799777746200562,0.6200985312461853,0.098448625958369
elementwise,1,weight,producer,3,2,4,0.10928333629261364,0.9703090909090909,0.1110176295042038,0.97079998254776,0.08026397228240967,0.023799998685717583,1.30123770236969,0.5990947484970093,0.08605664165649869
elementwise,1,weight,producer,3,2,5,0.10162802734375,0.9729818181818182,0.1006530374288559,0.9711999893188477,0.07150951027870178,0.02459999918937683,1.5140141248703003,0.6024881601333618,0.07788546466099688
elementwise,1,weight,producer,3,2,6,0.09722197265625,0.9743636363636363,0.1147828996181488,0.9687999486923218,0.0831441655755043,0.026399999856948853,1.7134157419204712,0.5770745873451233,0.07875459835005737
elementwise,1,weight,producer,3,2,7,0.09508568004261364,0.9743636363636363,0.10325263440608978,0.9721999764442444,0.0714193731546402,0.02419999986886978,1.8854268789291382,0.5748887062072754,0.07993924259255887
elementwise,1,weight,producer,3,2,8,0.09086147904829546,0.9752545454545455,0.0913151279091835,0.9745999574661255,0.05990485101938248,0.020600000396370888,2.0702450275421143,0.5647799372673035,0.07860435522937116
elementwise,1,weight,producer,3,2,9,0.0885967684659091,0.9758545454545454,0.08996883779764175,0.9735999703407288,0.05961726978421211,0.021399999037384987,2.148047685623169,0.5660615563392639,0.08014161552330135
elementwise,1,weight,producer,3,2,10,0.08846587357954545,0.9768181818181818,0.09464233368635178,0.9715999960899353,0.06420943140983582,0.02499999850988388,2.3384196758270264,0.5601064562797546,0.07881173626413651
elementwise,1,weight,producer,3,2,11,0.08627470703125,0.9765818181818182,0.09321122616529465,0.9723999500274658,0.061164725571870804,0.024399999529123306,2.5599477291107178,0.5517646670341492,0.07727015078945931
elementwise,1,weight,producer,3,2,12,0.08516318359375,0.9768181818181818,0.09035219252109528,0.9769999980926514,0.05837709829211235,0.01899999938905239,2.658965587615967,0.5478328466415405,0.07441894611280071
elementwise,1,weight,producer,4,0,1,0.2670588778409091,0.9200727272727273,0.12302272766828537,0.9613999724388123,0.08597332239151001,0.03579999879002571,0.6757745742797852,0.5527577996253967,0.26153946841252207
elementwise,1,weight,producer,4,0,2,0.10079929865056818,0.9688727272727272,0.0938851609826088,0.9709999561309814,0.06684445589780807,0.027799999341368675,0.9989442229270935,0.5091398358345032,0.1852311012365464
elementwise,1,weight,producer,4,0,3,0.08204429154829546,0.9754727272727273,0.08107507973909378,0.9749999642372131,0.04745014011859894,0.02199999988079071,1.3792849779129028,0.4750094711780548,0.16242806541494417
elementwise,1,weight,producer,4,0,4,0.07271465731534091,0.9785636363636364,0.07907608896493912,0.9781999588012695,0.04425668343901634,0.01939999870955944,1.7672346830368042,0.4575996398925781,0.14866590938063412
elementwise,1,weight,producer,4,0,5,0.06807839133522728,0.9790909090909091,0.0700000524520874,0.9805999994277954,0.03715537488460541,0.01599999889731407,2.0923171043395996,0.4395795464515686,0.14032331864289488
elementwise,1,weight,producer,4,0,6,0.062603564453125,0.9813090909090909,0.06678958982229233,0.9824000000953674,0.036288995295763016,0.014399999752640724,2.4099912643432617,0.44078007340431213,0.13264646427855986
elementwise,1,weight,producer,4,0,7,0.06015010653409091,0.9818363636363636,0.07009086012840271,0.9795999526977539,0.04021809622645378,0.01679999940097332,2.658543825149536,0.4310699701309204,0.1289899792391324
elementwise,1,weight,producer,4,0,8,0.05732300248579546,0.9822363636363637,0.061380933970212936,0.9824000000953674,0.02961834706366062,0.012999999336898327,2.9804086685180664,0.4117698073387146,0.12428816630547614
elementwise,1,weight,producer,4,0,9,0.05515928622159091,0.983,0.09008951485157013,0.9699999690055847,0.05597458407282829,0.023599999025464058,3.2130649089813232,0.41243964433670044,0.12104291489865418
elementwise,1,weight,producer,4,0,10,0.05269044744318182,0.9839272727272728,0.11998984217643738,0.9603999853134155,0.09613699465990067,0.03619999811053276,3.6968324184417725,0.40186581015586853,0.11664363697619785
elementwise,1,weight,producer,4,0,11,0.052434885475852275,0.9841090909090909,0.059210728853940964,0.9837999939918518,0.03017488867044449,0.012000000104308128,3.873732566833496,0.36835938692092896,0.11704906576095864
elementwise,1,weight,producer,4,0,12,0.050560174005681816,0.9846363636363636,0.06730218231678009,0.9787999987602234,0.032550133764743805,0.017799999564886093,4.097501277923584,0.344224750995636,0.11245868314181129
elementwise,1,weight,producer,4,1,1,0.26263959517045454,0.9209454545454545,0.11888381093740463,0.9649999737739563,0.08418959379196167,0.032999999821186066,0.6684172749519348,0.5554081201553345,0.23902064249421792
elementwise,1,weight,producer,4,1,2,0.09797843572443182,0.9714363636363637,0.10354430228471756,0.9685999751091003,0.07814444601535797,0.031199999153614044,0.9392199516296387,0.5256242752075195,0.16755568101109067
elementwise,1,weight,producer,4,1,3,0.08235961470170454,0.9754181818181819,0.08624248206615448,0.9731999635696411,0.05553162842988968,0.02539999969303608,1.2496765851974487,0.4733774960041046,0.1465615951266595
elementwise,1,weight,producer,4,1,4,0.0714336026278409,0.9789636363636364,0.07610134035348892,0.9783999919891357,0.045328665524721146,0.01939999870955944,1.5287691354751587,0.4789418876171112,0.13325176194205168
elementwise,1,weight,producer,4,1,5,0.06456988636363636,0.9801636363636363,0.08042926341295242,0.9741999506950378,0.060456518083810806,0.02579999901354313,1.8537945747375488,0.45686349272727966,0.12248001311212689
elementwise,1,weight,producer,4,1,6,0.061666668146306815,0.9819818181818182,0.1284923106431961,0.9580000042915344,0.10134966671466827,0.04099999740719795,2.2227749824523926,0.4448692202568054,0.11445452641547231
elementwise,1,weight,producer,4,1,7,0.058202903053977274,0.9825272727272727,0.05934198573231697,0.9827999472618103,0.030599556863307953,0.014399999752640724,2.340113878250122,0.44203516840934753,0.11121052703465607
elementwise,1,weight,producer,4,1,8,0.055612096058238636,0.9835090909090909,0.06292286515235901,0.9824000000953674,0.036703672260046005,0.017400000244379044,2.695972442626953,0.4331095814704895,0.10752319662726958
elementwise,1,weight,producer,4,1,9,0.05406993075284091,0.9840727272727273,0.07631217688322067,0.9779999852180481,0.05376412719488144,0.020600000396370888,3.002661943435669,0.4234754741191864,0.1061690735918122
elementwise,1,weight,producer,4,1,10,0.05208057528409091,0.9844181818181819,0.060968853533267975,0.9825999736785889,0.03769290819764137,0.01640000008046627,3.2768876552581787,0.3865090012550354,0.1023746380506638
elementwise,1,weight,producer,4,1,11,0.049912571022727274,0.9852181818181818,0.06425170600414276,0.9819999933242798,0.03434263914823532,0.01679999940097332,3.43483829498291,0.39481329917907715,0.09566696563530076
elementwise,1,weight,producer,4,1,12,0.04835158913352273,0.9862181818181818,0.05798965319991112,0.9843999743461609,0.025630276650190353,0.012999999336898327,3.732710123062134,0.36704304814338684,0.0949542213764091
elementwise,1,weight,producer,4,2,1,0.25332780539772726,0.9242,0.11354843527078629,0.9669999480247498,0.07929331064224243,0.028599999845027924,0.6779638528823853,0.5557208061218262,0.236766426581195
elementwise,1,weight,producer,4,2,2,0.09643628373579545,0.9711818181818181,0.08447229862213135,0.9751999974250793,0.05091160535812378,0.01979999989271164,0.9643198251724243,0.4859786927700043,0.16736343810893992
elementwise,1,weight,producer,4,2,3,0.07859987571022728,0.9776545454545454,0.10743530094623566,0.9669999480247498,0.07599944621324539,0.028599999845027924,1.2510100603103638,0.5186343789100647,0.14632894593068785
elementwise,1,weight,producer,4,2,4,0.06873005149147728,0.9797818181818182,0.08333802223205566,0.9731999635696411,0.05091787502169609,0.020600000396370888,1.6337400674819946,0.46144112944602966,0.13361906084391106
elementwise,1,weight,producer,4,2,5,0.06295201526988636,0.9818545454545454,0.07311353832483292,0.9791999459266663,0.041648831218481064,0.016200000420212746,1.783965826034546,0.4668427109718323,0.12323839940995429
elementwise,1,weight,producer,4,2,6,0.05883982155539773,0.9827818181818182,0.08738212287425995,0.9739999771118164,0.05233245715498924,0.019999999552965164,2.0663371086120605,0.4328024387359619,0.1175609167562055
elementwise,1,weight,producer,4,2,7,0.05668325639204545,0.9835818181818182,0.06873740255832672,0.9791999459266663,0.035947926342487335,0.015199999324977398,2.440227508544922,0.4290744662284851,0.11645822330680555
elementwise,1,weight,producer,4,2,8,0.05505089666193182,0.9833636363636363,0.06230512633919716,0.9827999472618103,0.029589001089334488,0.012600000016391277,2.680281162261963,0.4180571734905243,0.11354430350931508
elementwise,1,weight,producer,4,2,9,0.05215869140625,0.9846545454545454,0.05718173831701279,0.9843999743461609,0.025436095893383026,0.010400000028312206,2.8773059844970703,0.404676616191864,0.10852436214966035
elementwise,1,weight,producer,4,2,10,0.04994994229403409,0.9854545454545455,0.05581052973866463,0.9845999479293823,0.024053413420915604,0.010400000028312206,3.178851366043091,0.3924614191055298,0.1053271430132396
elementwise,1,weight,producer,4,2,11,0.04825387961647727,0.9855272727272727,0.06288928538560867,0.9829999804496765,0.028179064393043518,0.010999999940395355,3.388115167617798,0.3907463252544403,0.10212241172078454
elementwise,1,weight,producer,4,2,12,0.04776570490056818,0.9852909090909091,0.061946313828229904,0.9843999743461609,0.026022881269454956,0.010400000028312206,3.463980197906494,0.3826775848865509,0.10262504325180748
elementwise,1,weight,producer,5,0,1,0.25377238991477274,0.9234727272727272,0.10506544262170792,0.9687999486923218,0.0684410110116005,0.029199998825788498,0.5521144866943359,0.5158119201660156,0.35664416055070935
elementwise,1,weight,producer,5,0,2,0.08783683416193182,0.9722545454545455,0.08332426100969315,0.974399983882904,0.05604800954461098,0.02319999970495701,0.6725941300392151,0.4513859152793884,0.25661843710731913
elementwise,1,weight,producer,5,0,3,0.06934636008522728,0.9781818181818182,0.07330914586782455,0.9789999723434448,0.03807651251554489,0.017400000244379044,0.922850489616394,0.3951859772205353,0.22381262406439512
elementwise,1,weight,producer,5,0,4,0.059196435546875,0.9816909090909091,0.06485441327095032,0.9811999797821045,0.02862521819770336,0.0142000000923872,1.1583696603775024,0.39058682322502136,0.20094027153029448
elementwise,1,weight,producer,5,0,5,0.05471273082386364,0.982890909090909,0.062068238854408264,0.9824000000953674,0.02842397429049015,0.012999999336898327,1.406989574432373,0.363359659910202,0.191776237912258
elementwise,1,weight,producer,5,0,6,0.049117680220170455,0.9851272727272727,0.05635109916329384,0.9855999946594238,0.022310301661491394,0.008999999612569809,1.6957731246948242,0.3529510796070099,0.18007036386152137
elementwise,1,weight,producer,5,0,7,0.04570084783380682,0.985890909090909,0.06006413698196411,0.983199954032898,0.026299022138118744,0.012399999424815178,1.9919564723968506,0.3231389820575714,0.17102265484147075
elementwise,1,weight,producer,5,0,8,0.043009588068181816,0.9868,0.05381755530834198,0.9851999878883362,0.020305883139371872,0.009200000204145908,2.2592129707336426,0.311134397983551,0.16587546211141665
elementwise,1,weight,producer,5,0,9,0.040596071555397725,0.9875636363636363,0.06669222563505173,0.9793999791145325,0.029904894530773163,0.0139999995008111,2.3984897136688232,0.3003091812133789,0.1585574839285389
elementwise,1,weight,producer,5,0,10,0.0387052734375,0.9882363636363637,0.08673141151666641,0.9729999899864197,0.05881922319531441,0.023399999365210533,2.8373494148254395,0.30545082688331604,0.15292746444246144
elementwise,1,weight,producer,5,0,11,0.036923304332386366,0.9882545454545455,0.049818433821201324,0.9865999817848206,0.018730947747826576,0.008599999360740185,3.0563712120056152,0.2662586271762848,0.14602311012365465
elementwise,1,weight,producer,5,0,12,0.03592145774147727,0.9888181818181818,0.04726304113864899,0.9875999689102173,0.010994210839271545,0.006399999838322401,3.2516887187957764,0.23383194208145142,0.1425503314454299
elementwise,1,weight,producer,5,1,1,0.2432802734375,0.9264181818181818,0.11532068997621536,0.9651999473571777,0.07516263425350189,0.03059999831020832,0.5380692481994629,0.49777719378471375,0.33959213545555533
elementwise,1,weight,producer,5,1,2,0.08370289417613637,0.9742727272727273,0.08625159412622452,0.9733999967575073,0.05949735641479492,0.025599999353289604,0.6705403923988342,0.4565306305885315,0.24389307242628983
elementwise,1,weight,producer,5,1,3,0.06746524769176136,0.9792727272727273,0.07549899816513062,0.9777999520301819,0.039670683443546295,0.019999999552965164,0.835618793964386,0.4097015857696533,0.2132091020014205
elementwise,1,weight,producer,5,1,4,0.05610842063210227,0.9831454545454545,0.07287611067295074,0.9801999926567078,0.035104334354400635,0.01599999889731407,1.09237802028656,0.41288095712661743,0.19051408187794794
elementwise,1,weight,producer,5,1,5,0.04976462624289773,0.9844363636363637,0.06181292235851288,0.9829999804496765,0.036088839173316956,0.01599999889731407,1.3426854610443115,0.3805845379829407,0.1747630256232813
elementwise,1,weight,producer,5,1,6,0.04584885919744318,0.9861636363636364,0.06410521268844604,0.9801999926567078,0.03134926036000252,0.01599999889731407,1.6609728336334229,0.34751737117767334,0.16615716796270327
elementwise,1,weight,producer,5,1,7,0.04262469371448863,0.9872545454545455,0.04985484480857849,0.9847999811172485,0.01981605403125286,0.01119999960064888,1.8128759860992432,0.344920814037323,0.15899387190180475
elementwise,1,weight,producer,5,1,8,0.03987866654829546,0.9877818181818182,0.05254611745476723,0.9851999878883362,0.025524498894810677,0.013199999928474426,2.152235984802246,0.3428890109062195,0.15436319680938246
elementwise,1,weight,producer,5,1,9,0.03825865145596591,0.9883454545454545,0.06485723704099655,0.9827999472618103,0.03336891904473305,0.014399999752640724,2.32059907913208,0.3274093270301819,0.14846080475678824
elementwise,1,weight,producer,5,1,10,0.035949358575994315,0.9890181818181818,0.04990984499454498,0.986799955368042,0.02616075426340103,0.012600000016391277,2.792790651321411,0.286405473947525,0.14268577789513942
elementwise,1,weight,producer,5,1,11,0.033274021218039775,0.9899272727272728,0.05579941347241402,0.9842000007629395,0.023964205756783485,0.013399999588727951,2.886765480041504,0.2971908450126648,0.13509975232649196
elementwise,1,weight,producer,5,1,12,0.031302696644176134,0.9906727272727273,0.050245724618434906,0.9861999750137329,0.011706128716468811,0.009399999864399433,3.126889944076538,0.25105828046798706,0.1287922729507749
elementwise,1,weight,producer,5,2,1,0.23486313920454546,0.9294909090909091,0.09760528802871704,0.9717999696731567,0.06182488799095154,0.023599999025464058,0.5424805283546448,0.5020493865013123,0.336673093733496
elementwise,1,weight,producer,5,2,2,0.08065102982954546,0.9754,0.06997548788785934,0.9799999594688416,0.035672497004270554,0.014999999664723873,0.6552743315696716,0.4214209020137787,0.24412754275099707
elementwise,1,weight,producer,5,2,3,0.06377414328835228,0.9809272727272728,0.0849340558052063,0.9733999967575073,0.05496954917907715,0.022199999541044235,0.8710631132125854,0.4548235833644867,0.21179260530676913
elementwise,1,weight,producer,5,2,4,0.054271044921875,0.9833636363636363,0.06763196736574173,0.9787999987602234,0.035874687135219574,0.014999999664723873,1.1445287466049194,0.39403197169303894,0.1923747063429914
elementwise,1,weight,producer,5,2,5,0.04813961292613636,0.9855454545454545,0.060458678752183914,0.9824000000953674,0.029859090223908424,0.012799999676644802,1.3396782875061035,0.3737400770187378,0.17705628198357343
elementwise,1,weight,producer,5,2,6,0.04396922940340909,0.9865272727272727,0.06728202104568481,0.9803999662399292,0.03241667523980141,0.013599999248981476,1.524121880531311,0.34548547863960266,0.1663838984902843
elementwise,1,weight,producer,5,2,7,0.0406205078125,0.9877272727272727,0.052621424198150635,0.9847999811172485,0.019859587773680687,0.009599999524652958,1.86293363571167,0.32692936062812805,0.15839369616288176
elementwise,1,weight,producer,5,2,8,0.03834797141335227,0.9881090909090909,0.04953321814537048,0.9875999689102173,0.015784718096256256,0.007999999448657036,2.0703651905059814,0.31005221605300903,0.15069555735644952
elementwise,1,weight,producer,5,2,9,0.03613893599076705,0.9888181818181818,0.04705658182501793,0.9873999953269958,0.015403768979012966,0.00699999975040555,2.349637508392334,0.2969491481781006,0.1425284779006028
elementwise,1,weight,producer,5,2,10,0.03365680708451704,0.9894545454545455,0.04730893671512604,0.9871999621391296,0.015849340707063675,0.007799999788403511,2.633417844772339,0.2791150212287903,0.13768393400229462
elementwise,1,weight,producer,5,2,11,0.031986927379261364,0.9901454545454546,0.053969282656908035,0.98499995470047,0.0180362518876791,0.009200000204145908,2.8662946224212646,0.27986326813697815,0.13198607747081642
elementwise,1,weight,producer,5,2,12,0.031003633256392046,0.9901636363636364,0.049027733504772186,0.9865999817848206,0.010045389644801617,0.006000000052154064,3.006101131439209,0.24122071266174316,0.13066348272659395
elementwise,1,weight,producer,7,0,1,0.2433854580965909,0.9260363636363637,0.0927785187959671,0.9733999967575073,0.056239645928144455,0.024399999529123306,0.4814710021018982,0.4807737469673157,0.5801774689952833
elementwise,1,weight,producer,7,0,2,0.07959873046875,0.9751272727272727,0.07611026614904404,0.9771999716758728,0.048605725169181824,0.020600000396370888,0.4175103008747101,0.4050143361091614,0.46417691810384076
elementwise,1,weight,producer,7,0,3,0.06142803622159091,0.9808545454545454,0.06773008406162262,0.9809999465942383,0.02896866947412491,0.013399999588727951,0.3924972414970398,0.34413406252861023,0.4180073209375171
elementwise,1,weight,producer,7,0,4,0.051050612571022724,0.9844363636363637,0.0583697147667408,0.9829999804496765,0.020308680832386017,0.011399999260902405,0.4254680573940277,0.32322436571121216,0.3860265930323615
elementwise,1,weight,producer,7,0,5,0.04616839488636364,0.9858727272727272,0.05828647315502167,0.9839999675750732,0.02211662568151951,0.011599999852478504,0.4632667005062103,0.29709887504577637,0.366442971353645
elementwise,1,weight,producer,7,0,6,0.040130850497159094,0.9874363636363637,0.05190335586667061,0.9879999756813049,0.01683672145009041,0.00699999975040555,0.5346863269805908,0.2861015200614929,0.3472231201398627
elementwise,1,weight,producer,7,0,7,0.03672124245383523,0.9886363636363636,0.05215171352028847,0.9861999750137329,0.016657352447509766,0.008200000040233135,0.6254448890686035,0.23052728176116943,0.33186019194696875
elementwise,1,weight,producer,7,0,8,0.03313984596946023,0.9897090909090909,0.04850348085165024,0.9865999817848206,0.011700714938342571,0.006399999838322401,0.7032515406608582,0.23111490905284882,0.3222551037132815
elementwise,1,weight,producer,7,0,9,0.030468710049715908,0.9906,0.055643681436777115,0.98499995470047,0.015967508777976036,0.008799999952316284,0.7858368158340454,0.20134706795215607,0.3046392116333704
elementwise,1,weight,producer,7,0,10,0.028242549272017047,0.9912545454545455,0.07313858717679977,0.9783999919891357,0.040680933743715286,0.016599999740719795,0.9496459364891052,0.2164945900440216,0.29879099816065996
elementwise,1,weight,producer,7,0,11,0.025770543323863637,0.991890909090909,0.05003965646028519,0.9865999817848206,0.015089993365108967,0.007400000002235174,1.067981481552124,0.17848673462867737,0.28319997359363336
elementwise,1,weight,producer,7,0,12,0.024543690074573864,0.9921272727272727,0.04643242061138153,0.9871999621391296,0.00176278839353472,0.003000000026077032,1.167291522026062,0.08011509478092194,0.27690023401504255
elementwise,1,weight,producer,7,1,1,0.23541519886363638,0.9286909090909091,0.10521342605352402,0.967199981212616,0.06441079825162888,0.028599999845027924,0.46898242831230164,0.46794745326042175,0.5457610952268216
elementwise,1,weight,producer,7,1,2,0.07652367720170454,0.9763818181818181,0.07556268572807312,0.9781999588012695,0.04929110407829285,0.020800000056624413,0.4201938509941101,0.4074530005455017,0.4318245661160787
elementwise,1,weight,producer,7,1,3,0.05917281605113636,0.9815636363636364,0.06934816390275955,0.9799999594688416,0.03256049007177353,0.01719999872148037,0.3925684988498688,0.351919949054718,0.3867483291143851
elementwise,1,weight,producer,7,1,4,0.048503977272727275,0.9850363636363636,0.06370485574007034,0.9815999865531921,0.026100710034370422,0.014599999412894249,0.4397036135196686,0.35254967212677,0.35357339604086613
elementwise,1,weight,producer,7,1,5,0.041838427734375,0.9867090909090909,0.054201140999794006,0.9851999878883362,0.02682374231517315,0.012799999676644802,0.4756244122982025,0.31086817383766174,0.3311126186010089
elementwise,1,weight,producer,7,1,6,0.03752023259943182,0.9881272727272727,0.050228919833898544,0.9863999485969543,0.014840537682175636,0.009599999524652958,0.5349498391151428,0.24753950536251068,0.3146290133124511
elementwise,1,weight,producer,7,1,7,0.03380282093394887,0.9896727272727273,0.04672284424304962,0.9871999621391296,0.01805567927658558,0.009399999864399433,0.6151184439659119,0.26531440019607544,0.29913257361912915
elementwise,1,weight,producer,7,1,8,0.03095967462713068,0.9903818181818181,0.050994791090488434,0.9851999878883362,0.023778146132826805,0.011799999512732029,0.7321116924285889,0.2612497806549072,0.2904923421536668
elementwise,1,weight,producer,7,1,9,0.028729219193892045,0.9907636363636364,0.06258606165647507,0.9827999472618103,0.025801867246627808,0.012999999336898327,0.8003809452056885,0.23399978876113892,0.2791209866875489
elementwise,1,weight,producer,7,1,10,0.02663460360440341,0.9914727272727273,0.04615816846489906,0.9878000020980835,0.020000023767352104,0.01119999960064888,0.9456599950790405,0.1980964094400406,0.26839157910072664
elementwise,1,weight,producer,7,1,11,0.02412774991122159,0.9922909090909091,0.05530990660190582,0.98499995470047,0.021812962368130684,0.011399999260902405,1.0171289443969727,0.2030474692583084,0.2567453470160806
elementwise,1,weight,producer,7,1,12,0.021452976296164772,0.9933636363636363,0.04887130856513977,0.9857999682426453,0.0013430557446554303,0.0031999999191612005,1.1832823753356934,0.0750848650932312,0.24544820254593797
elementwise,1,weight,producer,7,2,1,0.226782421875,0.9313636363636364,0.0890427902340889,0.9741999506950378,0.052264392375946045,0.020800000056624413,0.46459197998046875,0.4637988209724426,0.5473567454608367
elementwise,1,weight,producer,7,2,2,0.07224566761363636,0.9773818181818181,0.06433340162038803,0.9817999601364136,0.02864283323287964,0.013199999928474426,0.38255736231803894,0.37003862857818604,0.43610934056928485
elementwise,1,weight,producer,7,2,3,0.05506538529829545,0.9831090909090909,0.07264821231365204,0.9777999520301819,0.04216669127345085,0.01640000008046627,0.4351159632205963,0.3971632719039917,0.38374380816229897
elementwise,1,weight,producer,7,2,4,0.04537136896306818,0.9859818181818182,0.060291822999715805,0.9811999797821045,0.02723991684615612,0.012799999676644802,0.42990028858184814,0.33150720596313477,0.3549960390450001
elementwise,1,weight,producer,7,2,5,0.039257395241477276,0.9878363636363636,0.055409472435712814,0.9857999682426453,0.023220956325531006,0.009800000116229057,0.4670216143131256,0.3088656961917877,0.3316111525923768
elementwise,1,weight,producer,7,2,6,0.03542959872159091,0.9887636363636364,0.0561298169195652,0.9847999811172485,0.019596068188548088,0.009599999524652958,0.5046737194061279,0.27035999298095703,0.3148760038972155
elementwise,1,weight,producer,7,2,7,0.03097950106534091,0.9901272727272727,0.04889313504099846,0.9873999953269958,0.013514562509953976,0.007199999876320362,0.612238347530365,0.22783197462558746,0.3011302380215257
elementwise,1,weight,producer,7,2,8,0.028422429865056817,0.9912363636363636,0.04468252509832382,0.9883999824523926,0.00991788785904646,0.005799999926239252,0.687354564666748,0.2061692327260971,0.2855253273478902
elementwise,1,weight,producer,7,2,9,0.026015123401988638,0.9919636363636364,0.04258854314684868,0.988599956035614,0.00990543607622385,0.006799999624490738,0.791790783405304,0.1945265680551529,0.27005461109795853
elementwise,1,weight,producer,7,2,10,0.023325046608664773,0.9923454545454545,0.04267100244760513,0.9893999695777893,0.011021792888641357,0.005399999674409628,0.9396060109138489,0.17167921364307404,0.26017931288812807
elementwise,1,weight,producer,7,2,11,0.021715329811789773,0.9930363636363636,0.04802452772855759,0.9878000020980835,0.011345567181706429,0.00559999980032444,1.0444594621658325,0.16933073103427887,0.2526684088798237
elementwise,1,weight,producer,7,2,12,0.02014119318181818,0.9935090909090909,0.04057495296001434,0.9896000027656555,0.001185266999527812,0.00139999995008111,1.1395514011383057,0.08250104635953903,0.24462493853690517
elementwise,1,weight,producer,10,0,1,0.24281898082386363,0.9262,0.09119290858507156,0.973800003528595,0.05463399365544319,0.024000000208616257,0.4746026396751404,0.4745001494884491,0.8007365327530003
elementwise,1,weight,producer,10,0,2,0.07841740944602273,0.9754181818181819,0.07379797101020813,0.9787999987602234,0.045658178627491,0.01899999938905239,0.39472436904907227,0.39470723271369934,0.7202646100052813
elementwise,1,weight,producer,10,0,3,0.06007082297585227,0.9812909090909091,0.06566046178340912,0.9819999933242798,0.026771124452352524,0.012399999424815178,0.3312307596206665,0.33122768998146057,0.6800958596638197
elementwise,1,weight,producer,10,0,4,0.049635844282670455,0.9847272727272727,0.05811411887407303,0.9837999939918518,0.019998880103230476,0.011399999260902405,0.3076438903808594,0.3072884678840637,0.6490270619730109
elementwise,1,weight,producer,10,0,5,0.04467748135653409,0.9859454545454546,0.05754398927092552,0.9842000007629395,0.022132059559226036,0.011599999852478504,0.28446096181869507,0.28348830342292786,0.627360524302963
elementwise,1,weight,producer,10,0,6,0.03847761896306818,0.9878,0.05241556838154793,0.9871999621391296,0.017353860661387444,0.008200000040233135,0.2799728810787201,0.2777608335018158,0.6091762124164557
elementwise,1,weight,producer,10,0,7,0.03500040394176136,0.9892181818181818,0.05113118886947632,0.9863999485969543,0.014389666728675365,0.008200000040233135,0.22203579545021057,0.2171829789876938,0.5898399227841417
elementwise,1,weight,producer,10,0,8,0.0312569091796875,0.9902363636363636,0.048121366649866104,0.9865999817848206,0.01145766768604517,0.006199999712407589,0.22618168592453003,0.2193576544523239,0.5790279953014879
elementwise,1,weight,producer,10,0,9,0.028769298206676137,0.9910363636363636,0.05583448335528374,0.98499995470047,0.01582074537873268,0.009800000116229057,0.1895122081041336,0.17579619586467743,0.5611820718981625
elementwise,1,weight,producer,10,0,10,0.026251109730113638,0.9917454545454546,0.07055690884590149,0.9805999994277954,0.03851743042469025,0.0139999995008111,0.2207922339439392,0.20198465883731842,0.5510191491686547
elementwise,1,weight,producer,10,0,11,0.023779481090198864,0.9925090909090909,0.05224786326289177,0.9855999946594238,0.017229203134775162,0.007799999788403511,0.20771969854831696,0.17727231979370117,0.5330031778696436
elementwise,1,weight,producer,10,0,12,0.022674718128551135,0.9927454545454546,0.047732219099998474,0.9871999621391296,0.0004243567236699164,0.002199999988079071,0.1259869486093521,0.030728330835700035,0.5209616470288285
elementwise,1,weight,producer,10,1,1,0.23471672585227274,0.9287454545454545,0.10349642485380173,0.9685999751091003,0.0630902349948883,0.0279999990016222,0.4639917016029358,0.463995099067688,0.7539997678060862
elementwise,1,weight,producer,10,1,2,0.07568176491477273,0.9768545454545454,0.07515737414360046,0.9785999655723572,0.0494326688349247,0.020399998873472214,0.4016368091106415,0.40164270997047424,0.672639703338129
elementwise,1,weight,producer,10,1,3,0.05822004616477273,0.9816909090909091,0.06854697316884995,0.9799999594688416,0.03147956356406212,0.01719999872148037,0.33954864740371704,0.33943021297454834,0.6304397115332083
elementwise,1,weight,producer,10,1,4,0.04763111683238636,0.9852363636363637,0.06336042284965515,0.9815999865531921,0.025894030928611755,0.014599999412894249,0.34780004620552063,0.34731075167655945,0.5993357432936934
elementwise,1,weight,producer,10,1,5,0.04070711115056818,0.9874363636363637,0.05294889584183693,0.9855999946594238,0.02496676705777645,0.012399999424815178,0.29097628593444824,0.289762407541275,0.5756392161861922
elementwise,1,weight,producer,10,1,6,0.036482792524857956,0.9883272727272727,0.049858707934617996,0.9863999485969543,0.0149183738976717,0.009999999776482582,0.23245102167129517,0.22936896979808807,0.5563395767696818
elementwise,1,weight,producer,10,1,7,0.032719249378551134,0.9899454545454546,0.046153441071510315,0.9871999621391296,0.016755182296037674,0.009599999524652958,0.2478785365819931,0.24312558770179749,0.5361476980932782
elementwise,1,weight,producer,10,1,8,0.02974156161221591,0.9907454545454546,0.05041145160794258,0.98499995470047,0.0247019212692976,0.012000000104308128,0.2600426971912384,0.2527911961078644,0.5246358880734279
elementwise,1,weight,producer,10,1,9,0.027350157581676138,0.9913272727272727,0.06137549504637718,0.9827999472618103,0.025768214836716652,0.012799999676644802,0.23202967643737793,0.22031953930854797,0.5095736737629983
elementwise,1,weight,producer,10,1,10,0.02509145729758523,0.992,0.04614998772740364,0.988599956035614,0.021162327378988266,0.009999999776482582,0.1975344568490982,0.17532086372375488,0.4967647648012238
elementwise,1,weight,producer,10,1,11,0.022789559659090908,0.9928363636363636,0.05394764244556427,0.9851999878883362,0.020756013691425323,0.012000000104308128,0.20277993381023407,0.17329271137714386,0.48481212780681465
elementwise,1,weight,producer,10,1,12,0.020014404296875,0.9940545454545454,0.05024499446153641,0.9865999817848206,0.00015130858810152858,0.0007999999797903001,0.12841439247131348,0.017877863720059395,0.47180232558139534
elementwise,1,weight,producer,10,2,1,0.22631809303977274,0.9313636363636364,0.08855335414409637,0.974399983882904,0.051512546837329865,0.02019999921321869,0.4560995399951935,0.4560987055301666,0.7604615878421446
elementwise,1,weight,producer,10,2,2,0.07126719193892045,0.9776727272727272,0.06413165479898453,0.9817999601364136,0.028079701587557793,0.013199999928474426,0.35496941208839417,0.35498112440109253,0.6820953451949519
elementwise,1,weight,producer,10,2,3,0.054087815163352274,0.9835090909090909,0.07406514883041382,0.9783999919891357,0.043305836617946625,0.01599999889731407,0.38707485795021057,0.3870678246021271,0.6347934612372749
elementwise,1,weight,producer,10,2,4,0.044212881747159094,0.9864545454545455,0.05967254564166069,0.9819999933242798,0.026248948648571968,0.011799999512732029,0.31797778606414795,0.317636102437973,0.6066976562073173
elementwise,1,weight,producer,10,2,5,0.038109064275568184,0.9880909090909091,0.0554247610270977,0.98499995470047,0.022705597802996635,0.010599999688565731,0.292872816324234,0.29202398657798767,0.5837671413742237
elementwise,1,weight,producer,10,2,6,0.03410205300071023,0.9891636363636364,0.05455519258975983,0.9847999811172485,0.01781931333243847,0.008999999612569809,0.2554946839809418,0.254039466381073,0.5637686438054306
elementwise,1,weight,producer,10,2,7,0.029775443892045454,0.9906,0.04841979965567589,0.9869999885559082,0.01216345839202404,0.007199999876320362,0.20488138496875763,0.19965317845344543,0.5480564003569413
elementwise,1,weight,producer,10,2,8,0.027038407759232955,0.9914727272727273,0.04536151513457298,0.9887999892234802,0.010051844641566277,0.005200000014156103,0.18765538930892944,0.17882400751113892,0.5274882309555462
elementwise,1,weight,producer,10,2,9,0.024644136186079545,0.9921454545454546,0.04246465489268303,0.9893999695777893,0.009707228280603886,0.00559999980032444,0.1907772719860077,0.17585934698581696,0.5086188332028191
elementwise,1,weight,producer,10,2,10,0.02175310724431818,0.9927272727272727,0.043157365173101425,0.9889999628067017,0.01091254036873579,0.005799999926239252,0.17511647939682007,0.14729911088943481,0.4952990976307115
elementwise,1,weight,producer,10,2,11,0.020119276012073865,0.9935818181818182,0.04653375968337059,0.9889999628067017,0.009106667712330818,0.005399999674409628,0.18262071907520294,0.1437695324420929,0.482552562328131
elementwise,1,weight,producer,10,2,12,0.018643328302556817,0.9940545454545454,0.04092904180288315,0.990399956703186,8.54779063956812e-05,0.00039999998989515007,0.12544752657413483,0.01652899757027626,0.467256446795724
elementwise,1,weight,producer,23,0,1,0.24282045454545453,0.9264,0.09113805741071701,0.9729999899864197,0.05471630021929741,0.024399999529123306,0.47526052594184875,0.4751312732696533,1.0
elementwise,1,weight,producer,23,0,2,0.07839671519886364,0.9753272727272727,0.07429758459329605,0.9787999987602234,0.04647018760442734,0.01899999938905239,0.3949921429157257,0.3949125111103058,1.0
elementwise,1,weight,producer,23,0,3,0.06011827947443182,0.9816545454545454,0.06608473509550095,0.9827999472618103,0.027311058714985847,0.011599999852478504,0.3323934078216553,0.3322871923446655,1.0
elementwise,1,weight,producer,23,0,4,0.04960553089488636,0.9849272727272728,0.058009881526231766,0.9839999675750732,0.020304866135120392,0.011599999852478504,0.3055987060070038,0.30560538172721863,1.0
elementwise,1,weight,producer,23,0,5,0.044659716796875,0.9860181818181818,0.057675231248140335,0.9837999939918518,0.022545063868165016,0.012000000104308128,0.28492647409439087,0.28495073318481445,1.0
elementwise,1,weight,producer,23,0,6,0.03837373046875,0.9876727272727273,0.05188709869980812,0.9879999756813049,0.016593173146247864,0.007999999448657036,0.2724587023258209,0.27249985933303833,1.0
elementwise,1,weight,producer,23,0,7,0.034888252397017046,0.9894,0.05103041231632233,0.9860000014305115,0.014283102005720139,0.008599999360740185,0.21162088215351105,0.21163374185562134,1.0
elementwise,1,weight,producer,23,0,8,0.03112465154474432,0.9902181818181818,0.04753793030977249,0.9869999885559082,0.011242097243666649,0.006199999712407589,0.21516944468021393,0.21517302095890045,1.0
elementwise,1,weight,producer,23,0,9,0.028594484641335228,0.9910727272727273,0.05550219863653183,0.9855999946594238,0.01578756608068943,0.009599999524652958,0.17709866166114807,0.17712262272834778,1.0
elementwise,1,weight,producer,23,0,10,0.026146422230113636,0.9916545454545455,0.06765680015087128,0.9805999994277954,0.03583623096346855,0.013599999248981476,0.2015274614095688,0.20156382024288177,1.0
elementwise,1,weight,producer,23,0,11,0.02353880060369318,0.9924909090909091,0.05157490819692612,0.9855999946594238,0.016631396487355232,0.007799999788403511,0.17468133568763733,0.17469212412834167,1.0
elementwise,1,weight,producer,23,0,12,0.022472765003551137,0.9929272727272728,0.04726822301745415,0.9869999885559082,0.00025372905656695366,0.0026000000070780516,0.022470539435744286,0.022416796535253525,1.0
elementwise,1,weight,producer,23,1,1,0.2347468927556818,0.9288181818181818,0.10269048064947128,0.9685999751091003,0.06245717778801918,0.02759999968111515,0.4640406370162964,0.4640415608882904,1.0
elementwise,1,weight,producer,23,1,2,0.07567768110795454,0.9767636363636364,0.07482494413852692,0.9785999655723572,0.04896230250597,0.020399998873472214,0.40205225348472595,0.4020635783672333,1.0
elementwise,1,weight,producer,23,1,3,0.05815991654829546,0.9818181818181818,0.06873258203268051,0.9799999594688416,0.03152159973978996,0.01719999872148037,0.3365577757358551,0.3365495800971985,1.0
elementwise,1,weight,producer,23,1,4,0.04763064630681818,0.9852,0.06291712820529938,0.9819999933242798,0.025654973462224007,0.0142000000923872,0.3437843918800354,0.34379950165748596,1.0
elementwise,1,weight,producer,23,1,5,0.040689741654829546,0.9874363636363637,0.052217017859220505,0.9851999878883362,0.02439984492957592,0.012399999424815178,0.28627532720565796,0.28629380464553833,1.0
elementwise,1,weight,producer,23,1,6,0.036436614435369316,0.9883090909090909,0.049197304993867874,0.9861999750137329,0.014249227941036224,0.009800000116229057,0.22620326280593872,0.22621062397956848,1.0
elementwise,1,weight,producer,23,1,7,0.03269009232954546,0.9898545454545454,0.04596155881881714,0.9875999689102173,0.016371844336390495,0.009200000204145908,0.23785658180713654,0.23786962032318115,1.0
elementwise,1,weight,producer,23,1,8,0.029646040482954546,0.9906,0.05040954053401947,0.98499995470047,0.024821868166327477,0.012000000104308128,0.24920184910297394,0.2492332011461258,1.0
elementwise,1,weight,producer,23,1,9,0.027276713423295455,0.9912727272727273,0.060401368886232376,0.9833999872207642,0.02423941157758236,0.012000000104308128,0.2150687575340271,0.21508926153182983,1.0
elementwise,1,weight,producer,23,1,10,0.0251240234375,0.9919272727272728,0.046477314084768295,0.988599956035614,0.021662041544914246,0.009999999776482582,0.17851072549819946,0.17850564420223236,1.0
elementwise,1,weight,producer,23,1,11,0.022768876509232955,0.9928727272727272,0.053671348839998245,0.9853999614715576,0.02054162323474884,0.011599999852478504,0.17237907648086548,0.1724037379026413,1.0
elementwise,1,weight,producer,23,1,12,0.0199378173828125,0.9940727272727272,0.0502920001745224,0.9863999485969543,9.470749500906095e-05,0.0009999999310821295,0.013947198167443275,0.013881884515285492,1.0
elementwise,1,weight,producer,23,2,1,0.22628023792613636,0.9313272727272728,0.08852803707122803,0.974399983882904,0.05152551829814911,0.020600000396370888,0.456170916557312,0.4561411738395691,1.0
elementwise,1,weight,producer,23,2,2,0.071185400390625,0.9776181818181818,0.06437185406684875,0.9815999865531921,0.028249675408005714,0.013399999588727951,0.35438981652259827,0.3543229103088379,1.0
elementwise,1,weight,producer,23,2,3,0.05406716530539773,0.9834909090909091,0.07312735915184021,0.9785999655723572,0.04247268661856651,0.015799999237060547,0.3866870105266571,0.38673609495162964,1.0
elementwise,1,weight,producer,23,2,4,0.04417090731534091,0.9863090909090909,0.059266235679388046,0.9819999933242798,0.02558559738099575,0.012199999764561653,0.3141673505306244,0.3141826391220093,1.0
elementwise,1,weight,producer,23,2,5,0.03805363991477273,0.9881272727272727,0.0557834655046463,0.9845999479293823,0.02298419363796711,0.010599999688565731,0.2879869341850281,0.28801244497299194,1.0
elementwise,1,weight,producer,23,2,6,0.03405669167258523,0.9892727272727273,0.05544554442167282,0.9842000007629395,0.01850043050944805,0.009599999524652958,0.250438928604126,0.25038567185401917,1.0
elementwise,1,weight,producer,23,2,7,0.029732215465198865,0.9906,0.048456329852342606,0.9871999621391296,0.012006030417978764,0.00699999975040555,0.19695593416690826,0.1969163566827774,1.0
elementwise,1,weight,producer,23,2,8,0.027020667613636362,0.9915090909090909,0.04532414674758911,0.9887999892234802,0.009825307875871658,0.005399999674409628,0.175955131649971,0.17590470612049103,1.0
elementwise,1,weight,producer,23,2,9,0.024607000177556817,0.9921090909090909,0.04262683913111687,0.9893999695777893,0.00978253223001957,0.005799999926239252,0.17395097017288208,0.17395183444023132,1.0
elementwise,1,weight,producer,23,2,10,0.021653500088778407,0.9928181818181818,0.04359157383441925,0.9887999892234802,0.011153492145240307,0.005799999926239252,0.14584320783615112,0.14586468040943146,1.0
elementwise,1,weight,producer,23,2,11,0.020131163441051137,0.9935818181818182,0.046993438154459,0.9889999628067017,0.009141716174781322,0.004999999888241291,0.14389124512672424,0.1438942551612854,1.0
elementwise,1,weight,producer,23,2,12,0.018655031516335227,0.9939454545454546,0.040361836552619934,0.990399956703186,7.447587995557114e-05,0.00039999998989515007,0.015795458108186722,0.015733083710074425,1.0
elementwise,1,weight_master,producer,1,0,1,0.24336315696022728,0.9263636363636364,0.09106889367103577,0.9723999500274658,0.05672984570264816,0.025999998673796654,0.4788665175437927,0.47880321741104126,0.09122830580393727
elementwise,1,weight_master,producer,1,0,2,0.07787449396306818,0.9755272727272727,0.0698593482375145,0.9813999533653259,0.04261926934123039,0.017999999225139618,0.39932766556739807,0.3988352119922638,0.05617567518347872
elementwise,1,weight_master,producer,1,0,3,0.060208713600852275,0.9812181818181818,0.06615922600030899,0.9819999933242798,0.02848557010293007,0.012999999336898327,0.33899539709091187,0.33864790201187134,0.047198990184116114
elementwise,1,weight_master,producer,1,0,4,0.05024974698153409,0.9848,0.055969465523958206,0.9847999811172485,0.020212749019265175,0.011599999852478504,0.30138322710990906,0.30116549134254456,0.04064827630165176
elementwise,1,weight_master,producer,1,0,5,0.04561380060369318,0.9858727272727272,0.06231514737010002,0.9815999865531921,0.028722375631332397,0.015399999916553497,0.30276793241500854,0.302070289850235,0.03801116807197101
elementwise,1,weight_master,producer,1,0,6,0.03897660688920455,0.9874363636363637,0.05263230577111244,0.9871999621391296,0.01946105994284153,0.008200000040233135,0.2909815311431885,0.2906149923801422,0.03469409590063922
elementwise,1,weight_master,producer,1,0,7,0.035154381214488634,0.988890909090909,0.05307333916425705,0.98499995470047,0.016935762017965317,0.009599999524652958,0.22583813965320587,0.22533586621284485,0.03229441732986105
elementwise,1,weight_master,producer,1,0,8,0.03199166370738636,0.9898181818181818,0.048242609947919846,0.9865999817848206,0.013710992410779,0.007599999662488699,0.2178211510181427,0.21676504611968994,0.031295642038935735
elementwise,1,weight_master,producer,1,0,9,0.028796954900568182,0.9906,0.06143588945269585,0.9827999472618103,0.02528281882405281,0.012600000016391277,0.22277693450450897,0.22216027975082397,0.02811583744604906
elementwise,1,weight_master,producer,1,0,10,0.027007208806818183,0.9914363636363637,0.06615610420703888,0.9809999465942383,0.03705276921391487,0.015199999324977398,0.21967799961566925,0.21885940432548523,0.02735005281273333
elementwise,1,weight_master,producer,1,0,11,0.024066612659801135,0.9924727272727273,0.05763386934995651,0.9842000007629395,0.026652980595827103,0.010799999348819256,0.2312583178281784,0.23082765936851501,0.025479298319098176
elementwise,1,weight_master,producer,1,0,12,0.02336628639914773,0.9926909090909091,0.050527360290288925,0.9843999743461609,0.007342671975493431,0.00839999970048666,0.12390897423028946,0.1222204640507698,0.02505463386206771
elementwise,1,weight_master,producer,1,1,1,0.23957155539772726,0.9262181818181818,0.11678434908390045,0.9631999731063843,0.07491371780633926,0.03280000016093254,0.46962228417396545,0.46954435110092163,0.0806716778059041
elementwise,1,weight_master,producer,1,1,2,0.07789132634943181,0.9759818181818182,0.07369217276573181,0.9777999520301819,0.04745009168982506,0.020999999716877937,0.4020124077796936,0.40194329619407654,0.048308285225182566
elementwise,1,weight_master,producer,1,1,3,0.05970903764204546,0.9814545454545455,0.07021917402744293,0.9787999987602234,0.03228248283267021,0.01719999872148037,0.34790337085723877,0.34772610664367676,0.040891738449491
elementwise,1,weight_master,producer,1,1,4,0.04989170809659091,0.9840727272727273,0.06427077203989029,0.9813999533653259,0.026952391490340233,0.014800000004470348,0.3616810739040375,0.36143407225608826,0.03551280708783304
elementwise,1,weight_master,producer,1,1,5,0.04281670809659091,0.9862545454545455,0.05616398900747299,0.9835999608039856,0.030458049848675728,0.014800000004470348,0.3030470907688141,0.30288219451904297,0.03189877711205405
elementwise,1,weight_master,producer,1,1,6,0.03894022993607955,0.9875636363636363,0.052632886916399,0.9855999946594238,0.0229896679520607,0.012799999676644802,0.26498663425445557,0.26481738686561584,0.030263175866401995
elementwise,1,weight_master,producer,1,1,7,0.035703406871448864,0.9889636363636364,0.049027375876903534,0.9869999885559082,0.018295779824256897,0.009200000204145908,0.25636041164398193,0.2556169033050537,0.028339608639434723
elementwise,1,weight_master,producer,1,1,8,0.032268803267045454,0.9899454545454546,0.04869001358747482,0.9860000014305115,0.02283051423728466,0.011599999852478504,0.25312450528144836,0.2527543902397156,0.0260584172570159
elementwise,1,weight_master,producer,1,1,9,0.029747301136363636,0.9902,0.06113450974225998,0.9839999675750732,0.023924125358462334,0.011799999512732029,0.2213333398103714,0.22066020965576172,0.02544936351550691
elementwise,1,weight_master,producer,1,1,10,0.028092143110795456,0.9910363636363636,0.05018500238656998,0.9863999485969543,0.029480455443263054,0.012000000104308128,0.21156622469425201,0.21054208278656006,0.024170362040392634
elementwise,1,weight_master,producer,1,1,11,0.025431953568892045,0.9918363636363636,0.055022094398736954,0.9839999675750732,0.02579832635819912,0.012199999764561653,0.21426627039909363,0.21409781277179718,0.02253635428238422
elementwise,1,weight_master,producer,1,1,12,0.02242871315696023,0.9930363636363636,0.05047628656029701,0.9871999621391296,0.004579063504934311,0.0037999998312443495,0.0986005961894989,0.0971749871969223,0.02134317349893464
elementwise,1,weight_master,producer,1,2,1,0.2303634588068182,0.9288363636363637,0.09430274367332458,0.9729999899864197,0.05587860569357872,0.021800000220537186,0.4605911672115326,0.46045929193496704,0.07842542933109942
elementwise,1,weight_master,producer,1,2,2,0.07406513671875,0.9766181818181818,0.06836921721696854,0.9807999730110168,0.032877564430236816,0.0142000000923872,0.3473442494869232,0.34719377756118774,0.04730985139589518
elementwise,1,weight_master,producer,1,2,3,0.05628256392045455,0.9830363636363636,0.07710269838571548,0.9767999649047852,0.04596736654639244,0.01759999990463257,0.3982568085193634,0.39790791273117065,0.0388966919196518
elementwise,1,weight_master,producer,1,2,4,0.046147252308238636,0.9852545454545455,0.06164626032114029,0.9827999472618103,0.027357451617717743,0.012000000104308128,0.30574867129325867,0.30550557374954224,0.033745401649942636
elementwise,1,weight_master,producer,1,2,5,0.04069229403409091,0.9872727272727273,0.05715036019682884,0.9843999743461609,0.023564517498016357,0.010199999436736107,0.29829442501068115,0.29812976717948914,0.031002781774143614
elementwise,1,weight_master,producer,1,2,6,0.037590203302556816,0.9877818181818182,0.05451527237892151,0.9857999682426453,0.019314492121338844,0.009399999864399433,0.2671167850494385,0.26582881808280945,0.03001937225692484
elementwise,1,weight_master,producer,1,2,7,0.03227453391335227,0.9898,0.05070875957608223,0.9863999485969543,0.01539875753223896,0.00839999970048666,0.22320501506328583,0.22266694903373718,0.02797902514978784
elementwise,1,weight_master,producer,1,2,8,0.03014737215909091,0.9904181818181819,0.044208478182554245,0.9891999959945679,0.009926442988216877,0.00559999980032444,0.18011505901813507,0.179765984416008,0.026795974394929978
elementwise,1,weight_master,producer,1,2,9,0.02705195978338068,0.9914363636363637,0.042759135365486145,0.9893999695777893,0.011201838031411171,0.00699999975040555,0.20531509816646576,0.20464234054088593,0.024751529748137897
elementwise,1,weight_master,producer,1,2,10,0.0244486328125,0.9920545454545454,0.0471593402326107,0.9878000020980835,0.014385919086635113,0.006000000052154064,0.1734071969985962,0.1728646606206894,0.023700738467702282
elementwise,1,weight_master,producer,1,2,11,0.022460557972301138,0.9927636363636364,0.05558619275689125,0.9853999614715576,0.017356356605887413,0.008599999360740185,0.18150725960731506,0.181229829788208,0.022470224545173098
elementwise,1,weight_master,producer,1,2,12,0.021573652787642044,0.9928727272727272,0.04249441996216774,0.9893999695777893,0.003201506333425641,0.0026000000070780516,0.08702163398265839,0.08635274320840836,0.021948584982972447
elementwise,1,weight_master,producer,2,0,1,0.24066003196022728,0.9266545454545455,0.0891987606883049,0.974399983882904,0.053168777376413345,0.022599998861551285,0.47648411989212036,0.4764409363269806,0.1456396487042669
elementwise,1,weight_master,producer,2,0,2,0.07810329367897727,0.9757090909090909,0.0713728591799736,0.9797999858856201,0.04354764148592949,0.018400000408291817,0.3917319178581238,0.39162808656692505,0.09173401048970152
elementwise,1,weight_master,producer,2,0,3,0.05963586203835227,0.9810181818181818,0.06547603756189346,0.9815999865531921,0.02733197808265686,0.012999999336898327,0.32216429710388184,0.32207149267196655,0.07666234907395604
elementwise,1,weight_master,producer,2,0,4,0.049295134943181815,0.9850181818181818,0.05915827676653862,0.9819999933242798,0.022650498896837234,0.0139999995008111,0.2961476147174835,0.29606395959854126,0.06730834896468832
elementwise,1,weight_master,producer,2,0,5,0.044325661399147724,0.9860909090909091,0.05966877564787865,0.983199954032898,0.02432374842464924,0.012600000016391277,0.28131037950515747,0.281202107667923,0.06291055070932965
elementwise,1,weight_master,producer,2,0,6,0.03847236328125,0.9879272727272728,0.04910372197628021,0.9879999756813049,0.013739858753979206,0.006199999712407589,0.26038020849227905,0.2601798474788666,0.05773342317568429
elementwise,1,weight_master,producer,2,0,7,0.03461119495738636,0.9891454545454545,0.05217929556965828,0.9853999614715576,0.01366166677325964,0.008599999360740185,0.20994970202445984,0.2095392346382141,0.05411336071096866
elementwise,1,weight_master,producer,2,0,8,0.030938762872869317,0.9905090909090909,0.0463237501680851,0.9878000020980835,0.01257120817899704,0.006000000052154064,0.21227958798408508,0.21206024289131165,0.050896222979002384
elementwise,1,weight_master,producer,2,0,9,0.02871540305397727,0.9909272727272728,0.05269305408000946,0.9861999750137329,0.01600334420800209,0.008999999612569809,0.1996394842863083,0.19946588575839996,0.048143814536249566
elementwise,1,weight_master,producer,2,0,10,0.025870603249289772,0.9919272727272728,0.07288195937871933,0.9809999465942383,0.04374109208583832,0.014800000004470348,0.2260434925556183,0.22582341730594635,0.04550773069148258
elementwise,1,weight_master,producer,2,0,11,0.02427769220525568,0.9919818181818182,0.053049225360155106,0.9855999946594238,0.020358990877866745,0.008799999952316284,0.199937641620636,0.19976545870304108,0.04391151135473766
elementwise,1,weight_master,producer,2,0,12,0.023226271750710226,0.9924,0.04966424033045769,0.9861999750137329,0.003772993106395006,0.004600000102072954,0.09464779496192932,0.0935145765542984,0.04301437781136749
elementwise,1,weight_master,producer,2,1,1,0.23601413352272727,0.9284181818181818,0.09924689680337906,0.9699999690055847,0.059682898223400116,0.026399999856948853,0.4608229398727417,0.4608086943626404,0.12723338675310958
elementwise,1,weight_master,producer,2,1,2,0.07586809303977272,0.9769454545454546,0.0784609243273735,0.9779999852180481,0.052428457885980606,0.021399999037384987,0.4099617898464203,0.40995699167251587,0.07951389521225255
elementwise,1,weight_master,producer,2,1,3,0.05898241299715909,0.9814,0.07007282972335815,0.9799999594688416,0.03437159210443497,0.018199998885393143,0.3389703631401062,0.3389606773853302,0.06749831545591958
elementwise,1,weight_master,producer,2,1,4,0.04828068625710227,0.9851818181818182,0.06317528337240219,0.9811999797821045,0.027206918224692345,0.014399999752640724,0.3454756736755371,0.3454560339450836,0.05826542040756861
elementwise,1,weight_master,producer,2,1,5,0.041626344992897725,0.9870363636363636,0.05293211713433266,0.9851999878883362,0.024970542639493942,0.012799999676644802,0.2863972783088684,0.28631073236465454,0.05293736682996121
elementwise,1,weight_master,producer,2,1,6,0.03725231711647727,0.9880909090909091,0.048328448086977005,0.9871999621391296,0.012891576625406742,0.009599999524652958,0.22173109650611877,0.2216780185699463,0.049197565150880515
elementwise,1,weight_master,producer,2,1,7,0.03344790926846591,0.9895454545454545,0.046965084969997406,0.986799955368042,0.018502196297049522,0.009800000116229057,0.23198305070400238,0.23194192349910736,0.046114394201526104
elementwise,1,weight_master,producer,2,1,8,0.030378719815340908,0.9903454545454545,0.050307746976614,0.9851999878883362,0.023665819317102432,0.012600000016391277,0.25019168853759766,0.2501910626888275,0.04409863233231957
elementwise,1,weight_master,producer,2,1,9,0.028359375,0.9907454545454546,0.06590384244918823,0.9817999601364136,0.03053458221256733,0.015199999324977398,0.2345038652420044,0.23446711897850037,0.042567973630055905
elementwise,1,weight_master,producer,2,1,10,0.0259379150390625,0.9917272727272727,0.04808584228157997,0.9878000020980835,0.027667155489325523,0.012199999764561653,0.19514454901218414,0.19508692622184753,0.03985437799348036
elementwise,1,weight_master,producer,2,1,11,0.02347863103693182,0.9925454545454545,0.05157613381743431,0.9855999946594238,0.018838051706552505,0.011599999852478504,0.17006322741508484,0.169996440410614,0.037529479521407366
elementwise,1,weight_master,producer,2,1,12,0.02042835360440341,0.9940545454545454,0.04956201836466789,0.9871999621391296,0.0010216485243290663,0.00139999995008111,0.0495004765689373,0.049073003232479095,0.03421388701717325
elementwise,1,weight_master,producer,2,2,1,0.22657045454545455,0.9314,0.09221284091472626,0.9733999967575073,0.05433487892150879,0.021800000220537186,0.4546813368797302,0.4545639455318451,0.12670981224162736
elementwise,1,weight_master,producer,2,2,2,0.07244282670454545,0.9772181818181818,0.06459620594978333,0.9817999601364136,0.028665892779827118,0.013199999928474426,0.34858712553977966,0.3485032021999359,0.08075203511136202
elementwise,1,weight_master,producer,2,2,3,0.055264173473011366,0.9833272727272727,0.06985370814800262,0.9791999459266663,0.03838840872049332,0.015199999324977398,0.38128554821014404,0.38111868500709534,0.06565920307406531
elementwise,1,weight_master,producer,2,2,4,0.04511145685369318,0.9861272727272727,0.06134974956512451,0.9815999865531921,0.02678596042096615,0.012199999764561653,0.3190436065196991,0.31900954246520996,0.05867995483600736
elementwise,1,weight_master,producer,2,2,5,0.03876814630681818,0.9877636363636364,0.051956284791231155,0.986799955368042,0.018808050081133842,0.009399999864399433,0.28980568051338196,0.28968343138694763,0.05298107391961538
elementwise,1,weight_master,producer,2,2,6,0.03423470791903409,0.989,0.05659743770956993,0.9847999811172485,0.019226714968681335,0.009200000204145908,0.24525493383407593,0.24504396319389343,0.0491718417074903
elementwise,1,weight_master,producer,2,2,7,0.030443690074573863,0.9901818181818182,0.047671128064394,0.9871999621391296,0.011830798350274563,0.007400000002235174,0.20415876805782318,0.2040853053331375,0.046570245488153555
elementwise,1,weight_master,producer,2,2,8,0.02759222966974432,0.9911818181818182,0.04597285017371178,0.9887999892234802,0.009947207756340504,0.005399999674409628,0.18215712904930115,0.1820036619901657,0.04385858480085957
elementwise,1,weight_master,producer,2,2,9,0.02493674982244318,0.9922363636363636,0.043263599276542664,0.9887999892234802,0.011440515518188477,0.006599999964237213,0.18737494945526123,0.18723164498806,0.04045671632277686
elementwise,1,weight_master,producer,2,2,10,0.02231543856534091,0.9926,0.04298267140984535,0.9899999499320984,0.008539347909390926,0.004600000102072954,0.13163428008556366,0.13144364953041077,0.038391783977709384
elementwise,1,weight_master,producer,2,2,11,0.021172953657670454,0.9932727272727273,0.048440031707286835,0.9881999492645264,0.009831063449382782,0.005799999926239252,0.14175841212272644,0.14166636765003204,0.037255513467247
elementwise,1,weight_master,producer,2,2,12,0.01995223721590909,0.9934363636363637,0.0403442420065403,0.9899999499320984,0.0014633458340540528,0.0011999999405816197,0.05965779721736908,0.05924399197101593,0.03641289996539855
elementwise,1,weight_master,producer,3,0,1,0.24348984375,0.9267818181818182,0.09163909405469894,0.972599983215332,0.054803356528282166,0.02499999850988388,0.475919246673584,0.4757443368434906,0.2091273834022327
elementwise,1,weight_master,producer,3,0,2,0.07860336470170455,0.9754545454545455,0.07416893541812897,0.9787999987602234,0.04624546319246292,0.01899999938905239,0.3976563513278961,0.39760658144950867,0.1385477181256943
elementwise,1,weight_master,producer,3,0,3,0.060082217684659094,0.9813818181818181,0.06612606346607208,0.9809999465942383,0.027550579980015755,0.012999999336898327,0.3264189660549164,0.32638102769851685,0.11841957895503633
elementwise,1,weight_master,producer,3,0,4,0.04959549005681818,0.9851272727272727,0.05937204137444496,0.9827999472618103,0.021156588569283485,0.012000000104308128,0.30917853116989136,0.30916404724121094,0.1038264191145672
elementwise,1,weight_master,producer,3,0,5,0.04462408558238636,0.9861454545454545,0.0566566027700901,0.9843999743461609,0.021896667778491974,0.010999999940395355,0.2799856662750244,0.27996939420700073,0.09692934931070277
elementwise,1,weight_master,producer,3,0,6,0.03833961736505682,0.9879272727272728,0.05361613631248474,0.9869999885559082,0.01823747530579567,0.008799999952316284,0.2849012315273285,0.28492993116378784,0.08944246143759903
elementwise,1,weight_master,producer,3,0,7,0.03483213112571023,0.9892909090909091,0.05218372866511345,0.9855999946594238,0.015825530514121056,0.009599999524652958,0.22240175306797028,0.22240401804447174,0.08392808362623154
elementwise,1,weight_master,producer,3,0,8,0.031149125532670456,0.9904363636363637,0.04718102514743805,0.9871999621391296,0.011449768207967281,0.006000000052154064,0.21800515055656433,0.2179793119430542,0.08008322558321648
elementwise,1,weight_master,producer,3,0,9,0.028689848188920456,0.9909454545454546,0.05628585070371628,0.9847999811172485,0.015884120017290115,0.009599999524652958,0.18253792822360992,0.18254432082176208,0.07562885851650854
elementwise,1,weight_master,producer,3,0,10,0.026270330255681817,0.9917272727272727,0.0705142542719841,0.9813999533653259,0.03879588097333908,0.013199999928474426,0.20625920593738556,0.20619229972362518,0.07232180255322249
elementwise,1,weight_master,producer,3,0,11,0.02344175692471591,0.9926727272727273,0.052583031356334686,0.9851999878883362,0.018338238820433617,0.008200000040233135,0.1855638027191162,0.18552479147911072,0.06757218499025697
elementwise,1,weight_master,producer,3,0,12,0.022380548650568183,0.9929272727272728,0.047907643020153046,0.9861999750137329,0.0009331058245152235,0.003000000026077032,0.040057990700006485,0.03981795534491539,0.06685966837245724
elementwise,1,weight_master,producer,3,1,1,0.23625894886363635,0.9289090909090909,0.10497813671827316,0.968999981880188,0.06412392109632492,0.02759999968111515,0.4626217186450958,0.4626159369945526,0.19491131103057674
elementwise,1,weight_master,producer,3,1,2,0.07605416370738637,0.9767454545454546,0.07520095258951187,0.9787999987602234,0.049679260700941086,0.020399998873472214,0.4047405421733856,0.4046761393547058,0.12915205969659996
elementwise,1,weight_master,producer,3,1,3,0.05851094637784091,0.9815090909090909,0.06896768510341644,0.9795999526977539,0.03277641534805298,0.017799999564886093,0.34397459030151367,0.34395089745521545,0.10877021452896506
elementwise,1,weight_master,producer,3,1,4,0.0479845703125,0.9846545454545454,0.0616128034889698,0.9825999736785889,0.025322334840893745,0.014399999752640724,0.35157281160354614,0.3515584468841553,0.09553413705814864
elementwise,1,weight_master,producer,3,1,5,0.04076720081676136,0.9872363636363637,0.05289383977651596,0.9855999946594238,0.025397496297955513,0.012000000104308128,0.2844844162464142,0.2844749391078949,0.0862708519240225
elementwise,1,weight_master,producer,3,1,6,0.03696368297230113,0.9883454545454545,0.04934034124016762,0.986799955368042,0.015776636078953743,0.009999999776482582,0.22997936606407166,0.22997033596038818,0.0816509897834678
elementwise,1,weight_master,producer,3,1,7,0.03315313387784091,0.9895636363636363,0.045346155762672424,0.9883999824523926,0.0158182792365551,0.008999999612569809,0.2389715313911438,0.2389630377292633,0.0754943226311668
elementwise,1,weight_master,producer,3,1,8,0.02988824795809659,0.990909090909091,0.05028745159506798,0.9855999946594238,0.025861874222755432,0.012600000016391277,0.25520581007003784,0.2551906704902649,0.07240625739833549
elementwise,1,weight_master,producer,3,1,9,0.027541273082386363,0.9912363636363636,0.0632099136710167,0.9824000000953674,0.02929440513253212,0.0139999995008111,0.22842857241630554,0.22841791808605194,0.06908372184079693
elementwise,1,weight_master,producer,3,1,10,0.025527556818181817,0.9918,0.04582854360342026,0.9881999492645264,0.023142650723457336,0.010400000028312206,0.18794165551662445,0.18785536289215088,0.06527551401358563
elementwise,1,weight_master,producer,3,1,11,0.022838423295454546,0.9928181818181818,0.05252544581890106,0.9857999682426453,0.020524410530924797,0.010999999940395355,0.1720581203699112,0.17192335426807404,0.06103057675147056
elementwise,1,weight_master,producer,3,1,12,0.02041908291903409,0.994,0.05106290429830551,0.9865999817848206,0.0013800712767988443,0.003000000026077032,0.04598185420036316,0.04554194211959839,0.057106499608457324
elementwise,1,weight_master,producer,3,2,1,0.2268361328125,0.9313636363636364,0.08798795193433762,0.9753999710083008,0.051142264157533646,0.01979999989271164,0.45984503626823425,0.4597831070423126,0.19156999508295242
elementwise,1,weight_master,producer,3,2,2,0.07124530362215908,0.9775090909090909,0.06482536345720291,0.9813999533653259,0.028788112103939056,0.013399999588727951,0.35465359687805176,0.3546261489391327,0.12649548815355757
elementwise,1,weight_master,producer,3,2,3,0.05425311612215909,0.9835272727272727,0.07454496622085571,0.9783999919891357,0.04393294081091881,0.01599999889731407,0.38824352622032166,0.3882564306259155,0.10497133998652365
elementwise,1,weight_master,producer,3,2,4,0.044417990944602276,0.9863636363636363,0.06079063564538956,0.9813999533653259,0.027094073593616486,0.012399999424815178,0.31624314188957214,0.3162369430065155,0.09408064868605562
elementwise,1,weight_master,producer,3,2,5,0.03837726384943182,0.9880363636363636,0.05437658727169037,0.9857999682426453,0.021513206884264946,0.009999999776482582,0.286322683095932,0.28626441955566406,0.08645353390031141
elementwise,1,weight_master,producer,3,2,6,0.033863569779829544,0.9893636363636363,0.05616925656795502,0.9843999743461609,0.02009212039411068,0.010400000028312206,0.2530096471309662,0.25301453471183777,0.08042218316912822
elementwise,1,weight_master,producer,3,2,7,0.029867584783380682,0.9905636363636363,0.04867757484316826,0.9875999689102173,0.012162151746451855,0.007400000002235174,0.20060841739177704,0.20051096379756927,0.07537503869898562
elementwise,1,weight_master,producer,3,2,8,0.02714833096590909,0.9913090909090909,0.045152053236961365,0.988599956035614,0.009768081828951836,0.005399999674409628,0.1772705465555191,0.17724460363388062,0.07133896213873359
elementwise,1,weight_master,producer,3,2,9,0.02492176180752841,0.9920545454545454,0.042946893721818924,0.9896000027656555,0.010076317004859447,0.005799999926239252,0.1766490489244461,0.1766558736562729,0.06687059514487079
elementwise,1,weight_master,producer,3,2,10,0.022086119495738635,0.9925090909090909,0.04346690699458122,0.9887999892234802,0.010654459707438946,0.005799999926239252,0.14140184223651886,0.14135822653770447,0.06298316821766131
elementwise,1,weight_master,producer,3,2,11,0.020410265003551135,0.9937090909090909,0.047989699989557266,0.9881999492645264,0.010742603801190853,0.005799999926239252,0.1492578387260437,0.1491849571466446,0.06054001019832092
elementwise,1,weight_master,producer,3,2,12,0.01901941805752841,0.993890909090909,0.03994690999388695,0.9901999831199646,0.0003603878431022167,0.0009999999310821295,0.03311796858906746,0.03289518505334854,0.05881380779807325
elementwise,1,weight_master,producer,4,0,1,0.24324612926136363,0.9269090909090909,0.09078579396009445,0.9727999567985535,0.054323263466358185,0.02459999918937683,0.47272881865501404,0.4726184010505676,0.29850610533408606
elementwise,1,weight_master,producer,4,0,2,0.07846064453125,0.9753272727272727,0.07566965371370316,0.9781999588012695,0.04781245067715645,0.019600000232458115,0.39292219281196594,0.39284875988960266,0.2084245415308408
elementwise,1,weight_master,producer,4,0,3,0.06016526100852273,0.9812,0.06600905954837799,0.9821999669075012,0.027309319004416466,0.011799999512732029,0.3359091877937317,0.33585235476493835,0.1787837364098268
elementwise,1,weight_master,producer,4,0,4,0.04965960582386364,0.9848,0.05782034993171692,0.9835999608039856,0.02015894651412964,0.012399999424815178,0.3017498254776001,0.3017694652080536,0.1595035603066781
elementwise,1,weight_master,producer,4,0,5,0.04463488547585227,0.9860181818181818,0.05662054568529129,0.9842000007629395,0.021194688975811005,0.01119999960064888,0.2800647020339966,0.28005078434944153,0.14891699750505363
elementwise,1,weight_master,producer,4,0,6,0.03847946111505682,0.987909090909091,0.051644545048475266,0.9875999689102173,0.016146427020430565,0.008200000040233135,0.27677327394485474,0.2768053114414215,0.13905342281145855
elementwise,1,weight_master,producer,4,0,7,0.034800377308238636,0.9894181818181819,0.05078846216201782,0.9861999750137329,0.014655898325145245,0.008799999952316284,0.21423646807670593,0.21423298120498657,0.13020285097703557
elementwise,1,weight_master,producer,4,0,8,0.031327812056107955,0.9902363636363636,0.04719138145446777,0.9875999689102173,0.011178593151271343,0.006799999624490738,0.2174854427576065,0.2174500972032547,0.12535933146364117
elementwise,1,weight_master,producer,4,0,9,0.028667817826704547,0.9911272727272727,0.054814692586660385,0.98499995470047,0.015279766172170639,0.009800000116229057,0.1831047087907791,0.1831001490354538,0.11742023456138115
elementwise,1,weight_master,producer,4,0,10,0.026157776988636364,0.9918727272727272,0.06824623793363571,0.9805999994277954,0.03562277927994728,0.013199999928474426,0.2009785771369934,0.20098145306110382,0.11283531532844057
elementwise,1,weight_master,producer,4,0,11,0.023627696644176136,0.9927090909090909,0.05189957842230797,0.9847999811172485,0.01689634658396244,0.00839999970048666,0.17532497644424438,0.17528657615184784,0.10712983282038208
elementwise,1,weight_master,producer,4,0,12,0.02256100852272727,0.9929272727272728,0.047737594693899155,0.9863999485969543,0.0007313616806641221,0.002199999988079071,0.0433993898332119,0.04324142262339592,0.10424994536613794
elementwise,1,weight_master,producer,4,1,1,0.2348531427556818,0.928509090909091,0.10415995866060257,0.9681999683380127,0.06345585733652115,0.02759999968111515,0.4601326286792755,0.46010836958885193,0.27789434266358287
elementwise,1,weight_master,producer,4,1,2,0.07599748757102273,0.9765818181818182,0.07428263872861862,0.9785999655723572,0.04859687387943268,0.020399998873472214,0.40267062187194824,0.4026697278022766,0.1921199759611007
elementwise,1,weight_master,producer,4,1,3,0.05846427556818182,0.9815636363636364,0.06610966473817825,0.9795999526977539,0.02948441170156002,0.017400000244379044,0.3340918719768524,0.33405348658561707,0.1647915490521025
elementwise,1,weight_master,producer,4,1,4,0.04768244406960227,0.9852363636363637,0.06332200020551682,0.9819999933242798,0.02560713142156601,0.0139999995008111,0.34470170736312866,0.34471413493156433,0.14523752071533938
elementwise,1,weight_master,producer,4,1,5,0.040865931285511366,0.9871636363636364,0.05234508216381073,0.9857999682426453,0.023910146206617355,0.011799999512732029,0.27881476283073425,0.2788209319114685,0.13297085283458687
elementwise,1,weight_master,producer,4,1,6,0.03653275479403409,0.9884909090909091,0.04992319643497467,0.9861999750137329,0.015400156378746033,0.010199999436736107,0.22630739212036133,0.22629918158054352,0.12420041066452987
elementwise,1,weight_master,producer,4,1,7,0.03280640980113636,0.9899272727272728,0.045798566192388535,0.9871999621391296,0.016122350469231606,0.009599999524652958,0.2377965748310089,0.23780547082424164,0.11613781846988763
elementwise,1,weight_master,producer,4,1,8,0.02983973721590909,0.9907090909090909,0.04984002560377121,0.9855999946594238,0.02488332986831665,0.012600000016391277,0.252337783575058,0.2523661255836487,0.1122177250459835
elementwise,1,weight_master,producer,4,1,9,0.02729228515625,0.9912545454545455,0.061261024326086044,0.9835999608039856,0.02464190684258938,0.012199999764561653,0.21145544946193695,0.2114645093679428,0.10674591611881044
elementwise,1,weight_master,producer,4,1,10,0.025381156782670455,0.9916727272727273,0.04595598205924034,0.988599956035614,0.021505501121282578,0.010400000028312206,0.18073397874832153,0.18070320785045624,0.10215109449837009
elementwise,1,weight_master,producer,4,1,11,0.022868912020596592,0.9925272727272727,0.05207837000489235,0.9860000014305115,0.019377755001187325,0.010999999940395355,0.17094580829143524,0.17095531523227692,0.09650229462220684
elementwise,1,weight_master,producer,4,1,12,0.020069207208806818,0.9939454545454546,0.051207758486270905,0.9863999485969543,0.0005190776428207755,0.002199999988079071,0.031078049913048744,0.030966922640800476,0.08997434484893738
elementwise,1,weight_master,producer,4,2,1,0.2264177734375,0.9314727272727272,0.08825428783893585,0.974399983882904,0.05128558352589607,0.020399998873472214,0.45502352714538574,0.4549700617790222,0.27570261423029996
elementwise,1,weight_master,producer,4,2,2,0.07128923117897727,0.9777272727272728,0.06473150849342346,0.9817999601364136,0.02893146686255932,0.012999999336898327,0.3545871376991272,0.35449713468551636,0.19191566808107666
elementwise,1,weight_master,producer,4,2,3,0.05415751509232954,0.9835454545454545,0.07228093594312668,0.9789999723434448,0.041486166417598724,0.015399999916553497,0.38471052050590515,0.38475310802459717,0.16049118118409791
elementwise,1,weight_master,producer,4,2,4,0.044277752130681816,0.9863272727272727,0.06055942550301552,0.9817999601364136,0.02690986916422844,0.012799999676644802,0.3158051669597626,0.315796434879303,0.1446581741363297
elementwise,1,weight_master,producer,4,2,5,0.038115749289772724,0.9880727272727273,0.05620647594332695,0.9845999479293823,0.023702191188931465,0.010999999940395355,0.29056620597839355,0.29058942198753357,0.1333298428365901
elementwise,1,weight_master,producer,4,2,6,0.03398391779119318,0.9891454545454545,0.05456285923719406,0.9847999811172485,0.017730627208948135,0.009200000204145908,0.24762246012687683,0.24752196669578552,0.12497484565933965
elementwise,1,weight_master,producer,4,2,7,0.029767542613636365,0.9905272727272727,0.04933933541178703,0.986799955368042,0.01281663216650486,0.007400000002235174,0.19809812307357788,0.19806432723999023,0.11771207044125949
elementwise,1,weight_master,producer,4,2,8,0.026992265181107953,0.9914909090909091,0.044894054532051086,0.9887999892234802,0.009580564685165882,0.005399999674409628,0.17557938396930695,0.17552244663238525,0.11127688441295915
elementwise,1,weight_master,producer,4,2,9,0.024803868519176136,0.9921272727272727,0.04239647090435028,0.9891999959945679,0.00955596100538969,0.006399999838322401,0.17569658160209656,0.17568883299827576,0.1040545154886999
elementwise,1,weight_master,producer,4,2,10,0.02176259765625,0.9925636363636363,0.042787302285432816,0.9891999959945679,0.009747839532792568,0.005399999674409628,0.13822391629219055,0.1382247358560562,0.09821039955564459
elementwise,1,weight_master,producer,4,2,11,0.02013790838068182,0.9936181818181818,0.04761429876089096,0.9878000020980835,0.009720503352582455,0.005799999926239252,0.14419923722743988,0.1441999077796936,0.09453684143432099
elementwise,1,weight_master,producer,4,2,12,0.018698830344460227,0.9940181818181818,0.0408109612762928,0.9901999831199646,0.00015394133515655994,0.00019999999494757503,0.020470410585403442,0.020337698981165886,0.09120576933583435
elementwise,1,weight_master,producer,5,0,1,0.2427114346590909,0.9264909090909091,0.09108458459377289,0.9731999635696411,0.05463210493326187,0.024399999529123306,0.4763239324092865,0.4761860966682434,0.4003746972373477
elementwise,1,weight_master,producer,5,0,2,0.07832742365056818,0.9754909090909091,0.07335610687732697,0.9789999723434448,0.045344553887844086,0.018799999728798866,0.394521564245224,0.3944509029388428,0.2958157290888893
elementwise,1,weight_master,producer,5,0,3,0.05997515092329545,0.9812545454545455,0.06600223481655121,0.9819999933242798,0.027272960171103477,0.012399999424815178,0.3332187831401825,0.3331542909145355,0.25807852707107864
elementwise,1,weight_master,producer,5,0,4,0.049592476029829545,0.9848545454545454,0.05827781930565834,0.9842000007629395,0.020329706370830536,0.011599999852478504,0.3098749816417694,0.3098849356174469,0.23316355101892153
elementwise,1,weight_master,producer,5,0,5,0.04459661310369318,0.9862363636363637,0.057822514325380325,0.9837999939918518,0.022551031783223152,0.012000000104308128,0.2865467369556427,0.2865714430809021,0.21939035439165194
elementwise,1,weight_master,producer,5,0,6,0.038562357954545455,0.9877454545454546,0.05365666374564171,0.9869999885559082,0.018605535849928856,0.008999999612569809,0.2827287018299103,0.28276926279067993,0.20669162371838065
elementwise,1,weight_master,producer,5,0,7,0.03487587890625,0.9894,0.05100875347852707,0.9855999946594238,0.01384217943996191,0.008200000040233135,0.20761491358280182,0.20760586857795715,0.19472043397497768
elementwise,1,weight_master,producer,5,0,8,0.031228939541903408,0.9904363636363637,0.04787364602088928,0.9869999885559082,0.011303252540528774,0.006599999964237213,0.21637406945228577,0.21636036038398743,0.1879063393491286
elementwise,1,weight_master,producer,5,0,9,0.028673859197443183,0.991,0.05556224286556244,0.9855999946594238,0.01527244970202446,0.008799999952316284,0.17575497925281525,0.17576241493225098,0.17635662708746883
elementwise,1,weight_master,producer,5,0,10,0.026266672585227274,0.9917272727272727,0.06804633140563965,0.9807999730110168,0.0356256477534771,0.013399999588727951,0.1990753412246704,0.19910278916358948,0.17139473420626103
elementwise,1,weight_master,producer,5,0,11,0.02383681640625,0.9925090909090909,0.05120896175503731,0.9860000014305115,0.015988705679774284,0.007199999876320362,0.17031511664390564,0.17029863595962524,0.16312111871938229
elementwise,1,weight_master,producer,5,0,12,0.02266874778053977,0.9927272727272727,0.04703579097986221,0.9869999885559082,0.0004660958074964583,0.001999999862164259,0.034851908683776855,0.034777525812387466,0.1588602465808308
elementwise,1,weight_master,producer,5,1,1,0.23530720880681819,0.9288181818181818,0.10309869050979614,0.9695999622344971,0.06283748149871826,0.026999998837709427,0.46346449851989746,0.4634546935558319,0.37641558613028353
elementwise,1,weight_master,producer,5,1,2,0.07566280184659091,0.976909090909091,0.07362717390060425,0.9789999723434448,0.048067472875118256,0.019999999552965164,0.39835336804389954,0.39834466576576233,0.2748211879222742
elementwise,1,weight_master,producer,5,1,3,0.05825751065340909,0.9815454545454545,0.06808137893676758,0.9799999594688416,0.031348831951618195,0.017400000244379044,0.3372282087802887,0.3372154235839844,0.23908301615341188
elementwise,1,weight_master,producer,5,1,4,0.04761985529119318,0.9852,0.06358037143945694,0.9813999533653259,0.026038622483611107,0.014800000004470348,0.3421667218208313,0.342178612947464,0.21253186975287283
elementwise,1,weight_master,producer,5,1,5,0.04074828213778409,0.9872727272727273,0.052378423511981964,0.9857999682426453,0.024218978360295296,0.012199999764561653,0.2821763753890991,0.2821900546550751,0.1961027845058367
elementwise,1,weight_master,producer,5,1,6,0.03650327370383523,0.9883636363636363,0.04900350421667099,0.9865999817848206,0.01397631224244833,0.009599999524652958,0.22655847668647766,0.22656279802322388,0.1846518684780827
elementwise,1,weight_master,producer,5,1,7,0.03272507102272727,0.9898727272727272,0.04627898707985878,0.9871999621391296,0.016851503401994705,0.009599999524652958,0.23785458505153656,0.23786060512065887,0.17390607073264008
elementwise,1,weight_master,producer,5,1,8,0.029633078835227273,0.9906727272727273,0.049564581364393234,0.98499995470047,0.02433217130601406,0.012399999424815178,0.2502715289592743,0.2502913475036621,0.16836187193822733
elementwise,1,weight_master,producer,5,1,9,0.0272889404296875,0.9912,0.05949094146490097,0.9839999675750732,0.02419501543045044,0.012199999764561653,0.21146990358829498,0.21148701012134552,0.16130192493307352
elementwise,1,weight_master,producer,5,1,10,0.025159059836647728,0.9918545454545454,0.045270442962646484,0.9891999959945679,0.021297795698046684,0.010199999436736107,0.1834862381219864,0.18347665667533875,0.1539487762014897
elementwise,1,weight_master,producer,5,1,11,0.022807899058948863,0.9928,0.05393397808074951,0.9857999682426453,0.021790441125631332,0.011399999260902405,0.1789606660604477,0.17897988855838776,0.14632348254448108
elementwise,1,weight_master,producer,5,1,12,0.01993679865056818,0.993909090909091,0.049722593277692795,0.9869999885559082,0.0002765136305242777,0.0011999999405816197,0.026283057406544685,0.026229390874505043,0.13710492888492287
elementwise,1,weight_master,producer,5,2,1,0.2263352627840909,0.9311636363636364,0.08898431062698364,0.9741999506950378,0.05189540237188339,0.020800000056624413,0.4561084806919098,0.4560915529727936,0.3737024457758919
elementwise,1,weight_master,producer,5,2,2,0.07129643998579545,0.9776,0.06437250971794128,0.9817999601364136,0.0283326655626297,0.013199999928474426,0.3548067510128021,0.35474470257759094,0.274435563912513
elementwise,1,weight_master,producer,5,2,3,0.05410038174715909,0.9835090909090909,0.07399051636457443,0.9781999588012695,0.043329931795597076,0.016200000420212746,0.3874157965183258,0.38746291399002075,0.2339006528746517
elementwise,1,weight_master,producer,5,2,4,0.04418670987215909,0.9862909090909091,0.05936397239565849,0.9819999933242798,0.02597464621067047,0.012199999764561653,0.317018061876297,0.3170291483402252,0.21228374096264865
elementwise,1,weight_master,producer,5,2,5,0.03811817294034091,0.9881272727272727,0.0554957389831543,0.9851999878883362,0.022810067981481552,0.010599999688565731,0.2890174388885498,0.2890456020832062,0.1972248274480523
elementwise,1,weight_master,producer,5,2,6,0.03417822043678977,0.9892,0.05529269576072693,0.9845999479293823,0.01858670637011528,0.009399999864399433,0.2513620853424072,0.25130119919776917,0.18719382273132887
elementwise,1,weight_master,producer,5,2,7,0.029844162819602272,0.9906363636363636,0.04876135289669037,0.9873999953269958,0.012303422205150127,0.007199999876320362,0.19719751179218292,0.19716066122055054,0.1770435340824243
elementwise,1,weight_master,producer,5,2,8,0.026987735262784092,0.9914545454545455,0.04568305239081383,0.988599956035614,0.00998567882925272,0.00559999980032444,0.17561499774456024,0.1755499690771103,0.16758402232703828
elementwise,1,weight_master,producer,5,2,9,0.024705963689630683,0.9922909090909091,0.042664844542741776,0.9889999628067017,0.009887672029435635,0.006000000052154064,0.17528291046619415,0.17529559135437012,0.15727040119466046
elementwise,1,weight_master,producer,5,2,10,0.021713705166903408,0.9927090909090909,0.04362088814377785,0.9887999892234802,0.010989624075591564,0.00559999980032444,0.1448625922203064,0.14488311111927032,0.14924946731984484
elementwise,1,weight_master,producer,5,2,11,0.020212417879971592,0.9936363636363637,0.047425977885723114,0.988599956035614,0.009178359992802143,0.004999999888241291,0.14388082921504974,0.14389097690582275,0.14474137695543698
elementwise,1,weight_master,producer,5,2,12,0.018717154208096592,0.9939454545454546,0.040781792253255844,0.990399956703186,9.4325136160478e-05,0.00039999998989515007,0.014956298284232616,0.014902273193001747,0.13935117735972755
elementwise,1,weight_master,producer,7,0,1,0.2428254794034091,0.9263272727272728,0.09137044847011566,0.9729999899864197,0.05465402826666832,0.024799998849630356,0.4733455777168274,0.47321614623069763,0.6054352725319153
elementwise,1,weight_master,producer,7,0,2,0.07835716441761363,0.9754363636363637,0.07422394305467606,0.9783999919891357,0.04647147282958031,0.01939999870955944,0.3929755985736847,0.39288046956062317,0.49382534920143506
elementwise,1,weight_master,producer,7,0,3,0.06009460671164773,0.9813272727272727,0.06537329405546188,0.9825999736785889,0.026337480172514915,0.011799999512732029,0.33096498250961304,0.33087795972824097,0.4495179699877984
elementwise,1,weight_master,producer,7,0,4,0.049642746803977275,0.9849818181818182,0.05856558308005333,0.9835999608039856,0.020546860992908478,0.011799999512732029,0.3060794472694397,0.3060843348503113,0.41661791353280764
elementwise,1,weight_master,producer,7,0,5,0.04464401189630682,0.986,0.05805738642811775,0.9837999939918518,0.022773172706365585,0.012000000104308128,0.28224578499794006,0.2822672724723816,0.39702290979949373
elementwise,1,weight_master,producer,7,0,6,0.03840772372159091,0.9876909090909091,0.05182745307683945,0.9878000020980835,0.016380993649363518,0.008200000040233135,0.27039146423339844,0.2704311013221741,0.3792188723570869
elementwise,1,weight_master,producer,7,0,7,0.03502165749289773,0.9893818181818181,0.05186761915683746,0.9861999750137329,0.01537252776324749,0.00839999970048666,0.21489889919757843,0.2149079293012619,0.36360030321793446
elementwise,1,weight_master,producer,7,0,8,0.031167618075284093,0.9902545454545455,0.04773738235235214,0.986799955368042,0.011211300268769264,0.006399999838322401,0.2157241404056549,0.21573099493980408,0.35261707581358925
elementwise,1,weight_master,producer,7,0,9,0.028661623313210226,0.9910545454545454,0.05524659529328346,0.9851999878883362,0.015431667678058147,0.009599999524652958,0.17541062831878662,0.17542919516563416,0.3357229198157018
elementwise,1,weight_master,producer,7,0,10,0.02607744140625,0.9919454545454546,0.06589236855506897,0.9809999465942383,0.033493783324956894,0.013199999928474426,0.19649390876293182,0.1965210884809494,0.32711603777021
elementwise,1,weight_master,producer,7,0,11,0.023556227805397727,0.9924727272727273,0.051708195358514786,0.9857999682426453,0.016821322962641716,0.007599999662488699,0.17700842022895813,0.1770067662000656,0.3119947505964197
elementwise,1,weight_master,producer,7,0,12,0.022445547762784093,0.992890909090909,0.047166790813207626,0.986799955368042,0.0003730680327862501,0.002199999988079071,0.029832322150468826,0.02977566234767437,0.3042283194624028
elementwise,1,weight_master,producer,7,1,1,0.23462915482954547,0.9288,0.10333537310361862,0.9685999751091003,0.06301438808441162,0.02759999968111515,0.4638918340206146,0.4638923704624176,0.5687868778568957
elementwise,1,weight_master,producer,7,1,2,0.07564120205965909,0.9768,0.0752192959189415,0.9787999987602234,0.04962170124053955,0.02019999921321869,0.4041344225406647,0.4041404724121094,0.4608047567882574
elementwise,1,weight_master,producer,7,1,3,0.05819150834517046,0.9818,0.06809753179550171,0.9801999926567078,0.031437430530786514,0.016999999061226845,0.3399074077606201,0.33989423513412476,0.4153128471526652
elementwise,1,weight_master,producer,7,1,4,0.047645299183238635,0.9851636363636364,0.06300495564937592,0.9817999601364136,0.025843605399131775,0.014800000004470348,0.34133657813072205,0.3413498103618622,0.3804533699987252
elementwise,1,weight_master,producer,7,1,5,0.040716073330965906,0.9874545454545455,0.052822645753622055,0.9857999682426453,0.024822860956192017,0.012199999764561653,0.28418076038360596,0.2841971218585968,0.35776415472309736
elementwise,1,weight_master,producer,7,1,6,0.036551291725852274,0.9883818181818181,0.04976906254887581,0.9861999750137329,0.01499538216739893,0.009800000116229057,0.22777363657951355,0.22777828574180603,0.3411935905374151
elementwise,1,weight_master,producer,7,1,7,0.03274124200994318,0.9899636363636364,0.045772042125463486,0.9873999953269958,0.016574865207076073,0.009599999524652958,0.23726758360862732,0.23727922141551971,0.32323236692101764
elementwise,1,weight_master,producer,7,1,8,0.02967376376065341,0.9906545454545455,0.049694642424583435,0.9851999878883362,0.023935625329613686,0.012199999764561653,0.24963614344596863,0.2496545910835266,0.31486223161115257
elementwise,1,weight_master,producer,7,1,9,0.027294651100852274,0.9912727272727273,0.06111898273229599,0.983199954032898,0.025197602808475494,0.012199999764561653,0.21871136128902435,0.21873147785663605,0.30277722132177526
elementwise,1,weight_master,producer,7,1,10,0.025096981534090908,0.9919272727272728,0.04655638337135315,0.988599956035614,0.021607207134366035,0.010400000028312206,0.1762540340423584,0.17624610662460327,0.2911161925661525
elementwise,1,weight_master,producer,7,1,11,0.022787797407670455,0.9929636363636364,0.053522028028964996,0.98499995470047,0.02059352956712246,0.012000000104308128,0.1731991320848465,0.1732221394777298,0.28060475132487117
elementwise,1,weight_master,producer,7,1,12,0.01999588955965909,0.9940909090909091,0.049862734973430634,0.9865999817848206,0.00017103417485486716,0.0007999999797903001,0.018459659069776535,0.018437810242176056,0.2690628926808836
elementwise,1,weight_master,producer,7,2,1,0.22633414417613637,0.9311818181818182,0.08866824954748154,0.9745999574661255,0.05162132531404495,0.020399998873472214,0.45665666460990906,0.4566270411014557,0.569994286208592
elementwise,1,weight_master,producer,7,2,2,0.07124528586647727,0.9776363636363636,0.06443092226982117,0.9819999933242798,0.028323864564299583,0.012999999336898327,0.35340845584869385,0.35335680842399597,0.4633020933874816
elementwise,1,weight_master,producer,7,2,3,0.054103688742897726,0.9835454545454545,0.07301737368106842,0.9781999588012695,0.04227219894528389,0.016200000420212746,0.38488397002220154,0.3849307894706726,0.4110963650270438
elementwise,1,weight_master,producer,7,2,4,0.04415348899147727,0.9863818181818181,0.0595010481774807,0.9815999865531921,0.025930864736437798,0.012199999764561653,0.31392380595207214,0.3139437139034271,0.3807899373531715
elementwise,1,weight_master,producer,7,2,5,0.038127135120738634,0.9878727272727272,0.05556357279419899,0.9851999878883362,0.022820094600319862,0.010199999436736107,0.2899980843067169,0.2900223135948181,0.3598586804101182
elementwise,1,weight_master,producer,7,2,6,0.034085063032670455,0.9891636363636364,0.05496213957667351,0.9847999811172485,0.018287330865859985,0.009599999524652958,0.2526223063468933,0.25257277488708496,0.342683160022582
elementwise,1,weight_master,producer,7,2,7,0.02970011985085227,0.9905818181818182,0.04909912869334221,0.986799955368042,0.01252029649913311,0.007799999788403511,0.19866573810577393,0.19864024221897125,0.3274070769062665
elementwise,1,weight_master,producer,7,2,8,0.027003235973011363,0.9914909090909091,0.04513365030288696,0.9883999824523926,0.00960763543844223,0.005799999926239252,0.17551523447036743,0.17548272013664246,0.3120744249786017
elementwise,1,weight_master,producer,7,2,9,0.024667365056818182,0.9921818181818182,0.04284849390387535,0.9896000027656555,0.010042143054306507,0.00559999980032444,0.1745644509792328,0.17457188665866852,0.2967154805048169
elementwise,1,weight_master,producer,7,2,10,0.021699567205255683,0.9927090909090909,0.04292144253849983,0.9891999959945679,0.01036980003118515,0.005399999674409628,0.14244839549064636,0.14246651530265808,0.2843738048842673
elementwise,1,weight_master,producer,7,2,11,0.020137366832386365,0.9935090909090909,0.047229401767253876,0.9887999892234802,0.009420271031558514,0.005399999674409628,0.14463387429714203,0.1446264386177063,0.27724613465425874
elementwise,1,weight_master,producer,7,2,12,0.018662724165482956,0.9938181818181818,0.0409451462328434,0.9899999499320984,0.00012121196778025478,0.00039999998989515007,0.016933554783463478,0.016842002049088478,0.26812660486969825
elementwise,1,weight_master,producer,10,0,1,0.2428688565340909,0.9261272727272727,0.09122426807880402,0.973800003528595,0.054651059210300446,0.024000000208616257,0.47487521171569824,0.4747373163700104,0.8077829351131831
elementwise,1,weight_master,producer,10,0,2,0.07839008345170455,0.9754181818181819,0.07456646859645844,0.9785999655723572,0.04653705656528473,0.019199999049305916,0.39520740509033203,0.39512768387794495,0.7323854737666405
elementwise,1,weight_master,producer,10,0,3,0.060134375,0.9812909090909091,0.06579798460006714,0.9824000000953674,0.027023088186979294,0.012000000104308128,0.3322342336177826,0.33211973309516907,0.6945314918686601
elementwise,1,weight_master,producer,10,0,4,0.04959644442471591,0.9847818181818182,0.05830629914999008,0.9837999939918518,0.02045012079179287,0.012000000104308128,0.30740422010421753,0.30741530656814575,0.6639816020469487
elementwise,1,weight_master,producer,10,0,5,0.04460520685369318,0.9859818181818182,0.05782150849699974,0.9837999939918518,0.022211937233805656,0.012000000104308128,0.2836538851261139,0.2836659848690033,0.6427220866493052
elementwise,1,weight_master,producer,10,0,6,0.038460853160511364,0.9878,0.051499415189027786,0.9883999824523926,0.015791883692145348,0.007199999876320362,0.2711271345615387,0.2711692154407501,0.6251189424705432
elementwise,1,weight_master,producer,10,0,7,0.03484983575994318,0.9893818181818181,0.05158868432044983,0.986799955368042,0.014691787771880627,0.007799999788403511,0.21285010874271393,0.21285852789878845,0.6057327994390923
elementwise,1,weight_master,producer,10,0,8,0.03125619895241477,0.9901818181818182,0.04759104177355766,0.986799955368042,0.011410433799028397,0.006399999838322401,0.21529443562030792,0.2153126746416092,0.59626611698931
elementwise,1,weight_master,producer,10,0,9,0.02865421697443182,0.9911272727272727,0.055299773812294006,0.98499995470047,0.015875758603215218,0.010199999436736107,0.17604105174541473,0.17606449127197266,0.5802516799912586
elementwise,1,weight_master,producer,10,0,10,0.026144617808948865,0.9918545454545454,0.06839439272880554,0.9807999730110168,0.03645046427845955,0.013799999840557575,0.1995316445827484,0.19956672191619873,0.5697865637121888
elementwise,1,weight_master,producer,10,0,11,0.023643119673295455,0.9926181818181818,0.050675615668296814,0.9861999750137329,0.016044694930315018,0.007199999876320362,0.17120732367038727,0.17121544480323792,0.5512842372202291
elementwise,1,weight_master,producer,10,0,12,0.022567120916193183,0.9927272727272727,0.04670874774456024,0.9873999953269958,0.0003175104793626815,0.0017999999690800905,0.028003668412566185,0.02794431895017624,0.5398350285006647
elementwise,1,weight_master,producer,10,1,1,0.23477437855113636,0.9288363636363637,0.1038530021905899,0.9681999683380127,0.06333242356777191,0.0284000001847744,0.4627058207988739,0.46270686388015747,0.7624576587568975
elementwise,1,weight_master,producer,10,1,2,0.07570620561079545,0.9767272727272728,0.07558726519346237,0.9785999655723572,0.04966673627495766,0.020399998873472214,0.40314000844955444,0.4031528830528259,0.6859791298646901
elementwise,1,weight_master,producer,10,1,3,0.05816901189630682,0.9818363636363636,0.06866709887981415,0.9799999594688416,0.03189957141876221,0.017400000244379044,0.33768248558044434,0.33767932653427124,0.6450526761486769
elementwise,1,weight_master,producer,10,1,4,0.047624951171875,0.9851636363636364,0.06302077323198318,0.9819999933242798,0.02568119391798973,0.014399999752640724,0.3412165641784668,0.34123578667640686,0.615278587168327
elementwise,1,weight_master,producer,10,1,5,0.040687535511363636,0.9874545454545455,0.05265310779213905,0.9853999614715576,0.0246443934738636,0.012199999764561653,0.2839137315750122,0.2839340269565582,0.5910061280981953
elementwise,1,weight_master,producer,10,1,6,0.03647724387428977,0.9884181818181819,0.04928469657897949,0.9860000014305115,0.014324703253805637,0.009599999524652958,0.22657646238803864,0.2265852838754654,0.5730631157691537
elementwise,1,weight_master,producer,10,1,7,0.03268533602627841,0.9900181818181818,0.04602622613310814,0.9873999953269958,0.016442835330963135,0.009200000204145908,0.24120640754699707,0.24121929705142975,0.5544786108430005
elementwise,1,weight_master,producer,10,1,8,0.02967577903053977,0.9908181818181818,0.05031536892056465,0.9853999614715576,0.025112725794315338,0.012000000104308128,0.25238269567489624,0.2524149417877197,0.5429011263681229
elementwise,1,weight_master,producer,10,1,9,0.02724947842684659,0.9912545454545455,0.06103312969207764,0.9833999872207642,0.025180066004395485,0.012000000104308128,0.21415050327777863,0.2141745686531067,0.5286411192657209
elementwise,1,weight_master,producer,10,1,10,0.025104243607954546,0.9918727272727272,0.04637230932712555,0.988599956035614,0.021228445693850517,0.009999999776482582,0.1755729615688324,0.17555254697799683,0.5160372011072463
elementwise,1,weight_master,producer,10,1,11,0.0226698486328125,0.9927818181818182,0.053553301841020584,0.9853999614715576,0.020973019301891327,0.011799999512732029,0.17578144371509552,0.17580513656139374,0.5063730400101983
elementwise,1,weight_master,producer,10,1,12,0.01980836736505682,0.9941454545454546,0.05042029544711113,0.9865999817848206,0.00010171826579608023,0.0009999999310821295,0.013860899955034256,0.01383870467543602,0.49206500063739506
elementwise,1,weight_master,producer,10,2,1,0.22631780894886364,0.9313454545454546,0.08862398564815521,0.974399983882904,0.05161011964082718,0.02019999921321869,0.45580175518989563,0.4557715058326721,0.7676864608184153
elementwise,1,weight_master,producer,10,2,2,0.07121735617897727,0.9775272727272727,0.06448335945606232,0.9817999601364136,0.02841372601687908,0.013199999928474426,0.35410547256469727,0.3540414571762085,0.694172388046111
elementwise,1,weight_master,producer,10,2,3,0.05406111505681818,0.9835818181818182,0.07365665584802628,0.9785999655723572,0.04289909824728966,0.015799999237060547,0.3857809901237488,0.38583070039749146,0.6493015971299011
elementwise,1,weight_master,producer,10,2,4,0.04418248845880682,0.9863454545454545,0.05982132628560066,0.9815999865531921,0.026195025071501732,0.012399999424815178,0.31568631529808044,0.31570276618003845,0.6213309947005153
elementwise,1,weight_master,producer,10,2,5,0.03810205965909091,0.9880727272727273,0.055354438722133636,0.9847999811172485,0.02247396856546402,0.010799999348819256,0.288699746131897,0.2887248396873474,0.597737361366575
elementwise,1,weight_master,producer,10,2,6,0.03401309481534091,0.9891636363636364,0.05486968904733658,0.98499995470047,0.018199652433395386,0.008999999612569809,0.2517547905445099,0.25171399116516113,0.5783010234743494
elementwise,1,weight_master,producer,10,2,7,0.02974090243252841,0.9906363636363636,0.04873112216591835,0.9869999885559082,0.012260731309652328,0.007199999876320362,0.19619543850421906,0.1961691826581955,0.564251242920362
elementwise,1,weight_master,producer,10,2,8,0.027022856001420455,0.9915090909090909,0.045739468187093735,0.9887999892234802,0.010364930145442486,0.005399999674409628,0.1767171025276184,0.1766701489686966,0.5423470479503196
elementwise,1,weight_master,producer,10,2,9,0.024682177734375,0.9921636363636364,0.04277864843606949,0.9896000027656555,0.010005204938352108,0.00559999980032444,0.17402221262454987,0.1740311086177826,0.5234482844967311
elementwise,1,weight_master,producer,10,2,10,0.021707151100852272,0.9927272727272727,0.0433662049472332,0.9889999628067017,0.010696769692003727,0.00559999980032444,0.14231163263320923,0.14232377707958221,0.5109596665513285
elementwise,1,weight_master,producer,10,2,11,0.020099611594460227,0.9935454545454545,0.046766653656959534,0.9891999959945679,0.009063376113772392,0.005200000014156103,0.14248952269554138,0.14248736202716827,0.4992016626905356
elementwise,1,weight_master,producer,10,2,12,0.018671113725142047,0.9939818181818182,0.04058154299855232,0.990399956703186,6.354077049763873e-05,0.00039999998989515007,0.013375607319176197,0.013347819447517395,0.4848187293984812
elementwise,1,weight_master,producer,23,0,1,0.24291489701704547,0.9263454545454546,0.09052339941263199,0.973800003528595,0.05414225906133652,0.023799998685717583,0.47477465867996216,0.4746253788471222,1.0
elementwise,1,weight_master,producer,23,0,2,0.07843150745738636,0.9754,0.07426336407661438,0.9789999723434448,0.046301692724227905,0.018799999728798866,0.39518335461616516,0.395100474357605,1.0
elementwise,1,weight_master,producer,23,0,3,0.060115620561079545,0.9813090909090909,0.06546266376972198,0.9827999472618103,0.026730909943580627,0.011599999852478504,0.3317950963973999,0.3316968083381653,1.0
elementwise,1,weight_master,producer,23,0,4,0.04961688565340909,0.9848363636363636,0.05860046297311783,0.9835999608039856,0.02053631842136383,0.011799999512732029,0.30711063742637634,0.3071165680885315,1.0
elementwise,1,weight_master,producer,23,0,5,0.044659818892045455,0.985890909090909,0.05763869732618332,0.9839999675750732,0.022517185658216476,0.011799999512732029,0.28252848982810974,0.28254401683807373,1.0
elementwise,1,weight_master,producer,23,0,6,0.038457941228693185,0.9878727272727272,0.051946692168712616,0.9878000020980835,0.01683574542403221,0.007799999788403511,0.27442142367362976,0.27446553111076355,1.0
elementwise,1,weight_master,producer,23,0,7,0.034992726828835224,0.9894,0.050796449184417725,0.986799955368042,0.014516047202050686,0.007799999788403511,0.21343544125556946,0.21344289183616638,1.0
elementwise,1,weight_master,producer,23,0,8,0.031204920543323862,0.9901636363636364,0.04739350453019142,0.9871999621391296,0.011221812106668949,0.006399999838322401,0.21396373212337494,0.21397724747657776,1.0
elementwise,1,weight_master,producer,23,0,9,0.02870587491122159,0.9910363636363636,0.05485624447464943,0.9855999946594238,0.015264071524143219,0.009200000204145908,0.17311590909957886,0.1731381118297577,1.0
elementwise,1,weight_master,producer,23,0,10,0.026168576882102272,0.9918727272727272,0.06779637187719345,0.9811999797821045,0.0359104722738266,0.013399999588727951,0.19973979890346527,0.1997772604227066,1.0
elementwise,1,weight_master,producer,23,0,11,0.02366248446377841,0.9925090909090909,0.05115016922354698,0.9855999946594238,0.016527853906154633,0.007799999788403511,0.1748875230550766,0.17490418255329132,1.0
elementwise,1,weight_master,producer,23,0,12,0.022525042169744318,0.9927818181818182,0.04642521217465401,0.9869999885559082,0.000200904076336883,0.002199999988079071,0.021109580993652344,0.021033072844147682,1.0
elementwise,1,weight_master,producer,23,1,1,0.23472444957386362,0.9288363636363637,0.10296204686164856,0.968999981880188,0.06267129629850388,0.02719999849796295,0.4638610780239105,0.4638623595237732,1.0
elementwise,1,weight_master,producer,23,1,2,0.07572859552556818,0.9768181818181818,0.0749969556927681,0.9783999919891357,0.04943861439824104,0.020600000396370888,0.40212348103523254,0.4021371901035309,1.0
elementwise,1,weight_master,producer,23,1,3,0.05812547496448864,0.9817454545454546,0.06826606392860413,0.9803999662399292,0.03137245401740074,0.01719999872148037,0.33771631121635437,0.3377055525779724,1.0
elementwise,1,weight_master,producer,23,1,4,0.047625457208806815,0.9850909090909091,0.06325331330299377,0.9817999601364136,0.02598274126648903,0.014399999752640724,0.34414350986480713,0.34416112303733826,1.0
elementwise,1,weight_master,producer,23,1,5,0.04070752840909091,0.9874545454545455,0.05253845825791359,0.9851999878883362,0.024757811799645424,0.012399999424815178,0.28450220823287964,0.2845218777656555,1.0
elementwise,1,weight_master,producer,23,1,6,0.03643917569247159,0.9884,0.04920144006609917,0.9860000014305115,0.013982085511088371,0.009599999524652958,0.22603924572467804,0.22604426741600037,1.0
elementwise,1,weight_master,producer,23,1,7,0.03273794833096591,0.9899636363636364,0.046133123338222504,0.9871999621391296,0.016417423263192177,0.009399999864399433,0.23900945484638214,0.23902209103107452,1.0
elementwise,1,weight_master,producer,23,1,8,0.029644793146306817,0.9906363636363636,0.05001455917954445,0.9847999811172485,0.024426497519016266,0.012199999764561653,0.25217124819755554,0.25220152735710144,1.0
elementwise,1,weight_master,producer,23,1,9,0.027301100852272726,0.9911636363636364,0.062147948890924454,0.9827999472618103,0.026113249361515045,0.012799999676644802,0.21712058782577515,0.21714454889297485,1.0
elementwise,1,weight_master,producer,23,1,10,0.025223302112926137,0.991890909090909,0.04657428711652756,0.988599956035614,0.02196798101067543,0.010400000028312206,0.1799178421497345,0.1798935830593109,1.0
elementwise,1,weight_master,producer,23,1,11,0.022794329279119317,0.9927454545454546,0.05390504002571106,0.9851999878883362,0.02084440551698208,0.011799999512732029,0.1765247881412506,0.17654791474342346,1.0
elementwise,1,weight_master,producer,23,1,12,0.019905455433238635,0.9940363636363636,0.05024091899394989,0.9865999817848206,6.467447383329272e-05,0.0009999999310821295,0.011343507096171379,0.011323249898850918,1.0
elementwise,1,weight_master,producer,23,2,1,0.2263451171875,0.9313272727272728,0.08873084932565689,0.974399983882904,0.051660727709531784,0.02019999921321869,0.45527032017707825,0.45524752140045166,1.0
elementwise,1,weight_master,producer,23,2,2,0.07124652876420455,0.9774909090909091,0.06448392570018768,0.9817999601364136,0.02850739285349846,0.013199999928474426,0.35441872477531433,0.35436171293258667,1.0
elementwise,1,weight_master,producer,23,2,3,0.05410046164772727,0.9834545454545455,0.07422729581594467,0.9781999588012695,0.04346625134348869,0.016200000420212746,0.3874094486236572,0.3874615728855133,1.0
elementwise,1,weight_master,producer,23,2,4,0.04419283114346591,0.9863090909090909,0.0597529299557209,0.9815999865531921,0.02608478255569935,0.012199999764561653,0.31403207778930664,0.314059317111969,1.0
elementwise,1,weight_master,producer,23,2,5,0.03810137606534091,0.9881454545454545,0.055269066244363785,0.9851999878883362,0.02251221053302288,0.010400000028312206,0.2898775041103363,0.2899060547351837,1.0
elementwise,1,weight_master,producer,23,2,6,0.034078085049715906,0.9891454545454545,0.05560853332281113,0.9843999743461609,0.01869976706802845,0.009599999524652958,0.2505727708339691,0.25052040815353394,1.0
elementwise,1,weight_master,producer,23,2,7,0.02974476873224432,0.9907272727272727,0.048636846244335175,0.9873999953269958,0.012146053835749626,0.006799999624490738,0.1968136429786682,0.19678018987178802,1.0
elementwise,1,weight_master,producer,23,2,8,0.026967167524857956,0.9914909090909091,0.045038867741823196,0.9887999892234802,0.009602691046893597,0.005399999674409628,0.17597849667072296,0.1759442687034607,1.0
elementwise,1,weight_master,producer,23,2,9,0.02465021306818182,0.9922181818181818,0.04279756918549538,0.9893999695777893,0.009986725635826588,0.00559999980032444,0.17512920498847961,0.17513394355773926,1.0
elementwise,1,weight_master,producer,23,2,10,0.02171521883877841,0.9928181818181818,0.043515145778656006,0.9889999628067017,0.010906447656452656,0.005799999926239252,0.14510561525821686,0.14512638747692108,1.0
elementwise,1,weight_master,producer,23,2,11,0.02007137784090909,0.9936,0.04706462845206261,0.9889999628067017,0.009178913198411465,0.005399999674409628,0.14325155317783356,0.1432599127292633,1.0
elementwise,1,weight_master,producer,23,2,12,0.0186295166015625,0.9941272727272727,0.04068809747695923,0.9905999898910522,4.4564523705048487e-05,0.00019999999494757503,0.009796143509447575,0.009775951504707336,1.0
elementwise,1,both,producer,1,0,1,0.5835642400568182,0.8496727272727272,0.3932075798511505,0.9097999930381775,0.36333513259887695,0.09079999476671219,0.8044743537902832,0.8001811504364014,0.06647040210522481
elementwise,1,both,producer,1,0,2,0.37593558238636365,0.9098727272727273,0.34646332263946533,0.9213999509811401,0.3184645473957062,0.07999999821186066,0.806952714920044,0.7936106324195862,0.0538606790989055
elementwise,1,both,producer,1,0,3,0.3598753196022727,0.9133454545454546,0.3434745669364929,0.9241999983787537,0.31449589133262634,0.07499999552965164,0.8110003471374512,0.7973127961158752,0.059236082023638253
elementwise,1,both,producer,1,0,4,0.3482209517045455,0.9149636363636363,0.3303373157978058,0.9271999597549438,0.30157458782196045,0.07360000163316727,0.8033208847045898,0.7937564253807068,0.0697328404144889
elementwise,1,both,producer,1,0,5,0.3630161221590909,0.9149636363636363,0.33734866976737976,0.9277999997138977,0.30863168835639954,0.07339999824762344,0.8060447573661804,0.8012114763259888,0.062059400666533114
elementwise,1,both,producer,1,0,6,0.3332389559659091,0.922290909090909,0.31984850764274597,0.9279999732971191,0.29190731048583984,0.07239999622106552,0.7996212840080261,0.789458155632019,0.05716591393345596
elementwise,1,both,producer,1,0,7,0.31625383522727274,0.9228181818181819,0.30446961522102356,0.9285999536514282,0.27639731764793396,0.0729999989271164,0.7958853244781494,0.7811658978462219,0.0735281865200051
elementwise,1,both,producer,1,0,8,0.3034655184659091,0.9252363636363636,0.29229965806007385,0.9353999495506287,0.2629344165325165,0.06499999761581421,0.7938891649246216,0.7749956250190735,0.08430767514705614
elementwise,1,both,producer,1,0,9,0.30240756392045454,0.9261272727272727,0.3100180923938751,0.9247999787330627,0.2778862714767456,0.07620000094175339,0.7940089702606201,0.7754595279693604,0.08874075777166687
elementwise,1,both,producer,1,0,10,0.2993149502840909,0.9256545454545455,0.28308990597724915,0.9345999956130981,0.25433897972106934,0.06520000100135803,0.7896840572357178,0.7731137871742249,0.09138879277376118
elementwise,1,both,producer,1,0,11,0.2993412997159091,0.9278363636363637,0.27630025148391724,0.9373999834060669,0.24737943708896637,0.06300000101327896,0.7902488708496094,0.7664682865142822,0.08455876327147566
elementwise,1,both,producer,1,0,12,0.3412795809659091,0.9213090909090909,0.3229741156101227,0.9325999617576599,0.2936730980873108,0.0681999996304512,0.8109438419342041,0.78954017162323,0.06587147839230756
elementwise,1,both,producer,1,1,1,0.6629007102272727,0.8287818181818182,0.4223421812057495,0.8991999626159668,0.3972645103931427,0.10260000079870224,0.8426982760429382,0.8321682810783386,0.05512033108120413
elementwise,1,both,producer,1,1,2,0.4199641690340909,0.9011090909090909,0.3979491889476776,0.9065999984741211,0.37274786829948425,0.09439999610185623,0.8346795439720154,0.8281286954879761,0.04437885851650853
elementwise,1,both,producer,1,1,3,0.40270202414772727,0.9019272727272727,0.3727489113807678,0.9099999666213989,0.34593984484672546,0.08980000019073486,0.816216230392456,0.8113935589790344,0.05330170639762525
elementwise,1,both,producer,1,1,4,0.3567400568181818,0.9124909090909091,0.47424522042274475,0.8553999662399292,0.4440980851650238,0.1436000019311905,0.8102810978889465,0.8074166178703308,0.05829194059478064
elementwise,1,both,producer,1,1,5,0.3474390269886364,0.9124727272727273,0.4714967906475067,0.8539999723434448,0.4526205062866211,0.14980000257492065,0.8199790120124817,0.8147405385971069,0.0684677250459835
elementwise,1,both,producer,1,1,6,0.3430127130681818,0.9150909090909091,0.36609500646591187,0.9043999910354614,0.3419128954410553,0.0957999974489212,0.8096397519111633,0.8016104698181152,0.07613319735572108
elementwise,1,both,producer,1,1,7,0.35722848011363634,0.9139272727272727,0.34413570165634155,0.9287999868392944,0.3165406584739685,0.0714000016450882,0.8185057640075684,0.8127334713935852,0.071119288485003
elementwise,1,both,producer,1,1,8,0.3528050426136364,0.9158181818181819,0.33279725909233093,0.9217999577522278,0.303543359041214,0.07759999483823776,0.8085371851921082,0.8057321906089783,0.07382503050390632
elementwise,1,both,producer,1,1,9,0.3346655184659091,0.9205272727272727,0.33667322993278503,0.9210000038146973,0.3092246949672699,0.07979999482631683,0.8089517951011658,0.8066884279251099,0.07170250496257581
elementwise,1,both,producer,1,1,10,0.32769506392045455,0.9212545454545454,0.3218589127063751,0.9243999719619751,0.2962356507778168,0.07679999619722366,0.8012630939483643,0.7990514039993286,0.0656365527854164
elementwise,1,both,producer,1,1,11,0.317750390625,0.9232727272727272,0.32561996579170227,0.9185999631881714,0.29981422424316406,0.08219999819993973,0.8087756633758545,0.8047488331794739,0.08061237730145145
elementwise,1,both,producer,1,1,12,0.3211139559659091,0.9209272727272727,0.3312915563583374,0.9197999835014343,0.30608922243118286,0.08100000023841858,0.8054910898208618,0.8035686612129211,0.09204690317058513
elementwise,1,both,producer,1,2,1,0.6553225852272727,0.8232,0.43829676508903503,0.88919997215271,0.41011926531791687,0.10920000076293945,0.8240967988967896,0.8227662444114685,0.07075870499535612
elementwise,1,both,producer,1,2,2,0.4538031960227273,0.8917272727272727,0.4083820581436157,0.9091999530792236,0.3817600905895233,0.08999999612569809,0.8225029110908508,0.8191016912460327,0.050321201580739744
elementwise,1,both,producer,1,2,3,0.40621850142045457,0.9013454545454546,0.3823522925376892,0.9125999808311462,0.35569608211517334,0.08739999681711197,0.8158841133117676,0.8152673840522766,0.05710866219883084
elementwise,1,both,producer,1,2,4,0.3631915838068182,0.9132,0.34817495942115784,0.920199990272522,0.3213161826133728,0.07840000092983246,0.8038330674171448,0.8017630577087402,0.048077229516854544
elementwise,1,both,producer,1,2,5,0.35331008522727275,0.9145454545454546,0.3369344174861908,0.9195999503135681,0.310477614402771,0.07979999482631683,0.8041541576385498,0.8027551174163818,0.06163997195461747
elementwise,1,both,producer,1,2,6,0.3494877840909091,0.9142181818181818,0.32856738567352295,0.9229999780654907,0.3010594844818115,0.07580000162124634,0.7997056245803833,0.7986606955528259,0.06762294895376154
elementwise,1,both,producer,1,2,7,0.3467721946022727,0.9147454545454545,0.3766885995864868,0.9156000018119812,0.3488241136074066,0.08299999684095383,0.819461464881897,0.8187125325202942,0.0775733687239351
elementwise,1,both,producer,1,2,8,0.34261700994318184,0.9179636363636363,0.3258330523967743,0.9215999841690063,0.2970088720321655,0.07599999755620956,0.7974550724029541,0.7965529561042786,0.0721732667407259
elementwise,1,both,producer,1,2,9,0.329223046875,0.9206545454545455,0.3168724477291107,0.921999990940094,0.28912949562072754,0.07639999687671661,0.7944499850273132,0.7926948070526123,0.07720686656589755
elementwise,1,both,producer,1,2,10,0.3504193181818182,0.9152,0.32383403182029724,0.9149999618530273,0.29525652527809143,0.0835999995470047,0.7959776520729065,0.7890198230743408,0.0628284860956821
elementwise,1,both,producer,1,2,11,0.3232217684659091,0.9187090909090909,0.3128906190395355,0.9223999977111816,0.28384536504745483,0.07580000162124634,0.7921087741851807,0.7806395888328552,0.05302910619001657
elementwise,1,both,producer,1,2,12,0.3102241832386364,0.9214181818181818,0.2958659529685974,0.9301999807357788,0.26800525188446045,0.06859999895095825,0.789696991443634,0.7814007997512817,0.06617868004589245
elementwise,1,both,producer,2,0,1,0.3950243252840909,0.8935090909090909,0.2470148503780365,0.9369999766349792,0.21642914414405823,0.062199998646974564,0.8072639107704163,0.7310642004013062,0.09548792591648303
elementwise,1,both,producer,2,0,2,0.2236806640625,0.9419454545454545,0.1990724802017212,0.9487999677658081,0.17155349254608154,0.050200000405311584,0.8843681216239929,0.708406925201416,0.0744016453898126
elementwise,1,both,producer,2,0,3,0.20320550426136363,0.9480363636363637,0.18658240139484406,0.9526000022888184,0.15782687067985535,0.04559999704360962,0.9442758560180664,0.7059599757194519,0.07353285316239005
elementwise,1,both,producer,2,0,4,0.1858229403409091,0.9532727272727273,0.17584985494613647,0.9517999887466431,0.14712023735046387,0.04820000007748604,1.044887900352478,0.6926161050796509,0.07417263845131213
elementwise,1,both,producer,2,0,5,0.18278705610795454,0.9537818181818182,0.17409858107566833,0.9557999968528748,0.14524942636489868,0.042399998754262924,1.0730583667755127,0.6970004439353943,0.07555555808490103
elementwise,1,both,producer,2,0,6,0.17933020241477274,0.9534181818181818,0.17043334245681763,0.9553999900817871,0.14284177124500275,0.04319999739527702,1.0876765251159668,0.6914660334587097,0.07502606490502814
elementwise,1,both,producer,2,0,7,0.1702772372159091,0.9570363636363637,0.16044214367866516,0.9581999778747559,0.1309264898300171,0.0405999980866909,1.1917481422424316,0.6795361638069153,0.07456827866911912
elementwise,1,both,producer,2,0,8,0.16589719460227273,0.9571090909090909,0.15578769147396088,0.9595999717712402,0.12624844908714294,0.039400000125169754,1.2806134223937988,0.6762393116950989,0.07751827957968349
elementwise,1,both,producer,2,0,9,0.17002972301136363,0.9566363636363636,0.1752365678548813,0.9551999568939209,0.14524570107460022,0.04339999705553055,1.102669358253479,0.697637140750885,0.08085652237256652
elementwise,1,both,producer,2,0,10,0.16288156960227274,0.9586727272727272,0.16912244260311127,0.9544000029563904,0.14258162677288055,0.044199999421834946,1.2584023475646973,0.6708832383155823,0.06382680610442353
elementwise,1,both,producer,2,0,11,0.1579131747159091,0.9598909090909091,0.1519380360841751,0.9617999792098999,0.12297304719686508,0.035599999129772186,1.3588958978652954,0.6649181246757507,0.06680275809947005
elementwise,1,both,producer,2,0,12,0.15581212713068182,0.9602,0.14650729298591614,0.9611999988555908,0.11825712770223618,0.03619999811053276,1.378883719444275,0.6646670699119568,0.07303591265866584
elementwise,1,both,producer,2,1,1,0.41944119318181816,0.8826909090909091,0.24670089781284332,0.9386000037193298,0.2199552208185196,0.06079999729990959,0.7853347659111023,0.7487174868583679,0.09096970552348345
elementwise,1,both,producer,2,1,2,0.23653362926136365,0.9389636363636363,0.22584253549575806,0.9423999786376953,0.20062708854675293,0.05700000002980232,0.8033049702644348,0.7452040314674377,0.06600988417621241
elementwise,1,both,producer,2,1,3,0.20953568892045454,0.9463090909090909,0.20642895996570587,0.9447999596595764,0.1818476915359497,0.05460000038146973,0.8544666171073914,0.7114998698234558,0.06382305002640637
elementwise,1,both,producer,2,1,4,0.19269026988636365,0.9511272727272727,0.2185036838054657,0.9319999814033508,0.18990905582904816,0.06780000030994415,0.9136866331100464,0.6968515515327454,0.06268245433519695
elementwise,1,both,producer,2,1,5,0.18427709517045454,0.9532363636363637,0.24422559142112732,0.9287999868392944,0.2252839058637619,0.07360000163316727,0.967232882976532,0.7097286581993103,0.06182140190490066
elementwise,1,both,producer,2,1,6,0.17755676491477274,0.9566545454545454,0.23316925764083862,0.9289999604225159,0.20863588154315948,0.0714000016450882,1.0482573509216309,0.6924617290496826,0.06379300140226912
elementwise,1,both,producer,2,1,7,0.1762471590909091,0.9552181818181819,0.16890572011470795,0.9577999711036682,0.14279697835445404,0.0421999990940094,1.0257444381713867,0.7022865414619446,0.06610367230609532
elementwise,1,both,producer,2,1,8,0.17313544034090908,0.9565818181818182,0.17459899187088013,0.9567999839782715,0.14574281871318817,0.044599998742341995,1.0401017665863037,0.7029350996017456,0.06349718180328168
elementwise,1,both,producer,2,1,9,0.17426329900568183,0.9559272727272727,0.16708025336265564,0.9569999575614929,0.13904669880867004,0.042399998754262924,1.0625393390655518,0.6961812973022461,0.0630525987507057
elementwise,1,both,producer,2,1,10,0.16276819957386363,0.9596363636363636,0.16101904213428497,0.9577999711036682,0.1370752453804016,0.041999999433755875,1.1710631847381592,0.6830822229385376,0.05539737029010581
elementwise,1,both,producer,2,1,11,0.15950232599431818,0.9605636363636364,0.15970398485660553,0.9583999514579773,0.13427989184856415,0.041600000113248825,1.2156397104263306,0.6960011124610901,0.05748256269235672
elementwise,1,both,producer,2,1,12,0.15979112215909091,0.9602545454545455,0.15589995682239532,0.9601999521255493,0.13070353865623474,0.039000000804662704,1.240959644317627,0.6876304149627686,0.05912157855438801
elementwise,1,both,producer,2,2,1,0.40035209517045456,0.8899272727272727,0.2379421889781952,0.9449999928474426,0.20794130861759186,0.05379999801516533,0.771050214767456,0.7383336424827576,0.08942322576532935
elementwise,1,both,producer,2,2,2,0.21667943892045455,0.9463818181818182,0.20462621748447418,0.948199987411499,0.1755606085062027,0.04959999769926071,0.8694237470626831,0.7109869122505188,0.05501345358853418
elementwise,1,both,producer,2,2,3,0.19875387073863637,0.9501818181818181,0.19406479597091675,0.9515999555587769,0.1658925712108612,0.04699999839067459,0.9134564399719238,0.7025492787361145,0.061149860683651726
elementwise,1,both,producer,2,2,4,0.18687571022727273,0.9534545454545454,0.17916257679462433,0.9553999900817871,0.15068522095680237,0.041999999433755875,1.0083518028259277,0.6941003203392029,0.05917029374806505
elementwise,1,both,producer,2,2,5,0.1817577237215909,0.9542727272727273,0.17045995593070984,0.9585999846458435,0.14234483242034912,0.03959999978542328,1.0080868005752563,0.7040943503379822,0.059152537742893044
elementwise,1,both,producer,2,2,6,0.17509195667613636,0.9568727272727273,0.1660059243440628,0.9595999717712402,0.13682442903518677,0.03819999843835831,1.0506408214569092,0.6922804713249207,0.0584130456556974
elementwise,1,both,producer,2,2,7,0.17103707386363637,0.9573454545454545,0.17105312645435333,0.9591999650001526,0.14070017635822296,0.03879999741911888,1.105492353439331,0.688541054725647,0.06104571488408515
elementwise,1,both,producer,2,2,8,0.16576145241477272,0.9585636363636364,0.15777669847011566,0.962399959564209,0.12778069078922272,0.03519999980926514,1.1536121368408203,0.6825125217437744,0.06475296388701718
elementwise,1,both,producer,2,2,9,0.16594797585227272,0.9579272727272727,0.15666000545024872,0.9595999717712402,0.12787017226219177,0.03819999843835831,1.1735715866088867,0.6837235689163208,0.06286479484984793
elementwise,1,both,producer,2,2,10,0.16238556463068182,0.9595454545454546,0.15971358120441437,0.9587999582290649,0.1293538361787796,0.03920000046491623,1.1940056085586548,0.6860775351524353,0.06507701098140628
elementwise,1,both,producer,2,2,11,0.15807059659090908,0.9609818181818182,0.16134773194789886,0.9611999988555908,0.1302003413438797,0.03680000081658363,1.315686821937561,0.6762182712554932,0.061870344739669646
elementwise,1,both,producer,2,2,12,0.15790990767045454,0.9605454545454546,0.15095408260822296,0.965399980545044,0.1211647093296051,0.03280000016093254,1.3207757472991943,0.6764885783195496,0.060395913387117334
elementwise,1,both,producer,3,0,1,0.3041047940340909,0.9100181818181818,0.15698716044425964,0.9553999900817871,0.12317311763763428,0.04339999705553055,0.8029611706733704,0.6371407508850098,0.17073241244923604
elementwise,1,both,producer,3,0,2,0.13596159446022726,0.9614363636363636,0.12378273904323578,0.9635999798774719,0.09855268150568008,0.03579999879002571,1.135772466659546,0.5953443646430969,0.12132234433902132
elementwise,1,both,producer,3,0,3,0.11684493963068182,0.9668363636363636,0.11149995028972626,0.9669999480247498,0.0812961682677269,0.029999999329447746,1.3656364679336548,0.5825386047363281,0.11204858771466555
elementwise,1,both,producer,3,0,4,0.1062161221590909,0.9703272727272727,0.1020263284444809,0.9709999561309814,0.07363259792327881,0.029199998825788498,1.664535641670227,0.5683417916297913,0.10600118828649997
elementwise,1,both,producer,3,0,5,0.10031045809659091,0.9717818181818182,0.09256893396377563,0.9751999974250793,0.06429126113653183,0.023399999365210533,1.8729819059371948,0.56184321641922,0.10103257999307971
elementwise,1,both,producer,3,0,6,0.09521746271306818,0.9730727272727273,0.09514565765857697,0.9753999710083008,0.06520246714353561,0.02319999970495701,2.1111185550689697,0.5596457719802856,0.09915704503651362
elementwise,1,both,producer,3,0,7,0.09321141690340909,0.9737454545454546,0.09386611729860306,0.9745999574661255,0.06603842973709106,0.02319999970495701,2.3062398433685303,0.5666412115097046,0.09692502412995575
elementwise,1,both,producer,3,0,8,0.08899123757102273,0.9755818181818182,0.08517734706401825,0.9767999649047852,0.055659495294094086,0.01979999989271164,2.4645602703094482,0.5482679605484009,0.09411912003059496
elementwise,1,both,producer,3,0,9,0.08772780539772727,0.9748909090909091,0.12238388508558273,0.9619999527931213,0.09269978106021881,0.03500000014901161,2.511826753616333,0.5621793270111084,0.09418377010070841
elementwise,1,both,producer,3,0,10,0.08438872514204546,0.9761636363636363,0.15069405734539032,0.9477999806404114,0.12838570773601532,0.050200000405311584,2.711601972579956,0.5501409769058228,0.09102138005135584
elementwise,1,both,producer,3,0,11,0.08530981001420454,0.9762,0.08342630416154861,0.9759999513626099,0.05609181523323059,0.022599998861551285,2.9062132835388184,0.5240079760551453,0.09138116679718089
elementwise,1,both,producer,3,0,12,0.08683203125,0.9758363636363636,0.08539338409900665,0.9771999716758728,0.05725286900997162,0.020999999716877937,2.817640542984009,0.5316781997680664,0.08677462166050517
elementwise,1,both,producer,3,1,1,0.30412563920454544,0.912309090909091,0.15234895050525665,0.9607999920845032,0.12380954623222351,0.03920000046491623,0.7635070085525513,0.6505036950111389,0.15178857605944165
elementwise,1,both,producer,3,1,2,0.13607589666193182,0.9629090909090909,0.13823607563972473,0.9619999527931213,0.11332487314939499,0.039400000125169754,0.9746603965759277,0.6341098546981812,0.10705846733805613
elementwise,1,both,producer,3,1,3,0.13268908913352273,0.9647272727272728,0.11543302983045578,0.965399980545044,0.08790241181850433,0.03460000082850456,1.1890534162521362,0.6116383671760559,0.08201350822239624
elementwise,1,both,producer,3,1,4,0.11037086292613636,0.9708727272727272,0.10346496850252151,0.9715999960899353,0.07482161372900009,0.026599999517202377,1.4280973672866821,0.5967484712600708,0.08081645754038352
elementwise,1,both,producer,3,1,5,0.10328871626420455,0.9721454545454545,0.1253293752670288,0.9621999859809875,0.10563227534294128,0.03739999979734421,1.6688863039016724,0.5951088666915894,0.07820450365136311
elementwise,1,both,producer,3,1,6,0.09859869495738637,0.9737818181818182,0.20234271883964539,0.9339999556541443,0.17998133599758148,0.06759999692440033,1.85343337059021,0.5897797346115112,0.07859786745825062
elementwise,1,both,producer,3,1,7,0.09727423650568182,0.9749454545454546,0.09652888029813766,0.973800003528595,0.06991460919380188,0.02539999969303608,1.8659934997558594,0.5942499041557312,0.07707620057911894
elementwise,1,both,producer,3,1,8,0.09521764026988637,0.9752,0.09500004351139069,0.972599983215332,0.06795738637447357,0.026599999517202377,2.063103437423706,0.5812031030654907,0.07485510644497459
elementwise,1,both,producer,3,1,9,0.09253679865056819,0.975690909090909,0.09874983876943588,0.9723999500274658,0.0718018114566803,0.025999998673796654,2.2383604049682617,0.566999077796936,0.07505634117025732
elementwise,1,both,producer,3,1,10,0.09041071555397727,0.9761454545454545,0.09524758905172348,0.9735999703407288,0.0745239332318306,0.026799999177455902,2.365036725997925,0.5611461400985718,0.07515354391651946
elementwise,1,both,producer,3,1,11,0.08849790482954545,0.9771454545454545,0.09426746517419815,0.9731999635696411,0.06805700808763504,0.026999998837709427,2.448758602142334,0.5768758058547974,0.06988809163919797
elementwise,1,both,producer,3,1,12,0.08790551313920454,0.9771272727272727,0.08951982110738754,0.9757999777793884,0.06371770054101944,0.02279999852180481,2.554640054702759,0.565361738204956,0.07150775800841362
elementwise,1,both,producer,3,2,1,0.30340774147727273,0.9130181818181818,0.15572589635849,0.9601999521255493,0.12387439608573914,0.03779999911785126,0.7663896679878235,0.6459206938743591,0.15180894993717106
elementwise,1,both,producer,3,2,2,0.13601285511363637,0.9632727272727273,0.12055057287216187,0.9663999676704407,0.08914443105459213,0.03099999949336052,1.016364336013794,0.5990661978721619,0.10349656717233341
elementwise,1,both,producer,3,2,3,0.11780788352272727,0.9670909090909091,0.14619843661785126,0.9562000036239624,0.11693809181451797,0.041200000792741776,1.2231088876724243,0.6128286719322205,0.0977618327839595
elementwise,1,both,producer,3,2,4,0.10810223721590909,0.97,0.1081407442688942,0.9702000021934509,0.07832270115613937,0.02459999918937683,1.3998805284500122,0.5857434868812561,0.08795403015789185
elementwise,1,both,producer,3,2,5,0.1035884765625,0.971909090909091,0.09749788790941238,0.9717999696731567,0.06883478909730911,0.023799998685717583,1.5631181001663208,0.5889282822608948,0.07653555298574057
elementwise,1,both,producer,3,2,6,0.09666522549715909,0.9732,0.1050477921962738,0.9695999622344971,0.0740567147731781,0.02539999969303608,1.738434910774231,0.5712203979492188,0.07919075868223124
elementwise,1,both,producer,3,2,7,0.0942952059659091,0.9742181818181819,0.10365695506334305,0.97079998254776,0.07184792309999466,0.02499999850988388,1.9141902923583984,0.5735005140304565,0.07920236837792063
elementwise,1,both,producer,3,2,8,0.09201737393465909,0.9743090909090909,0.09175368398427963,0.9751999974250793,0.06037423014640808,0.02019999921321869,2.1261065006256104,0.5597407817840576,0.07973413796871301
elementwise,1,both,producer,3,2,9,0.08912201704545454,0.9751272727272727,0.08899370580911636,0.973800003528595,0.0580686517059803,0.021399999037384987,2.273674964904785,0.5506218671798706,0.07872876108612117
elementwise,1,both,producer,3,2,10,0.08711326349431818,0.9763454545454545,0.08976810425519943,0.973800003528595,0.05848564952611923,0.02159999869763851,2.4381299018859863,0.5446409583091736,0.07716589116934676
elementwise,1,both,producer,3,2,11,0.08504889026988637,0.9763272727272727,0.09187410026788712,0.972599983215332,0.05928665027022362,0.02239999920129776,2.649454355239868,0.5441164374351501,0.07593674309336927
elementwise,1,both,producer,3,2,12,0.08417415660511364,0.9766545454545454,0.08787024766206741,0.9775999784469604,0.05531296879053116,0.018799999728798866,2.786738872528076,0.5418630838394165,0.0723608430004917
elementwise,1,both,producer,4,0,1,0.2668333274147727,0.9199636363636363,0.12193527817726135,0.9635999798774719,0.08547486364841461,0.033399999141693115,0.680510938167572,0.5580811500549316,0.26398763453588536
elementwise,1,both,producer,4,0,2,0.10072856889204546,0.9692363636363637,0.09252070635557175,0.972599983215332,0.06453001499176025,0.025599999353289604,1.0216336250305176,0.5018912553787231,0.18553147365737285
elementwise,1,both,producer,4,0,3,0.08184771839488636,0.9756363636363636,0.08070722967386246,0.9763999581336975,0.0465959757566452,0.019999999552965164,1.3760887384414673,0.4688061475753784,0.16333999562929102
elementwise,1,both,producer,4,0,4,0.0727363370028409,0.9780727272727273,0.08033967018127441,0.9765999913215637,0.04461457580327988,0.02019999921321869,1.7404111623764038,0.4535670280456543,0.14863324288393948
elementwise,1,both,producer,4,0,5,0.06753083274147727,0.9794909090909091,0.07070165127515793,0.9807999730110168,0.03794869780540466,0.015399999916553497,2.0759177207946777,0.43403559923171997,0.13985039427437126
elementwise,1,both,producer,4,0,6,0.062426185191761366,0.9814181818181819,0.06574524194002151,0.9807999730110168,0.03645993024110794,0.015399999916553497,2.374999761581421,0.4389946162700653,0.13264566753473803
elementwise,1,both,producer,4,0,7,0.05971004971590909,0.9818545454545454,0.07090365886688232,0.9791999459266663,0.041704170405864716,0.017400000244379044,2.6821811199188232,0.42210492491722107,0.12743473529893828
elementwise,1,both,producer,4,0,8,0.05739650213068182,0.9823454545454545,0.06113872677087784,0.9817999601364136,0.030709441751241684,0.013199999928474426,2.944884777069092,0.4175758957862854,0.1238660059004571
elementwise,1,both,producer,4,0,9,0.05551783558238636,0.9829818181818182,0.09291528165340424,0.9702000021934509,0.058396823704242706,0.024399999529123306,3.1705784797668457,0.4077080488204956,0.12073537178343137
elementwise,1,both,producer,4,0,10,0.052461794211647726,0.9842727272727273,0.13947021961212158,0.9533999562263489,0.1171271950006485,0.04339999705553055,3.4934568405151367,0.4155961871147156,0.11498253992824753
elementwise,1,both,producer,4,0,11,0.05199959605823864,0.9843454545454545,0.062471888959407806,0.9817999601364136,0.03262564167380333,0.014999999664723873,3.7386248111724854,0.38253283500671387,0.11411511354737666
elementwise,1,both,producer,4,0,12,0.05135848277698864,0.9841272727272727,0.06011947616934776,0.9813999533653259,0.026874596253037453,0.0142000000923872,3.8959200382232666,0.3509269058704376,0.11162574438637067
elementwise,1,both,producer,4,1,1,0.2633799715909091,0.9210727272727273,0.117865651845932,0.965999960899353,0.08289681375026703,0.03179999813437462,0.671953022480011,0.5537077784538269,0.23821900438892024
elementwise,1,both,producer,4,1,2,0.09777347301136363,0.9713454545454545,0.1000172346830368,0.9699999690055847,0.07606849074363708,0.030399998649954796,0.9532840847969055,0.5255030989646912,0.16827354719455118
elementwise,1,both,producer,4,1,3,0.08387444957386364,0.9748363636363636,0.08388829231262207,0.973800003528595,0.05332651361823082,0.02499999850988388,1.268826961517334,0.4747454524040222,0.14067012984647884
elementwise,1,both,producer,4,1,4,0.07624579190340909,0.9778545454545454,0.0767417699098587,0.9785999655723572,0.045831579715013504,0.019600000232458115,1.4105437994003296,0.49914202094078064,0.12665711332884122
elementwise,1,both,producer,4,1,5,0.06450815873579545,0.980909090909091,0.07355354726314545,0.9793999791145325,0.053002648055553436,0.020600000396370888,1.8870913982391357,0.46101558208465576,0.11111969823896851
elementwise,1,both,producer,4,1,6,0.06142566139914773,0.9822909090909091,0.14163148403167725,0.9541999697685242,0.11479734629392624,0.044599998742341995,2.306295156478882,0.45388633012771606,0.11158044380907287
elementwise,1,both,producer,4,1,7,0.058583052201704545,0.982890909090909,0.0584738589823246,0.9827999472618103,0.030751025304198265,0.014999999664723873,2.4126148223876953,0.43675169348716736,0.10925691118355156
elementwise,1,both,producer,4,1,8,0.05580728426846591,0.9835272727272727,0.06165220960974693,0.9824000000953674,0.03610692173242569,0.017799999564886093,2.7651541233062744,0.4288342595100403,0.10444423703811623
elementwise,1,both,producer,4,1,9,0.05411317471590909,0.9837636363636364,0.07149738073348999,0.9801999926567078,0.047972820699214935,0.018199998885393143,3.02170467376709,0.41663309931755066,0.10181760029866511
elementwise,1,both,producer,4,1,10,0.05250855379971591,0.9847090909090909,0.05968814715743065,0.983199954032898,0.03648091480135918,0.015399999916553497,3.338318347930908,0.3821638822555542,0.09855766604141247
elementwise,1,both,producer,4,1,11,0.04998350497159091,0.9851272727272727,0.06415600329637527,0.9821999669075012,0.03328082337975502,0.01640000008046627,3.338334321975708,0.39891329407691956,0.09192682249458214
elementwise,1,both,producer,4,1,12,0.04802859996448863,0.9862727272727273,0.059178221970796585,0.9837999939918518,0.027829565107822418,0.0142000000923872,3.7257280349731445,0.36886483430862427,0.09065009743038735
elementwise,1,both,producer,4,2,1,0.2539478338068182,0.9242,0.11457648873329163,0.9666000008583069,0.080804243683815,0.029999999329447746,0.682421088218689,0.5580278038978577,0.23761370672542842
elementwise,1,both,producer,4,2,2,0.09607442294034091,0.9714727272727273,0.08372236788272858,0.9745999574661255,0.050483327358961105,0.01979999989271164,0.9576287269592285,0.4911971688270569,0.1681262634080603
elementwise,1,both,producer,4,2,3,0.07855192649147727,0.9777090909090909,0.1093192845582962,0.9669999480247498,0.07867240905761719,0.029199998825788498,1.2612988948822021,0.5230519771575928,0.14755365500537232
elementwise,1,both,producer,4,2,4,0.06827215909090908,0.9802181818181818,0.07918158173561096,0.9749999642372131,0.04671645537018776,0.018400000408291817,1.6753711700439453,0.4583533704280853,0.13366401995957095
elementwise,1,both,producer,4,2,5,0.06268980823863636,0.9816,0.07291404157876968,0.9771999716758728,0.04238886013627052,0.01759999990463257,1.8054141998291016,0.4688340723514557,0.12395558267013895
elementwise,1,both,producer,4,2,6,0.058280859375,0.9829636363636364,0.09919093549251556,0.9699999690055847,0.06414984911680222,0.024000000208616257,2.107449531555176,0.4323345720767975,0.11652401158237875
elementwise,1,both,producer,4,2,7,0.05623250177556818,0.9836545454545454,0.06571251899003983,0.9801999926567078,0.033672068268060684,0.014999999664723873,2.4259345531463623,0.42844250798225403,0.1150750760321247
elementwise,1,both,producer,4,2,8,0.053923117897727274,0.9835818181818182,0.06186690554022789,0.9837999939918518,0.02929898537695408,0.011399999260902405,2.6917660236358643,0.41534048318862915,0.11215865218262279
elementwise,1,both,producer,4,2,9,0.05133427734375,0.9847272727272727,0.05594993755221367,0.9847999811172485,0.023868590593338013,0.009800000116229057,2.8808677196502686,0.3993646204471588,0.10800203966418385
elementwise,1,both,producer,4,2,10,0.049551615767045455,0.9854727272727273,0.055516697466373444,0.9851999878883362,0.023823371157050133,0.01119999960064888,3.151986837387085,0.3934516906738281,0.10570036058348965
elementwise,1,both,producer,4,2,11,0.047939905894886364,0.9857090909090909,0.06107576936483383,0.9839999675750732,0.026624785736203194,0.010799999348819256,3.3934428691864014,0.38870206475257874,0.10264462038571506
elementwise,1,both,producer,4,2,12,0.04701914506392046,0.9856181818181818,0.061575062572956085,0.9837999939918518,0.025239266455173492,0.011399999260902405,3.487391948699951,0.3796009123325348,0.10304663455409663
elementwise,1,both,producer,5,0,1,0.2532551313920455,0.9239636363636363,0.10587619990110397,0.9693999886512756,0.06884904950857162,0.0284000001847744,0.5529768466949463,0.5119737982749939,0.35642733241062813
elementwise,1,both,producer,5,0,2,0.08739885475852273,0.9723272727272727,0.08159912377595901,0.9759999513626099,0.05391588434576988,0.02159999869763851,0.6812106370925903,0.4516619145870209,0.2570090692211032
elementwise,1,both,producer,5,0,3,0.06889839754971591,0.9786181818181818,0.07335714250802994,0.9791999459266663,0.03755973279476166,0.01640000008046627,0.9355865120887756,0.3939788043498993,0.22350633297517802
elementwise,1,both,producer,5,0,4,0.05851426225142045,0.981890909090909,0.0646652951836586,0.9824000000953674,0.027840537950396538,0.012999999336898327,1.1789441108703613,0.3836444020271301,0.19923125603248892
elementwise,1,both,producer,5,0,5,0.05433864080255682,0.9834545454545455,0.06295019388198853,0.9824000000953674,0.027559086680412292,0.012999999336898327,1.4345229864120483,0.3599376380443573,0.19100077853253447
elementwise,1,both,producer,5,0,6,0.04893527166193182,0.9850545454545454,0.05657856538891792,0.9845999479293823,0.021825186908245087,0.009200000204145908,1.6789586544036865,0.3549785614013672,0.17833858425452095
elementwise,1,both,producer,5,0,7,0.04534513938210227,0.9855090909090909,0.05999942496418953,0.9827999472618103,0.026134993880987167,0.012600000016391277,1.9964767694473267,0.3212199807167053,0.16825624647156306
elementwise,1,both,producer,5,0,8,0.04278445490056818,0.9867454545454546,0.05287255346775055,0.98499995470047,0.01890001818537712,0.008999999612569809,2.2610089778900146,0.30600783228874207,0.16476696381417202
elementwise,1,both,producer,5,0,9,0.04032056551846591,0.9875272727272727,0.06876678764820099,0.9785999655723572,0.03104547969996929,0.014999999664723873,2.40750789642334,0.29943588376045227,0.15671154231392617
elementwise,1,both,producer,5,0,10,0.038473175603693184,0.9880545454545454,0.0913507342338562,0.9699999690055847,0.06393467634916306,0.02579999901354313,2.824402332305908,0.30811554193496704,0.1532107637813917
elementwise,1,both,producer,5,0,11,0.03673561789772727,0.9885818181818182,0.05181517452001572,0.9869999885559082,0.020090552046895027,0.008999999612569809,3.0307915210723877,0.2643541097640991,0.14614319079965762
elementwise,1,both,producer,5,0,12,0.03565431241122159,0.9887272727272727,0.04857063665986061,0.9861999750137329,0.010836195200681686,0.00699999975040555,3.201246500015259,0.23240257799625397,0.14382534920143505
elementwise,1,both,producer,5,1,1,0.24264696377840908,0.926,0.11391618847846985,0.9666000008583069,0.07400279492139816,0.029199998825788498,0.5359756946563721,0.49675166606903076,0.33968763089362786
elementwise,1,both,producer,5,1,2,0.0837890713778409,0.9743636363636363,0.0854506641626358,0.974399983882904,0.05901454761624336,0.02419999986886978,0.6718142628669739,0.4567570686340332,0.24454412594926336
elementwise,1,both,producer,5,1,3,0.067254736328125,0.9789636363636364,0.07627835869789124,0.9769999980926514,0.04143480956554413,0.019999999552965164,0.8411644697189331,0.4080168306827545,0.21229944819799312
elementwise,1,both,producer,5,1,4,0.05588838778409091,0.9830363636363636,0.07094594836235046,0.9799999594688416,0.03340931236743927,0.016999999061226845,1.0743663311004639,0.40969058871269226,0.1881898663291508
elementwise,1,both,producer,5,1,5,0.049483420632102273,0.9848,0.06118305027484894,0.983199954032898,0.03513984754681587,0.01599999889731407,1.3522355556488037,0.36799532175064087,0.1730276037588097
elementwise,1,both,producer,5,1,6,0.045611163884943184,0.9862545454545455,0.0686613917350769,0.9795999526977539,0.035130005329847336,0.016599999740719795,1.6778985261917114,0.346432626247406,0.16531148130611353
elementwise,1,both,producer,5,1,7,0.042124094460227274,0.9877636363636364,0.04953896626830101,0.9861999750137329,0.018718885257840157,0.009800000116229057,1.7696079015731812,0.3504219353199005,0.1573208236965271
elementwise,1,both,producer,5,1,8,0.039403453480113634,0.9881818181818182,0.05259962007403374,0.9857999682426453,0.024810442700982094,0.012199999764561653,2.157876968383789,0.33943215012550354,0.15223031359836828
elementwise,1,both,producer,5,1,9,0.037755100319602275,0.9885090909090909,0.06332813948392868,0.9829999804496765,0.031592078506946564,0.0139999995008111,2.325012445449829,0.3237599730491638,0.14762160587131903
elementwise,1,both,producer,5,1,10,0.03567051447088068,0.988909090909091,0.04841557517647743,0.9883999824523926,0.022292692214250565,0.009999999776482582,2.7209508419036865,0.28547415137290955,0.14176201034401123
elementwise,1,both,producer,5,1,11,0.03303020907315341,0.9902727272727273,0.05538326874375343,0.9847999811172485,0.023621756583452225,0.011599999852478504,2.8803341388702393,0.2927740216255188,0.13489589972865182
elementwise,1,both,producer,5,1,12,0.03129653764204546,0.9907090909090909,0.05172494053840637,0.9847999811172485,0.011120408773422241,0.008999999612569809,3.119506597518921,0.24476614594459534,0.12734948371000346
elementwise,1,both,producer,5,2,1,0.2347712002840909,0.9295818181818182,0.0982757955789566,0.9711999893188477,0.06285274028778076,0.02419999986886978,0.5430407524108887,0.5036535859107971,0.33644545264154724
elementwise,1,both,producer,5,2,2,0.08074340376420455,0.9753090909090909,0.0697859525680542,0.9797999858856201,0.035483118146657944,0.014999999664723873,0.6542359590530396,0.41930028796195984,0.2446026297098942
elementwise,1,both,producer,5,2,3,0.06374095348011363,0.9810545454545454,0.0829944983124733,0.9745999574661255,0.053008630871772766,0.02019999921321869,0.8733929991722107,0.45549777150154114,0.21165693121596765
elementwise,1,both,producer,5,2,4,0.05427199041193182,0.9835090909090909,0.06656236201524734,0.9791999459266663,0.034949254244565964,0.014599999412894249,1.15021812915802,0.39028260111808777,0.1924555189306332
elementwise,1,both,producer,5,2,5,0.048157666015625,0.9858363636363636,0.0595647469162941,0.9821999669075012,0.028765514492988586,0.012799999676644802,1.3252787590026855,0.3802225589752197,0.17670184480340914
elementwise,1,both,producer,5,2,6,0.04390671608664773,0.9866727272727273,0.06892137229442596,0.9805999994277954,0.03357679024338722,0.013399999588727951,1.5299556255340576,0.34805795550346375,0.16512959607364644
elementwise,1,both,producer,5,2,7,0.04062523526278409,0.9876727272727273,0.053016919642686844,0.9845999479293823,0.0199306420981884,0.009399999864399433,1.8332518339157104,0.3311774432659149,0.1573538316548597
elementwise,1,both,producer,5,2,8,0.03848087269176136,0.9880909090909091,0.04942069202661514,0.9873999953269958,0.01565834879875183,0.007400000002235174,2.1040735244750977,0.3042677938938141,0.1501071051337619
elementwise,1,both,producer,5,2,9,0.03637168856534091,0.9889272727272728,0.04612568020820618,0.9875999689102173,0.014537432231009007,0.007400000002235174,2.3110427856445312,0.3012012243270874,0.14150682467993664
elementwise,1,both,producer,5,2,10,0.033946326793323864,0.9892,0.04642101004719734,0.9879999756813049,0.014958386309444904,0.006599999964237213,2.5974109172821045,0.28064224123954773,0.13635075394729654
elementwise,1,both,producer,5,2,11,0.032308069957386366,0.9899636363636364,0.05320306494832039,0.9853999614715576,0.01784832961857319,0.008799999952316284,2.777617931365967,0.2913806140422821,0.13151463276939046
elementwise,1,both,producer,5,2,12,0.031153759765625,0.9903090909090909,0.04740754887461662,0.9878000020980835,0.009484321810305119,0.005399999674409628,3.0049796104431152,0.24307167530059814,0.13072574256524194
elementwise,1,both,producer,7,0,1,0.2433280362215909,0.9261636363636364,0.09300728887319565,0.9727999567985535,0.056254271417856216,0.02499999850988388,0.4818809926509857,0.4812193810939789,0.5804713536449891
elementwise,1,both,producer,7,0,2,0.07943756214488637,0.9751818181818181,0.0754164457321167,0.9779999852180481,0.04761243239045143,0.019600000232458115,0.41658562421798706,0.40447601675987244,0.46491003624046184
elementwise,1,both,producer,7,0,3,0.06144168590198864,0.9808727272727272,0.06720352917909622,0.9809999465942383,0.028458666056394577,0.012999999336898327,0.39178192615509033,0.34471118450164795,0.41996560343100653
elementwise,1,both,producer,7,0,4,0.05106670809659091,0.9845090909090909,0.059331104159355164,0.9827999472618103,0.020730825141072273,0.011399999260902405,0.42340418696403503,0.32237210869789124,0.38719484711624264
elementwise,1,both,producer,7,0,5,0.04620081676136364,0.9858181818181818,0.05870399251580238,0.9833999872207642,0.02254815213382244,0.012000000104308128,0.462481290102005,0.2977851331233978,0.3677947041576369
elementwise,1,both,producer,7,0,6,0.04006291725852273,0.9875090909090909,0.05259350687265396,0.9869999885559082,0.017369287088513374,0.008999999612569809,0.5335593223571777,0.28855982422828674,0.3480857660578026
elementwise,1,both,producer,7,0,7,0.036695210404829544,0.9885272727272727,0.05175551772117615,0.9857999682426453,0.01652396284043789,0.008999999612569809,0.6221598386764526,0.2312210649251938,0.3325466436597403
elementwise,1,both,producer,7,0,8,0.03312596768465909,0.9898181818181818,0.04871223866939545,0.9860000014305115,0.011710069142282009,0.005799999926239252,0.7020745277404785,0.23288032412528992,0.3228364990621187
elementwise,1,both,producer,7,0,9,0.0306198974609375,0.9904363636363637,0.05619194358587265,0.9847999811172485,0.016854671761393547,0.009399999864399433,0.7935819029808044,0.1990959793329239,0.30567873467975454
elementwise,1,both,producer,7,0,10,0.02829180353338068,0.9910727272727273,0.07195589691400528,0.9783999919891357,0.039994750171899796,0.016200000420212746,0.9516300559043884,0.21473166346549988,0.2983785125020488
elementwise,1,both,producer,7,0,11,0.025933329634232956,0.9917090909090909,0.05078667029738426,0.9851999878883362,0.015715599060058594,0.007799999788403511,1.0811985731124878,0.1801278442144394,0.28411474932162956
elementwise,1,both,producer,7,0,12,0.02465100985440341,0.9922,0.046991925686597824,0.9855999946594238,0.0018169364193454385,0.003599999938160181,1.1579585075378418,0.07948170602321625,0.27699743676130467
elementwise,1,both,producer,7,1,1,0.2351519353693182,0.9289272727272727,0.1045130118727684,0.9675999879837036,0.06384183466434479,0.028999999165534973,0.46886566281318665,0.4677608907222748,0.5460563457230792
elementwise,1,both,producer,7,1,2,0.07638840553977273,0.9766,0.07560201734304428,0.9781999588012695,0.04983488470315933,0.020800000056624413,0.4209432303905487,0.40891897678375244,0.4330602019631768
elementwise,1,both,producer,7,1,3,0.059108842329545455,0.9814363636363637,0.06954198330640793,0.9795999526977539,0.032814573496580124,0.01679999940097332,0.39140570163726807,0.3531494736671448,0.3883793775381982
elementwise,1,both,producer,7,1,4,0.048420081676136366,0.984890909090909,0.06407136470079422,0.9811999797821045,0.026687800884246826,0.014999999664723873,0.43754634261131287,0.3527551293373108,0.35548114221194294
elementwise,1,both,producer,7,1,5,0.04171827059659091,0.9867454545454546,0.0549401193857193,0.9851999878883362,0.0277854036539793,0.012799999676644802,0.4743126630783081,0.3124106526374817,0.3324372621150589
elementwise,1,both,producer,7,1,6,0.03750735973011363,0.9882,0.049771808087825775,0.9863999485969543,0.014751485548913479,0.009599999524652958,0.5302776098251343,0.24693931639194489,0.31618528163755893
elementwise,1,both,producer,7,1,7,0.03380190873579546,0.9898545454545454,0.0466591976583004,0.9869999885559082,0.01778266578912735,0.009599999524652958,0.6136437654495239,0.2585859000682831,0.29987935022126716
elementwise,1,both,producer,7,1,8,0.030776225142045456,0.9904,0.051458049565553665,0.98499995470047,0.02519633248448372,0.012799999676644802,0.7375728487968445,0.26434439420700073,0.2911752654295132
elementwise,1,both,producer,7,1,9,0.028545942826704546,0.9906727272727273,0.06321205198764801,0.9825999736785889,0.026328686624765396,0.012600000016391277,0.8042874932289124,0.23426495492458344,0.2811104560106354
elementwise,1,both,producer,7,1,10,0.026501526988636365,0.9915636363636363,0.046629857271909714,0.9873999953269958,0.020841877907514572,0.010400000028312206,0.9476362466812134,0.19609886407852173,0.2706775509460764
elementwise,1,both,producer,7,1,11,0.024003702059659092,0.9925272727272727,0.05488526076078415,0.9845999479293823,0.0208016037940979,0.012199999764561653,1.0087352991104126,0.19915658235549927,0.2592198056855639
elementwise,1,both,producer,7,1,12,0.02135847833806818,0.9935272727272727,0.050561826676130295,0.9853999614715576,0.0013089129934087396,0.0023999998811632395,1.172488808631897,0.06803066283464432,0.2465114002658848
elementwise,1,both,producer,7,2,1,0.2267932528409091,0.9312727272727273,0.08933661878108978,0.9747999906539917,0.052476439625024796,0.02019999921321869,0.46393826603889465,0.46312981843948364,0.546786163063867
elementwise,1,both,producer,7,2,2,0.07221196732954545,0.9774545454545455,0.06451646983623505,0.9817999601364136,0.028752250596880913,0.013199999928474426,0.380734920501709,0.3676222860813141,0.4361026251570724
elementwise,1,both,producer,7,2,3,0.055116215376420453,0.9832,0.07336627691984177,0.9777999520301819,0.04295475408434868,0.01640000008046627,0.435933917760849,0.39840978384017944,0.3845319016226257
elementwise,1,both,producer,7,2,4,0.045359636896306815,0.9858545454545454,0.060051292181015015,0.9813999533653259,0.027011552825570107,0.012600000016391277,0.4278278052806854,0.32969722151756287,0.35514798947387594
elementwise,1,both,producer,7,2,5,0.03929806463068182,0.9877272727272727,0.05476659536361694,0.9857999682426453,0.022594686597585678,0.009800000116229057,0.4660460948944092,0.30902233719825745,0.33133718653821637
elementwise,1,both,producer,7,2,6,0.03543608176491477,0.9886545454545455,0.056037262082099915,0.9847999811172485,0.01968177780508995,0.009200000204145908,0.5024834275245667,0.2729661166667938,0.31372698548560396
elementwise,1,both,producer,7,2,7,0.03103500088778409,0.9901454545454546,0.048379845917224884,0.9873999953269958,0.013249672949314117,0.007599999662488699,0.6080323457717896,0.22967496514320374,0.3005449727741254
elementwise,1,both,producer,7,2,8,0.028461332563920454,0.9910727272727273,0.04436216875910759,0.9879999756813049,0.009709542617201805,0.006000000052154064,0.6949813365936279,0.2045077681541443,0.28653605379614283
elementwise,1,both,producer,7,2,9,0.02606131036931818,0.9918545454545454,0.04231663793325424,0.988599956035614,0.00977530051022768,0.006799999624490738,0.7896944880485535,0.1967187076807022,0.27117119065396733
elementwise,1,both,producer,7,2,10,0.023393916459517047,0.9923454545454545,0.042306553572416306,0.9893999695777893,0.01107417605817318,0.005399999674409628,0.9311855435371399,0.17234216630458832,0.26115964925060553
elementwise,1,both,producer,7,2,11,0.021781438654119318,0.9930545454545454,0.04688205197453499,0.9875999689102173,0.010507091879844666,0.005799999926239252,1.0375306606292725,0.16476184129714966,0.2528604241408825
elementwise,1,both,producer,7,2,12,0.020149995561079544,0.9934,0.04110570251941681,0.989799976348877,0.0011733993887901306,0.0011999999405816197,1.1322550773620605,0.08171309530735016,0.24464246690098523
elementwise,1,both,producer,10,0,1,0.24277917258522727,0.9264545454545454,0.09120669215917587,0.9735999703407288,0.05468263849616051,0.02419999986886978,0.4738459289073944,0.4737575650215149,0.8005774116297281
elementwise,1,both,producer,10,0,2,0.07839760298295455,0.9752909090909091,0.07424220442771912,0.9783999919891357,0.04649880900979042,0.01939999870955944,0.3961302936077118,0.39611151814460754,0.7204581049334378
elementwise,1,both,producer,10,0,3,0.06004173029119318,0.9811636363636363,0.0660632848739624,0.9821999669075012,0.027093185111880302,0.012199999764561653,0.33125901222229004,0.3312479257583618,0.6806492551583472
elementwise,1,both,producer,10,0,4,0.04961437322443182,0.984909090909091,0.05807874724268913,0.9835999608039856,0.02009405381977558,0.012000000104308128,0.3091939687728882,0.30882561206817627,0.6494139380087779
elementwise,1,both,producer,10,0,5,0.04460947265625,0.9861636363636364,0.0583440326154232,0.9837999939918518,0.022959008812904358,0.012000000104308128,0.2852046489715576,0.2842816710472107,0.6274457758918978
elementwise,1,both,producer,10,0,6,0.03840549094460227,0.9877454545454546,0.05314904823899269,0.9869999885559082,0.017652396112680435,0.008999999612569809,0.2825310528278351,0.2803783416748047,0.6086174673562674
elementwise,1,both,producer,10,0,7,0.03494160378196023,0.9892363636363637,0.05093548819422722,0.9863999485969543,0.014181563630700111,0.007799999788403511,0.21710960566997528,0.21231357753276825,0.5899347352989383
elementwise,1,both,producer,10,0,8,0.03125272327769887,0.9902545454545455,0.04780052602291107,0.986799955368042,0.011411120183765888,0.00559999980032444,0.22355307638645172,0.21658116579055786,0.578262893591448
elementwise,1,both,producer,10,0,9,0.028678304776278408,0.9910909090909091,0.05545732378959656,0.9843999743461609,0.01592378132045269,0.010400000028312206,0.19312167167663574,0.18024663627147675,0.5600620777257744
elementwise,1,both,producer,10,0,10,0.026237366832386363,0.9917090909090909,0.07086069881916046,0.9799999594688416,0.038907140493392944,0.014599999412894249,0.22180438041687012,0.2040795236825943,0.5506702891952432
elementwise,1,both,producer,10,0,11,0.023749560546875,0.9926363636363637,0.05181296914815903,0.9860000014305115,0.016946902498602867,0.007799999788403511,0.2052859365940094,0.17572493851184845,0.5312781136748557
elementwise,1,both,producer,10,0,12,0.022606687233664772,0.9927636363636364,0.04688742756843567,0.9873999953269958,0.00024069147184491158,0.001999999862164259,0.12158308178186417,0.023187177255749702,0.5188112354537342
elementwise,1,both,producer,10,1,1,0.23463533380681817,0.9287818181818182,0.1030903309583664,0.9687999486923218,0.06277841329574585,0.027799999341368675,0.4647389054298401,0.4647442102432251,0.7538202728050846
elementwise,1,both,producer,10,1,2,0.07574501953125,0.9767454545454546,0.074827179312706,0.9785999655723572,0.048867981880903244,0.020399998873472214,0.40045714378356934,0.4004629850387573,0.6723943062410082
elementwise,1,both,producer,10,1,3,0.058234117542613636,0.981890909090909,0.06800244003534317,0.9805999994277954,0.030593108385801315,0.016599999740719795,0.3400370478630066,0.33990582823753357,0.630485581213236
elementwise,1,both,producer,10,1,4,0.04758921342329545,0.9852909090909091,0.06316119432449341,0.9821999669075012,0.025551186874508858,0.0139999995008111,0.3437073826789856,0.3432002663612366,0.5987707381034766
elementwise,1,both,producer,10,1,5,0.04068643909801136,0.9874545454545455,0.05339382216334343,0.9851999878883362,0.025771114975214005,0.012600000016391277,0.28924286365509033,0.28791770339012146,0.5740566553149642
elementwise,1,both,producer,10,1,6,0.036515052379261365,0.9883272727272727,0.04954051971435547,0.9860000014305115,0.014740302227437496,0.009999999776482582,0.23269228637218475,0.22961626946926117,0.5549378767460071
elementwise,1,both,producer,10,1,7,0.032727880859375,0.989909090909091,0.04625630006194115,0.9871999621391296,0.017078738659620285,0.009800000116229057,0.24795562028884888,0.2430674284696579,0.5346434457576806
elementwise,1,both,producer,10,1,8,0.029755750621448862,0.9907454545454546,0.05068805068731308,0.9847999811172485,0.025620851665735245,0.012199999764561653,0.2639569640159607,0.2568152844905853,0.5228810028955947
elementwise,1,both,producer,10,1,9,0.027494475763494317,0.9911454545454546,0.06157518923282623,0.983199954032898,0.025775179266929626,0.012399999424815178,0.23158185184001923,0.21962815523147583,0.5091512857168873
elementwise,1,both,producer,10,1,10,0.025200759055397728,0.9918727272727272,0.04665924608707428,0.9883999824523926,0.021564854308962822,0.010199999436736107,0.19902963936328888,0.17708246409893036,0.4961116625084227
elementwise,1,both,producer,10,1,11,0.022838651899857954,0.9928,0.05409691110253334,0.9845999479293823,0.02059362456202507,0.012000000104308128,0.2043173909187317,0.17534324526786804,0.48476955892262025
elementwise,1,both,producer,10,1,12,0.020065334250710228,0.9941454545454546,0.0502132922410965,0.9869999885559082,0.0002278233296237886,0.0007999999797903001,0.12724041938781738,0.021594926714897156,0.4711845076578463
elementwise,1,both,producer,10,2,1,0.22630337357954544,0.9313090909090909,0.08863652497529984,0.9741999506950378,0.051547735929489136,0.020600000396370888,0.456081360578537,0.4560731053352356,0.7593285043069694
elementwise,1,both,producer,10,2,2,0.07126743607954546,0.9775454545454545,0.06410740315914154,0.9821999669075012,0.027936993166804314,0.012799999676644802,0.3535493314266205,0.3535606563091278,0.6811512037660942
elementwise,1,both,producer,10,2,3,0.054065043501420454,0.9834727272727273,0.07280982285737991,0.9781999588012695,0.04192422330379486,0.016200000420212746,0.388952374458313,0.38893523812294006,0.6335300531769591
elementwise,1,both,producer,10,2,4,0.04415733309659091,0.9863090909090909,0.059948552399873734,0.9817999601364136,0.0262745413929224,0.012199999764561653,0.3170531094074249,0.3167286217212677,0.60536982571798
elementwise,1,both,producer,10,2,5,0.03814625799005682,0.9881272727272727,0.05520728603005409,0.9847999811172485,0.022541338577866554,0.010799999348819256,0.292862206697464,0.2919868528842926,0.5829229343847316
elementwise,1,both,producer,10,2,6,0.03415823641690341,0.9892727272727273,0.05543743818998337,0.9843999743461609,0.018775781616568565,0.009599999524652958,0.254093736410141,0.2524784803390503,0.5616210777439857
elementwise,1,both,producer,10,2,7,0.029794817560369318,0.9906,0.048764247447252274,0.9871999621391296,0.01226912159472704,0.007400000002235174,0.205784872174263,0.20032532513141632,0.5470932508969059
elementwise,1,both,producer,10,2,8,0.02711771573153409,0.9914727272727273,0.04508272930979729,0.988599956035614,0.009740716777741909,0.00559999980032444,0.18654416501522064,0.17760539054870605,0.525493184425707
elementwise,1,both,producer,10,2,9,0.02469248934659091,0.9922181818181818,0.04253368824720383,0.9896000027656555,0.009783935733139515,0.00559999980032444,0.1920951008796692,0.17707990109920502,0.5068170539600444
elementwise,1,both,producer,10,2,10,0.021704787375710227,0.9927272727272727,0.04309134557843208,0.9891999959945679,0.01045959908515215,0.005200000014156103,0.1732892543077469,0.14410968124866486,0.49348172497313836
elementwise,1,both,producer,10,2,11,0.020289060280539773,0.9934909090909091,0.047252967953681946,0.9887999892234802,0.009562881663441658,0.005399999674409628,0.18484866619110107,0.14679934084415436,0.4842052366556792
elementwise,1,both,producer,10,2,12,0.018738287908380682,0.9938363636363636,0.04062671959400177,0.9899999499320984,0.00013267759641166776,0.00039999998989515007,0.12451736629009247,0.021823683753609657,0.4689520314691045
elementwise,1,both,producer,23,0,1,0.24281040482954547,0.9263090909090909,0.09101785719394684,0.9731999635696411,0.05457533895969391,0.02459999918937683,0.4751027524471283,0.47496941685676575,1.0
elementwise,1,both,producer,23,0,2,0.07837477805397727,0.9754,0.07408211380243301,0.9787999987602234,0.046227481216192245,0.01899999938905239,0.3948381245136261,0.39475277066230774,1.0
elementwise,1,both,producer,23,0,3,0.060033598188920456,0.9814,0.06592504680156708,0.9825999736785889,0.027128277346491814,0.011799999512732029,0.3308449983596802,0.3307563364505768,1.0
elementwise,1,both,producer,23,0,4,0.049636496803977276,0.9848,0.05842388793826103,0.9837999939918518,0.02055078186094761,0.012000000104308128,0.3087666630744934,0.30878016352653503,1.0
elementwise,1,both,producer,23,0,5,0.044573193359375,0.9861454545454545,0.057635072618722916,0.9839999675750732,0.02247622050344944,0.011799999512732029,0.2827793061733246,0.2828020453453064,1.0
elementwise,1,both,producer,23,0,6,0.038434290660511364,0.9877818181818182,0.05229174718260765,0.9883999824523926,0.017132168635725975,0.007400000002235174,0.2761034667491913,0.2761450707912445,1.0
elementwise,1,both,producer,23,0,7,0.03485968794389205,0.9893636363636363,0.05104828253388405,0.9860000014305115,0.014145763590931892,0.008599999360740185,0.2096349596977234,0.20964273810386658,1.0
elementwise,1,both,producer,23,0,8,0.031168030894886362,0.9902181818181818,0.04780654236674309,0.9863999485969543,0.011289183050394058,0.006599999964237213,0.2140345722436905,0.21403346955776215,1.0
elementwise,1,both,producer,23,0,9,0.02865520685369318,0.9911090909090909,0.05521959811449051,0.9851999878883362,0.01539914682507515,0.009599999524652958,0.17344124615192413,0.17346009612083435,1.0
elementwise,1,both,producer,23,0,10,0.026106676136363638,0.9917272727272727,0.06683406978845596,0.9811999797821045,0.03445775806903839,0.012999999336898327,0.19627626240253448,0.19630859792232513,1.0
elementwise,1,both,producer,23,0,11,0.023714799360795454,0.9924909090909091,0.05163604021072388,0.9853999614715576,0.016714803874492645,0.00839999970048666,0.17563413083553314,0.17563387751579285,1.0
elementwise,1,both,producer,23,0,12,0.022531194513494317,0.9928,0.04722992330789566,0.9865999817848206,0.0004030669224448502,0.0023999998811632395,0.031174905598163605,0.031075306236743927,1.0
elementwise,1,both,producer,23,1,1,0.23474545454545453,0.9287272727272727,0.10316566377878189,0.9687999486923218,0.06280378997325897,0.027400000020861626,0.4634239077568054,0.463424414396286,1.0
elementwise,1,both,producer,23,1,2,0.07573348721590908,0.9767090909090909,0.0751543939113617,0.9783999919891357,0.04937475919723511,0.020600000396370888,0.4032862186431885,0.40329524874687195,1.0
elementwise,1,both,producer,23,1,3,0.058144402521306815,0.9816545454545454,0.06824955344200134,0.9805999994277954,0.031370311975479126,0.01679999940097332,0.3375151753425598,0.337507426738739,1.0
elementwise,1,both,producer,23,1,4,0.047644557883522724,0.9850909090909091,0.06276436895132065,0.9821999669075012,0.025465184822678566,0.0139999995008111,0.3432062268257141,0.34322431683540344,1.0
elementwise,1,both,producer,23,1,5,0.04070364435369318,0.9874545454545455,0.0528859868645668,0.9857999682426453,0.025181937962770462,0.012399999424815178,0.28647518157958984,0.2864948809146881,1.0
elementwise,1,both,producer,23,1,6,0.03648075949928977,0.9883454545454545,0.04942597448825836,0.9861999750137329,0.014456589706242085,0.009800000116229057,0.22574305534362793,0.22575050592422485,1.0
elementwise,1,both,producer,23,1,7,0.03269232954545455,0.989909090909091,0.045901793986558914,0.9871999621391296,0.016323644667863846,0.009399999864399433,0.23917122185230255,0.23918494582176208,1.0
elementwise,1,both,producer,23,1,8,0.02961963556463068,0.9908181818181818,0.05024068430066109,0.9843999743461609,0.024899572134017944,0.012600000016391277,0.25326621532440186,0.25329461693763733,1.0
elementwise,1,both,producer,23,1,9,0.02725450106534091,0.9912181818181818,0.06186740845441818,0.9829999804496765,0.025654451921582222,0.012799999676644802,0.2138984054327011,0.21392180025577545,1.0
elementwise,1,both,producer,23,1,10,0.025121209161931817,0.9919272727272728,0.04592759907245636,0.988599956035614,0.021045662462711334,0.009999999776482582,0.17761212587356567,0.17758138477802277,1.0
elementwise,1,both,producer,23,1,11,0.02275425692471591,0.992909090909091,0.054203491657972336,0.9851999878883362,0.021773722022771835,0.012000000104308128,0.17940600216388702,0.179433673620224,1.0
elementwise,1,both,producer,23,1,12,0.019920583274147727,0.9940363636363636,0.049564022570848465,0.9865999817848206,7.521731458837166e-05,0.0011999999405816197,0.013134166598320007,0.013104571029543877,1.0
elementwise,1,both,producer,23,2,1,0.22633783735795454,0.9313636363636364,0.08869743347167969,0.974399983882904,0.05165646970272064,0.02019999921321869,0.4557897448539734,0.4557613134384155,1.0
elementwise,1,both,producer,23,2,2,0.07126297496448863,0.9775090909090909,0.06435440480709076,0.9817999601364136,0.028235238045454025,0.013199999928474426,0.354349285364151,0.3542853593826294,1.0
elementwise,1,both,producer,23,2,3,0.05407943004261364,0.9835272727272727,0.07397907972335815,0.9779999852180481,0.043251775205135345,0.01640000008046627,0.38769859075546265,0.3877458870410919,1.0
elementwise,1,both,producer,23,2,4,0.044161962890625,0.9863272727272727,0.05945087969303131,0.9817999601364136,0.02572733722627163,0.012000000104308128,0.31440040469169617,0.3144116699695587,1.0
elementwise,1,both,producer,23,2,5,0.03809387872869318,0.988,0.05489983409643173,0.9855999946594238,0.022095654159784317,0.010599999688565731,0.28889554738998413,0.2889235317707062,1.0
elementwise,1,both,producer,23,2,6,0.034051735617897726,0.9893636363636363,0.055460840463638306,0.9843999743461609,0.018702371045947075,0.009599999524652958,0.2518281638622284,0.251787006855011,1.0
elementwise,1,both,producer,23,2,7,0.029723546253551135,0.9904727272727273,0.048907071352005005,0.9869999885559082,0.012364830821752548,0.007199999876320362,0.19539368152618408,0.1953555941581726,1.0
elementwise,1,both,producer,23,2,8,0.026973883611505683,0.9915454545454545,0.04529556632041931,0.9889999628067017,0.009745446965098381,0.004999999888241291,0.17402836680412292,0.17398905754089355,1.0
elementwise,1,both,producer,23,2,9,0.024640784801136364,0.9922363636363636,0.0427364856004715,0.9891999959945679,0.01002416294068098,0.005799999926239252,0.1752769947052002,0.1752803921699524,1.0
elementwise,1,both,producer,23,2,10,0.021664495294744318,0.9927636363636364,0.04355321824550629,0.9889999628067017,0.01085397507995367,0.00559999980032444,0.14470519125461578,0.14472690224647522,1.0
elementwise,1,both,producer,23,2,11,0.0200906494140625,0.9936,0.04768849164247513,0.9887999892234802,0.00958278588950634,0.00559999980032444,0.14638718962669373,0.14640341699123383,1.0
elementwise,1,both,producer,23,2,12,0.018623328746448863,0.9939818181818182,0.040451474487781525,0.9901999831199646,6.304497219389305e-05,0.0005999999702908099,0.013414251618087292,0.013367917388677597,1.0
elementwise,1,activation,producer,1,0,1,0.24435062144886363,0.9259454545454545,0.09398134797811508,0.9727999567985535,0.06000129133462906,0.026200000196695328,0.4769138991832733,0.4767923057079315,1.0
elementwise,1,activation,producer,1,0,2,0.07987389026988637,0.9751090909090909,0.07231350988149643,0.9795999526977539,0.04790676012635231,0.019600000232458115,0.40048643946647644,0.4003671109676361,1.0
elementwise,1,activation,producer,1,0,3,0.06111442205255682,0.9808363636363636,0.06698321551084518,0.9803999662399292,0.03197432681918144,0.014599999412894249,0.3296912610530853,0.3295554518699646,1.0
elementwise,1,activation,producer,1,0,4,0.05087976296164773,0.9843272727272727,0.05854879692196846,0.9819999933242798,0.024673128500580788,0.014599999412894249,0.30943116545677185,0.3093070089817047,1.0
elementwise,1,activation,producer,1,0,5,0.04590095880681818,0.9854363636363637,0.06361571699380875,0.9803999662399292,0.032215896993875504,0.01599999889731407,0.3011553883552551,0.30102065205574036,1.0
elementwise,1,activation,producer,1,0,6,0.039228466796875,0.9878181818181818,0.05064889043569565,0.9873999953269958,0.016004150733351707,0.008200000040233135,0.27036651968955994,0.2702068090438843,1.0
elementwise,1,activation,producer,1,0,7,0.03635022194602273,0.9886363636363636,0.05071134492754936,0.9851999878883362,0.017173489555716515,0.010400000028312206,0.21650749444961548,0.21618373692035675,1.0
elementwise,1,activation,producer,1,0,8,0.03196387384588068,0.9897090909090909,0.04678744077682495,0.9871999621391296,0.018237659707665443,0.009200000204145908,0.22972004115581512,0.2294221967458725,1.0
elementwise,1,activation,producer,1,0,9,0.029418776633522728,0.9907636363636364,0.05710839852690697,0.9839999675750732,0.025588883087038994,0.011799999512732029,0.23013365268707275,0.22985129058361053,1.0
elementwise,1,activation,producer,1,0,10,0.02739863947088068,0.9912545454545455,0.08515528589487076,0.9765999913215637,0.059229690581560135,0.020600000396370888,0.2707192897796631,0.2704930901527405,1.0
elementwise,1,activation,producer,1,0,11,0.02557217684659091,0.9917090909090909,0.0529923215508461,0.9865999817848206,0.02380351722240448,0.009200000204145908,0.23541122674942017,0.2351374626159668,1.0
elementwise,1,activation,producer,1,0,12,0.0243190185546875,0.991890909090909,0.05442050099372864,0.9851999878883362,0.013496576808393002,0.008599999360740185,0.16578218340873718,0.16537487506866455,1.0
elementwise,1,activation,producer,1,1,1,0.24153196022727272,0.9264545454545454,0.11120705306529999,0.967199981212616,0.0709897130727768,0.028999999165534973,0.46612298488616943,0.4660685956478119,1.0
elementwise,1,activation,producer,1,1,2,0.07807781427556819,0.9758727272727272,0.08297491073608398,0.975600004196167,0.05917557328939438,0.024000000208616257,0.41348797082901,0.4134337604045868,1.0
elementwise,1,activation,producer,1,1,3,0.061069504616477276,0.9806909090909091,0.068919837474823,0.9779999852180481,0.0341370515525341,0.01939999870955944,0.3407297134399414,0.34063151478767395,1.0
elementwise,1,activation,producer,1,1,4,0.049736004083806816,0.9846181818181818,0.06503959745168686,0.9819999933242798,0.02884998731315136,0.0142000000923872,0.34853821992874146,0.34848296642303467,1.0
elementwise,1,activation,producer,1,1,5,0.042451890980113635,0.9864727272727273,0.054384492337703705,0.9857999682426453,0.03136727213859558,0.013799999840557575,0.2935618460178375,0.2934983968734741,1.0
elementwise,1,activation,producer,1,1,6,0.03842531072443182,0.9878,0.049760572612285614,0.9869999885559082,0.017136089503765106,0.009999999776482582,0.23077920079231262,0.23063835501670837,1.0
elementwise,1,activation,producer,1,1,7,0.034253444602272726,0.9893636363636363,0.046301037073135376,0.9875999689102173,0.018684953451156616,0.009599999524652958,0.24360108375549316,0.24351809918880463,1.0
elementwise,1,activation,producer,1,1,8,0.031254001686789774,0.9903272727272727,0.049755677580833435,0.9855999946594238,0.029318831861019135,0.013199999928474426,0.2724834680557251,0.2724125385284424,1.0
elementwise,1,activation,producer,1,1,9,0.028971122602982954,0.9905454545454545,0.05492369830608368,0.9847999811172485,0.025766881182789803,0.01119999960064888,0.22450058162212372,0.2243463695049286,1.0
elementwise,1,activation,producer,1,1,10,0.027018088600852273,0.9912363636363636,0.04458969086408615,0.989799976348877,0.02040972001850605,0.010400000028312206,0.1784861534833908,0.17818748950958252,1.0
elementwise,1,activation,producer,1,1,11,0.024651220703125,0.9922181818181818,0.04986459016799927,0.986799955368042,0.02402772754430771,0.010799999348819256,0.20440365374088287,0.20417962968349457,1.0
elementwise,1,activation,producer,1,1,12,0.02220926180752841,0.9928545454545454,0.05142974108457565,0.9855999946594238,0.005990440957248211,0.003999999724328518,0.1280895471572876,0.12767067551612854,1.0
elementwise,1,activation,producer,1,2,1,0.2313318359375,0.9296909090909091,0.0966545045375824,0.97079998254776,0.059425272047519684,0.024399999529123306,0.46036168932914734,0.4603368639945984,1.0
elementwise,1,activation,producer,1,2,2,0.07362813387784091,0.9761454545454545,0.06705360859632492,0.9799999594688416,0.03170040249824524,0.014800000004470348,0.36101382970809937,0.36093366146087646,1.0
elementwise,1,activation,producer,1,2,3,0.056789111328125,0.9821636363636363,0.07305166870355606,0.9775999784469604,0.045372482389211655,0.01719999872148037,0.3942708671092987,0.39428964257240295,1.0
elementwise,1,activation,producer,1,2,4,0.04656992631392046,0.9849636363636364,0.05888881906867027,0.9815999865531921,0.026235247030854225,0.011799999512732029,0.3122412860393524,0.3122214376926422,1.0
elementwise,1,activation,producer,1,2,5,0.04080580166903409,0.9870909090909091,0.06572090834379196,0.9803999662399292,0.034376487135887146,0.014999999664723873,0.30209842324256897,0.3020854890346527,1.0
elementwise,1,activation,producer,1,2,6,0.03692426979758523,0.9881636363636364,0.060254789888858795,0.983199954032898,0.023869827389717102,0.010999999940395355,0.25985202193260193,0.2597963213920593,1.0
elementwise,1,activation,producer,1,2,7,0.03193329634232955,0.9901636363636364,0.05098270997405052,0.9873999953269958,0.015964334830641747,0.007799999788403511,0.21481892466545105,0.2147504985332489,1.0
elementwise,1,activation,producer,1,2,8,0.029702903053977273,0.9903818181818181,0.04862333461642265,0.9875999689102173,0.013415382243692875,0.00699999975040555,0.18362200260162354,0.18346193432807922,1.0
elementwise,1,activation,producer,1,2,9,0.027267859996448863,0.9912363636363636,0.046242255717515945,0.9881999492645264,0.01408729050308466,0.007799999788403511,0.1866573840379715,0.18657371401786804,1.0
elementwise,1,activation,producer,1,2,10,0.024126540305397726,0.9921818181818182,0.047625329345464706,0.9881999492645264,0.014950687997043133,0.006599999964237213,0.17640100419521332,0.17630635201931,1.0
elementwise,1,activation,producer,1,2,11,0.0232486083984375,0.9926,0.05328826978802681,0.9865999817848206,0.01614104025065899,0.007400000002235174,0.18797123432159424,0.18774650990962982,1.0
elementwise,1,activation,producer,1,2,12,0.022046830610795456,0.9926545454545455,0.046175453811883926,0.9873999953269958,0.005948906764388084,0.006000000052154064,0.11737095564603806,0.11720670759677887,1.0
elementwise,1,activation,producer,2,0,1,0.2439183416193182,0.9263636363636364,0.09553317725658417,0.972599983215332,0.05839337781071663,0.024000000208616257,0.47442570328712463,0.474246621131897,1.0
elementwise,1,activation,producer,2,0,2,0.07918533380681818,0.9745454545454545,0.07333184778690338,0.9791999459266663,0.0465998612344265,0.019199999049305916,0.39330512285232544,0.3931978642940521,1.0
elementwise,1,activation,producer,2,0,3,0.06073994140625,0.9808545454545454,0.06488953530788422,0.9807999730110168,0.02644246444106102,0.012799999676644802,0.32975614070892334,0.3296239674091339,1.0
elementwise,1,activation,producer,2,0,4,0.050170561079545456,0.9846909090909091,0.060806017369031906,0.9829999804496765,0.022135766223073006,0.011799999512732029,0.3014340102672577,0.3014119565486908,1.0
elementwise,1,activation,producer,2,0,5,0.045712140447443185,0.9859272727272728,0.05833077430725098,0.9835999608039856,0.02334430254995823,0.012199999764561653,0.2805332541465759,0.2805222272872925,1.0
elementwise,1,activation,producer,2,0,6,0.039114164595170454,0.9876,0.05041377991437912,0.9883999824523926,0.014946233481168747,0.007400000002235174,0.2637820541858673,0.2637697756290436,1.0
elementwise,1,activation,producer,2,0,7,0.03522507990056818,0.9889272727272728,0.051893629133701324,0.9855999946594238,0.016026275232434273,0.008999999612569809,0.21416594088077545,0.2141256481409073,1.0
elementwise,1,activation,producer,2,0,8,0.032059033203125,0.9897272727272727,0.04748419299721718,0.986799955368042,0.011121924966573715,0.006199999712407589,0.20762018859386444,0.2075556367635727,1.0
elementwise,1,activation,producer,2,0,9,0.029080300071022726,0.9910181818181818,0.05671707168221474,0.9851999878883362,0.018069079145789146,0.009200000204145908,0.19371794164180756,0.1936851441860199,1.0
elementwise,1,activation,producer,2,0,10,0.026725435014204546,0.9915090909090909,0.0769810751080513,0.9781999588012695,0.045949146151542664,0.01759999990463257,0.2186458706855774,0.21860907971858978,1.0
elementwise,1,activation,producer,2,0,11,0.024727281605113637,0.9920181818181818,0.050484661012887955,0.986799955368042,0.014868081547319889,0.007599999662488699,0.16564393043518066,0.16556932032108307,1.0
elementwise,1,activation,producer,2,0,12,0.02344767844460227,0.9928,0.050881579518318176,0.9860000014305115,0.003425802569836378,0.004399999976158142,0.08288705348968506,0.0826805904507637,1.0
elementwise,1,activation,producer,2,1,1,0.23650640980113635,0.9289818181818181,0.10637001693248749,0.9675999879837036,0.06585316359996796,0.028599999845027924,0.4621766209602356,0.462168425321579,1.0
elementwise,1,activation,producer,2,1,2,0.0763626953125,0.9765636363636364,0.07537388056516647,0.9785999655723572,0.05077812820672989,0.020600000396370888,0.4008296728134155,0.400816947221756,1.0
elementwise,1,activation,producer,2,1,3,0.05895995205965909,0.9814727272727273,0.06860123574733734,0.9803999662399292,0.032333530485630035,0.018199998885393143,0.3445347845554352,0.3445100486278534,1.0
elementwise,1,activation,producer,2,1,4,0.04811957563920455,0.984890909090909,0.06450957804918289,0.9821999669075012,0.02704709954559803,0.015599999576807022,0.34518495202064514,0.3451896011829376,1.0
elementwise,1,activation,producer,2,1,5,0.04110515802556818,0.9868727272727272,0.05206911638379097,0.9857999682426453,0.02489163540303707,0.011599999852478504,0.2930784821510315,0.29307958483695984,1.0
elementwise,1,activation,producer,2,1,6,0.03704925648082386,0.9882545454545455,0.04791100323200226,0.9871999621391296,0.015174620784819126,0.010199999436736107,0.23416119813919067,0.2341393679380417,1.0
elementwise,1,activation,producer,2,1,7,0.03351561612215909,0.9897454545454546,0.04632877558469772,0.986799955368042,0.018540121614933014,0.010599999688565731,0.2381603717803955,0.23815539479255676,1.0
elementwise,1,activation,producer,2,1,8,0.029936516779119317,0.9907818181818182,0.05088218301534653,0.9855999946594238,0.026861339807510376,0.013399999588727951,0.2602625787258148,0.26027238368988037,1.0
elementwise,1,activation,producer,2,1,9,0.027450037730823863,0.9911636363636364,0.0599282942712307,0.9835999608039856,0.025065025314688683,0.013199999928474426,0.2195134162902832,0.21949175000190735,1.0
elementwise,1,activation,producer,2,1,10,0.02513980379971591,0.9919636363636364,0.04692287743091583,0.9878000020980835,0.023016517981886864,0.010799999348819256,0.17551688849925995,0.17544205486774445,1.0
elementwise,1,activation,producer,2,1,11,0.02333331631747159,0.9924545454545455,0.05074082687497139,0.9863999485969543,0.019675493240356445,0.010999999940395355,0.16812226176261902,0.16807682812213898,1.0
elementwise,1,activation,producer,2,1,12,0.0205618408203125,0.9936,0.04774303734302521,0.9873999953269958,0.0027417284436523914,0.0031999999191612005,0.07076533138751984,0.07053697854280472,1.0
elementwise,1,activation,producer,2,2,1,0.22740658735795455,0.9309090909090909,0.09069644659757614,0.9733999967575073,0.053631335496902466,0.021199999377131462,0.45757147669792175,0.4575344920158386,1.0
elementwise,1,activation,producer,2,2,2,0.07233193803267045,0.9769454545454546,0.06612710654735565,0.9803999662399292,0.030301237478852272,0.0142000000923872,0.35816675424575806,0.35807767510414124,1.0
elementwise,1,activation,producer,2,2,3,0.05489048739346591,0.9835090909090909,0.07684428989887238,0.977400004863739,0.04640762880444527,0.016999999061226845,0.3906098008155823,0.3906334340572357,1.0
elementwise,1,activation,producer,2,2,4,0.044897509765625,0.9861454545454545,0.06177569553256035,0.9805999994277954,0.028004812076687813,0.0139999995008111,0.3116225004196167,0.31162479519844055,1.0
elementwise,1,activation,producer,2,2,5,0.03912379261363636,0.9876545454545455,0.056557923555374146,0.9837999939918518,0.024330925196409225,0.01119999960064888,0.2945919334888458,0.2945915460586548,1.0
elementwise,1,activation,producer,2,2,6,0.0349119140625,0.9887272727272727,0.057507649064064026,0.9839999675750732,0.020464690402150154,0.009999999776482582,0.24956439435482025,0.24952811002731323,1.0
elementwise,1,activation,producer,2,2,7,0.030628706498579544,0.9904545454545455,0.05258040875196457,0.9855999946594238,0.015586004592478275,0.008799999952316284,0.21181169152259827,0.21177321672439575,1.0
elementwise,1,activation,producer,2,2,8,0.028083724698153407,0.9912363636363636,0.046957649290561676,0.9881999492645264,0.010639190673828125,0.006399999838322401,0.17594923079013824,0.17588700354099274,1.0
elementwise,1,activation,producer,2,2,9,0.025557914595170456,0.9917272727272727,0.04488988593220711,0.9881999492645264,0.013004940003156662,0.00699999975040555,0.18998536467552185,0.18999150395393372,1.0
elementwise,1,activation,producer,2,2,10,0.02292767666903409,0.9925090909090909,0.04713812842965126,0.9875999689102173,0.014506670646369457,0.006799999624490738,0.1589539349079132,0.15892653167247772,1.0
elementwise,1,activation,producer,2,2,11,0.020912269176136363,0.9934545454545455,0.04833804443478584,0.9879999756813049,0.011508747935295105,0.005799999926239252,0.1617487668991089,0.16167572140693665,1.0
elementwise,1,activation,producer,2,2,12,0.01966977317116477,0.9937272727272727,0.04170485958456993,0.9905999898910522,0.0023186146281659603,0.0026000000070780516,0.06970952451229095,0.06963222473859787,1.0
elementwise,1,activation,producer,3,0,1,0.24296990411931818,0.9265272727272728,0.09116100519895554,0.9739999771118164,0.05510178580880165,0.02419999986886978,0.47491106390953064,0.4747651517391205,1.0
elementwise,1,activation,producer,3,0,2,0.07860542436079546,0.9751272727272727,0.0744953602552414,0.9789999723434448,0.04673383757472038,0.019199999049305916,0.39046764373779297,0.3903694450855255,1.0
elementwise,1,activation,producer,3,0,3,0.06036851029829546,0.9812909090909091,0.06565780192613602,0.9815999865531921,0.026713518425822258,0.012000000104308128,0.3314061164855957,0.33130374550819397,1.0
elementwise,1,activation,producer,3,0,4,0.049761070667613636,0.9848363636363636,0.058924511075019836,0.9827999472618103,0.020533695816993713,0.012600000016391277,0.3081531524658203,0.3081563711166382,1.0
elementwise,1,activation,producer,3,0,5,0.044907643821022726,0.9862181818181818,0.05872111767530441,0.9829999804496765,0.023663464933633804,0.012399999424815178,0.2839113771915436,0.283922016620636,1.0
elementwise,1,activation,producer,3,0,6,0.038873974609375,0.9876727272727273,0.051286570727825165,0.9878000020980835,0.016067447140812874,0.007400000002235174,0.2729233205318451,0.2729550302028656,1.0
elementwise,1,activation,producer,3,0,7,0.035032743696732954,0.9890545454545454,0.05103868246078491,0.9860000014305115,0.013927863910794258,0.007199999876320362,0.20939938724040985,0.2093793749809265,1.0
elementwise,1,activation,producer,3,0,8,0.03135585493607954,0.9904181818181819,0.047150619328022,0.9863999485969543,0.011193197220563889,0.005799999926239252,0.20968583226203918,0.20967510342597961,1.0
elementwise,1,activation,producer,3,0,9,0.02862981622869318,0.9913272727272727,0.05435483902692795,0.9851999878883362,0.015096932649612427,0.008599999360740185,0.18423178791999817,0.18423280119895935,1.0
elementwise,1,activation,producer,3,0,10,0.026513742897727274,0.9917818181818182,0.06879016011953354,0.9811999797821045,0.03670491278171539,0.013799999840557575,0.2044353038072586,0.2044515609741211,1.0
elementwise,1,activation,producer,3,0,11,0.02382311345880682,0.9924,0.05071885511279106,0.9847999811172485,0.015725817531347275,0.007799999788403511,0.17168070375919342,0.17168371379375458,1.0
elementwise,1,activation,producer,3,0,12,0.022694932972301136,0.9926727272727273,0.047315120697021484,0.9869999885559082,0.0008578738779760897,0.0023999998811632395,0.04629320651292801,0.046209532767534256,1.0
elementwise,1,activation,producer,3,1,1,0.23475209517045453,0.9288,0.10262387990951538,0.9705999493598938,0.06255745142698288,0.025999998673796654,0.46277645230293274,0.4627661406993866,1.0
elementwise,1,activation,producer,3,1,2,0.0760330078125,0.9768,0.07674403488636017,0.9779999852180481,0.05059419944882393,0.021399999037384987,0.4079030454158783,0.40789613127708435,1.0
elementwise,1,activation,producer,3,1,3,0.058178169389204545,0.9814181818181819,0.0691215768456459,0.9795999526977539,0.03268227353692055,0.018199998885393143,0.34156155586242676,0.3415478765964508,1.0
elementwise,1,activation,producer,3,1,4,0.04781505237926136,0.984909090909091,0.06399532407522202,0.9809999465942383,0.026862774044275284,0.015199999324977398,0.340957909822464,0.3409702777862549,1.0
elementwise,1,activation,producer,3,1,5,0.04097140003551136,0.987,0.05303608253598213,0.98499995470047,0.024979060515761375,0.011799999512732029,0.28576767444610596,0.285775750875473,1.0
elementwise,1,activation,producer,3,1,6,0.03662824928977273,0.9885818181818182,0.049562375992536545,0.9865999817848206,0.015679147094488144,0.010599999688565731,0.22714851796627045,0.22714760899543762,1.0
elementwise,1,activation,producer,3,1,7,0.03301766690340909,0.9898181818181818,0.04733913764357567,0.9863999485969543,0.01797867752611637,0.010400000028312206,0.23843392729759216,0.23843657970428467,1.0
elementwise,1,activation,producer,3,1,8,0.029962309126420453,0.9904909090909091,0.05206466093659401,0.98499995470047,0.027329012751579285,0.012199999764561653,0.2588183581829071,0.25883445143699646,1.0
elementwise,1,activation,producer,3,1,9,0.027471031605113636,0.9909818181818182,0.0598214715719223,0.983199954032898,0.024877671152353287,0.012600000016391277,0.21199165284633636,0.21199987828731537,1.0
elementwise,1,activation,producer,3,1,10,0.025222172407670454,0.9922,0.046802960336208344,0.9878000020980835,0.021255338564515114,0.009800000116229057,0.17244407534599304,0.17239825427532196,1.0
elementwise,1,activation,producer,3,1,11,0.022747563032670455,0.9929454545454546,0.053734105080366135,0.9843999743461609,0.0208639707416296,0.012799999676644802,0.17771080136299133,0.1777157336473465,1.0
elementwise,1,activation,producer,3,1,12,0.020251234019886363,0.9936363636363637,0.05035582557320595,0.9861999750137329,0.0012729039881378412,0.003000000026077032,0.04798818752169609,0.047894153743982315,1.0
elementwise,1,activation,producer,3,2,1,0.2266861505681818,0.9314181818181818,0.0885455310344696,0.974399983882904,0.05168990418314934,0.020600000396370888,0.4582696259021759,0.45823341608047485,1.0
elementwise,1,activation,producer,3,2,2,0.07158176935369318,0.9777454545454546,0.06364375352859497,0.9824000000953674,0.0272720567882061,0.012399999424815178,0.3545818626880646,0.3545064330101013,1.0
elementwise,1,activation,producer,3,2,3,0.05422448508522727,0.9836363636363636,0.07415474951267242,0.9777999520301819,0.04363194480538368,0.016599999740719795,0.3914555013179779,0.3914928436279297,1.0
elementwise,1,activation,producer,3,2,4,0.044360413707386366,0.9864,0.05937959626317024,0.9815999865531921,0.025714242830872536,0.013199999928474426,0.3141987919807434,0.31420448422431946,1.0
elementwise,1,activation,producer,3,2,5,0.038267405007102274,0.9878727272727272,0.05645046383142471,0.98499995470047,0.023365063592791557,0.010599999688565731,0.2919869124889374,0.29200640320777893,1.0
elementwise,1,activation,producer,3,2,6,0.03412979403409091,0.9890181818181818,0.056403979659080505,0.9845999479293823,0.019567683339118958,0.009399999864399433,0.2462010234594345,0.24610143899917603,1.0
elementwise,1,activation,producer,3,2,7,0.029953373579545455,0.9905090909090909,0.04983828216791153,0.986799955368042,0.013022552244365215,0.00839999970048666,0.2015112042427063,0.20144690573215485,1.0
elementwise,1,activation,producer,3,2,8,0.027040616122159092,0.9915636363636363,0.04482203722000122,0.9887999892234802,0.009116739965975285,0.004999999888241291,0.17632432281970978,0.17627325654029846,1.0
elementwise,1,activation,producer,3,2,9,0.024783507191051136,0.9921636363636364,0.043754301965236664,0.9896000027656555,0.010874570347368717,0.006199999712407589,0.18029870092868805,0.18029247224330902,1.0
elementwise,1,activation,producer,3,2,10,0.021759028764204547,0.9925272727272727,0.04337119311094284,0.989799976348877,0.010328668169677258,0.004600000102072954,0.13895344734191895,0.13894754648208618,1.0
elementwise,1,activation,producer,3,2,11,0.020107963423295454,0.9935454545454545,0.04767642915248871,0.9879999756813049,0.010134154930710793,0.00559999980032444,0.14984408020973206,0.14983388781547546,1.0
elementwise,1,activation,producer,3,2,12,0.01905791903409091,0.9935818181818182,0.0415552593767643,0.9896000027656555,0.0008181287557817996,0.0017999999690800905,0.04100213199853897,0.04089242219924927,1.0
elementwise,1,activation,producer,4,0,1,0.2433287109375,0.9263090909090909,0.09199833124876022,0.9727999567985535,0.055269546806812286,0.02419999986886978,0.4742085933685303,0.4740496277809143,1.0
elementwise,1,activation,producer,4,0,2,0.07857811612215909,0.9754181818181819,0.07387697696685791,0.9791999459266663,0.04581611603498459,0.01899999938905239,0.39628171920776367,0.39619144797325134,1.0
elementwise,1,activation,producer,4,0,3,0.060318128551136364,0.9813454545454545,0.0652453601360321,0.9825999736785889,0.026686547324061394,0.011799999512732029,0.3317929804325104,0.33170175552368164,1.0
elementwise,1,activation,producer,4,0,4,0.04979003018465909,0.9847272727272727,0.05835864320397377,0.9835999608039856,0.020319152623414993,0.011599999852478504,0.30801841616630554,0.30801922082901,1.0
elementwise,1,activation,producer,4,0,5,0.044822398792613634,0.9861090909090909,0.05799059569835663,0.9839999675750732,0.022419845685362816,0.011799999512732029,0.28217992186546326,0.28219765424728394,1.0
elementwise,1,activation,producer,4,0,6,0.038673255504261365,0.9877272727272727,0.05287747085094452,0.9871999621391296,0.017500268295407295,0.008599999360740185,0.2791907787322998,0.2792271077632904,1.0
elementwise,1,activation,producer,4,0,7,0.03501614879261364,0.9891636363636364,0.05079137533903122,0.9863999485969543,0.014097857289016247,0.007799999788403511,0.20850770175457,0.20849831402301788,1.0
elementwise,1,activation,producer,4,0,8,0.03136026278409091,0.9902727272727273,0.04788912460207939,0.9865999817848206,0.011657154187560081,0.006199999712407589,0.21495431661605835,0.21495774388313293,1.0
elementwise,1,activation,producer,4,0,9,0.028756622869318182,0.9910181818181818,0.054686039686203,0.9857999682426453,0.01493691373616457,0.009399999864399433,0.17870140075683594,0.17871913313865662,1.0
elementwise,1,activation,producer,4,0,10,0.02634912997159091,0.9916545454545455,0.06663265079259872,0.9809999465942383,0.03487679734826088,0.013199999928474426,0.20029668509960175,0.20032723248004913,1.0
elementwise,1,activation,producer,4,0,11,0.023713454367897728,0.9924727272727273,0.05148155987262726,0.9857999682426453,0.01650231145322323,0.007799999788403511,0.17519398033618927,0.17520897090435028,1.0
elementwise,1,activation,producer,4,0,12,0.022580928178267047,0.9928545454545454,0.04682767763733864,0.9869999885559082,0.0004343318287283182,0.002199999988079071,0.02756570093333721,0.027495676651597023,1.0
elementwise,1,activation,producer,4,1,1,0.2344174715909091,0.9287272727272727,0.10375355184078217,0.9691999554634094,0.06343241035938263,0.027400000020861626,0.4638005793094635,0.4637966752052307,1.0
elementwise,1,activation,producer,4,1,2,0.07575753728693181,0.9767454545454546,0.07588528841733932,0.9783999919891357,0.05032993108034134,0.020800000056624413,0.4037645757198334,0.4037708640098572,1.0
elementwise,1,activation,producer,4,1,3,0.05830925958806818,0.9814545454545455,0.06914588063955307,0.9795999526977539,0.03211960196495056,0.017400000244379044,0.3358895182609558,0.33587223291397095,1.0
elementwise,1,activation,producer,4,1,4,0.047645068359375,0.985,0.06285350024700165,0.9815999865531921,0.02562783658504486,0.014999999664723873,0.34251275658607483,0.3425286114215851,1.0
elementwise,1,activation,producer,4,1,5,0.04078121892755682,0.9872,0.0538027361035347,0.9851999878883362,0.025627324357628822,0.012000000104308128,0.2863505184650421,0.28636711835861206,1.0
elementwise,1,activation,producer,4,1,6,0.03649773837002841,0.9884,0.04934333637356758,0.9863999485969543,0.01391972042620182,0.009599999524652958,0.22501921653747559,0.22502638399600983,1.0
elementwise,1,activation,producer,4,1,7,0.03285752397017046,0.9898363636363636,0.0464974083006382,0.9865999817848206,0.017559627071022987,0.009999999776482582,0.23750123381614685,0.23751415312290192,1.0
elementwise,1,activation,producer,4,1,8,0.029665001331676138,0.9906727272727273,0.049824800342321396,0.9847999811172485,0.024708406999707222,0.013199999928474426,0.25525909662246704,0.2552807927131653,1.0
elementwise,1,activation,producer,4,1,9,0.0272560302734375,0.9911818181818182,0.060648705810308456,0.9829999804496765,0.024725262075662613,0.012600000016391277,0.2136939913034439,0.2137109786272049,1.0
elementwise,1,activation,producer,4,1,10,0.025168359375,0.9920363636363636,0.045915208756923676,0.9883999824523926,0.02162444032728672,0.009999999776482582,0.1788647472858429,0.1788216531276703,1.0
elementwise,1,activation,producer,4,1,11,0.02279505948153409,0.9927818181818182,0.05371226742863655,0.9851999878883362,0.02207951247692108,0.012399999424815178,0.17753295600414276,0.1775476634502411,1.0
elementwise,1,activation,producer,4,1,12,0.020122893732244317,0.993909090909091,0.04907715320587158,0.986799955368042,0.00031358798150904477,0.00139999995008111,0.024880215525627136,0.0248183012008667,1.0
elementwise,1,activation,producer,4,2,1,0.22631400923295455,0.931509090909091,0.08856725692749023,0.9733999967575073,0.051506027579307556,0.021399999037384987,0.4569663107395172,0.4569290280342102,1.0
elementwise,1,activation,producer,4,2,2,0.07136186079545455,0.9774909090909091,0.0638936311006546,0.9815999865531921,0.02807817980647087,0.013199999928474426,0.35557791590690613,0.355521559715271,1.0
elementwise,1,activation,producer,4,2,3,0.054205237926136365,0.9835454545454545,0.07158471643924713,0.9789999723434448,0.04095851629972458,0.015399999916553497,0.3851488530635834,0.38518548011779785,1.0
elementwise,1,activation,producer,4,2,4,0.04426331232244318,0.9863818181818181,0.05953644961118698,0.9817999601364136,0.026070958003401756,0.012799999676644802,0.3131224513053894,0.31314465403556824,1.0
elementwise,1,activation,producer,4,2,5,0.03819407404119318,0.988,0.05496113747358322,0.98499995470047,0.022191977128386497,0.010199999436736107,0.2906673848628998,0.2906914949417114,1.0
elementwise,1,activation,producer,4,2,6,0.03412671342329546,0.9890909090909091,0.05418176203966141,0.9855999946594238,0.017482493072748184,0.008799999952316284,0.24798333644866943,0.24789996445178986,1.0
elementwise,1,activation,producer,4,2,7,0.029812022816051137,0.9904363636363637,0.04881339147686958,0.9875999689102173,0.012430990114808083,0.007400000002235174,0.19950975477695465,0.19947117567062378,1.0
elementwise,1,activation,producer,4,2,8,0.02711198508522727,0.9913454545454545,0.04483127221465111,0.9891999959945679,0.009253009222447872,0.004799999762326479,0.17592528462409973,0.17588171362876892,1.0
elementwise,1,activation,producer,4,2,9,0.024666022283380683,0.9922181818181818,0.04265861213207245,0.988599956035614,0.010063272900879383,0.006399999838322401,0.17724820971488953,0.17725513875484467,1.0
elementwise,1,activation,producer,4,2,10,0.021843574662642046,0.9926,0.04336846247315407,0.9896000027656555,0.010135073214769363,0.004999999888241291,0.14084352552890778,0.1408499777317047,1.0
elementwise,1,activation,producer,4,2,11,0.020157124467329545,0.9935272727272727,0.0472363643348217,0.9891999959945679,0.009405456483364105,0.005399999674409628,0.1439533233642578,0.143917515873909,1.0
elementwise,1,activation,producer,4,2,12,0.018792278497869318,0.9938545454545454,0.04024173691868782,0.989799976348877,0.0002868546871468425,0.0009999999310821295,0.02761760726571083,0.027559354901313782,1.0
elementwise,1,activation,producer,5,0,1,0.24298803267045455,0.9263090909090909,0.09116524457931519,0.973800003528595,0.05468684062361717,0.024000000208616257,0.47446736693382263,0.47431764006614685,1.0
elementwise,1,activation,producer,5,0,2,0.07846321910511364,0.9754,0.07478445023298264,0.9783999919891357,0.0471259169280529,0.01979999989271164,0.3957532048225403,0.3956676423549652,1.0
elementwise,1,activation,producer,5,0,3,0.06027681107954545,0.9813272727272727,0.06515020877122879,0.9821999669075012,0.026514146476984024,0.011799999512732029,0.3299761116504669,0.3298620581626892,1.0
elementwise,1,activation,producer,5,0,4,0.04974345703125,0.9848363636363636,0.05833575502038002,0.9833999872207642,0.020439039915800095,0.012399999424815178,0.30857622623443604,0.30857744812965393,1.0
elementwise,1,activation,producer,5,0,5,0.04485899769176136,0.9861818181818182,0.05752740427851677,0.9842000007629395,0.02231213077902794,0.011599999852478504,0.28138449788093567,0.28140196204185486,1.0
elementwise,1,activation,producer,5,0,6,0.03857923029119318,0.9877454545454546,0.05177568271756172,0.9881999492645264,0.01683688536286354,0.007799999788403511,0.2763855755329132,0.27641892433166504,1.0
elementwise,1,activation,producer,5,0,7,0.03498901145241477,0.9892545454545455,0.05076105520129204,0.9861999750137329,0.013860836625099182,0.007999999448657036,0.21035128831863403,0.21034467220306396,1.0
elementwise,1,activation,producer,5,0,8,0.031215613902698863,0.9902727272727273,0.047643937170505524,0.9865999817848206,0.011371597647666931,0.006000000052154064,0.2147865891456604,0.2147851586341858,1.0
elementwise,1,activation,producer,5,0,9,0.028745070578835227,0.991,0.05492991954088211,0.9855999946594238,0.015766380354762077,0.009999999776482582,0.18434053659439087,0.18435196578502655,1.0
elementwise,1,activation,producer,5,0,10,0.026240165571732955,0.9917454545454546,0.06834858655929565,0.9803999662399292,0.03652861714363098,0.013799999840557575,0.199557363986969,0.19958694279193878,1.0
elementwise,1,activation,producer,5,0,11,0.023716712535511365,0.9925818181818182,0.04981471225619316,0.9860000014305115,0.015274462290108204,0.006799999624490738,0.1685948669910431,0.16859762370586395,1.0
elementwise,1,activation,producer,5,0,12,0.02255495827414773,0.9929272727272728,0.04607771337032318,0.9878000020980835,0.00041890639113262296,0.001999999862164259,0.03256591409444809,0.03243885561823845,1.0
elementwise,1,activation,producer,5,1,1,0.23464302201704546,0.9290181818181819,0.1027761697769165,0.9684000015258789,0.06244794651865959,0.027799999341368675,0.46344053745269775,0.46343985199928284,1.0
elementwise,1,activation,producer,5,1,2,0.07566944247159091,0.9766727272727272,0.0761258527636528,0.9781999588012695,0.05045824870467186,0.020800000056624413,0.40389779210090637,0.4039113521575928,1.0
elementwise,1,activation,producer,5,1,3,0.058272265625,0.9818,0.06792695075273514,0.9807999730110168,0.030758757144212723,0.016599999740719795,0.3364945948123932,0.33649247884750366,1.0
elementwise,1,activation,producer,5,1,4,0.04765528675426137,0.9851454545454545,0.06307472288608551,0.9813999533653259,0.02595403417944908,0.015399999916553497,0.3445197343826294,0.34454038739204407,1.0
elementwise,1,activation,producer,5,1,5,0.040789612926136365,0.9873090909090909,0.05285568907856941,0.9851999878883362,0.024815412238240242,0.012600000016391277,0.28659316897392273,0.2866115868091583,1.0
elementwise,1,activation,producer,5,1,6,0.036452432528409094,0.9885090909090909,0.049469392746686935,0.9863999485969543,0.01423516497015953,0.009999999776482582,0.22483035922050476,0.22483886778354645,1.0
elementwise,1,activation,producer,5,1,7,0.032713765092329546,0.9898,0.046107273548841476,0.9873999953269958,0.01657995954155922,0.009399999864399433,0.2361307293176651,0.2361411303281784,1.0
elementwise,1,activation,producer,5,1,8,0.029693678977272726,0.9905818181818182,0.050243403762578964,0.9851999878883362,0.02519465610384941,0.012399999424815178,0.25508785247802734,0.2551177144050598,1.0
elementwise,1,activation,producer,5,1,9,0.02723520285866477,0.9910909090909091,0.06073834374547005,0.983199954032898,0.02491842210292816,0.012199999764561653,0.21367593109607697,0.2136964201927185,1.0
elementwise,1,activation,producer,5,1,10,0.0250594970703125,0.992,0.046645551919937134,0.9883999824523926,0.02133006788790226,0.009800000116229057,0.17459507286548615,0.1745716780424118,1.0
elementwise,1,activation,producer,5,1,11,0.022681562943892047,0.9928181818181818,0.05333356931805611,0.98499995470047,0.020587261766195297,0.012199999764561653,0.17532560229301453,0.17534630000591278,1.0
elementwise,1,activation,producer,5,1,12,0.019956787109375,0.9940545454545454,0.050209540873765945,0.986799955368042,0.00020281733304727823,0.0009999999310821295,0.01891317591071129,0.018865808844566345,1.0
elementwise,1,activation,producer,5,2,1,0.2262730646306818,0.9312181818181818,0.08845920115709305,0.9741999506950378,0.051347605884075165,0.020800000056624413,0.4571695327758789,0.45714500546455383,1.0
elementwise,1,activation,producer,5,2,2,0.07125320490056818,0.9776181818181818,0.06440773606300354,0.9819999933242798,0.028254546225070953,0.012799999676644802,0.3556970953941345,0.3556504547595978,1.0
elementwise,1,activation,producer,5,2,3,0.05412327769886364,0.9835636363636364,0.07284266501665115,0.9779999852180481,0.042242858558893204,0.01640000008046627,0.3868406414985657,0.3868836760520935,1.0
elementwise,1,activation,producer,5,2,4,0.04425412819602273,0.9863090909090909,0.05996677279472351,0.9813999533653259,0.026111913844943047,0.012399999424815178,0.3138257563114166,0.313844233751297,1.0
elementwise,1,activation,producer,5,2,5,0.03816541193181818,0.9881454545454545,0.056134022772312164,0.9847999811172485,0.02354765497148037,0.010799999348819256,0.29213419556617737,0.2921566963195801,1.0
elementwise,1,activation,producer,5,2,6,0.03420686257102273,0.9890909090909091,0.05532534047961235,0.9845999479293823,0.018610503524541855,0.009399999864399433,0.2516065835952759,0.2515488564968109,1.0
elementwise,1,activation,producer,5,2,7,0.0297568359375,0.9905636363636363,0.04883916676044464,0.9873999953269958,0.012479366734623909,0.007599999662488699,0.20079059898853302,0.20073597133159637,1.0
elementwise,1,activation,producer,5,2,8,0.027066279740767047,0.9915090909090909,0.04533281549811363,0.988599956035614,0.00976250134408474,0.005399999674409628,0.17294193804264069,0.17288173735141754,1.0
elementwise,1,activation,producer,5,2,9,0.024765966796875,0.9922181818181818,0.04276056960225105,0.9896000027656555,0.009856609627604485,0.006000000052154064,0.17429427802562714,0.17429904639720917,1.0
elementwise,1,activation,producer,5,2,10,0.021832790305397726,0.9926363636363637,0.04330558329820633,0.9889999628067017,0.010668877512216568,0.00559999980032444,0.1433091163635254,0.143326997756958,1.0
elementwise,1,activation,producer,5,2,11,0.0201882568359375,0.9934181818181819,0.04717463254928589,0.9887999892234802,0.009528936818242073,0.005399999674409628,0.1460544615983963,0.14605598151683807,1.0
elementwise,1,activation,producer,5,2,12,0.018755051491477274,0.9939272727272728,0.04024086892604828,0.9907999634742737,0.00020992140343878418,0.0007999999797903001,0.022400610148906708,0.02234586514532566,1.0
elementwise,1,activation,producer,7,0,1,0.24278510298295455,0.9261636363636364,0.09162402898073196,0.9731999635696411,0.05488276109099388,0.02459999918937683,0.4736025035381317,0.4734751582145691,1.0
elementwise,1,activation,producer,7,0,2,0.07838355823863637,0.9753272727272727,0.07435154914855957,0.9785999655723572,0.046556711196899414,0.019199999049305916,0.395951509475708,0.3958551585674286,1.0
elementwise,1,activation,producer,7,0,3,0.060043488103693185,0.9812363636363637,0.06552645564079285,0.9824000000953674,0.026704445481300354,0.012000000104308128,0.33225467801094055,0.3321579396724701,1.0
elementwise,1,activation,producer,7,0,4,0.04949351473721591,0.9848727272727272,0.058211199939250946,0.9835999608039856,0.020118648186326027,0.012000000104308128,0.3061930537223816,0.30620425939559937,1.0
elementwise,1,activation,producer,7,0,5,0.044494060724431815,0.9861818181818182,0.05769267678260803,0.9842000007629395,0.022654162719845772,0.011599999852478504,0.2824239432811737,0.282447874546051,1.0
elementwise,1,activation,producer,7,0,6,0.03840750177556818,0.9877636363636364,0.05292703956365585,0.9878000020980835,0.01787267066538334,0.008200000040233135,0.27970564365386963,0.279746413230896,1.0
elementwise,1,activation,producer,7,0,7,0.03492956321022727,0.9892909090909091,0.051070939749479294,0.9865999817848206,0.014020806178450584,0.007999999448657036,0.20907466113567352,0.20907603204250336,1.0
elementwise,1,activation,producer,7,0,8,0.0311992431640625,0.9902181818181818,0.047963377088308334,0.9865999817848206,0.01159532368183136,0.006399999838322401,0.21596860885620117,0.21597154438495636,1.0
elementwise,1,activation,producer,7,0,9,0.02866838156960227,0.9911454545454546,0.05594709515571594,0.9845999479293823,0.015882253646850586,0.009800000116229057,0.17480149865150452,0.17481586337089539,1.0
elementwise,1,activation,producer,7,0,10,0.026193339399857955,0.9917818181818182,0.07068630307912827,0.9797999858856201,0.03879697620868683,0.014800000004470348,0.20453986525535583,0.20457369089126587,1.0
elementwise,1,activation,producer,7,0,11,0.023690647194602274,0.9925272727272727,0.05113227665424347,0.9861999750137329,0.016196664422750473,0.007799999788403511,0.17376968264579773,0.17377755045890808,1.0
elementwise,1,activation,producer,7,0,12,0.02261243563565341,0.9926545454545455,0.0464768260717392,0.9878000020980835,0.00022609745792578906,0.002199999988079071,0.022857988253235817,0.022745724767446518,1.0
elementwise,1,activation,producer,7,1,1,0.23437638494318183,0.928509090909091,0.10369938611984253,0.9679999947547913,0.06324261426925659,0.028199998661875725,0.46310508251190186,0.46310582756996155,1.0
elementwise,1,activation,producer,7,1,2,0.07566803977272728,0.9767636363636364,0.07549048215150833,0.9785999655723572,0.0496959313750267,0.020399998873472214,0.4036257266998291,0.4036419093608856,1.0
elementwise,1,activation,producer,7,1,3,0.05819878817471591,0.9816727272727273,0.06863731890916824,0.9801999926567078,0.03147314116358757,0.01719999872148037,0.3368922770023346,0.33688369393348694,1.0
elementwise,1,activation,producer,7,1,4,0.04759356356534091,0.9850909090909091,0.06331777572631836,0.9819999933242798,0.025871874764561653,0.014599999412894249,0.344397634267807,0.3444150388240814,1.0
elementwise,1,activation,producer,7,1,5,0.040653875177556816,0.9874363636363637,0.0525733046233654,0.9855999946594238,0.024391310289502144,0.012000000104308128,0.2860426604747772,0.2860609292984009,1.0
elementwise,1,activation,producer,7,1,6,0.036459663529829545,0.9884545454545455,0.04955741763114929,0.9861999750137329,0.014667358249425888,0.009800000116229057,0.22492501139640808,0.22493351995944977,1.0
elementwise,1,activation,producer,7,1,7,0.03273118563565341,0.9898181818181818,0.046036988496780396,0.9873999953269958,0.01631687581539154,0.009399999864399433,0.23703031241893768,0.2370433658361435,1.0
elementwise,1,activation,producer,7,1,8,0.0296344482421875,0.9906363636363636,0.049834463745355606,0.9851999878883362,0.02447930909693241,0.012199999764561653,0.252668559551239,0.2526993453502655,1.0
elementwise,1,activation,producer,7,1,9,0.027272321111505682,0.9912363636363636,0.06169930472970009,0.9827999472618103,0.025323061272501945,0.012799999676644802,0.21564844250679016,0.21567274630069733,1.0
elementwise,1,activation,producer,7,1,10,0.025083074396306818,0.9918181818181818,0.04659227654337883,0.9881999492645264,0.02154761552810669,0.009999999776482582,0.17806705832481384,0.17805039882659912,1.0
elementwise,1,activation,producer,7,1,11,0.0227495361328125,0.992909090909091,0.053941186517477036,0.9851999878883362,0.021111108362674713,0.011799999512732029,0.17725788056850433,0.1772831231355667,1.0
elementwise,1,activation,producer,7,1,12,0.019876582475142044,0.9941636363636364,0.05060814693570137,0.9863999485969543,0.00014007317076902837,0.0007999999797903001,0.01626698672771454,0.016246013343334198,1.0
elementwise,1,activation,producer,7,2,1,0.2263306818181818,0.9311636363636364,0.0886530950665474,0.9745999574661255,0.05158831551671028,0.02019999921321869,0.4560696482658386,0.4560394585132599,1.0
elementwise,1,activation,producer,7,2,2,0.07124405628551136,0.977690909090909,0.06425592303276062,0.9821999669075012,0.02813870832324028,0.012799999676644802,0.3546372354030609,0.35458675026893616,1.0
elementwise,1,activation,producer,7,2,3,0.05404845525568182,0.9834909090909091,0.0725274384021759,0.9781999588012695,0.04185737296938896,0.016200000420212746,0.3832927942276001,0.383333683013916,1.0
elementwise,1,activation,producer,7,2,4,0.04425293856534091,0.9862545454545455,0.05954708158969879,0.9817999601364136,0.02596871554851532,0.012000000104308128,0.31467288732528687,0.31468939781188965,1.0
elementwise,1,activation,producer,7,2,5,0.03812521750710227,0.9880727272727273,0.05517412722110748,0.9847999811172485,0.02232811599969864,0.010400000028312206,0.2891761362552643,0.28920432925224304,1.0
elementwise,1,activation,producer,7,2,6,0.03407386807528409,0.9892363636363637,0.054130036383867264,0.98499995470047,0.017580309882760048,0.008999999612569809,0.2511110305786133,0.2510490417480469,1.0
elementwise,1,activation,producer,7,2,7,0.029728397993607953,0.9906545454545455,0.04890049248933792,0.9871999621391296,0.01249699480831623,0.007400000002235174,0.19859355688095093,0.19856438040733337,1.0
elementwise,1,activation,producer,7,2,8,0.027050841175426138,0.9916,0.045180775225162506,0.988599956035614,0.009609823115170002,0.005399999674409628,0.17493177950382233,0.174891859292984,1.0
elementwise,1,activation,producer,7,2,9,0.024680546431107956,0.9921636363636364,0.042618971318006516,0.9893999695777893,0.009823525324463844,0.005799999926239252,0.1736508458852768,0.17365127801895142,1.0
elementwise,1,activation,producer,7,2,10,0.021695567737926136,0.9926909090909091,0.043540436774492264,0.9891999959945679,0.011023801751434803,0.00559999980032444,0.14496003091335297,0.14497309923171997,1.0
elementwise,1,activation,producer,7,2,11,0.0201970703125,0.9935272727272727,0.046598684042692184,0.9896000027656555,0.009075284004211426,0.005200000014156103,0.1440482884645462,0.1440446376800537,1.0
elementwise,1,activation,producer,7,2,12,0.018722740589488637,0.993890909090909,0.04058381915092468,0.990399956703186,0.00013588798174168915,0.00039999998989515007,0.017566412687301636,0.017528414726257324,1.0
elementwise,1,activation,producer,10,0,1,0.2427928622159091,0.9261818181818182,0.09109606593847275,0.973800003528595,0.0545058473944664,0.024000000208616257,0.47441932559013367,0.4742684066295624,1.0
elementwise,1,activation,producer,10,0,2,0.07830549538352273,0.9756545454545454,0.07401268929243088,0.9787999987602234,0.046113450080156326,0.01899999938905239,0.39485540986061096,0.3947792649269104,1.0
elementwise,1,activation,producer,10,0,3,0.060005659623579545,0.9813454545454545,0.06570752710103989,0.9827999472618103,0.026894036680459976,0.011599999852478504,0.33130112290382385,0.3312196731567383,1.0
elementwise,1,activation,producer,10,0,4,0.049556822620738634,0.9848545454545454,0.05804285779595375,0.9842000007629395,0.02020622231066227,0.011399999260902405,0.3087669610977173,0.3087785840034485,1.0
elementwise,1,activation,producer,10,0,5,0.04454061168323863,0.9860545454545454,0.05770312622189522,0.9839999675750732,0.022227635607123375,0.011799999512732029,0.280796617269516,0.280813992023468,1.0
elementwise,1,activation,producer,10,0,6,0.03841322354403409,0.9877090909090909,0.051844462752342224,0.9881999492645264,0.016513487324118614,0.007599999662488699,0.27109038829803467,0.2711271345615387,1.0
elementwise,1,activation,producer,10,0,7,0.034913134765625,0.9892727272727273,0.05094970017671585,0.9861999750137329,0.014223111793398857,0.00839999970048666,0.20911510288715363,0.2091214507818222,1.0
elementwise,1,activation,producer,10,0,8,0.031197336647727274,0.9903454545454545,0.0477285273373127,0.986799955368042,0.011362678371369839,0.006399999838322401,0.21338941156864166,0.21339507400989532,1.0
elementwise,1,activation,producer,10,0,9,0.028693064186789772,0.9910545454545454,0.05593918636441231,0.9843999743461609,0.015936076641082764,0.009999999776482582,0.17731873691082,0.1773393154144287,1.0
elementwise,1,activation,producer,10,0,10,0.02609449795809659,0.9917090909090909,0.0680425688624382,0.9809999465942383,0.03579146787524223,0.013599999248981476,0.1991225779056549,0.1991574913263321,1.0
elementwise,1,activation,producer,10,0,11,0.02367386141690341,0.9925090909090909,0.05135484039783478,0.9853999614715576,0.016289737075567245,0.007999999448657036,0.17364181578159332,0.17365044355392456,1.0
elementwise,1,activation,producer,10,0,12,0.022422487571022727,0.9928363636363636,0.04722379148006439,0.986799955368042,0.00022547012486029416,0.0023999998811632395,0.02320282906293869,0.023121390491724014,1.0
elementwise,1,activation,producer,10,1,1,0.23451019176136365,0.9286,0.10313235223293304,0.9684000015258789,0.06276224553585052,0.028199998661875725,0.4631025493144989,0.4631018340587616,1.0
elementwise,1,activation,producer,10,1,2,0.07579549005681818,0.9767090909090909,0.07527368515729904,0.9787999987602234,0.049448613077402115,0.02019999921321869,0.40430352091789246,0.40431535243988037,1.0
elementwise,1,activation,producer,10,1,3,0.058123868075284094,0.9817272727272728,0.06848632544279099,0.9799999594688416,0.031513817608356476,0.01719999872148037,0.338681697845459,0.3386746346950531,1.0
elementwise,1,activation,producer,10,1,4,0.04765302734375,0.9850363636363636,0.063073068857193,0.9821999669075012,0.02590513788163662,0.014399999752640724,0.34435799717903137,0.3443745970726013,1.0
elementwise,1,activation,producer,10,1,5,0.040677232776988634,0.9874727272727273,0.05234474316239357,0.9857999682426453,0.024300703778862953,0.012199999764561653,0.28637373447418213,0.2863924205303192,1.0
elementwise,1,activation,producer,10,1,6,0.03643368696732954,0.9883636363636363,0.04954374581575394,0.9861999750137329,0.014379487372934818,0.009399999864399433,0.22408945858478546,0.22409804165363312,1.0
elementwise,1,activation,producer,10,1,7,0.03272099387428977,0.9898181818181818,0.04643592983484268,0.9871999621391296,0.017027653753757477,0.009599999524652958,0.23942695558071136,0.23944289982318878,1.0
elementwise,1,activation,producer,10,1,8,0.029575013316761364,0.9906,0.05002783238887787,0.9855999946594238,0.025052770972251892,0.012399999424815178,0.25281304121017456,0.25284311175346375,1.0
elementwise,1,activation,producer,10,1,9,0.027166606001420453,0.9911636363636364,0.06181886047124863,0.9829999804496765,0.02561488188803196,0.012600000016391277,0.21535524725914001,0.21537864208221436,1.0
elementwise,1,activation,producer,10,1,10,0.025063401100852273,0.9919818181818182,0.045962344855070114,0.9881999492645264,0.020829739049077034,0.009999999776482582,0.1747765988111496,0.17476880550384521,1.0
elementwise,1,activation,producer,10,1,11,0.02267213689630682,0.992909090909091,0.05341815948486328,0.9851999878883362,0.02004106715321541,0.011399999260902405,0.17100490629673004,0.1710304617881775,1.0
elementwise,1,activation,producer,10,1,12,0.019903779740767045,0.9942363636363636,0.04995162412524223,0.9865999817848206,0.00012773758498951793,0.0011999999405816197,0.015588387846946716,0.015563152730464935,1.0
elementwise,1,activation,producer,10,2,1,0.22631802201704546,0.9313090909090909,0.08874435722827911,0.974399983882904,0.05164012312889099,0.02019999921321869,0.4547922611236572,0.45476680994033813,1.0
elementwise,1,activation,producer,10,2,2,0.07126505681818182,0.9775818181818182,0.06438294798135757,0.9817999601364136,0.02832566387951374,0.013199999928474426,0.35374465584754944,0.3536868095397949,1.0
elementwise,1,activation,producer,10,2,3,0.054093177379261365,0.9834909090909091,0.07464289665222168,0.9783999919891357,0.04386550188064575,0.01599999889731407,0.3879300355911255,0.387979656457901,1.0
elementwise,1,activation,producer,10,2,4,0.04419052734375,0.9863090909090909,0.05937442556023598,0.9824000000953674,0.02565382607281208,0.011399999260902405,0.31601017713546753,0.3160269260406494,1.0
elementwise,1,activation,producer,10,2,5,0.03810123845880682,0.9880181818181818,0.05549406632781029,0.9847999811172485,0.0226190946996212,0.010799999348819256,0.2891683578491211,0.2891930937767029,1.0
elementwise,1,activation,producer,10,2,6,0.03408872736150568,0.9892727272727273,0.054860491305589676,0.9847999811172485,0.018062487244606018,0.009200000204145908,0.2508353888988495,0.2507822811603546,1.0
elementwise,1,activation,producer,10,2,7,0.02974160822088068,0.9905636363636363,0.04849690571427345,0.9871999621391296,0.01205509901046753,0.00699999975040555,0.19710321724414825,0.19705840945243835,1.0
elementwise,1,activation,producer,10,2,8,0.027030162464488635,0.9915636363636363,0.04528629779815674,0.9887999892234802,0.009713287465274334,0.005200000014156103,0.17608413100242615,0.17604608833789825,1.0
elementwise,1,activation,producer,10,2,9,0.024642711292613636,0.9921272727272727,0.04275922104716301,0.9891999959945679,0.009855734184384346,0.006000000052154064,0.17474472522735596,0.17474712431430817,1.0
elementwise,1,activation,producer,10,2,10,0.02167456942471591,0.9927818181818182,0.043772950768470764,0.9887999892234802,0.011101577430963516,0.005799999926239252,0.14646881818771362,0.14649000763893127,1.0
elementwise,1,activation,producer,10,2,11,0.020137655362215907,0.9934727272727273,0.04736567288637161,0.9887999892234802,0.009440816007554531,0.00559999980032444,0.14503557980060577,0.14504201710224152,1.0
elementwise,1,activation,producer,10,2,12,0.018670396839488637,0.993909090909091,0.040518179535865784,0.9901999831199646,7.013181311776862e-05,0.00019999999494757503,0.01418856717646122,0.014144955202937126,1.0
elementwise,1,activation,producer,23,0,1,0.24279568536931817,0.926290909090909,0.09107503294944763,0.9735999703407288,0.05461243912577629,0.02419999986886978,0.4749734699726105,0.4748407006263733,1.0
elementwise,1,activation,producer,23,0,2,0.07835485617897728,0.9754363636363637,0.07397005707025528,0.9787999987602234,0.04593334719538689,0.01899999938905239,0.39522019028663635,0.3951353430747986,1.0
elementwise,1,activation,producer,23,0,3,0.06012343306107955,0.9813454545454545,0.0658218264579773,0.9825999736785889,0.026824669912457466,0.011799999512732029,0.3316900432109833,0.3315887749195099,1.0
elementwise,1,activation,producer,23,0,4,0.04961572709517045,0.9847090909090909,0.058149974793195724,0.9835999608039856,0.020251372829079628,0.011799999512732029,0.3072032928466797,0.3072109818458557,1.0
elementwise,1,activation,producer,23,0,5,0.044691921164772726,0.9860363636363636,0.057242896407842636,0.9843999743461609,0.02202579379081726,0.011399999260902405,0.28216373920440674,0.282192587852478,1.0
elementwise,1,activation,producer,23,0,6,0.03839815340909091,0.9878,0.05233268439769745,0.9883999824523926,0.016988659277558327,0.007400000002235174,0.27821677923202515,0.2782610356807709,1.0
elementwise,1,activation,producer,23,0,7,0.034876025390625,0.9894,0.05114351958036423,0.9861999750137329,0.014575958251953125,0.00839999970048666,0.21086350083351135,0.21087558567523956,1.0
elementwise,1,activation,producer,23,0,8,0.03118982599431818,0.9902,0.04768902435898781,0.9869999885559082,0.011251875199377537,0.006599999964237213,0.21450072526931763,0.21451197564601898,1.0
elementwise,1,activation,producer,23,0,9,0.028680832741477272,0.991,0.05552998185157776,0.9851999878883362,0.015317553654313087,0.009599999524652958,0.1727222055196762,0.17274275422096252,1.0
elementwise,1,activation,producer,23,0,10,0.026082850230823865,0.9918727272727272,0.06763826310634613,0.9813999533653259,0.03554192930459976,0.012799999676644802,0.1989121437072754,0.1989414542913437,1.0
elementwise,1,activation,producer,23,0,11,0.02370656960227273,0.9924363636363637,0.051781896501779556,0.9857999682426453,0.016768280416727066,0.007599999662488699,0.17457368969917297,0.17456959187984467,1.0
elementwise,1,activation,producer,23,0,12,0.02253174493963068,0.9928363636363636,0.04682375118136406,0.986799955368042,0.00035900739021599293,0.001999999862164259,0.030235381796956062,0.030156409367918968,1.0
elementwise,1,activation,producer,23,1,1,0.23476305042613638,0.9287818181818182,0.10289804637432098,0.968999981880188,0.06252138316631317,0.02719999849796295,0.4630816876888275,0.4630821645259857,1.0
elementwise,1,activation,producer,23,1,2,0.07573304332386363,0.9767454545454546,0.07496502250432968,0.9783999919891357,0.049238428473472595,0.020600000396370888,0.4021899104118347,0.4021998941898346,1.0
elementwise,1,activation,producer,23,1,3,0.05814688831676136,0.9816181818181818,0.06842941045761108,0.9801999926567078,0.03141847625374794,0.016999999061226845,0.3378159999847412,0.33780622482299805,1.0
elementwise,1,activation,producer,23,1,4,0.047611341441761365,0.9852,0.06306474655866623,0.9821999669075012,0.025670068338513374,0.0139999995008111,0.34235337376594543,0.3423718512058258,1.0
elementwise,1,activation,producer,23,1,5,0.040672025923295455,0.9873818181818181,0.05263185873627663,0.9855999946594238,0.024701837450265884,0.011799999512732029,0.2839876711368561,0.28400659561157227,1.0
elementwise,1,activation,producer,23,1,6,0.03651072887073863,0.9884909090909091,0.049180131405591965,0.9860000014305115,0.014310921542346478,0.009599999524652958,0.22574208676815033,0.2257520854473114,1.0
elementwise,1,activation,producer,23,1,7,0.03268148970170454,0.9899272727272728,0.04608019441366196,0.9873999953269958,0.016117852181196213,0.009200000204145908,0.24253356456756592,0.2425503432750702,1.0
elementwise,1,activation,producer,23,1,8,0.02963206454190341,0.9906181818181818,0.049916040152311325,0.98499995470047,0.024308113381266594,0.012000000104308128,0.2522438168525696,0.2522709369659424,1.0
elementwise,1,activation,producer,23,1,9,0.027206618430397726,0.9911818181818182,0.06090991944074631,0.983199954032898,0.024660445749759674,0.012000000104308128,0.21427400410175323,0.21429722011089325,1.0
elementwise,1,activation,producer,23,1,10,0.025118348277698863,0.991909090909091,0.04622598737478256,0.9887999892234802,0.021198250353336334,0.010199999436736107,0.17886288464069366,0.17884977161884308,1.0
elementwise,1,activation,producer,23,1,11,0.022671550958806817,0.9929272727272728,0.05367876589298248,0.98499995470047,0.020646806806325912,0.012000000104308128,0.17516285181045532,0.17518527805805206,1.0
elementwise,1,activation,producer,23,1,12,0.01985994540127841,0.9941272727272727,0.05056654289364815,0.9871999621391296,0.0001321027084486559,0.0015999999595806003,0.014748930931091309,0.014726966619491577,1.0
elementwise,1,activation,producer,23,2,1,0.2262927734375,0.9313818181818182,0.08861341327428818,0.974399983882904,0.05158073082566261,0.020600000396370888,0.45541849732398987,0.4553929269313812,1.0
elementwise,1,activation,producer,23,2,2,0.07129110884232955,0.9775454545454545,0.06432855874300003,0.9817999601364136,0.0282122865319252,0.013199999928474426,0.35354146361351013,0.3534751534461975,1.0
elementwise,1,activation,producer,23,2,3,0.05406393377130682,0.9835454545454545,0.07416226714849472,0.9785999655723572,0.04345889016985893,0.015799999237060547,0.38722288608551025,0.38727208971977234,1.0
elementwise,1,activation,producer,23,2,4,0.04422049449573864,0.9863818181818181,0.05974972993135452,0.9817999601364136,0.026081712916493416,0.012399999424815178,0.31536799669265747,0.31537488102912903,1.0
elementwise,1,activation,producer,23,2,5,0.038095521129261366,0.9881636363636364,0.056066639721393585,0.9851999878883362,0.023262102156877518,0.010599999688565731,0.28908178210258484,0.2890990078449249,1.0
elementwise,1,activation,producer,23,2,6,0.034075876686789776,0.9892363636363637,0.05553492531180382,0.9843999743461609,0.018614064902067184,0.009399999864399433,0.2494634985923767,0.24941539764404297,1.0
elementwise,1,activation,producer,23,2,7,0.02975734197443182,0.9905636363636363,0.04886705428361893,0.9873999953269958,0.012154988944530487,0.006799999624490738,0.19836600124835968,0.19832688570022583,1.0
elementwise,1,activation,producer,23,2,8,0.027034940962357954,0.9914363636363637,0.04549446329474449,0.9887999892234802,0.009869774803519249,0.00559999980032444,0.17604219913482666,0.17598173022270203,1.0
elementwise,1,activation,producer,23,2,9,0.02469195889559659,0.9922363636363636,0.042607732117176056,0.9896000027656555,0.00980365090072155,0.00559999980032444,0.1761355847120285,0.17614048719406128,1.0
elementwise,1,activation,producer,23,2,10,0.02174736328125,0.9927818181818182,0.043724577873945236,0.9891999959945679,0.011019705794751644,0.005399999674409628,0.14443275332450867,0.14445199072360992,1.0
elementwise,1,activation,producer,23,2,11,0.020158420632102273,0.9935454545454545,0.04719790816307068,0.9889999628067017,0.009281149134039879,0.004999999888241291,0.14372363686561584,0.14372411370277405,1.0
elementwise,1,activation,producer,23,2,12,0.018680959250710227,0.9939636363636364,0.0406922921538353,0.990399956703186,4.598610757966526e-05,0.0,0.011889209970831871,0.011867884546518326,1.0
elementwise,1,act_weight,producer,1,0,1,0.6529664772727273,0.8343272727272727,0.44886308908462524,0.887999951839447,0.42141589522361755,0.11259999871253967,0.8276092410087585,0.8219009637832642,0.0580556491413378
elementwise,1,act_weight,producer,1,0,2,0.42238931107954547,0.8962363636363636,0.3977719843387604,0.8967999815940857,0.372562438249588,0.10419999808073044,0.8123542070388794,0.8066523671150208,0.05460643131612974
elementwise,1,act_weight,producer,1,0,3,0.40560266335227274,0.8986545454545455,0.39099544286727905,0.9067999720573425,0.36298832297325134,0.09339999407529831,0.822304904460907,0.8142409920692444,0.06891003168764
elementwise,1,act_weight,producer,1,0,4,0.3870837357954545,0.9038909090909091,0.3617015480995178,0.9185999631881714,0.33457860350608826,0.0819999948143959,0.8150621652603149,0.8056198954582214,0.07879318351514268
elementwise,1,act_weight,producer,1,0,5,0.37623352272727273,0.9064545454545454,0.36000341176986694,0.9163999557495117,0.3309277296066284,0.08379999548196793,0.8140112161636353,0.8041129112243652,0.08275857751634463
elementwise,1,act_weight,producer,1,0,6,0.3756782315340909,0.9076909090909091,0.3578410744667053,0.9247999787330627,0.32989978790283203,0.07639999687671661,0.8166718482971191,0.8096095323562622,0.0903356112618601
elementwise,1,act_weight,producer,1,0,7,0.34609673295454546,0.9170363636363636,0.3328418731689453,0.9235999584197998,0.30547237396240234,0.07840000092983246,0.798240602016449,0.7953881025314331,0.07642992751907632
elementwise,1,act_weight,producer,1,0,8,0.3375862926136364,0.9170909090909091,0.3182991147041321,0.9281999468803406,0.2889920473098755,0.07199999690055847,0.7870211005210876,0.7837958931922913,0.08438404873340496
elementwise,1,act_weight,producer,1,0,9,0.32619343039772725,0.9181454545454546,0.32793372869491577,0.9257999658584595,0.2978234589099884,0.07479999959468842,0.7903258204460144,0.7873936295509338,0.09175427054688495
elementwise,1,act_weight,producer,1,0,10,0.342869140625,0.9185818181818182,0.3200022876262665,0.9275999665260315,0.29316553473472595,0.0737999975681305,0.7980579137802124,0.7949872016906738,0.08033511045145782
elementwise,1,act_weight,producer,1,0,11,0.323701171875,0.9209090909090909,0.3104201555252075,0.9277999997138977,0.28302842378616333,0.07339999824762344,0.7882381677627563,0.784611165523529,0.08426829323814901
elementwise,1,act_weight,producer,1,0,12,0.3395221235795455,0.9186,0.3114691376686096,0.9275999665260315,0.2831980288028717,0.07499999552965164,0.7848709225654602,0.7814066410064697,0.07338215475951995
elementwise,1,act_weight,producer,1,1,1,0.7208975852272728,0.8074363636363636,0.48253798484802246,0.8822000026702881,0.45870622992515564,0.11779999732971191,0.8502539396286011,0.8487057089805603,0.06607772122161315
elementwise,1,act_weight,producer,1,1,2,0.4890462002840909,0.8794909090909091,0.4770744740962982,0.8912000060081482,0.4498961865901947,0.10819999873638153,0.8586639165878296,0.8567944169044495,0.05974941268598277
elementwise,1,act_weight,producer,1,1,3,0.4451930752840909,0.8918181818181818,0.4282721281051636,0.8965999484062195,0.40021392703056335,0.10359999537467957,0.833859384059906,0.8326073884963989,0.048124123581796
elementwise,1,act_weight,producer,1,1,4,0.42618362926136366,0.8965272727272727,0.5212827324867249,0.8405999541282654,0.4914547801017761,0.15919999778270721,0.8340775370597839,0.8328946828842163,0.05962466536759484
elementwise,1,act_weight,producer,1,1,5,0.41936040482954545,0.8973818181818182,0.4803047776222229,0.8628000020980835,0.4580305516719818,0.14019998908042908,0.8382687568664551,0.8371049165725708,0.0694207444774271
elementwise,1,act_weight,producer,1,1,6,0.40480102982954547,0.8991272727272728,0.4509877860546112,0.8851999640464783,0.4272327423095703,0.11639999598264694,0.8313291072845459,0.8300776481628418,0.07579423976980933
elementwise,1,act_weight,producer,1,1,7,0.38557730823863634,0.9017090909090909,0.4508110284805298,0.871399998664856,0.41598427295684814,0.1273999959230423,0.814075231552124,0.8113219141960144,0.07985831618437107
elementwise,1,act_weight,producer,1,1,8,0.3726454900568182,0.9056909090909091,0.350261390209198,0.9143999814987183,0.32130688428878784,0.08540000021457672,0.819262683391571,0.8117257952690125,0.0808268152100672
elementwise,1,act_weight,producer,1,1,9,0.3680853693181818,0.9074909090909091,0.3495241701602936,0.9107999801635742,0.3224746882915497,0.08999999612569809,0.82425856590271,0.8110684156417847,0.08041717506510536
elementwise,1,act_weight,producer,1,1,10,0.3415294744318182,0.9153636363636364,0.3356632888317108,0.9197999835014343,0.3106604814529419,0.08179999887943268,0.822200357913971,0.8065835237503052,0.073701990493708
elementwise,1,act_weight,producer,1,1,11,0.33044914772727274,0.9181272727272727,0.3458922505378723,0.9065999984741211,0.3194023370742798,0.09339999407529831,0.8224142789840698,0.8133673071861267,0.08040283367631258
elementwise,1,act_weight,producer,1,1,12,0.3279121803977273,0.918309090909091,0.32581132650375366,0.9215999841690063,0.30012044310569763,0.07880000025033951,0.8130056858062744,0.8008737564086914,0.08585563457230791
elementwise,1,act_weight,producer,1,2,1,0.68352265625,0.8158545454545455,0.47669360041618347,0.8804000020027161,0.44971975684165955,0.11859999597072601,0.8328537344932556,0.8321735858917236,0.0674839740671268
elementwise,1,act_weight,producer,1,2,2,0.46616143465909093,0.8831636363636364,0.43300506472587585,0.8921999931335449,0.4072130620479584,0.10740000009536743,0.8271497488021851,0.8247267603874207,0.04941120631567446
elementwise,1,act_weight,producer,1,2,3,0.42638089488636366,0.8928181818181818,0.45958778262138367,0.8804000020027161,0.4327813386917114,0.11859999597072601,0.8261392712593079,0.8251391649246216,0.05865343464879532
elementwise,1,act_weight,producer,1,2,4,0.42302056107954544,0.8904727272727273,0.39501243829727173,0.9057999849319458,0.3686567544937134,0.09359999746084213,0.8191877007484436,0.8184118866920471,0.06866895977126623
elementwise,1,act_weight,producer,1,2,5,0.4066267400568182,0.8987090909090909,0.3804192841053009,0.9071999788284302,0.3539864718914032,0.09219999611377716,0.8168291449546814,0.8159372210502625,0.06765493252718034
elementwise,1,act_weight,producer,1,2,6,0.3958918678977273,0.8997636363636363,0.45326510071754456,0.8751999735832214,0.42654168605804443,0.12319999933242798,0.8292059898376465,0.8271400332450867,0.07405597239168837
elementwise,1,act_weight,producer,1,2,7,0.37380628551136363,0.9036909090909091,0.36527279019355774,0.9083999991416931,0.336372047662735,0.09019999951124191,0.8061277866363525,0.8036994338035583,0.07716680173371455
elementwise,1,act_weight,producer,1,2,8,0.3618756747159091,0.907290909090909,0.3471343219280243,0.9120000004768372,0.31781643629074097,0.08540000021457672,0.8012295365333557,0.7986000776290894,0.07758930360037151
elementwise,1,act_weight,producer,1,2,9,0.3495044034090909,0.911290909090909,0.3348924219608307,0.9174000024795532,0.30728480219841003,0.08100000023841858,0.7977298498153687,0.7963746190071106,0.08348167944491997
elementwise,1,act_weight,producer,1,2,10,0.36586931818181817,0.9062181818181818,0.3716548681259155,0.892799973487854,0.34332969784736633,0.10639999806880951,0.799084484577179,0.797670304775238,0.0706778924077143
elementwise,1,act_weight,producer,1,2,11,0.3364911221590909,0.9145454545454546,0.3215702176094055,0.9197999835014343,0.29281550645828247,0.07959999889135361,0.7848775386810303,0.7828401327133179,0.06693649724098996
elementwise,1,act_weight,producer,1,2,12,0.32845369318181816,0.9174,0.31061646342277527,0.9233999848365784,0.28204622864723206,0.07539999485015869,0.7885826230049133,0.7870076894760132,0.07202473092822932
elementwise,1,act_weight,producer,2,0,1,0.41340482954545454,0.8881636363636364,0.25981080532073975,0.9333999752998352,0.23030023276805878,0.06560000032186508,0.813299298286438,0.7396276593208313,0.09678889475697038
elementwise,1,act_weight,producer,2,0,2,0.23916843039772728,0.9383454545454546,0.2123616486787796,0.9459999799728394,0.185104101896286,0.053999997675418854,0.9077257513999939,0.7206048369407654,0.07695862395512738
elementwise,1,act_weight,producer,2,0,3,0.2200745916193182,0.9445636363636364,0.20168471336364746,0.9493999481201172,0.17295169830322266,0.04939999803900719,0.9391767978668213,0.7240674495697021,0.07532336417111325
elementwise,1,act_weight,producer,2,0,4,0.20258258167613635,0.9483454545454545,0.183649942278862,0.9537999629974365,0.15540006756782532,0.04559999704360962,1.0118770599365234,0.7084352374076843,0.07929035165995885
elementwise,1,act_weight,producer,2,0,5,0.20109630681818183,0.9496545454545454,0.18740618228912354,0.9557999968528748,0.15941715240478516,0.04339999705553055,1.0503557920455933,0.7147384881973267,0.07868835479230027
elementwise,1,act_weight,producer,2,0,6,0.20072874644886363,0.9491090909090909,0.18887469172477722,0.9555999636650085,0.16068266332149506,0.04339999705553055,1.0179904699325562,0.7221676111221313,0.07781546502522263
elementwise,1,act_weight,producer,2,0,7,0.1883079012784091,0.9531090909090909,0.17734545469284058,0.9575999975204468,0.14975060522556305,0.0421999990940094,1.1017359495162964,0.7091132402420044,0.07400429786381599
elementwise,1,act_weight,producer,2,0,8,0.18360740411931817,0.9546909090909091,0.17294812202453613,0.9593999981880188,0.14461486041545868,0.04079999774694443,1.176074504852295,0.7053494453430176,0.08096715594325363
elementwise,1,act_weight,producer,2,0,9,0.18344873934659092,0.9534363636363636,0.18999215960502625,0.9587999582290649,0.16073063015937805,0.0405999980866909,1.073354721069336,0.7263336777687073,0.08664179308335306
elementwise,1,act_weight,producer,2,0,10,0.18007594105113636,0.9557818181818182,0.1742645800113678,0.9565999507904053,0.14822037518024445,0.043800000101327896,1.2436357736587524,0.6996987462043762,0.07910971845349747
elementwise,1,act_weight,producer,2,0,11,0.17367848011363637,0.9564,0.16476011276245117,0.9595999717712402,0.13663677871227264,0.039000000804662704,1.3224769830703735,0.694480299949646,0.0875480322704012
elementwise,1,act_weight,producer,2,0,12,0.18984011008522728,0.9551636363636363,0.17343823611736298,0.9601999521255493,0.14442411065101624,0.03720000013709068,1.2285559177398682,0.7088505625724792,0.07762663673945111
elementwise,1,act_weight,producer,2,1,1,0.4444202414772727,0.8791272727272728,0.2581486403942108,0.9347999691963196,0.2324802130460739,0.06659999489784241,0.8033199310302734,0.7608314156532288,0.08501222432663764
elementwise,1,act_weight,producer,2,1,2,0.24446869673295454,0.9377272727272727,0.22761523723602295,0.944599986076355,0.20262610912322998,0.0559999980032444,0.8401467204093933,0.7476208209991455,0.06140948534901932
elementwise,1,act_weight,producer,2,1,3,0.230591796875,0.9436909090909091,0.21219728887081146,0.9457999467849731,0.18604686856269836,0.05379999801516533,0.8880466818809509,0.7326105833053589,0.0509259301415017
elementwise,1,act_weight,producer,2,1,4,0.20747620738636363,0.9495272727272728,0.2067110538482666,0.9465999603271484,0.18058764934539795,0.05379999801516533,0.9637869000434875,0.7285376787185669,0.05205810311230901
elementwise,1,act_weight,producer,2,1,5,0.20001928267045455,0.9512727272727273,0.21747465431690216,0.9472000002861023,0.19565758109092712,0.05559999868273735,1.0295586585998535,0.7288416028022766,0.05499399027517255
elementwise,1,act_weight,producer,2,1,6,0.1961794921875,0.9522,0.25351306796073914,0.9253999590873718,0.23046071827411652,0.07599999755620956,1.1044344902038574,0.7208890914916992,0.06002326491959717
elementwise,1,act_weight,producer,2,1,7,0.1951018465909091,0.952,0.1885078400373459,0.9537999629974365,0.1642218381166458,0.04559999704360962,1.104207158088684,0.7277773022651672,0.06200510826610333
elementwise,1,act_weight,producer,2,1,8,0.19042688210227274,0.9540545454545455,0.18589673936367035,0.9545999765396118,0.15924957394599915,0.04559999704360962,1.1361639499664307,0.7250947952270508,0.06322742710932236
elementwise,1,act_weight,producer,2,1,9,0.19578792613636364,0.9522909090909091,0.18944458663463593,0.9533999562263489,0.16273999214172363,0.04699999839067459,1.039158821105957,0.7220371961593628,0.06577780408297063
elementwise,1,act_weight,producer,2,1,10,0.1829689630681818,0.955690909090909,0.18075241148471832,0.9547999501228333,0.1580524891614914,0.046799998730421066,1.1526559591293335,0.7139047980308533,0.05389368705723808
elementwise,1,act_weight,producer,2,1,11,0.17815701349431817,0.9566363636363636,0.180792436003685,0.9521999955177307,0.15541185438632965,0.04859999939799309,1.2154313325881958,0.7215193510055542,0.05824493270929322
elementwise,1,act_weight,producer,2,1,12,0.17819113991477273,0.9568909090909091,0.17522260546684265,0.9557999968528748,0.1510164439678192,0.045399997383356094,1.2572253942489624,0.7134352922439575,0.061341762124164555
elementwise,1,act_weight,producer,2,2,1,0.4170120028409091,0.8822545454545454,0.24452129006385803,0.9377999901771545,0.2146519273519516,0.06079999729990959,0.7680004835128784,0.7353423237800598,0.09557010435067655
elementwise,1,act_weight,producer,2,2,2,0.2269431463068182,0.9418727272727273,0.2163197249174118,0.9441999793052673,0.1858324408531189,0.053999997675418854,0.8358763456344604,0.7107453942298889,0.05856636193112491
elementwise,1,act_weight,producer,2,2,3,0.19893503196022727,0.9488545454545455,0.20241184532642365,0.9469999670982361,0.17401044070720673,0.052400000393390656,0.906352162361145,0.7132425904273987,0.059849688586986215
elementwise,1,act_weight,producer,2,2,4,0.1934888671875,0.9510727272727273,0.18986259400844574,0.9511999487876892,0.15998592972755432,0.04600000008940697,0.9552747011184692,0.7044133543968201,0.058863775017756005
elementwise,1,act_weight,producer,2,2,5,0.18485978338068182,0.953709090909091,0.1717769205570221,0.9559999704360962,0.14315548539161682,0.0421999990940094,0.9897764325141907,0.7047271728515625,0.05688250077397971
elementwise,1,act_weight,producer,2,2,6,0.17585640980113637,0.9554,0.1672888994216919,0.9549999833106995,0.13689368963241577,0.041999999433755875,1.045175313949585,0.6926663517951965,0.059689884540438165
elementwise,1,act_weight,producer,2,2,7,0.17244296875,0.9558363636363636,0.17637287080287933,0.9557999968528748,0.14450055360794067,0.041600000113248825,1.1187000274658203,0.6900901198387146,0.06235761049698603
elementwise,1,act_weight,producer,2,2,8,0.16902318892045454,0.9576727272727272,0.1659461408853531,0.9573999643325806,0.13402660191059113,0.03959999978542328,1.1496381759643555,0.6866742372512817,0.06299193239970133
elementwise,1,act_weight,producer,2,2,9,0.1660940340909091,0.9575818181818182,0.1579669862985611,0.9595999717712402,0.12771181762218475,0.03799999877810478,1.1727765798568726,0.6852406859397888,0.06450221722423558
elementwise,1,act_weight,producer,2,2,10,0.16283444602272729,0.9581272727272727,0.179381862282753,0.9526000022888184,0.14770233631134033,0.04639999940991402,1.213029146194458,0.6883776187896729,0.06619734661543225
elementwise,1,act_weight,producer,2,2,11,0.1619216796875,0.9589090909090909,0.1631041318178177,0.9583999514579773,0.13128980994224548,0.039000000804662704,1.3166788816452026,0.6776991486549377,0.067114171113256
elementwise,1,act_weight,producer,2,2,12,0.16297775213068183,0.9585272727272727,0.15764081478118896,0.9631999731063843,0.12707094848155975,0.03439999744296074,1.2944248914718628,0.6835185289382935,0.0631592486022837
elementwise,1,act_weight,producer,3,0,1,0.3073072798295455,0.9097272727272727,0.16210635006427765,0.9531999826431274,0.12814652919769287,0.044999998062849045,0.7906845808029175,0.6413679122924805,0.17141032762105954
elementwise,1,act_weight,producer,3,0,2,0.13706630859375,0.9615090909090909,0.12310969084501266,0.9633999466896057,0.09652414917945862,0.03500000014901161,1.0971660614013672,0.60102778673172,0.12079831454535521
elementwise,1,act_weight,producer,3,0,3,0.12550736860795456,0.9652727272727273,0.11689760535955429,0.9691999554634094,0.08714015036821365,0.028599999845027924,1.171694278717041,0.6198208332061768,0.10745991240370782
elementwise,1,act_weight,producer,3,0,4,0.10806625532670455,0.9708909090909091,0.09907568991184235,0.9723999500274658,0.06969890743494034,0.026200000196695328,1.5756334066390991,0.5821705460548401,0.09243013694888091
elementwise,1,act_weight,producer,3,0,5,0.1024103426846591,0.9718545454545454,0.09563391655683517,0.975600004196167,0.06713301688432693,0.02199999988079071,1.742971420288086,0.5826826095581055,0.09424773724754602
elementwise,1,act_weight,producer,3,0,6,0.09845213955965909,0.9736,0.0958065316081047,0.9747999906539917,0.06799620389938354,0.023599999025464058,2.0311951637268066,0.5673472881317139,0.09473318187612682
elementwise,1,act_weight,producer,3,0,7,0.09545283203125,0.9731272727272727,0.09138651192188263,0.9757999777793884,0.06319815665483475,0.022199999541044235,2.1894333362579346,0.5631533861160278,0.09341434320992151
elementwise,1,act_weight,producer,3,0,8,0.09198185369318182,0.9747454545454546,0.08883609622716904,0.9763999581336975,0.05992435663938522,0.020800000056624413,2.283670663833618,0.5590404868125916,0.09181892061699841
elementwise,1,act_weight,producer,3,0,9,0.0905451171875,0.9747818181818182,0.11845219880342484,0.9633999466896057,0.09065970778465271,0.03480000048875809,2.4198570251464844,0.5710870027542114,0.0927876472837865
elementwise,1,act_weight,producer,3,0,10,0.08709724786931818,0.9756181818181818,0.11055149883031845,0.9675999879837036,0.08561407774686813,0.029399998486042023,2.5379655361175537,0.5542640686035156,0.08856114895011928
elementwise,1,act_weight,producer,3,0,11,0.08575301846590909,0.9768545454545454,0.0845181867480278,0.9759999513626099,0.05680379644036293,0.02159999869763851,2.69912052154541,0.5452871322631836,0.08791111981205951
elementwise,1,act_weight,producer,3,0,12,0.08633383345170455,0.9761454545454545,0.08659877628087997,0.9759999513626099,0.05708838999271393,0.020999999716877937,2.662158966064453,0.5380594730377197,0.08945907923731128
elementwise,1,act_weight,producer,3,1,1,0.30142698863636364,0.9131272727272727,0.15080095827579498,0.9603999853134155,0.12178007513284683,0.039799999445676804,0.768004834651947,0.6419910788536072,0.15146441514450656
elementwise,1,act_weight,producer,3,1,2,0.13522824928977273,0.9633272727272727,0.1364268958568573,0.9621999859809875,0.11073487251996994,0.03920000046491623,0.9828404784202576,0.6248465180397034,0.10704560561636102
elementwise,1,act_weight,producer,3,1,3,0.14055529119318183,0.9621454545454545,0.11752380430698395,0.9639999866485596,0.09056372195482254,0.035999998450279236,1.2005198001861572,0.607427179813385,0.07990179563293329
elementwise,1,act_weight,producer,3,1,4,0.11203515625,0.9706363636363636,0.10537946969270706,0.9727999567985535,0.07745883613824844,0.02579999901354313,1.391350269317627,0.6025621891021729,0.078418372457249
elementwise,1,act_weight,producer,3,1,5,0.10423065518465909,0.9718545454545454,0.13472309708595276,0.9567999839782715,0.11595815420150757,0.04259999841451645,1.6935445070266724,0.5979364514350891,0.07704626577552767
elementwise,1,act_weight,producer,3,1,6,0.09997104936079546,0.9728727272727272,0.1702878624200821,0.9441999793052673,0.14664733409881592,0.05719999969005585,1.8396333456039429,0.5848503112792969,0.07616586385241572
elementwise,1,act_weight,producer,3,1,7,0.096490234375,0.9746,0.09476675093173981,0.9729999899864197,0.06909561902284622,0.02579999901354313,1.9584568738937378,0.5834456086158752,0.07412062246180183
elementwise,1,act_weight,producer,3,1,8,0.09424604936079546,0.9752,0.09197621792554855,0.9765999913215637,0.06688641756772995,0.024000000208616257,2.1351869106292725,0.5742748379707336,0.07264630492979549
elementwise,1,act_weight,producer,3,1,9,0.09204034978693182,0.9758181818181818,0.09843718260526657,0.9723999500274658,0.07200808078050613,0.026399999856948853,2.314685821533203,0.5629784464836121,0.07261329697146292
elementwise,1,act_weight,producer,3,1,10,0.08981014737215909,0.9763636363636363,0.09481506049633026,0.9723999500274658,0.07426461577415466,0.027400000020861626,2.451538562774658,0.563595175743103,0.07104917502868278
elementwise,1,act_weight,producer,3,1,11,0.08831182528409091,0.9768909090909091,0.09397625178098679,0.973800003528595,0.06783698499202728,0.025599999353289604,2.540801763534546,0.5736919045448303,0.06762283513321557
elementwise,1,act_weight,producer,3,1,12,0.08791259765625,0.9774363636363637,0.09014346450567245,0.9757999777793884,0.06449718773365021,0.02459999918937683,2.601162910461426,0.5710160136222839,0.06714865873868624
elementwise,1,act_weight,producer,3,2,1,0.302044140625,0.9127454545454545,0.1545901894569397,0.9595999717712402,0.12327492237091064,0.03839999809861183,0.7655323147773743,0.6459668278694153,0.1524702473092823
elementwise,1,act_weight,producer,3,2,2,0.13466161221590908,0.9630909090909091,0.1198800653219223,0.9655999541282654,0.0892227441072464,0.03179999813437462,1.0304073095321655,0.596453845500946,0.10347425834532244
elementwise,1,act_weight,producer,3,2,3,0.11625317826704545,0.9672909090909091,0.14681091904640198,0.9580000042915344,0.11696679145097733,0.039000000804662704,1.2101365327835083,0.6176498532295227,0.09807518074702701
elementwise,1,act_weight,producer,3,2,4,0.10621239346590909,0.9712181818181819,0.10786216706037521,0.9679999947547913,0.07759210467338562,0.02719999849796295,1.450598955154419,0.5825998187065125,0.09037624519677295
elementwise,1,act_weight,producer,3,2,5,0.10224751420454545,0.9724363636363637,0.0986621305346489,0.9703999757766724,0.06926260888576508,0.02539999969303608,1.5697740316390991,0.5859299302101135,0.08035832984283658
elementwise,1,act_weight,producer,3,2,6,0.09381582919034091,0.9742545454545455,0.10789887607097626,0.9695999622344971,0.07669830322265625,0.026399999856948853,1.8010178804397583,0.5636798739433289,0.07967927646555335
elementwise,1,act_weight,producer,3,2,7,0.09212232776988637,0.9745636363636364,0.10127763450145721,0.9709999561309814,0.06964472681283951,0.025200000032782555,1.9390778541564941,0.5705246329307556,0.08094245688477718
elementwise,1,act_weight,producer,3,2,8,0.08976478160511364,0.9753818181818181,0.09147018939256668,0.974399983882904,0.05986557528376579,0.020999999716877937,2.153329849243164,0.5590655207633972,0.07990008832474367
elementwise,1,act_weight,producer,3,2,9,0.08729795809659091,0.9760363636363636,0.08894285559654236,0.9757999777793884,0.058484017848968506,0.01979999989271164,2.225397825241089,0.5541893243789673,0.07964444737848518
elementwise,1,act_weight,producer,3,2,10,0.08654905894886364,0.9771272727272727,0.09256412088871002,0.9721999764442444,0.061561912298202515,0.023399999365210533,2.4744157791137695,0.5446158647537231,0.07737315838356613
elementwise,1,act_weight,producer,3,2,11,0.08463449928977272,0.9768727272727272,0.09343308210372925,0.9733999967575073,0.06071452423930168,0.02319999970495701,2.6508443355560303,0.5439453125,0.07744429622480013
elementwise,1,act_weight,producer,3,2,12,0.08456239346590909,0.9766545454545454,0.08936449885368347,0.9779999852180481,0.05728403106331825,0.018400000408291817,2.692565441131592,0.5440802574157715,0.07596622261477663
elementwise,1,act_weight,producer,4,0,1,0.2667693359375,0.9201272727272727,0.12625955045223236,0.9615999460220337,0.08908847719430923,0.035599999129772186,0.6879061460494995,0.5540633797645569,0.26488158110396826
elementwise,1,act_weight,producer,4,0,2,0.10085190873579546,0.9692,0.09677553176879883,0.9705999493598938,0.07064208388328552,0.0284000001847744,1.027247667312622,0.506221354007721,0.18598755258509225
elementwise,1,act_weight,producer,4,0,3,0.08192788529829545,0.9753636363636363,0.08171588182449341,0.9767999649047852,0.04852684214711189,0.01979999989271164,1.3958755731582642,0.47456586360931396,0.16284157545846917
elementwise,1,act_weight,producer,4,0,4,0.073081103515625,0.9783090909090909,0.08280531316995621,0.9767999649047852,0.049061767756938934,0.020600000396370888,1.773871898651123,0.4621058702468872,0.14868400684744404
elementwise,1,act_weight,producer,4,0,5,0.06842862659801137,0.9789454545454546,0.06725072115659714,0.9824000000953674,0.03546801209449768,0.014800000004470348,2.0922887325286865,0.43548130989074707,0.14100259966127004
elementwise,1,act_weight,producer,4,0,6,0.06245448330965909,0.9812181818181818,0.06625603139400482,0.9817999601364136,0.03533753752708435,0.013799999840557575,2.421874761581421,0.4398070275783539,0.13260344011218153
elementwise,1,act_weight,producer,4,0,7,0.05995047940340909,0.981890909090909,0.06990350037813187,0.9793999791145325,0.04159538820385933,0.017400000244379044,2.730490207672119,0.4198344647884369,0.12850476225164356
elementwise,1,act_weight,producer,4,0,8,0.05770782137784091,0.9822545454545455,0.05951716750860214,0.9827999472618103,0.02968226931989193,0.012999999336898327,3.0112223625183105,0.4059581756591797,0.12595814135601247
elementwise,1,act_weight,producer,4,0,9,0.0555333984375,0.9832,0.09211233258247375,0.9711999893188477,0.0575251467525959,0.024000000208616257,3.2105491161346436,0.4129197597503662,0.12128853963686693
elementwise,1,act_weight,producer,4,0,10,0.052675830078125,0.9843090909090909,0.12351255118846893,0.9589999914169312,0.10130438208580017,0.039000000804662704,3.566141128540039,0.4098718762397766,0.11540139953743331
elementwise,1,act_weight,producer,4,0,11,0.052018980823863636,0.9840363636363636,0.058439698070287704,0.9827999472618103,0.030271606519818306,0.013799999840557575,3.8163838386535645,0.37365710735321045,0.11515668536358835
elementwise,1,act_weight,producer,4,0,12,0.051160875355113634,0.9839272727272728,0.05694550275802612,0.9855999946594238,0.025451751425862312,0.012000000104308128,4.040362358093262,0.3450881838798523,0.1132952641547231
elementwise,1,act_weight,producer,4,1,1,0.2629992365056818,0.9211090909090909,0.11844976991415024,0.9657999873161316,0.08342651277780533,0.03179999813437462,0.6731117367744446,0.553361177444458,0.23843423904135783
elementwise,1,act_weight,producer,4,1,2,0.09737072088068181,0.9717272727272728,0.10152997076511383,0.9697999954223633,0.07707225531339645,0.029999999329447746,0.9556200504302979,0.5195491313934326,0.16646937772031106
elementwise,1,act_weight,producer,4,1,3,0.08188167613636364,0.9756363636363636,0.08728193491697311,0.9733999967575073,0.05751379206776619,0.025200000032782555,1.271430492401123,0.47358429431915283,0.14424933073518967
elementwise,1,act_weight,producer,4,1,4,0.07094937411221591,0.979,0.07745245844125748,0.9771999716758728,0.047102171927690506,0.021199999377131462,1.5636109113693237,0.479717880487442,0.13212004425342827
elementwise,1,act_weight,producer,4,1,5,0.06432957208806818,0.9808363636363636,0.07589926570653915,0.9779999852180481,0.0557648129761219,0.02199999988079071,1.8745583295822144,0.455119252204895,0.12254079328367723
elementwise,1,act_weight,producer,4,1,6,0.060744136186079545,0.9824,0.16088008880615234,0.9473999738693237,0.13624340295791626,0.052799999713897705,2.2654950618743896,0.45538827776908875,0.11690474130866312
elementwise,1,act_weight,producer,4,1,7,0.05774460227272727,0.9829272727272728,0.0576365664601326,0.9827999472618103,0.030501550063490868,0.015199999324977398,2.393829584121704,0.4343510568141937,0.11080316330061372
elementwise,1,act_weight,producer,4,1,8,0.055415593927556815,0.9836727272727273,0.06442750245332718,0.9821999669075012,0.03976932913064957,0.018400000408291817,2.8338518142700195,0.4256802201271057,0.10697355721075923
elementwise,1,act_weight,producer,4,1,9,0.054171697443181815,0.9838,0.07386717200279236,0.9779999852180481,0.05195467546582222,0.020399998873472214,3.0845444202423096,0.41375142335891724,0.10541945147602484
elementwise,1,act_weight,producer,4,1,10,0.052298512961647725,0.9845454545454545,0.05976724997162819,0.9824000000953674,0.037109147757291794,0.01640000008046627,3.3880860805511475,0.3853055536746979,0.10055259875070569
elementwise,1,act_weight,producer,4,1,11,0.05034216974431818,0.984909090909091,0.06622908264398575,0.9805999994277954,0.03480032831430435,0.017799999564886093,3.496143341064453,0.38579678535461426,0.09527155305858571
elementwise,1,act_weight,producer,4,1,12,0.04801870561079546,0.9864363636363637,0.05942734330892563,0.9839999675750732,0.02712705358862877,0.014800000004470348,3.7998545169830322,0.3665141463279724,0.09161290542878477
elementwise,1,act_weight,producer,4,2,1,0.25305546875,0.9246181818181818,0.11222334206104279,0.9657999873161316,0.07822307199239731,0.02979999966919422,0.681344747543335,0.5539256930351257,0.23704904299684945
elementwise,1,act_weight,producer,4,2,2,0.0960787109375,0.9714545454545455,0.08309052884578705,0.9741999506950378,0.050222206860780716,0.020600000396370888,0.9912246465682983,0.48370373249053955,0.16750434794485622
elementwise,1,act_weight,producer,4,2,3,0.07800306285511363,0.9773818181818181,0.1083298921585083,0.9675999879837036,0.07742593437433243,0.0284000001847744,1.2912023067474365,0.5152109861373901,0.14509410682741164
elementwise,1,act_weight,producer,4,2,4,0.06795941938920455,0.9798363636363636,0.08416851609945297,0.9723999500274658,0.051082637161016464,0.02159999869763851,1.6827771663665771,0.45817190408706665,0.131952386589208
elementwise,1,act_weight,producer,4,2,5,0.06244115323153409,0.9816363636363636,0.07692896574735641,0.9769999980926514,0.045881811529397964,0.017799999564886093,1.836141586303711,0.46792709827423096,0.12209985248857241
elementwise,1,act_weight,producer,4,2,6,0.058354070490056816,0.9831090909090909,0.08631990849971771,0.9751999974250793,0.0514671728014946,0.01939999870955944,2.1744742393493652,0.430106520652771,0.11668950665622553
elementwise,1,act_weight,producer,4,2,7,0.05610280539772727,0.9839272727272728,0.0700727179646492,0.9785999655723572,0.03770489618182182,0.015799999237060547,2.470932722091675,0.4328988790512085,0.11429881990857933
elementwise,1,act_weight,producer,4,2,8,0.05419810458096591,0.9835454545454545,0.06302985548973083,0.9843999743461609,0.030045561492443085,0.01119999960064888,2.6786909103393555,0.4192970395088196,0.11068979803682322
elementwise,1,act_weight,producer,4,2,9,0.05107258078835227,0.9843636363636363,0.056968074291944504,0.9845999479293823,0.024761192500591278,0.009999999776482582,2.987354040145874,0.39503076672554016,0.10574008395403471
elementwise,1,act_weight,producer,4,2,10,0.049598180042613634,0.9852727272727273,0.05514129623770714,0.9860000014305115,0.023940222337841988,0.010599999688565731,3.1944096088409424,0.3884255588054657,0.10387991477117517
elementwise,1,act_weight,producer,4,2,11,0.047572003728693184,0.9854727272727273,0.06775292009115219,0.9799999594688416,0.0332949236035347,0.014800000004470348,3.377244710922241,0.3934738337993622,0.09939732020906558
elementwise,1,act_weight,producer,4,2,12,0.04702077858664773,0.9857090909090909,0.060864195227622986,0.9833999872207642,0.02470501884818077,0.011599999852478504,3.535989284515381,0.37415435910224915,0.10049728196536213
elementwise,1,act_weight,producer,5,0,1,0.253811328125,0.923509090909091,0.10459832847118378,0.9695999622344971,0.06805981695652008,0.028199998661875725,0.5525116324424744,0.515336275100708,0.3573105798473894
elementwise,1,act_weight,producer,5,0,2,0.08792579900568182,0.9722909090909091,0.08238667249679565,0.9749999642372131,0.05488433688879013,0.02279999852180481,0.676241934299469,0.45148521661758423,0.25813407149751416
elementwise,1,act_weight,producer,5,0,3,0.069288720703125,0.9784545454545455,0.07297413051128387,0.9783999919891357,0.03751790523529053,0.017400000244379044,0.9212494492530823,0.39663538336753845,0.22449179126222432
elementwise,1,act_weight,producer,5,0,4,0.05919317294034091,0.9816,0.0659043937921524,0.9803999662399292,0.029266491532325745,0.014999999664723873,1.1537699699401855,0.3920109272003174,0.2002738522336144
elementwise,1,act_weight,producer,5,0,5,0.054619571200284094,0.9833454545454545,0.06401912868022919,0.9824000000953674,0.02928004041314125,0.013599999248981476,1.393501877784729,0.3703930675983429,0.1913722887945949
elementwise,1,act_weight,producer,5,0,6,0.049386780894886365,0.9850545454545454,0.057091210037469864,0.98499995470047,0.022368190810084343,0.009599999524652958,1.6569600105285645,0.3620187044143677,0.18047863815993154
elementwise,1,act_weight,producer,5,0,7,0.04583691850142045,0.9856363636363636,0.06158498674631119,0.9824000000953674,0.028129545971751213,0.013399999588727951,1.9980159997940063,0.3266293704509735,0.17149614831272422
elementwise,1,act_weight,producer,5,0,8,0.04335111860795455,0.9866727272727273,0.05427492782473564,0.9845999479293823,0.020085573196411133,0.008999999612569809,2.2443642616271973,0.312999427318573,0.16668188067964523
elementwise,1,act_weight,producer,5,0,9,0.040837175958806815,0.9875272727272727,0.06983645260334015,0.9791999459266663,0.03243836760520935,0.014399999752640724,2.412536859512329,0.3067922294139862,0.15886912458341682
elementwise,1,act_weight,producer,5,0,10,0.038639732776988636,0.9883272727272727,0.09661657363176346,0.97079998254776,0.06916134059429169,0.025599999353289604,2.80918288230896,0.31341302394866943,0.1533192347617053
elementwise,1,act_weight,producer,5,0,11,0.03690871803977273,0.9883090909090909,0.0505872443318367,0.9863999485969543,0.019984615966677666,0.009200000204145908,3.1017444133758545,0.2617058753967285,0.1468159840469123
elementwise,1,act_weight,producer,5,0,12,0.035798952414772725,0.988890909090909,0.04933047294616699,0.9863999485969543,0.011145819909870625,0.007199999876320362,3.30789852142334,0.2250973880290985,0.1437874469596256
elementwise,1,act_weight,producer,5,1,1,0.2429892755681818,0.9264909090909091,0.11371845752000809,0.9661999940872192,0.07403704524040222,0.029999999329447746,0.5380542874336243,0.49866488575935364,0.3397794840742292
elementwise,1,act_weight,producer,5,1,2,0.08396540305397727,0.9742181818181819,0.08570908010005951,0.9739999771118164,0.059994034469127655,0.02419999986886978,0.6755956411361694,0.46027082204818726,0.24380975578663655
elementwise,1,act_weight,producer,5,1,3,0.06742452503551136,0.9788909090909091,0.075928695499897,0.9777999520301819,0.04175812751054764,0.019999999552965164,0.852506697177887,0.40908095240592957,0.2131649396295824
elementwise,1,act_weight,producer,5,1,4,0.05619485529119318,0.9832727272727273,0.07121094316244125,0.9795999526977539,0.034258853644132614,0.017400000244379044,1.0897718667984009,0.4090878963470459,0.19008657190726813
elementwise,1,act_weight,producer,5,1,5,0.05009467329545454,0.9846181818181818,0.06276353448629379,0.9827999472618103,0.037457820028066635,0.016200000420212746,1.3580094575881958,0.3721279203891754,0.1755881107610497
elementwise,1,act_weight,producer,5,1,6,0.045936106178977275,0.9861636363636364,0.0655178651213646,0.9791999459266663,0.033499084413051605,0.01679999940097332,1.6512401103973389,0.34983131289482117,0.16598268106572453
elementwise,1,act_weight,producer,5,1,7,0.042541064453125,0.9874545454545455,0.0494610033929348,0.9857999682426453,0.018696758896112442,0.010599999688565731,1.7739008665084839,0.35018864274024963,0.15820930687840323
elementwise,1,act_weight,producer,5,1,8,0.03993998579545455,0.9878727272727272,0.051524389535188675,0.9861999750137329,0.02330964244902134,0.010999999940395355,2.1185646057128906,0.3445858955383301,0.1538784351040775
elementwise,1,act_weight,producer,5,1,9,0.038092302911931816,0.9883272727272727,0.06352956593036652,0.983199954032898,0.03283975273370743,0.014800000004470348,2.3307244777679443,0.32406678795814514,0.14759758973611845
elementwise,1,act_weight,producer,5,1,10,0.03575163130326704,0.9886727272727273,0.049308836460113525,0.9861999750137329,0.02408645674586296,0.012199999764561653,2.7872207164764404,0.27937448024749756,0.14115193221758845
elementwise,1,act_weight,producer,5,1,11,0.033494389204545456,0.9899272727272728,0.053986113518476486,0.98499995470047,0.021910153329372406,0.011399999260902405,2.827625274658203,0.29345837235450745,0.13309309610096337
elementwise,1,act_weight,producer,5,1,12,0.03143558904474432,0.9905272727272727,0.05101170390844345,0.9857999682426453,0.01006744708865881,0.007999999448657036,3.1303153038024902,0.2449599951505661,0.12600127934293676
elementwise,1,act_weight,producer,5,2,1,0.23518600852272728,0.9295454545454546,0.09824718534946442,0.9709999561309814,0.0624954029917717,0.024000000208616257,0.5469644665718079,0.5026627779006958,0.3368805885888073
elementwise,1,act_weight,producer,5,2,2,0.08105534446022727,0.9753818181818181,0.07020314037799835,0.9805999994277954,0.03588014468550682,0.014399999752640724,0.6671738624572754,0.4258975386619568,0.24455232102857352
elementwise,1,act_weight,producer,5,2,3,0.06373975941051137,0.9808181818181818,0.0866873636841774,0.974399983882904,0.05655311048030853,0.020800000056624413,0.8812889456748962,0.4641098380088806,0.21115816958350786
elementwise,1,act_weight,producer,5,2,4,0.05442097833806818,0.9833818181818181,0.06770007312297821,0.9779999852180481,0.03582066297531128,0.01640000008046627,1.1569983959197998,0.3937951922416687,0.19208378102748083
elementwise,1,act_weight,producer,5,2,5,0.04818687411221591,0.9856181818181818,0.0600823350250721,0.9819999933242798,0.029603591188788414,0.013599999248981476,1.3359664678573608,0.3841286301612854,0.17766590482781228
elementwise,1,act_weight,producer,5,2,6,0.04403927556818182,0.9865090909090909,0.06815596669912338,0.9811999797821045,0.033346470445394516,0.012799999676644802,1.4963724613189697,0.3565160930156708,0.16704769991440696
elementwise,1,act_weight,producer,5,2,7,0.040848020241477274,0.9874727272727273,0.051860664039850235,0.9860000014305115,0.0195290707051754,0.009800000116229057,1.860992193222046,0.32705986499786377,0.1598395585583945
elementwise,1,act_weight,producer,5,2,8,0.03840628551136364,0.9882909090909091,0.04964984208345413,0.9873999953269958,0.01658259704709053,0.008200000040233135,2.0896661281585693,0.3119627833366394,0.15203909508113128
elementwise,1,act_weight,producer,5,2,9,0.03622134232954546,0.9887818181818182,0.04669664800167084,0.9878000020980835,0.014893190935254097,0.007799999788403511,2.327540159225464,0.2996322512626648,0.14270194041266776
elementwise,1,act_weight,producer,5,2,10,0.03378455033735796,0.9895454545454545,0.0466029979288578,0.9875999689102173,0.01509417500346899,0.007599999662488699,2.6320552825927734,0.2798290550708771,0.13652615140864308
elementwise,1,act_weight,producer,5,2,11,0.03211771351207386,0.9901090909090909,0.05410482734441757,0.9845999479293823,0.018124768510460854,0.009599999524652958,2.781846284866333,0.2909717261791229,0.13265716340988146
elementwise,1,act_weight,producer,5,2,12,0.030996040482954547,0.9902,0.04815037176012993,0.9875999689102173,0.009983036667108536,0.005200000014156103,3.0051987171173096,0.24537776410579681,0.13078196991495328
elementwise,1,act_weight,producer,7,0,1,0.24345861150568182,0.926,0.09331527352333069,0.972599983215332,0.05648241937160492,0.024799998849630356,0.48289886116981506,0.48211869597435,0.5802468995283276
elementwise,1,act_weight,producer,7,0,2,0.07968176491477273,0.9750545454545455,0.07604163140058517,0.9781999588012695,0.04818673059344292,0.01979999989271164,0.41792288422584534,0.4059569835662842,0.4643697301087214
elementwise,1,act_weight,producer,7,0,3,0.06143932883522727,0.980909090909091,0.06795530766248703,0.9811999797821045,0.028877196833491325,0.013199999928474426,0.39219343662261963,0.3447352945804596,0.4192016399264264
elementwise,1,act_weight,producer,7,0,4,0.050912477805397725,0.9844363636363637,0.05819404125213623,0.9827999472618103,0.020218221470713615,0.011399999260902405,0.42193153500556946,0.3209267258644104,0.38553283950392453
elementwise,1,act_weight,producer,7,0,5,0.04621938032670454,0.9857454545454546,0.05876529589295387,0.9835999608039856,0.022531770169734955,0.012000000104308128,0.46176576614379883,0.2955690026283264,0.3660486969823897
elementwise,1,act_weight,producer,7,0,6,0.039996337890625,0.9876909090909091,0.05195441469550133,0.986799955368042,0.017014047130942345,0.00839999970048666,0.5336148142814636,0.2897797226905823,0.34659346487953235
elementwise,1,act_weight,producer,7,0,7,0.036570390181107956,0.9888363636363636,0.05164368823170662,0.9863999485969543,0.016419775784015656,0.00839999970048666,0.6190046668052673,0.23366379737854004,0.33113139899109467
elementwise,1,act_weight,producer,7,0,8,0.03297101384943182,0.9898,0.048742592334747314,0.9861999750137329,0.012085349299013615,0.006000000052154064,0.7063735723495483,0.23043915629386902,0.3204014223015425
elementwise,1,act_weight,producer,7,0,9,0.030392400568181818,0.9906363636363636,0.05486917868256569,0.9847999811172485,0.015420632436871529,0.009200000204145908,0.7901415228843689,0.19778844714164734,0.30391986578281216
elementwise,1,act_weight,producer,7,0,10,0.02807593661221591,0.9913636363636363,0.07314302772283554,0.9779999852180481,0.04154880717396736,0.016999999061226845,0.9497436881065369,0.2171839028596878,0.2972592012529366
elementwise,1,act_weight,producer,7,0,11,0.025742655806107954,0.9918181818181818,0.049880288541316986,0.9865999817848206,0.015516594983637333,0.006799999624490738,1.0758538246154785,0.17846789956092834,0.28147832401522466
elementwise,1,act_weight,producer,7,0,12,0.024561951793323863,0.9922,0.04665817320346832,0.9865999817848206,0.0016854978166520596,0.0031999999191612005,1.1640468835830688,0.07957851886749268,0.2749490083954035
elementwise,1,act_weight,producer,7,1,1,0.2353807528409091,0.9285636363636364,0.10523586720228195,0.9675999879837036,0.06453460454940796,0.028599999845027924,0.4697888195514679,0.46875959634780884,0.5451975697037024
elementwise,1,act_weight,producer,7,1,2,0.07647401455965909,0.9765818181818182,0.07575628906488419,0.9781999588012695,0.05021669715642929,0.020800000056624413,0.42044615745544434,0.40841197967529297,0.4318398180692393
elementwise,1,act_weight,producer,7,1,3,0.059107000177556816,0.9816363636363636,0.07009248435497284,0.9797999858856201,0.033010464161634445,0.01759999990463257,0.38935115933418274,0.3505434989929199,0.38591561800003643
elementwise,1,act_weight,producer,7,1,4,0.04844007013494318,0.9851636363636364,0.06378942728042603,0.9817999601364136,0.02625400945544243,0.014599999412894249,0.4367382824420929,0.35241302847862244,0.35182864089162463
elementwise,1,act_weight,producer,7,1,5,0.04168131658380682,0.9869272727272728,0.05453663319349289,0.9855999946594238,0.027452465146780014,0.012600000016391277,0.4751691222190857,0.31099942326545715,0.32799188687148295
elementwise,1,act_weight,producer,7,1,6,0.03758177379261363,0.9880363636363636,0.050312258303165436,0.9860000014305115,0.015439371578395367,0.009999999776482582,0.5391555428504944,0.24987217783927917,0.3125397233705451
elementwise,1,act_weight,producer,7,1,7,0.03370025079900568,0.9896181818181818,0.04691344127058983,0.9871999621391296,0.01874600164592266,0.009399999864399433,0.6203323006629944,0.2622642517089844,0.2952897643459416
elementwise,1,act_weight,producer,7,1,8,0.030855106977982955,0.9904545454545455,0.05149279907345772,0.9843999743461609,0.024694319814443588,0.013199999928474426,0.7372366189956665,0.26196280121803284,0.28632582724772815
elementwise,1,act_weight,producer,7,1,9,0.028630149147727272,0.9906909090909091,0.061516791582107544,0.983199954032898,0.025211196392774582,0.012600000016391277,0.8021207451820374,0.23468458652496338,0.2756418340587496
elementwise,1,act_weight,producer,7,1,10,0.026550727982954544,0.9914727272727273,0.04552645981311798,0.9887999892234802,0.019124217331409454,0.010199999436736107,0.9360873103141785,0.1937447339296341,0.2651630593141629
elementwise,1,act_weight,producer,7,1,11,0.02395963689630682,0.9927272727272727,0.055431921035051346,0.9843999743461609,0.022221479564905167,0.012000000104308128,1.024943470954895,0.19962473213672638,0.25236507712480194
elementwise,1,act_weight,producer,7,1,12,0.02141028719815341,0.9933818181818181,0.04893086105585098,0.9860000014305115,0.0012422929285094142,0.003000000026077032,1.173282265663147,0.07739245891571045,0.24139289031341626
elementwise,1,act_weight,producer,7,2,1,0.2268132990056818,0.9313272727272728,0.08888377994298935,0.9745999574661255,0.05210326239466667,0.020600000396370888,0.46549826860427856,0.46481701731681824,0.5470067472819654
elementwise,1,act_weight,producer,7,2,2,0.07207155095880682,0.9775272727272727,0.06425248831510544,0.9817999601364136,0.02856620028614998,0.013199999928474426,0.3807242810726166,0.368421733379364,0.43502235435522935
elementwise,1,act_weight,producer,7,2,3,0.05492234108664773,0.9833090909090909,0.07329517602920532,0.977400004863739,0.04287596791982651,0.016999999061226845,0.4351224899291992,0.3981611430644989,0.3828360893081532
elementwise,1,act_weight,producer,7,2,4,0.04528746448863637,0.9858545454545454,0.05988055467605591,0.9809999465942383,0.026948800310492516,0.012999999336898327,0.42810654640197754,0.33013781905174255,0.3544519768352425
elementwise,1,act_weight,producer,7,2,5,0.03921022727272727,0.9876727272727273,0.055025842040777206,0.9857999682426453,0.022804243490099907,0.009399999864399433,0.46453481912612915,0.30498239398002625,0.3322274908488281
elementwise,1,act_weight,producer,7,2,6,0.035403424627130683,0.9888181818181818,0.05494062975049019,0.9857999682426453,0.018596511334180832,0.00839999970048666,0.4981561303138733,0.2725277543067932,0.31332360547067073
elementwise,1,act_weight,producer,7,2,7,0.03107096280184659,0.9902,0.04868118464946747,0.9875999689102173,0.013476467691361904,0.00699999975040555,0.6058966517448425,0.23031222820281982,0.29986330152428475
elementwise,1,act_weight,producer,7,2,8,0.028495481178977274,0.9911636363636364,0.0447198711335659,0.9879999756813049,0.009679773822426796,0.006199999712407589,0.6852013468742371,0.20788060128688812,0.2849729562382765
elementwise,1,act_weight,producer,7,2,9,0.025976136363636364,0.9918727272727272,0.04255753755569458,0.9889999628067017,0.009833886288106441,0.006199999712407589,0.7839550375938416,0.19732193648815155,0.27017457795341554
elementwise,1,act_weight,producer,7,2,10,0.02342579678622159,0.9923818181818181,0.0424698144197464,0.9887999892234802,0.010927571915090084,0.006000000052154064,0.9265168905258179,0.17395873367786407,0.2613229817340788
elementwise,1,act_weight,producer,7,2,11,0.021793736683238637,0.9930545454545454,0.04698283225297928,0.9883999824523926,0.010397959500551224,0.005799999926239252,1.0389127731323242,0.16523778438568115,0.25314474786472657
elementwise,1,act_weight,producer,7,2,12,0.020158695845170455,0.9934727272727273,0.041374966502189636,0.989799976348877,0.0011780267814174294,0.0015999999595806003,1.142663598060608,0.08006112277507782,0.24521714683760995
elementwise,1,act_weight,producer,10,0,1,0.2428177911931818,0.9262545454545454,0.09134577959775925,0.9731999635696411,0.054760418832302094,0.02459999918937683,0.4742193818092346,0.47412142157554626,0.8009338975797199
elementwise,1,act_weight,producer,10,0,2,0.07837513316761363,0.9755090909090909,0.07433962821960449,0.9785999655723572,0.046568043529987335,0.019199999049305916,0.3947293162345886,0.39473435282707214,0.7208277940667626
elementwise,1,act_weight,producer,10,0,3,0.060148628373579545,0.9812545454545455,0.06547923386096954,0.9825999736785889,0.026632582768797874,0.011799999512732029,0.3312521278858185,0.33124518394470215,0.681499266995684
elementwise,1,act_weight,producer,10,0,4,0.04969586292613636,0.9848,0.05797610431909561,0.9837999939918518,0.020182181149721146,0.011799999512732029,0.3078892230987549,0.3074813783168793,0.6499254475423868
elementwise,1,act_weight,producer,10,0,5,0.04473655450994318,0.985909090909091,0.05799426883459091,0.9839999675750732,0.022562144324183464,0.011799999512732029,0.28736209869384766,0.2863423526287079,0.6284661770865583
elementwise,1,act_weight,producer,10,0,6,0.03854924538352273,0.9877272727272727,0.053484681993722916,0.9871999621391296,0.018075978383421898,0.008599999360740185,0.28364914655685425,0.2813446521759033,0.61011762215221
elementwise,1,act_weight,producer,10,0,7,0.03509736328125,0.9891636363636364,0.05106664076447487,0.9857999682426453,0.014097522012889385,0.008799999952316284,0.21793799102306366,0.21283574402332306,0.5892504461765402
elementwise,1,act_weight,producer,10,0,8,0.03135401278409091,0.9902727272727273,0.047910384833812714,0.9863999485969543,0.011580857448279858,0.006000000052154064,0.22503803670406342,0.21747153997421265,0.5784814290397188
elementwise,1,act_weight,producer,10,0,9,0.028831025834517045,0.9909636363636364,0.05663057789206505,0.9847999811172485,0.016793077811598778,0.010400000028312206,0.1932464987039566,0.17913667857646942,0.5618631740452733
elementwise,1,act_weight,producer,10,0,10,0.026297718394886364,0.9917636363636364,0.07075650244951248,0.9807999730110168,0.03849133476614952,0.013799999840557575,0.2217366248369217,0.20245541632175446,0.5518297790970844
elementwise,1,act_weight,producer,10,0,11,0.023899141068892047,0.9923454545454545,0.05126480758190155,0.9861999750137329,0.01632227748632431,0.007599999662488699,0.20628641545772552,0.17488349974155426,0.5321496375953816
elementwise,1,act_weight,producer,10,0,12,0.022731458629261365,0.9927454545454546,0.047404695302248,0.9869999885559082,0.00023804459488019347,0.001999999862164259,0.12467923015356064,0.02364697866141796,0.5215515789186138
elementwise,1,act_weight,producer,10,1,1,0.23468879616477273,0.9288909090909091,0.10339357703924179,0.9687999486923218,0.06302742660045624,0.027799999341368675,0.4643810987472534,0.46438491344451904,0.7537064522591101
elementwise,1,act_weight,producer,10,1,2,0.07565881569602273,0.9767090909090909,0.07496553659439087,0.9787999987602234,0.04898602515459061,0.02019999921321869,0.4031877815723419,0.40320247411727905,0.6729338156289268
elementwise,1,act_weight,producer,10,1,3,0.05812696200284091,0.9816727272727273,0.06873509287834167,0.9801999926567078,0.03168271854519844,0.01719999872148037,0.33715295791625977,0.3370479643344879,0.6312439675110634
elementwise,1,act_weight,producer,10,1,4,0.04761657492897727,0.9852,0.06327614933252335,0.9811999797821045,0.02572651393711567,0.014999999664723873,0.34515485167503357,0.3447038233280182,0.5984229025149788
elementwise,1,act_weight,producer,10,1,5,0.04071570046164773,0.9873818181818181,0.05274249240756035,0.9855999946594238,0.02471761777997017,0.012000000104308128,0.29148635268211365,0.2902860641479492,0.574328800240389
elementwise,1,act_weight,producer,10,1,6,0.036516020063920455,0.9882545454545455,0.04964723065495491,0.9863999485969543,0.014579267241060734,0.009999999776482582,0.23171435296535492,0.22869792580604553,0.5558774653530258
elementwise,1,act_weight,producer,10,1,7,0.03277269620028409,0.9898181818181818,0.04619518294930458,0.9871999621391296,0.016728533431887627,0.009599999524652958,0.2478058785200119,0.2433483600616455,0.5353953442843875
elementwise,1,act_weight,producer,10,1,8,0.02978999689275568,0.9906181818181818,0.050251930952072144,0.9847999811172485,0.024184398353099823,0.012199999764561653,0.2584974467754364,0.25114282965660095,0.5236859417967256
elementwise,1,act_weight,producer,10,1,9,0.027359319513494317,0.9910909090909091,0.061423107981681824,0.9829999804496765,0.025856034830212593,0.012399999424815178,0.22997944056987762,0.2184482216835022,0.5096874943089728
elementwise,1,act_weight,producer,10,1,10,0.025195263671875,0.9918363636363636,0.04601353779435158,0.988599956035614,0.02117626555263996,0.010400000028312206,0.19985024631023407,0.17865771055221558,0.496421595855111
elementwise,1,act_weight,producer,10,1,11,0.022798211115056817,0.992909090909091,0.05431228131055832,0.9853999614715576,0.02061985805630684,0.011599999852478504,0.20310744643211365,0.1745757907629013,0.4855064331372585
elementwise,1,act_weight,producer,10,1,12,0.01992122247869318,0.9941272727272727,0.05044618621468544,0.986799955368042,0.00014098727842792869,0.0011999999405816197,0.12549751996994019,0.01804927922785282,0.47254773633698166
elementwise,1,act_weight,producer,10,2,1,0.2263399502840909,0.9314363636363636,0.08851651102304459,0.9745999574661255,0.05152476578950882,0.020399998873472214,0.4567083716392517,0.4566977322101593,0.7616395166724336
elementwise,1,act_weight,producer,10,2,2,0.07128638583096591,0.9776363636363636,0.06455423682928085,0.9813999533653259,0.028547583147883415,0.013399999588727951,0.3555794358253479,0.35559171438217163,0.6833606882045492
elementwise,1,act_weight,producer,10,2,3,0.05414984463778409,0.9835636363636364,0.07415536046028137,0.9783999919891357,0.04353022202849388,0.01599999889731407,0.38858795166015625,0.38855230808258057,0.6350311185372693
elementwise,1,act_weight,producer,10,2,4,0.04426161221590909,0.9862909090909091,0.059841338545084,0.9813999533653259,0.026245348155498505,0.012399999424815178,0.31749212741851807,0.317179799079895,0.6064593159840469
elementwise,1,act_weight,producer,10,2,5,0.03816654385653409,0.9881636363636364,0.05604996904730797,0.9847999811172485,0.02340458706021309,0.010799999348819256,0.29215022921562195,0.29127979278564453,0.5828599916228078
elementwise,1,act_weight,producer,10,2,6,0.03414388982599432,0.9892363636363637,0.05558060482144356,0.9845999479293823,0.018701625987887383,0.009399999864399433,0.2531522214412689,0.2516537010669708,0.5642802671595855
elementwise,1,act_weight,producer,10,2,7,0.029820561079545456,0.9905454545454545,0.04867086187005043,0.9871999621391296,0.012253161519765854,0.007400000002235174,0.20506775379180908,0.20005369186401367,0.5495161488590629
elementwise,1,act_weight,producer,10,2,8,0.027085118519176138,0.9915636363636363,0.04505292698740959,0.988599956035614,0.00980084203183651,0.00559999980032444,0.18629947304725647,0.17774398624897003,0.528093983901222
elementwise,1,act_weight,producer,10,2,9,0.02468710049715909,0.9922181818181818,0.042395446449518204,0.9896000027656555,0.0096207857131958,0.005799999926239252,0.19364748895168304,0.17972373962402344,0.5100693622407168
elementwise,1,act_weight,producer,10,2,10,0.02168042879971591,0.9927818181818182,0.043618179857730865,0.9893999695777893,0.01099710538983345,0.005200000014156103,0.17439182102680206,0.14603298902511597,0.496168231319772
elementwise,1,act_weight,producer,10,2,11,0.020233305220170455,0.9934545454545455,0.047566626220941544,0.9883999824523926,0.009664585813879967,0.006000000052154064,0.1840294897556305,0.14683860540390015,0.4849977691172989
elementwise,1,act_weight,producer,10,2,12,0.018693192915482954,0.9939272727272728,0.040802374482154846,0.9901999831199646,9.786993177840486e-05,0.0005999999702908099,0.1232343465089798,0.017136845737695694,0.4699796033581614
elementwise,1,act_weight,producer,23,0,1,0.24292395241477271,0.926290909090909,0.09102913737297058,0.9733999967575073,0.05456610023975372,0.024399999529123306,0.4741292893886566,0.4739920496940613,1.0
elementwise,1,act_weight,producer,23,0,2,0.07839264026988636,0.9754,0.07434423267841339,0.9787999987602234,0.04638254642486572,0.01899999938905239,0.3963105380535126,0.3962244987487793,1.0
elementwise,1,act_weight,producer,23,0,3,0.06007781427556818,0.9814181818181819,0.06583335250616074,0.9824000000953674,0.026830239221453667,0.012000000104308128,0.33158788084983826,0.3314881920814514,1.0
elementwise,1,act_weight,producer,23,0,4,0.04957105379971591,0.984909090909091,0.05798416584730148,0.9837999939918518,0.020382510498166084,0.011799999512732029,0.3091902434825897,0.3091994822025299,1.0
elementwise,1,act_weight,producer,23,0,5,0.04462455166903409,0.9859818181818182,0.05753513053059578,0.9843999743461609,0.022264068946242332,0.011399999260902405,0.28363052010536194,0.2836500406265259,1.0
elementwise,1,act_weight,producer,23,0,6,0.03838940873579545,0.9878,0.052244555205106735,0.9878000020980835,0.01695697195827961,0.007999999448657036,0.2755920886993408,0.2756359577178955,1.0
elementwise,1,act_weight,producer,23,0,7,0.03487207697088068,0.9893818181818181,0.051122814416885376,0.9863999485969543,0.014348838478326797,0.008200000040233135,0.21062633395195007,0.21062535047531128,1.0
elementwise,1,act_weight,producer,23,0,8,0.031190622780539773,0.9902181818181818,0.04779592156410217,0.9863999485969543,0.011394018307328224,0.006199999712407589,0.21419407427310944,0.21420787274837494,1.0
elementwise,1,act_weight,producer,23,0,9,0.02863327414772727,0.9910727272727273,0.05537307634949684,0.9860000014305115,0.01549555640667677,0.009200000204145908,0.1748334765434265,0.17485789954662323,1.0
elementwise,1,act_weight,producer,23,0,10,0.026122463156960228,0.9918363636363636,0.0689442902803421,0.9805999994277954,0.036987386643886566,0.013599999248981476,0.2015303522348404,0.20156829059123993,1.0
elementwise,1,act_weight,producer,23,0,11,0.023598124556107953,0.9927090909090909,0.05185822769999504,0.9857999682426453,0.01695154421031475,0.007999999448657036,0.17623209953308105,0.1762479841709137,1.0
elementwise,1,act_weight,producer,23,0,12,0.022519291548295454,0.992909090909091,0.047002166509628296,0.9869999885559082,0.00013995151675771922,0.00139999995008111,0.017693210393190384,0.017650095745921135,1.0
elementwise,1,act_weight,producer,23,1,1,0.23478451704545455,0.9287090909090909,0.1034388393163681,0.9687999486923218,0.06307879090309143,0.027799999341368675,0.4637983739376068,0.46379879117012024,1.0
elementwise,1,act_weight,producer,23,1,2,0.07571036044034091,0.9767272727272728,0.0749974250793457,0.9787999987602234,0.049076326191425323,0.02019999921321869,0.40160033106803894,0.4016113579273224,1.0
elementwise,1,act_weight,producer,23,1,3,0.05821487038352273,0.9817636363636364,0.06872927397489548,0.9801999926567078,0.03163332864642143,0.016999999061226845,0.3385719060897827,0.3385615050792694,1.0
elementwise,1,act_weight,producer,23,1,4,0.04761343217329545,0.9851090909090909,0.06343024969100952,0.9815999865531921,0.026092883199453354,0.0142000000923872,0.3440966308116913,0.34411299228668213,1.0
elementwise,1,act_weight,producer,23,1,5,0.040710711115056815,0.9874363636363637,0.05252116546034813,0.9851999878883362,0.02454608492553234,0.012399999424815178,0.28523948788642883,0.28525781631469727,1.0
elementwise,1,act_weight,producer,23,1,6,0.036480912642045456,0.9883454545454545,0.04951222985982895,0.9861999750137329,0.014690304175019264,0.009800000116229057,0.22699233889579773,0.22699551284313202,1.0
elementwise,1,act_weight,producer,23,1,7,0.03274170809659091,0.9898181818181818,0.04629097878932953,0.9873999953269958,0.016502810642123222,0.009200000204145908,0.2404378205537796,0.24045169353485107,1.0
elementwise,1,act_weight,producer,23,1,8,0.029664424272017046,0.9907272727272727,0.04976378008723259,0.98499995470047,0.024062704294919968,0.012000000104308128,0.2512180507183075,0.25124576687812805,1.0
elementwise,1,act_weight,producer,23,1,9,0.027285582386363635,0.9912545454545455,0.061624836176633835,0.9829999804496765,0.025409288704395294,0.012399999424815178,0.2167591005563736,0.21678009629249573,1.0
elementwise,1,act_weight,producer,23,1,10,0.02520078346946023,0.9918545454545454,0.046701669692993164,0.9883999824523926,0.021828435361385345,0.010599999688565731,0.1782975047826767,0.17827248573303223,1.0
elementwise,1,act_weight,producer,23,1,11,0.022787460049715907,0.9928545454545454,0.053492650389671326,0.9851999878883362,0.020096193999052048,0.011799999512732029,0.17326442897319794,0.17328669130802155,1.0
elementwise,1,act_weight,producer,23,1,12,0.019940500710227273,0.9941454545454546,0.0503898449242115,0.9871999621391296,9.248006244888529e-05,0.0015999999595806003,0.01211624313145876,0.012101663276553154,1.0
elementwise,1,act_weight,producer,23,2,1,0.22633384232954545,0.9313454545454546,0.0887259915471077,0.974399983882904,0.05166887119412422,0.02019999921321869,0.4558415114879608,0.45581352710723877,1.0
elementwise,1,act_weight,producer,23,2,2,0.07124093128551136,0.9776,0.06439683586359024,0.9817999601364136,0.028265267610549927,0.013199999928474426,0.3535035252571106,0.35343655943870544,1.0
elementwise,1,act_weight,producer,23,2,3,0.054085764382102275,0.9834545454545455,0.0742080807685852,0.9781999588012695,0.04348965734243393,0.016200000420212746,0.3875884413719177,0.3876413106918335,1.0
elementwise,1,act_weight,producer,23,2,4,0.04415343572443182,0.9863636363636363,0.05974739417433739,0.9813999533653259,0.026167690753936768,0.012399999424815178,0.31731629371643066,0.3173227608203888,1.0
elementwise,1,act_weight,producer,23,2,5,0.03808651012073864,0.9880545454545454,0.055602747946977615,0.9847999811172485,0.022804586216807365,0.010999999940395355,0.2885892987251282,0.2886095941066742,1.0
elementwise,1,act_weight,producer,23,2,6,0.03406611106178977,0.9892909090909091,0.05567033588886261,0.9843999743461609,0.01882319524884224,0.009599999524652958,0.2502330541610718,0.25017625093460083,1.0
elementwise,1,act_weight,producer,23,2,7,0.029715771484375,0.9904363636363637,0.048975054174661636,0.9869999885559082,0.012370850890874863,0.007199999876320362,0.19748254120349884,0.1974506974220276,1.0
elementwise,1,act_weight,producer,23,2,8,0.02699994229403409,0.9915454545454545,0.04503336176276207,0.9887999892234802,0.009476146660745144,0.005200000014156103,0.17468959093093872,0.1746332049369812,1.0
elementwise,1,act_weight,producer,23,2,9,0.02466128595525568,0.9920727272727272,0.04270706698298454,0.9896000027656555,0.00974964164197445,0.005399999674409628,0.17254690825939178,0.1725471168756485,1.0
elementwise,1,act_weight,producer,23,2,10,0.021679643110795455,0.9927454545454546,0.043729253113269806,0.9887999892234802,0.011046257801353931,0.005799999926239252,0.14564210176467896,0.14566226303577423,1.0
elementwise,1,act_weight,producer,23,2,11,0.020111066228693183,0.9935818181818182,0.04768553376197815,0.988599956035614,0.009384499862790108,0.004999999888241291,0.14508271217346191,0.14509336650371552,1.0
elementwise,1,act_weight,producer,23,2,12,0.01865690030184659,0.9940363636363636,0.04054475575685501,0.9901999831199646,0.00010528714483371004,0.0005999999702908099,0.014608468860387802,0.014549271203577518,1.0
bfp16,16,input,producer,1,0,1,0.2520420987215909,0.9243818181818182,0.09668763726949692,0.9717999696731567,0.05963505059480667,0.024399999529123306,0.4728800356388092,0.472736656665802,1.0
bfp16,16,input,producer,1,0,2,0.08302754794034091,0.9738545454545454,0.07581577450037003,0.9777999520301819,0.045202311128377914,0.01939999870955944,0.39093825221061707,0.39083850383758545,1.0
bfp16,16,input,producer,1,0,3,0.06395739968039772,0.9799454545454546,0.06880924105644226,0.9805999994277954,0.03087698295712471,0.0142000000923872,0.33333849906921387,0.33324959874153137,1.0
bfp16,16,input,producer,1,0,4,0.053139129083806816,0.9836,0.06108422949910164,0.983199954032898,0.02364971488714218,0.0139999995008111,0.31133872270584106,0.31125980615615845,1.0
bfp16,16,input,producer,1,0,5,0.04765704012784091,0.9848,0.06369268894195557,0.9815999865531921,0.02914758212864399,0.014599999412894249,0.29322218894958496,0.29317209124565125,1.0
bfp16,16,input,producer,1,0,6,0.04171965553977273,0.9872363636363637,0.054869189858436584,0.9863999485969543,0.021386925131082535,0.008999999612569809,0.28115421533584595,0.2811068296432495,1.0
bfp16,16,input,producer,1,0,7,0.037837122691761364,0.987909090909091,0.05739634856581688,0.9829999804496765,0.019971761852502823,0.01119999960064888,0.22419680655002594,0.22409379482269287,1.0
bfp16,16,input,producer,1,0,8,0.03428090376420455,0.9893090909090909,0.050117600709199905,0.9865999817848206,0.014601428061723709,0.00699999975040555,0.22924838960170746,0.22913876175880432,1.0
bfp16,16,input,producer,1,0,9,0.0313161376953125,0.9904,0.05558560788631439,0.9843999743461609,0.01834714226424694,0.010999999940395355,0.2160300314426422,0.21589705348014832,1.0
bfp16,16,input,producer,1,0,10,0.028542919921875,0.9912181818181818,0.08261825889348984,0.9751999974250793,0.049145232886075974,0.01939999870955944,0.23728099465370178,0.23719485104084015,1.0
bfp16,16,input,producer,1,0,11,0.026144327059659092,0.9916545454545455,0.05402759835124016,0.9865999817848206,0.019289083778858185,0.007799999788403511,0.19040657579898834,0.19025176763534546,1.0
bfp16,16,input,producer,1,0,12,0.025138880504261364,0.9919636363636364,0.05099025368690491,0.9857999682426453,0.0062164985574781895,0.006000000052154064,0.1162756159901619,0.11588393151760101,1.0
bfp16,16,input,producer,1,1,1,0.24771887428977274,0.9237090909090909,0.11327208578586578,0.965999960899353,0.07179969549179077,0.03059999831020832,0.47253698110580444,0.4724395275115967,1.0
bfp16,16,input,producer,1,1,2,0.0800731356534091,0.9753454545454545,0.08308909088373184,0.9759999513626099,0.0563126802444458,0.02319999970495701,0.4079754650592804,0.40784528851509094,1.0
bfp16,16,input,producer,1,1,3,0.062113383345170456,0.9805454545454545,0.07300962507724762,0.9795999526977539,0.035407036542892456,0.016999999061226845,0.3376045823097229,0.3374779522418976,1.0
bfp16,16,input,producer,1,1,4,0.05067254083806818,0.9842181818181818,0.06745406240224838,0.9801999926567078,0.029342686757445335,0.015399999916553497,0.3522658050060272,0.3521992564201355,1.0
bfp16,16,input,producer,1,1,5,0.04347652254971591,0.9865272727272727,0.06007608771324158,0.983199954032898,0.034439630806446075,0.014399999752640724,0.2978844940662384,0.2977927029132843,1.0
bfp16,16,input,producer,1,1,6,0.039427463600852274,0.9875636363636363,0.05221486836671829,0.9857999682426453,0.018400464206933975,0.010199999436736107,0.2456536442041397,0.2455209493637085,1.0
bfp16,16,input,producer,1,1,7,0.035016162109375,0.9892727272727273,0.047908563166856766,0.9873999953269958,0.016765328124165535,0.008599999360740185,0.24040108919143677,0.24027739465236664,1.0
bfp16,16,input,producer,1,1,8,0.03209940740411932,0.99,0.05346553400158882,0.9853999614715576,0.027304988354444504,0.012999999336898327,0.2696976065635681,0.2695799767971039,1.0
bfp16,16,input,producer,1,1,9,0.0292214111328125,0.9901818181818182,0.06873716413974762,0.9821999669075012,0.03469681739807129,0.013399999588727951,0.23497480154037476,0.23483552038669586,1.0
bfp16,16,input,producer,1,1,10,0.027101531427556818,0.9911454545454546,0.04805765300989151,0.9883999824523926,0.02440411038696766,0.009599999524652958,0.19453130662441254,0.1943119913339615,1.0
bfp16,16,input,producer,1,1,11,0.024633915571732955,0.9924545454545455,0.05380936712026596,0.9855999946594238,0.025416821241378784,0.010999999940395355,0.21893207728862762,0.21878083050251007,1.0
bfp16,16,input,producer,1,1,12,0.022359947620738636,0.9931636363636364,0.05287087336182594,0.9860000014305115,0.006111818831413984,0.004600000102072954,0.11988294869661331,0.11955023556947708,1.0
bfp16,16,input,producer,1,2,1,0.23561383167613636,0.928,0.09405595809221268,0.9733999967575073,0.05731069669127464,0.022199999541044235,0.46745356917381287,0.46734243631362915,1.0
bfp16,16,input,producer,1,2,2,0.07682453835227272,0.9761636363636363,0.06912776082754135,0.9807999730110168,0.03196696192026138,0.0139999995008111,0.35580796003341675,0.35563525557518005,1.0
bfp16,16,input,producer,1,2,3,0.05785074573863636,0.9823090909090909,0.0763368234038353,0.9777999520301819,0.045263439416885376,0.016999999061226845,0.3935815095901489,0.3935200273990631,1.0
bfp16,16,input,producer,1,2,4,0.04699790482954545,0.9852,0.06307823210954666,0.9817999601364136,0.028742782771587372,0.012999999336898327,0.3124418556690216,0.31232255697250366,1.0
bfp16,16,input,producer,1,2,5,0.040875590376420454,0.9871818181818182,0.06307753175497055,0.9809999465942383,0.030697932466864586,0.0139999995008111,0.3022755980491638,0.302193284034729,1.0
bfp16,16,input,producer,1,2,6,0.03622025923295454,0.9884181818181819,0.06216660141944885,0.9833999872207642,0.025827063247561455,0.011399999260902405,0.25920596718788147,0.2589651942253113,1.0
bfp16,16,input,producer,1,2,7,0.032120081676136364,0.9893636363636363,0.053230274468660355,0.9855999946594238,0.01703898422420025,0.008999999612569809,0.2126607745885849,0.21244418621063232,1.0
bfp16,16,input,producer,1,2,8,0.029251267311789772,0.9905636363636363,0.04969886317849159,0.9883999824523926,0.013554489240050316,0.006799999624490738,0.20271608233451843,0.20256413519382477,1.0
bfp16,16,input,producer,1,2,9,0.026746462180397727,0.9915636363636363,0.044859111309051514,0.9893999695777893,0.011933384463191032,0.006599999964237213,0.1887899786233902,0.1887240707874298,1.0
bfp16,16,input,producer,1,2,10,0.023578440163352272,0.9917636363636364,0.04714244231581688,0.988599956035614,0.014460430480539799,0.006599999964237213,0.17037665843963623,0.17028692364692688,1.0
bfp16,16,input,producer,1,2,11,0.021867100941051137,0.9929272727272728,0.050861142575740814,0.9879999756813049,0.014133468270301819,0.006599999964237213,0.17682337760925293,0.1767650693655014,1.0
bfp16,16,input,producer,1,2,12,0.020138259055397727,0.9935272727272727,0.043393928557634354,0.9889999628067017,0.0037744224537163973,0.00419999985024333,0.10271240025758743,0.1025504618883133,1.0
bfp16,16,input,producer,2,0,1,0.23753073508522726,0.9292909090909091,0.08818148821592331,0.9749999642372131,0.05187656730413437,0.02199999988079071,0.4703468978404999,0.47026991844177246,1.0
bfp16,16,input,producer,2,0,2,0.07651495028409092,0.9762,0.07507410645484924,0.9789999723434448,0.04806555062532425,0.01899999938905239,0.39549970626831055,0.3954927623271942,1.0
bfp16,16,input,producer,2,0,3,0.05860838068181818,0.9816545454545454,0.06462264060974121,0.9821999669075012,0.025110311806201935,0.011799999512732029,0.327166885137558,0.3271356225013733,1.0
bfp16,16,input,producer,2,0,4,0.04806337890625,0.9854363636363637,0.05751677230000496,0.9829999804496765,0.020020611584186554,0.012000000104308128,0.297010600566864,0.2970125079154968,1.0
bfp16,16,input,producer,2,0,5,0.04310670720880682,0.9866545454545455,0.05882986634969711,0.9825999736785889,0.024180224165320396,0.012799999676644802,0.28221723437309265,0.2822302579879761,1.0
bfp16,16,input,producer,2,0,6,0.03710653409090909,0.9883272727272727,0.05209897458553314,0.9869999885559082,0.016946233808994293,0.007999999448657036,0.2734355926513672,0.27342402935028076,1.0
bfp16,16,input,producer,2,0,7,0.033522847123579544,0.9898727272727272,0.05121086537837982,0.9860000014305115,0.01626056246459484,0.008799999952316284,0.21328197419643402,0.21325445175170898,1.0
bfp16,16,input,producer,2,0,8,0.029896779563210227,0.9906,0.04680907726287842,0.9875999689102173,0.011782013811171055,0.006399999838322401,0.2090112715959549,0.20897991955280304,1.0
bfp16,16,input,producer,2,0,9,0.02729041415127841,0.9914363636363637,0.05691789090633392,0.9847999811172485,0.018821770325303078,0.009999999776482582,0.18529324233531952,0.18524007499217987,1.0
bfp16,16,input,producer,2,0,10,0.02481429110440341,0.9923818181818181,0.06553081423044205,0.9811999797821045,0.03531453013420105,0.0142000000923872,0.20452190935611725,0.20446635782718658,1.0
bfp16,16,input,producer,2,0,11,0.02230329811789773,0.9930363636363636,0.050326455384492874,0.9853999614715576,0.017307579517364502,0.007400000002235174,0.19130516052246094,0.1912468671798706,1.0
bfp16,16,input,producer,2,0,12,0.021249176580255682,0.9933636363636363,0.04715884476900101,0.9861999750137329,0.0026370352134108543,0.0031999999191612005,0.07696458697319031,0.07660772651433945,1.0
bfp16,16,input,producer,2,1,1,0.23074000355113636,0.9301272727272727,0.10432992875576019,0.9693999886512756,0.06360362470149994,0.026399999856948853,0.45698460936546326,0.4569815397262573,1.0
bfp16,16,input,producer,2,1,2,0.07453746448863637,0.9775272727272727,0.07638292759656906,0.9775999784469604,0.0514652319252491,0.021800000220537186,0.39749836921691895,0.3974974751472473,1.0
bfp16,16,input,producer,2,1,3,0.05768252840909091,0.9818727272727272,0.0662209615111351,0.9813999533653259,0.02875732257962227,0.01679999940097332,0.3308092951774597,0.3307983875274658,1.0
bfp16,16,input,producer,2,1,4,0.04716931818181818,0.9852545454545455,0.06149078533053398,0.9821999669075012,0.02525022253394127,0.014399999752640724,0.3439364433288574,0.3439491093158722,1.0
bfp16,16,input,producer,2,1,5,0.040082253196022724,0.9874363636363637,0.05509224906563759,0.9855999946594238,0.026561973616480827,0.011799999512732029,0.2817007303237915,0.2817094922065735,1.0
bfp16,16,input,producer,2,1,6,0.03599966264204545,0.9884181818181819,0.04732932150363922,0.9873999953269958,0.012500104494392872,0.009800000116229057,0.21867267787456512,0.21866895258426666,1.0
bfp16,16,input,producer,2,1,7,0.03235771040482954,0.9901090909090909,0.04496559873223305,0.9873999953269958,0.016367517411708832,0.009200000204145908,0.2325892448425293,0.23259949684143066,1.0
bfp16,16,input,producer,2,1,8,0.029167274058948863,0.9905272727272727,0.048491042107343674,0.9855999946594238,0.02406582608819008,0.011799999512732029,0.2484155148267746,0.24843183159828186,1.0
bfp16,16,input,producer,2,1,9,0.02676469948508523,0.9913272727272727,0.061516039073467255,0.983199954032898,0.02565065585076809,0.012999999336898327,0.21892398595809937,0.21893709897994995,1.0
bfp16,16,input,producer,2,1,10,0.024699522816051138,0.9919818181818182,0.044726788997650146,0.988599956035614,0.020105775445699692,0.010799999348819256,0.1773505061864853,0.1773408204317093,1.0
bfp16,16,input,producer,2,1,11,0.02201343661221591,0.9930545454545454,0.05169382318854332,0.98499995470047,0.023363998159766197,0.011399999260902405,0.1845122128725052,0.18451787531375885,1.0
bfp16,16,input,producer,2,1,12,0.019596364524147727,0.9940545454545454,0.0511385016143322,0.9863999485969543,0.0021488487254828215,0.003999999724328518,0.06382419914007187,0.06371848285198212,1.0
bfp16,16,input,producer,2,2,1,0.22148249289772728,0.9326545454545454,0.08827514946460724,0.9747999906539917,0.05123083293437958,0.02019999921321869,0.4534823000431061,0.4534355401992798,1.0
bfp16,16,input,producer,2,2,2,0.0700366610440341,0.9782,0.0642675831913948,0.9813999533653259,0.028434893116354942,0.013599999248981476,0.35347980260849,0.35342031717300415,1.0
bfp16,16,input,producer,2,2,3,0.053320285866477274,0.9838181818181818,0.07183478027582169,0.9781999588012695,0.04172031581401825,0.016599999740719795,0.3921787738800049,0.3922167420387268,1.0
bfp16,16,input,producer,2,2,4,0.04353057528409091,0.9862545454545455,0.05793166533112526,0.9835999608039856,0.024250410497188568,0.010599999688565731,0.3143153488636017,0.31432288885116577,1.0
bfp16,16,input,producer,2,2,5,0.03766455965909091,0.9883818181818181,0.053178541362285614,0.98499995470047,0.021029645577073097,0.010400000028312206,0.2857228219509125,0.2857273817062378,1.0
bfp16,16,input,producer,2,2,6,0.033429552112926135,0.9894181818181819,0.05465449392795563,0.9853999614715576,0.017505986616015434,0.00839999970048666,0.24468116462230682,0.2445877492427826,1.0
bfp16,16,input,producer,2,2,7,0.029187433416193183,0.9908363636363636,0.04842233657836914,0.9881999492645264,0.012530348263680935,0.007199999876320362,0.20380331575870514,0.20377643406391144,1.0
bfp16,16,input,producer,2,2,8,0.02643868075284091,0.9915454545454545,0.045204486697912216,0.9881999492645264,0.011296271346509457,0.006399999838322401,0.1876656413078308,0.18760621547698975,1.0
bfp16,16,input,producer,2,2,9,0.02418706720525568,0.9923090909090909,0.04255320504307747,0.9889999628067017,0.01097782887518406,0.00699999975040555,0.18490679562091827,0.1849026083946228,1.0
bfp16,16,input,producer,2,2,10,0.021275867808948863,0.9930727272727272,0.04247312992811203,0.989799976348877,0.011162394657731056,0.00559999980032444,0.14991013705730438,0.14987866580486298,1.0
bfp16,16,input,producer,2,2,11,0.019798648348721592,0.9935636363636363,0.047501251101493835,0.9883999824523926,0.011373573914170265,0.006199999712407589,0.15487779676914215,0.15482579171657562,1.0
bfp16,16,input,producer,2,2,12,0.01832352627840909,0.9939272727272728,0.040988363325595856,0.9896000027656555,0.0018591696862131357,0.003399999812245369,0.06287522614002228,0.0627681314945221,1.0
bfp16,16,input,producer,3,0,1,0.24248657670454546,0.9272181818181818,0.08972465991973877,0.973800003528595,0.05347682535648346,0.023599999025464058,0.47559207677841187,0.47548606991767883,1.0
bfp16,16,input,producer,3,0,2,0.07790005326704545,0.9753636363636363,0.07292262464761734,0.9785999655723572,0.04462382569909096,0.019199999049305916,0.39492055773735046,0.3948304355144501,1.0
bfp16,16,input,producer,3,0,3,0.059622607421875,0.9812363636363637,0.06604602187871933,0.9819999933242798,0.027439845725893974,0.012000000104308128,0.32854169607162476,0.3284367620944977,1.0
bfp16,16,input,producer,3,0,4,0.04904639559659091,0.9852727272727273,0.05892219394445419,0.9829999804496765,0.020825158804655075,0.012600000016391277,0.3023776412010193,0.3023878037929535,1.0
bfp16,16,input,producer,3,0,5,0.044185218394886365,0.9861272727272727,0.05706922709941864,0.9839999675750732,0.021796515211462975,0.011399999260902405,0.28182676434516907,0.2818237543106079,1.0
bfp16,16,input,producer,3,0,6,0.03791256658380682,0.9878545454545454,0.0515206977725029,0.9873999953269958,0.015814991667866707,0.007599999662488699,0.27031561732292175,0.2703518569469452,1.0
bfp16,16,input,producer,3,0,7,0.03433162730823864,0.9894545454545455,0.05063638836145401,0.9863999485969543,0.013993204571306705,0.008200000040233135,0.20753425359725952,0.20751531422138214,1.0
bfp16,16,input,producer,3,0,8,0.030753324751420456,0.9905090909090909,0.04795173183083534,0.9871999621391296,0.01132721733301878,0.006399999838322401,0.21102747321128845,0.21102000772953033,1.0
bfp16,16,input,producer,3,0,9,0.0280734375,0.9913818181818181,0.05562302842736244,0.9845999479293823,0.015637680888175964,0.009399999864399433,0.17832212150096893,0.17832037806510925,1.0
bfp16,16,input,producer,3,0,10,0.02571423117897727,0.9919818181818182,0.07218999415636063,0.9799999594688416,0.04092559590935707,0.014999999664723873,0.2039985954761505,0.2039884328842163,1.0
bfp16,16,input,producer,3,0,11,0.023532594992897726,0.9926181818181818,0.05199957266449928,0.98499995470047,0.018059328198432922,0.008599999360740185,0.18461231887340546,0.18461313843727112,1.0
bfp16,16,input,producer,3,0,12,0.022260267223011363,0.9930545454545454,0.04750887304544449,0.9861999750137329,0.000868711736984551,0.0017999999690800905,0.044908467680215836,0.04477621987462044,1.0
bfp16,16,input,producer,3,1,1,0.2345554865056818,0.9289636363636363,0.10113716125488281,0.9691999554634094,0.06139238551259041,0.027400000020861626,0.4631551504135132,0.4631495475769043,1.0
bfp16,16,input,producer,3,1,2,0.07515129616477273,0.9769272727272728,0.07367207109928131,0.9787999987602234,0.048341382294893265,0.02019999921321869,0.4011933207511902,0.40119215846061707,1.0
bfp16,16,input,producer,3,1,3,0.05782555486505682,0.9818545454545454,0.06857060641050339,0.9803999662399292,0.032204076647758484,0.016999999061226845,0.34246620535850525,0.3424597978591919,1.0
bfp16,16,input,producer,3,1,4,0.04724317737926136,0.9854181818181819,0.06388390809297562,0.9821999669075012,0.025992926210165024,0.014399999752640724,0.3401651978492737,0.34017932415008545,1.0
bfp16,16,input,producer,3,1,5,0.04045528231534091,0.9873090909090909,0.05336851626634598,0.9857999682426453,0.025446098297834396,0.012399999424815178,0.282817006111145,0.2828337550163269,1.0
bfp16,16,input,producer,3,1,6,0.03627394131747159,0.9885818181818182,0.04981428384780884,0.9865999817848206,0.015358392149209976,0.010400000028312206,0.22909781336784363,0.22910362482070923,1.0
bfp16,16,input,producer,3,1,7,0.03248560458096591,0.989890909090909,0.046236515045166016,0.9869999885559082,0.017072629183530807,0.009399999864399433,0.23641715943813324,0.23642322421073914,1.0
bfp16,16,input,producer,3,1,8,0.02943823464133523,0.9908363636363636,0.050931911915540695,0.9847999811172485,0.02620110474526882,0.013599999248981476,0.2542094588279724,0.25423067808151245,1.0
bfp16,16,input,producer,3,1,9,0.0271840087890625,0.9913454545454545,0.061293598264455795,0.9833999872207642,0.026789648458361626,0.012399999424815178,0.2215455025434494,0.22156289219856262,1.0
bfp16,16,input,producer,3,1,10,0.025003688742897726,0.9919818181818182,0.04619656503200531,0.988599956035614,0.02152954414486885,0.010400000028312206,0.17759236693382263,0.17757916450500488,1.0
bfp16,16,input,producer,3,1,11,0.0226185791015625,0.992890909090909,0.05252735689282417,0.9853999614715576,0.018844276666641235,0.011799999512732029,0.16516685485839844,0.16518189013004303,1.0
bfp16,16,input,producer,3,1,12,0.01986775790127841,0.9940545454545454,0.05166030302643776,0.9861999750137329,0.0007270416826941073,0.0017999999690800905,0.03836720436811447,0.0383303239941597,1.0
bfp16,16,input,producer,3,2,1,0.22564380326704545,0.931490909090909,0.08811625838279724,0.9741999506950378,0.05102347210049629,0.02019999921321869,0.45733025670051575,0.4572921693325043,1.0
bfp16,16,input,producer,3,2,2,0.07102158647017046,0.9775090909090909,0.06471588462591171,0.9813999533653259,0.028457796201109886,0.013599999248981476,0.3553832769393921,0.3553069829940796,1.0
bfp16,16,input,producer,3,2,3,0.05391658380681818,0.9836,0.07455569505691528,0.9785999655723572,0.043537337332963943,0.016599999740719795,0.387774258852005,0.38780879974365234,1.0
bfp16,16,input,producer,3,2,4,0.04427833362926136,0.9862363636363637,0.05962313339114189,0.9825999736785889,0.02589990757405758,0.01119999960064888,0.3157595098018646,0.3157598376274109,1.0
bfp16,16,input,producer,3,2,5,0.03812626065340909,0.9880363636363636,0.05666694417595863,0.9847999811172485,0.024170543998479843,0.01119999960064888,0.2928664982318878,0.29287436604499817,1.0
bfp16,16,input,producer,3,2,6,0.03416653053977273,0.9889272727272728,0.056012339890003204,0.9847999811172485,0.01883285865187645,0.009200000204145908,0.2508741021156311,0.2508010268211365,1.0
bfp16,16,input,producer,3,2,7,0.0297696044921875,0.9905090909090909,0.04941968247294426,0.9863999485969543,0.012548181228339672,0.007799999788403511,0.20066989958286285,0.20061352849006653,1.0
bfp16,16,input,producer,3,2,8,0.027164422052556817,0.9915272727272727,0.04548388347029686,0.9881999492645264,0.009589149616658688,0.00559999980032444,0.17809727787971497,0.1780032068490982,1.0
bfp16,16,input,producer,3,2,9,0.024810569069602273,0.9923272727272727,0.043287403881549835,0.9891999959945679,0.010599342174828053,0.006399999838322401,0.17577333748340607,0.17576265335083008,1.0
bfp16,16,input,producer,3,2,10,0.021743936434659092,0.9928,0.04459768161177635,0.9887999892234802,0.011208680458366871,0.005399999674409628,0.14534001052379608,0.1453326791524887,1.0
bfp16,16,input,producer,3,2,11,0.020173970170454546,0.9936181818181818,0.04763636365532875,0.9889999628067017,0.009253798052668571,0.005399999674409628,0.14498251676559448,0.14497439563274384,1.0
bfp16,16,input,producer,3,2,12,0.018852898615056818,0.9939636363636364,0.041081055998802185,0.990399956703186,0.0006098336889408529,0.0009999999310821295,0.03787027671933174,0.03777427226305008,1.0
bfp16,16,input,producer,4,0,1,0.24504937855113637,0.9256909090909091,0.09159981459379196,0.9729999899864197,0.05522245913743973,0.024399999529123306,0.4747103750705719,0.4745613634586334,1.0
bfp16,16,input,producer,4,0,2,0.07903687855113636,0.9750727272727273,0.0737287625670433,0.9781999588012695,0.045930858701467514,0.019600000232458115,0.3944712281227112,0.3944071829319,1.0
bfp16,16,input,producer,4,0,3,0.06061826615767046,0.9810545454545454,0.06583956629037857,0.9824000000953674,0.026958011090755463,0.012000000104308128,0.3334540128707886,0.3333650529384613,1.0
bfp16,16,input,producer,4,0,4,0.05011832830255682,0.9846727272727273,0.05921825394034386,0.9837999939918518,0.0211398433893919,0.011599999852478504,0.31201693415641785,0.3120262324810028,1.0
bfp16,16,input,producer,4,0,5,0.045001655717329545,0.9858363636363636,0.0580071397125721,0.9837999939918518,0.02282911166548729,0.012000000104308128,0.28583627939224243,0.28586217761039734,1.0
bfp16,16,input,producer,4,0,6,0.03881303267045454,0.9878727272727272,0.052748680114746094,0.9871999621391296,0.017867185175418854,0.008599999360740185,0.279727965593338,0.2797585427761078,1.0
bfp16,16,input,producer,4,0,7,0.03533737349076704,0.9892363636363637,0.0525866337120533,0.9857999682426453,0.01599196344614029,0.00839999970048666,0.21754081547260284,0.2175499051809311,1.0
bfp16,16,input,producer,4,0,8,0.031612841796875,0.9902,0.04792388528585434,0.9871999621391296,0.011601248756051064,0.006799999624490738,0.21636424958705902,0.21636492013931274,1.0
bfp16,16,input,producer,4,0,9,0.02902115145596591,0.9909454545454546,0.05647764354944229,0.9842000007629395,0.016360817477107048,0.010599999688565731,0.1779901385307312,0.1779973804950714,1.0
bfp16,16,input,producer,4,0,10,0.026480368874289773,0.9917272727272727,0.07077635824680328,0.9801999926567078,0.038314398378133774,0.014399999752640724,0.20387136936187744,0.20389878749847412,1.0
bfp16,16,input,producer,4,0,11,0.0240106201171875,0.9924545454545455,0.05098305642604828,0.9861999750137329,0.016081538051366806,0.007400000002235174,0.17441390454769135,0.17439474165439606,1.0
bfp16,16,input,producer,4,0,12,0.022910435901988636,0.9928181818181818,0.04646652191877365,0.9865999817848206,0.0007998382207006216,0.00279999990016222,0.04298979416489601,0.04285440221428871,1.0
bfp16,16,input,producer,4,1,1,0.23688668323863638,0.9281272727272727,0.10366379469633102,0.9684000015258789,0.06339842826128006,0.027400000020861626,0.4654470682144165,0.46543675661087036,1.0
bfp16,16,input,producer,4,1,2,0.07636397372159091,0.9765818181818182,0.07587370276451111,0.9779999852180481,0.05050928145647049,0.020999999716877937,0.40542781352996826,0.4054235517978668,1.0
bfp16,16,input,producer,4,1,3,0.05869450017755682,0.9814909090909091,0.06934542208909988,0.9795999526977539,0.03215746209025383,0.017400000244379044,0.33739760518074036,0.3373742997646332,1.0
bfp16,16,input,producer,4,1,4,0.048057297585227275,0.9851090909090909,0.06362669914960861,0.9807999730110168,0.026492523029446602,0.015799999237060547,0.34576407074928284,0.34577691555023193,1.0
bfp16,16,input,producer,4,1,5,0.04108694513494318,0.9871090909090909,0.053324732929468155,0.9851999878883362,0.02557271346449852,0.012600000016391277,0.2896716892719269,0.289686918258667,1.0
bfp16,16,input,producer,4,1,6,0.03696060236150568,0.9882727272727273,0.05043517425656319,0.9855999946594238,0.0161789171397686,0.010799999348819256,0.23278315365314484,0.2327878773212433,1.0
bfp16,16,input,producer,4,1,7,0.033173779296875,0.9898545454545454,0.046470481902360916,0.9871999621391296,0.016983194276690483,0.009599999524652958,0.2408761829137802,0.24088288843631744,1.0
bfp16,16,input,producer,4,1,8,0.030039686168323865,0.9905454545454545,0.05128961801528931,0.9861999750137329,0.02635476551949978,0.012199999764561653,0.2586228549480438,0.25864937901496887,1.0
bfp16,16,input,producer,4,1,9,0.027713798384232956,0.9909818181818182,0.061300281435251236,0.9835999608039856,0.025947174057364464,0.012600000016391277,0.21858295798301697,0.21859993040561676,1.0
bfp16,16,input,producer,4,1,10,0.02542937899502841,0.992,0.04658372327685356,0.9881999492645264,0.021472228690981865,0.009999999776482582,0.17793095111846924,0.1779080331325531,1.0
bfp16,16,input,producer,4,1,11,0.023159519264914774,0.9927454545454546,0.05361436679959297,0.9855999946594238,0.020353106781840324,0.011399999260902405,0.17433783411979675,0.17435838282108307,1.0
bfp16,16,input,producer,4,1,12,0.020314701704545454,0.9939818181818182,0.05203906074166298,0.9860000014305115,0.0004880610213149339,0.00139999995008111,0.028557555750012398,0.028517035767436028,1.0
bfp16,16,input,producer,4,2,1,0.2283634765625,0.9309272727272727,0.08943071216344833,0.9747999906539917,0.0522972047328949,0.019999999552965164,0.4578326940536499,0.457792192697525,1.0
bfp16,16,input,producer,4,2,2,0.07202536843039772,0.9774,0.06442523747682571,0.9824000000953674,0.02816096507012844,0.012600000016391277,0.35594847798347473,0.3558705449104309,1.0
bfp16,16,input,producer,4,2,3,0.05460712446732954,0.9834545454545455,0.07440122216939926,0.9785999655723572,0.04372189939022064,0.015799999237060547,0.38893041014671326,0.3889795243740082,1.0
bfp16,16,input,producer,4,2,4,0.04460213955965909,0.9862,0.059765465557575226,0.9817999601364136,0.02593337371945381,0.012399999424815178,0.31524282693862915,0.31525132060050964,1.0
bfp16,16,input,producer,4,2,5,0.03842713068181818,0.9878545454545454,0.0554012767970562,0.9851999878883362,0.022484295070171356,0.010400000028312206,0.2892990708351135,0.28931787610054016,1.0
bfp16,16,input,producer,4,2,6,0.03431210715553977,0.9890909090909091,0.05613023042678833,0.9842000007629395,0.01945384219288826,0.009800000116229057,0.25009453296661377,0.2500191032886505,1.0
bfp16,16,input,producer,4,2,7,0.029965329811789773,0.9904363636363637,0.0485052727162838,0.9871999621391296,0.012336594983935356,0.007799999788403511,0.19903863966464996,0.19899064302444458,1.0
bfp16,16,input,producer,4,2,8,0.027267262961647727,0.9913272727272727,0.04487278312444687,0.9887999892234802,0.0094993207603693,0.005399999674409628,0.17667096853256226,0.1765976846218109,1.0
bfp16,16,input,producer,4,2,9,0.024896759588068182,0.9922,0.043011486530303955,0.9889999628067017,0.010202540084719658,0.006000000052154064,0.17462636530399323,0.1746271848678589,1.0
bfp16,16,input,producer,4,2,10,0.021880140269886363,0.9926181818181818,0.04310677573084831,0.9893999695777893,0.01013349648565054,0.005200000014156103,0.1410941183567047,0.14110857248306274,1.0
bfp16,16,input,producer,4,2,11,0.02032745694247159,0.9936,0.04764167591929436,0.988599956035614,0.009614667855203152,0.005200000014156103,0.14806771278381348,0.14808081090450287,1.0
bfp16,16,input,producer,4,2,12,0.018822966974431816,0.9938181818181818,0.04072951525449753,0.9896000027656555,0.00020481509272940457,0.0009999999310821295,0.022834911942481995,0.02278851345181465,1.0
bfp16,16,input,producer,5,0,1,0.2425634943181818,0.9265818181818182,0.09053487330675125,0.9735999703407288,0.05400370806455612,0.023799998685717583,0.4727398455142975,0.47260576486587524,1.0
bfp16,16,input,producer,5,0,2,0.07829894353693181,0.9754545454545455,0.07362017780542374,0.9789999723434448,0.04566311091184616,0.018799999728798866,0.3945719301700592,0.3944956362247467,1.0
bfp16,16,input,producer,5,0,3,0.059931103515625,0.9813272727272727,0.06619790941476822,0.9821999669075012,0.027085350826382637,0.012199999764561653,0.32860666513442993,0.3285246789455414,1.0
bfp16,16,input,producer,5,0,4,0.04947140447443182,0.9849272727272728,0.058275941759347916,0.9833999872207642,0.020291469991207123,0.012000000104308128,0.3077694773674011,0.30777907371520996,1.0
bfp16,16,input,producer,5,0,5,0.04441022283380682,0.9862181818181818,0.05788486823439598,0.9842000007629395,0.022588467225432396,0.011599999852478504,0.2800219655036926,0.28003495931625366,1.0
bfp16,16,input,producer,5,0,6,0.03817529296875,0.9878181818181818,0.05220241844654083,0.9881999492645264,0.0168499443680048,0.007799999788403511,0.2745164632797241,0.27455905079841614,1.0
bfp16,16,input,producer,5,0,7,0.0347306640625,0.9892909090909091,0.0509885735809803,0.9865999817848206,0.014011962339282036,0.007999999448657036,0.21105921268463135,0.21106596291065216,1.0
bfp16,16,input,producer,5,0,8,0.030997707297585227,0.9903272727272727,0.04752757027745247,0.9865999817848206,0.010915295220911503,0.004999999888241291,0.21018992364406586,0.2102024257183075,1.0
bfp16,16,input,producer,5,0,9,0.028525401722301138,0.9910545454545454,0.056098610162734985,0.9843999743461609,0.015742454677820206,0.010199999436736107,0.17323440313339233,0.173258438706398,1.0
bfp16,16,input,producer,5,0,10,0.025964606267755683,0.991890909090909,0.06703058630228043,0.9809999465942383,0.03471911698579788,0.013599999248981476,0.19952161610126495,0.19955755770206451,1.0
bfp16,16,input,producer,5,0,11,0.02345335360440341,0.9926363636363637,0.05157874897122383,0.9860000014305115,0.01623774692416191,0.007400000002235174,0.17122605443000793,0.17124299705028534,1.0
bfp16,16,input,producer,5,0,12,0.022250441672585226,0.993,0.047264039516448975,0.9873999953269958,0.00025359279243275523,0.0009999999310821295,0.023104827851057053,0.023068701848387718,1.0
bfp16,16,input,producer,5,1,1,0.23387272727272726,0.9293272727272728,0.10346711426973343,0.9685999751091003,0.0627194344997406,0.02759999968111515,0.46120256185531616,0.4612041711807251,1.0
bfp16,16,input,producer,5,1,2,0.07539866832386363,0.9769454545454546,0.07565200328826904,0.9785999655723572,0.049783844500780106,0.020600000396370888,0.40281468629837036,0.4028235077857971,1.0
bfp16,16,input,producer,5,1,3,0.058103089488636364,0.9817636363636364,0.06846299767494202,0.9797999858856201,0.03151325136423111,0.01719999872148037,0.33535638451576233,0.33535316586494446,1.0
bfp16,16,input,producer,5,1,4,0.04746160333806818,0.9851090909090909,0.06321723759174347,0.9817999601364136,0.025622304528951645,0.0139999995008111,0.3419792652130127,0.3419996201992035,1.0
bfp16,16,input,producer,5,1,5,0.04055289417613636,0.9873272727272727,0.05296387895941734,0.9855999946594238,0.0243043452501297,0.012399999424815178,0.2836763858795166,0.28369665145874023,1.0
bfp16,16,input,producer,5,1,6,0.036311237127130684,0.9883818181818181,0.04904162138700485,0.9865999817848206,0.01368953101336956,0.009399999864399433,0.22249025106430054,0.22250011563301086,1.0
bfp16,16,input,producer,5,1,7,0.0325802001953125,0.9898545454545454,0.04596903920173645,0.9875999689102173,0.016058847308158875,0.009200000204145908,0.2396162748336792,0.23963135480880737,1.0
bfp16,16,input,producer,5,1,8,0.02952774325284091,0.9905818181818182,0.04978169873356819,0.9853999614715576,0.025061702355742455,0.012999999336898327,0.2512182891368866,0.2512497007846832,1.0
bfp16,16,input,producer,5,1,9,0.027130091441761362,0.9914181818181819,0.061076030135154724,0.9833999872207642,0.025171004235744476,0.012000000104308128,0.2128777951002121,0.21290045976638794,1.0
bfp16,16,input,producer,5,1,10,0.024925779030539774,0.9919272727272728,0.04603287950158119,0.988599956035614,0.021800393238663673,0.010400000028312206,0.17958518862724304,0.17957626283168793,1.0
bfp16,16,input,producer,5,1,11,0.022591481711647727,0.9929272727272728,0.052947260439395905,0.9853999614715576,0.02014555223286152,0.011799999512732029,0.17089907824993134,0.17091964185237885,1.0
bfp16,16,input,producer,5,1,12,0.019764442027698864,0.9941272727272727,0.05078473687171936,0.9861999750137329,0.00039027538150548935,0.0015999999595806003,0.02627766877412796,0.02623855136334896,1.0
bfp16,16,input,producer,5,2,1,0.22573778409090908,0.9314363636363636,0.08844875544309616,0.974399983882904,0.05140529200434685,0.020600000396370888,0.45513439178466797,0.4550979435443878,1.0
bfp16,16,input,producer,5,2,2,0.07111504350142045,0.9778181818181818,0.06433174014091492,0.9817999601364136,0.02818133495748043,0.012999999336898327,0.35424426198005676,0.35417672991752625,1.0
bfp16,16,input,producer,5,2,3,0.05398423739346591,0.9835272727272727,0.07341194152832031,0.9787999987602234,0.042715441435575485,0.015599999576807022,0.3859434425830841,0.3859948515892029,1.0
bfp16,16,input,producer,5,2,4,0.04421311700994318,0.9863636363636363,0.05957173928618431,0.9824000000953674,0.02599147893488407,0.011799999512732029,0.31460410356521606,0.3146152198314667,1.0
bfp16,16,input,producer,5,2,5,0.038126247336647726,0.9879818181818182,0.05564109608530998,0.98499995470047,0.02282003127038479,0.010400000028312206,0.28873327374458313,0.2887481451034546,1.0
bfp16,16,input,producer,5,2,6,0.03408309659090909,0.9891818181818182,0.0556633435189724,0.9839999675750732,0.01877378113567829,0.009800000116229057,0.24915023148059845,0.2490895539522171,1.0
bfp16,16,input,producer,5,2,7,0.029750605912642045,0.9905818181818182,0.048913683742284775,0.986799955368042,0.012323654256761074,0.007400000002235174,0.19668304920196533,0.19663402438163757,1.0
bfp16,16,input,producer,5,2,8,0.027008109907670455,0.9915454545454545,0.045151159167289734,0.988599956035614,0.00961295422166586,0.00559999980032444,0.17371903359889984,0.1736741065979004,1.0
bfp16,16,input,producer,5,2,9,0.02460594149502841,0.9922545454545455,0.04308886080980301,0.9893999695777893,0.009969966486096382,0.005799999926239252,0.17366908490657806,0.17367130517959595,1.0
bfp16,16,input,producer,5,2,10,0.021706269975142044,0.9926545454545455,0.04373878240585327,0.9889999628067017,0.010768960230052471,0.00559999980032444,0.14231406152248383,0.1423337310552597,1.0
bfp16,16,input,producer,5,2,11,0.02013998135653409,0.9934727272727273,0.047488585114479065,0.988599956035614,0.009274660609662533,0.005399999674409628,0.14349959790706635,0.14350377023220062,1.0
bfp16,16,input,producer,5,2,12,0.018670245916193182,0.9939272727272728,0.040792372077703476,0.9899999499320984,0.0001133356272475794,0.0007999999797903001,0.016672510653734207,0.016640489920973778,1.0
bfp16,16,input,producer,7,0,1,0.24292624289772727,0.9262727272727272,0.09131844341754913,0.9735999703407288,0.05468011274933815,0.02419999986886978,0.4742951989173889,0.47415995597839355,1.0
bfp16,16,input,producer,7,0,2,0.07843159623579546,0.9752545454545455,0.07399418950080872,0.9787999987602234,0.045918870717287064,0.01899999938905239,0.3957023322582245,0.395618200302124,1.0
bfp16,16,input,producer,7,0,3,0.06009159268465909,0.9813818181818181,0.06580650806427002,0.9824000000953674,0.02690950594842434,0.012000000104308128,0.33148545026779175,0.3314052224159241,1.0
bfp16,16,input,producer,7,0,4,0.04962774325284091,0.9848545454545454,0.05817225202918053,0.9839999675750732,0.02013603039085865,0.011799999512732029,0.30906879901885986,0.3090798258781433,1.0
bfp16,16,input,producer,7,0,5,0.04454003018465909,0.985890909090909,0.05764837563037872,0.9833999872207642,0.022428810596466064,0.012399999424815178,0.28472965955734253,0.2847522497177124,1.0
bfp16,16,input,producer,7,0,6,0.038473100142045455,0.9877272727272727,0.05229921266436577,0.9875999689102173,0.01741882413625717,0.007999999448657036,0.2781324088573456,0.27817195653915405,1.0
bfp16,16,input,producer,7,0,7,0.03490712224786932,0.9894363636363637,0.05150282010436058,0.9863999485969543,0.014651055447757244,0.007799999788403511,0.21227920055389404,0.21228595077991486,1.0
bfp16,16,input,producer,7,0,8,0.031152707741477274,0.9902363636363636,0.04773782938718796,0.986799955368042,0.011426740325987339,0.006399999838322401,0.21683040261268616,0.21683722734451294,1.0
bfp16,16,input,producer,7,0,9,0.028644955166903407,0.9909636363636364,0.0554267019033432,0.9853999614715576,0.015017043799161911,0.009399999864399433,0.17213620245456696,0.17215605080127716,1.0
bfp16,16,input,producer,7,0,10,0.026126737837357954,0.9917454545454546,0.06956104934215546,0.9803999662399292,0.03748399391770363,0.0142000000923872,0.201857328414917,0.20189152657985687,1.0
bfp16,16,input,producer,7,0,11,0.023711172762784092,0.9926909090909091,0.050830043852329254,0.9865999817848206,0.015791820362210274,0.007799999788403511,0.17227047681808472,0.17226454615592957,1.0
bfp16,16,input,producer,7,0,12,0.02259676180752841,0.9926545454545455,0.0474487841129303,0.9871999621391296,0.00041288722422905266,0.001999999862164259,0.03154441714286804,0.031437523663043976,1.0
bfp16,16,input,producer,7,1,1,0.23477132457386363,0.9287272727272727,0.10304403305053711,0.9687999486923218,0.06270715594291687,0.027799999341368675,0.46425193548202515,0.46425390243530273,1.0
bfp16,16,input,producer,7,1,2,0.07573161399147728,0.9766545454545454,0.07502945512533188,0.9787999987602234,0.04898890480399132,0.02019999921321869,0.4025866985321045,0.40259405970573425,1.0
bfp16,16,input,producer,7,1,3,0.05823385120738636,0.9816545454545454,0.06850282847881317,0.9797999858856201,0.03170697018504143,0.017799999564886093,0.3375887870788574,0.33757638931274414,1.0
bfp16,16,input,producer,7,1,4,0.047647385475852275,0.9853272727272727,0.06263317912817001,0.9821999669075012,0.025416146963834763,0.014399999752640724,0.3436713218688965,0.3436894714832306,1.0
bfp16,16,input,producer,7,1,5,0.040695037286931815,0.9873636363636363,0.05213624984025955,0.9853999614715576,0.024024778977036476,0.012199999764561653,0.28663021326065063,0.28664979338645935,1.0
bfp16,16,input,producer,7,1,6,0.03645498712713068,0.9883272727272727,0.04908832907676697,0.9860000014305115,0.014177915640175343,0.009599999524652958,0.2269952893257141,0.22700338065624237,1.0
bfp16,16,input,producer,7,1,7,0.032735813210227276,0.9899272727272728,0.04610477015376091,0.9871999621391296,0.016511114314198494,0.009399999864399433,0.23893658816814423,0.23894953727722168,1.0
bfp16,16,input,producer,7,1,8,0.029659037642045454,0.9907090909090909,0.04970230534672737,0.9851999878883362,0.02412520721554756,0.012399999424815178,0.2527696192264557,0.2527965307235718,1.0
bfp16,16,input,producer,7,1,9,0.027285202858664773,0.9913090909090909,0.06189970672130585,0.9827999472618103,0.025614215061068535,0.012799999676644802,0.21757790446281433,0.21759894490242004,1.0
bfp16,16,input,producer,7,1,10,0.025090425248579545,0.9918727272727272,0.04626272991299629,0.9881999492645264,0.02117011323571205,0.010400000028312206,0.17752929031848907,0.1775079071521759,1.0
bfp16,16,input,producer,7,1,11,0.022695780806107953,0.9928181818181818,0.05385695770382881,0.98499995470047,0.020556047558784485,0.012000000104308128,0.1750042885541916,0.1750275045633316,1.0
bfp16,16,input,producer,7,1,12,0.019865684925426137,0.9941454545454546,0.05061396583914757,0.9865999817848206,0.00010919198393821716,0.0011999999405816197,0.014915921725332737,0.014901768416166306,1.0
bfp16,16,input,producer,7,2,1,0.2263291903409091,0.9313090909090909,0.0885884165763855,0.9745999574661255,0.05158919468522072,0.020600000396370888,0.45548591017723083,0.455453097820282,1.0
bfp16,16,input,producer,7,2,2,0.07126070223721591,0.9776181818181818,0.06399062275886536,0.9819999933242798,0.02787918597459793,0.012999999336898327,0.3537342846393585,0.35366132855415344,1.0
bfp16,16,input,producer,7,2,3,0.05408053533380682,0.9834727272727273,0.07367119938135147,0.9783999919891357,0.04293695092201233,0.01599999889731407,0.38739773631095886,0.38744625449180603,1.0
bfp16,16,input,producer,7,2,4,0.04421922940340909,0.9863090909090909,0.059707678854465485,0.9817999601364136,0.02617955580353737,0.012000000104308128,0.31572622060775757,0.31572139263153076,1.0
bfp16,16,input,producer,7,2,5,0.038129638671875,0.988,0.055322449654340744,0.98499995470047,0.022730136290192604,0.010400000028312206,0.2921731472015381,0.2921994626522064,1.0
bfp16,16,input,producer,7,2,6,0.033987266956676136,0.9891818181818182,0.055064160376787186,0.9839999675750732,0.018340401351451874,0.009800000116229057,0.2500084340572357,0.24994899332523346,1.0
bfp16,16,input,producer,7,2,7,0.02973961514559659,0.9905636363636363,0.048469651490449905,0.9873999953269958,0.011946937069296837,0.006799999624490738,0.19433443248271942,0.19428546726703644,1.0
bfp16,16,input,producer,7,2,8,0.02698928888494318,0.9914,0.04521152377128601,0.9887999892234802,0.009898347780108452,0.005200000014156103,0.1744615137577057,0.17440301179885864,1.0
bfp16,16,input,producer,7,2,9,0.02462037686434659,0.9922181818181818,0.042608849704265594,0.9896000027656555,0.01001413818448782,0.00559999980032444,0.17472060024738312,0.17471729218959808,1.0
bfp16,16,input,producer,7,2,10,0.021672871537642045,0.9927272727272727,0.04332714155316353,0.9891999959945679,0.010736305266618729,0.005399999674409628,0.14385469257831573,0.14387255907058716,1.0
bfp16,16,input,producer,7,2,11,0.020089033647017047,0.9935636363636363,0.046604402363300323,0.9891999959945679,0.008871609345078468,0.004799999762326479,0.14251674711704254,0.1425195187330246,1.0
bfp16,16,input,producer,7,2,12,0.0187041015625,0.994,0.040507230907678604,0.990399956703186,6.418303382815793e-05,0.00039999998989515007,0.014051319099962711,0.014029821380972862,1.0
bfp16,16,input,producer,10,0,1,0.242802734375,0.9264545454545454,0.09103452414274216,0.9733999967575073,0.05454979091882706,0.024399999529123306,0.47473981976509094,0.4746059477329254,1.0
bfp16,16,input,producer,10,0,2,0.07842689985795455,0.9753090909090909,0.07405344396829605,0.9783999919891357,0.046240005642175674,0.01939999870955944,0.3937935531139374,0.3937021791934967,1.0
bfp16,16,input,producer,10,0,3,0.059990123401988636,0.9811090909090909,0.06606344878673553,0.9819999933242798,0.027288269251585007,0.012399999424815178,0.3291277587413788,0.329017698764801,1.0
bfp16,16,input,producer,10,0,4,0.04957458718039773,0.9851090909090909,0.05827954784035683,0.9837999939918518,0.02016117237508297,0.011399999260902405,0.30567675828933716,0.3056841194629669,1.0
bfp16,16,input,producer,10,0,5,0.044641588245738634,0.9860181818181818,0.0584738589823246,0.9835999608039856,0.023157555609941483,0.012199999764561653,0.2824282646179199,0.28244462609291077,1.0
bfp16,16,input,producer,10,0,6,0.038315784801136364,0.9876363636363636,0.05219434201717377,0.9869999885559082,0.01701679453253746,0.008599999360740185,0.27574124932289124,0.2757844030857086,1.0
bfp16,16,input,producer,10,0,7,0.03490915971235795,0.9891272727272727,0.051138922572135925,0.9865999817848206,0.014534133486449718,0.007999999448657036,0.2120734453201294,0.212074413895607,1.0
bfp16,16,input,producer,10,0,8,0.03117345525568182,0.9903818181818181,0.0476531907916069,0.9869999885559082,0.011345199309289455,0.00559999980032444,0.21463128924369812,0.2146495282649994,1.0
bfp16,16,input,producer,10,0,9,0.028604853959517045,0.9912545454545455,0.054749902337789536,0.9853999614715576,0.014896663837134838,0.009399999864399433,0.17526526749134064,0.17528386414051056,1.0
bfp16,16,input,producer,10,0,10,0.026238261274857955,0.9915090909090909,0.0690796971321106,0.9799999594688416,0.037663284689188004,0.0142000000923872,0.20346932113170624,0.20350635051727295,1.0
bfp16,16,input,producer,10,0,11,0.023684148615056817,0.9924181818181819,0.05234217643737793,0.9853999614715576,0.017268039286136627,0.00839999970048666,0.17697623372077942,0.1769872009754181,1.0
bfp16,16,input,producer,10,0,12,0.022597083629261362,0.992890909090909,0.04628470912575722,0.986799955368042,0.00010655049845809117,0.0017999999690800905,0.016107389703392982,0.016074292361736298,1.0
bfp16,16,input,producer,10,1,1,0.23470388849431817,0.9288181818181818,0.10305474698543549,0.9687999486923218,0.06271597743034363,0.027799999341368675,0.46355095505714417,0.46355271339416504,1.0
bfp16,16,input,producer,10,1,2,0.07575805220170455,0.9766,0.07528571784496307,0.9783999919891357,0.04967023432254791,0.020600000396370888,0.4020477831363678,0.40206244587898254,1.0
bfp16,16,input,producer,10,1,3,0.05819196555397727,0.9817454545454546,0.0678788423538208,0.9803999662399292,0.030900321900844574,0.016599999740719795,0.34003862738609314,0.34003570675849915,1.0
bfp16,16,input,producer,10,1,4,0.04762116033380682,0.9851454545454545,0.06322532892227173,0.9819999933242798,0.02565200813114643,0.0142000000923872,0.34100934863090515,0.3410276472568512,1.0
bfp16,16,input,producer,10,1,5,0.040718039772727276,0.9873454545454545,0.05262557417154312,0.9853999614715576,0.024615874513983727,0.012199999764561653,0.2865913212299347,0.2866104543209076,1.0
bfp16,16,input,producer,10,1,6,0.036457457386363634,0.9883636363636363,0.04948854818940163,0.9861999750137329,0.0149415023624897,0.009800000116229057,0.22670212388038635,0.22670841217041016,1.0
bfp16,16,input,producer,10,1,7,0.032753719815340906,0.9898363636363636,0.04629649221897125,0.9869999885559082,0.016849316656589508,0.009800000116229057,0.24247021973133087,0.24248574674129486,1.0
bfp16,16,input,producer,10,1,8,0.029647132457386365,0.9906363636363636,0.050214461982250214,0.9851999878883362,0.024834219366312027,0.012600000016391277,0.2539777457714081,0.2540075182914734,1.0
bfp16,16,input,producer,10,1,9,0.027254458895596592,0.9913818181818181,0.061024975031614304,0.9829999804496765,0.025039199739694595,0.012600000016391277,0.21456694602966309,0.21459001302719116,1.0
bfp16,16,input,producer,10,1,10,0.025090101207386365,0.9917818181818182,0.046226922422647476,0.9883999824523926,0.021131465211510658,0.010199999436736107,0.17777159810066223,0.17775282263755798,1.0
bfp16,16,input,producer,10,1,11,0.02268664772727273,0.9927636363636364,0.053739868104457855,0.98499995470047,0.02122003771364689,0.012199999764561653,0.17796464264392853,0.17798690497875214,1.0
bfp16,16,input,producer,10,1,12,0.019890656072443183,0.9942363636363636,0.04974040389060974,0.9869999885559082,8.0197598435916e-05,0.0007999999797903001,0.012977460399270058,0.012954256497323513,1.0
bfp16,16,input,producer,10,2,1,0.2263148615056818,0.9313818181818182,0.08858195692300797,0.974399983882904,0.051554448902606964,0.020600000396370888,0.4570499062538147,0.45702216029167175,1.0
bfp16,16,input,producer,10,2,2,0.07124370561079546,0.9775636363636364,0.06432776153087616,0.9819999933242798,0.028279125690460205,0.012999999336898327,0.35457128286361694,0.3545025587081909,1.0
bfp16,16,input,producer,10,2,3,0.05403082386363636,0.9835818181818182,0.07210905104875565,0.9787999987602234,0.04144417122006416,0.015599999576807022,0.3854907751083374,0.3855400085449219,1.0
bfp16,16,input,producer,10,2,4,0.04416263760653409,0.9864,0.05942397937178612,0.9819999933242798,0.0259065143764019,0.012199999764561653,0.3148178160190582,0.3148289620876312,1.0
bfp16,16,input,producer,10,2,5,0.03809641779119318,0.988,0.0545634999871254,0.9851999878883362,0.02202639915049076,0.009800000116229057,0.29063543677330017,0.29066774249076843,1.0
bfp16,16,input,producer,10,2,6,0.0339381103515625,0.9893636363636363,0.055360980331897736,0.9842000007629395,0.018623454496264458,0.009599999524652958,0.24999065697193146,0.24995063245296478,1.0
bfp16,16,input,producer,10,2,7,0.029723588423295453,0.9905272727272727,0.04897342622280121,0.986799955368042,0.012394306249916553,0.007400000002235174,0.19804175198078156,0.19802793860435486,1.0
bfp16,16,input,producer,10,2,8,0.026942271839488635,0.9915272727272727,0.04522441327571869,0.9889999628067017,0.009734080173075199,0.005200000014156103,0.17502225935459137,0.17496930062770844,1.0
bfp16,16,input,producer,10,2,9,0.024627623401988638,0.9922181818181818,0.04263189807534218,0.989799976348877,0.009966540150344372,0.005399999674409628,0.17734216153621674,0.17734955251216888,1.0
bfp16,16,input,producer,10,2,10,0.021629137073863637,0.9926,0.042941682040691376,0.9891999959945679,0.010374760255217552,0.005399999674409628,0.14214269816875458,0.14216159284114838,1.0
bfp16,16,input,producer,10,2,11,0.020140178888494318,0.9935818181818182,0.04725775867700577,0.988599956035614,0.009153134189546108,0.005200000014156103,0.1429440677165985,0.1429542899131775,1.0
bfp16,16,input,producer,10,2,12,0.01860750732421875,0.9940181818181818,0.04061929136514664,0.9901999831199646,5.767822585767135e-05,0.00019999999494757503,0.013700791634619236,0.013682990334928036,1.0
bfp16,16,input,producer,23,0,1,0.24281466619318182,0.9263272727272728,0.0911041721701622,0.9733999967575073,0.05463787540793419,0.024399999529123306,0.4745273292064667,0.4743974804878235,1.0
bfp16,16,input,producer,23,0,2,0.07834169034090908,0.9754909090909091,0.07434768229722977,0.9785999655723572,0.04658067971467972,0.019199999049305916,0.3946734070777893,0.3946026861667633,1.0
bfp16,16,input,producer,23,0,3,0.060113370028409094,0.9814181818181819,0.06543397158384323,0.9827999472618103,0.026612982153892517,0.011599999852478504,0.3312283754348755,0.33112457394599915,1.0
bfp16,16,input,producer,23,0,4,0.04961121271306818,0.9848181818181818,0.05807316303253174,0.9839999675750732,0.020243337377905846,0.011799999512732029,0.3063744604587555,0.30638930201530457,1.0
bfp16,16,input,producer,23,0,5,0.04455267666903409,0.9860545454545454,0.05733161047101021,0.9842000007629395,0.022119350731372833,0.011599999852478504,0.28221383690834045,0.28223201632499695,1.0
bfp16,16,input,producer,23,0,6,0.03839883256392045,0.9877090909090909,0.05222788080573082,0.9879999756813049,0.01685628853738308,0.007999999448657036,0.27583593130111694,0.2758791744709015,1.0
bfp16,16,input,producer,23,0,7,0.034923679421164776,0.9892545454545455,0.05103485286235809,0.9861999750137329,0.014238769188523293,0.00839999970048666,0.2112077921628952,0.21121801435947418,1.0
bfp16,16,input,producer,23,0,8,0.03120455655184659,0.9901818181818182,0.04786740988492966,0.9871999621391296,0.011261584237217903,0.006799999624490738,0.21384112536907196,0.2138558328151703,1.0
bfp16,16,input,producer,23,0,9,0.02868419744318182,0.991,0.05523088201880455,0.98499995470047,0.015342770144343376,0.009800000116229057,0.17450162768363953,0.17451941967010498,1.0
bfp16,16,input,producer,23,0,10,0.026121484375,0.9916363636363636,0.06791657209396362,0.9813999533653259,0.03548331931233406,0.012799999676644802,0.1988811492919922,0.198915034532547,1.0
bfp16,16,input,producer,23,0,11,0.023683544921875,0.9926,0.051233936101198196,0.9863999485969543,0.016296694055199623,0.007400000002235174,0.17356617748737335,0.17356938123703003,1.0
bfp16,16,input,producer,23,0,12,0.022538929332386364,0.9926909090909091,0.04710816219449043,0.9861999750137329,0.00037428594077937305,0.0017999999690800905,0.03200394660234451,0.03191400691866875,1.0
bfp16,16,input,producer,23,1,1,0.23474797585227272,0.9287090909090909,0.10342487692832947,0.9684000015258789,0.06307297945022583,0.028199998661875725,0.46345019340515137,0.4634528160095215,1.0
bfp16,16,input,producer,23,1,2,0.07568763316761364,0.9768727272727272,0.07493734359741211,0.9787999987602234,0.04907865449786186,0.02019999921321869,0.402247816324234,0.4022614657878876,1.0
bfp16,16,input,producer,23,1,3,0.05813680752840909,0.9817454545454546,0.06835272908210754,0.9801999926567078,0.03115709125995636,0.017400000244379044,0.33707669377326965,0.3370683491230011,1.0
bfp16,16,input,producer,23,1,4,0.047639213423295454,0.9850181818181818,0.06302142143249512,0.9819999933242798,0.025495488196611404,0.0142000000923872,0.34216421842575073,0.3421802818775177,1.0
bfp16,16,input,producer,23,1,5,0.04068246626420455,0.9873818181818181,0.05302658677101135,0.9855999946594238,0.024793362244963646,0.012000000104308128,0.28320062160491943,0.28321897983551025,1.0
bfp16,16,input,producer,23,1,6,0.036443359375,0.9883636363636363,0.049229059368371964,0.9861999750137329,0.014223754405975342,0.009800000116229057,0.22656206786632538,0.2265690267086029,1.0
bfp16,16,input,producer,23,1,7,0.032682499556107955,0.9898181818181818,0.04587266966700554,0.9875999689102173,0.016306893900036812,0.009200000204145908,0.23782868683338165,0.2378419041633606,1.0
bfp16,16,input,producer,23,1,8,0.029675830078125,0.9906727272727273,0.05014558881521225,0.9853999614715576,0.02475690469145775,0.012399999424815178,0.25355449318885803,0.2535809576511383,1.0
bfp16,16,input,producer,23,1,9,0.02728895818536932,0.9911272727272727,0.06102171167731285,0.9833999872207642,0.025012334808707237,0.012000000104308128,0.2170621156692505,0.21708546578884125,1.0
bfp16,16,input,producer,23,1,10,0.025132475142045453,0.9919272727272728,0.046372417360544205,0.988599956035614,0.02156388759613037,0.010400000028312206,0.1774546056985855,0.1774493306875229,1.0
bfp16,16,input,producer,23,1,11,0.022786976207386362,0.9928363636363636,0.05352601408958435,0.9847999811172485,0.020551808178424835,0.011799999512732029,0.17477308213710785,0.17479945719242096,1.0
bfp16,16,input,producer,23,1,12,0.019909215198863635,0.9941090909090909,0.04951271787285805,0.986799955368042,0.00011698037997120991,0.0005999999702908099,0.014503671787679195,0.014491206966340542,1.0
bfp16,16,input,producer,23,2,1,0.22628025568181817,0.9313272727272728,0.08852801471948624,0.974399983882904,0.051525507122278214,0.020600000396370888,0.456170916557312,0.4561412036418915,1.0
bfp16,16,input,producer,23,2,2,0.071208642578125,0.9776,0.06423169374465942,0.9817999601364136,0.028070440515875816,0.013199999928474426,0.35431620478630066,0.35424962639808655,1.0
bfp16,16,input,producer,23,2,3,0.054059716796875,0.9835454545454545,0.07413548976182938,0.9779999852180481,0.04337399825453758,0.01640000008046627,0.3849852681159973,0.3850345015525818,1.0
bfp16,16,input,producer,23,2,4,0.04425320933948863,0.9863272727272727,0.0593399703502655,0.9821999669075012,0.025837477296590805,0.012000000104308128,0.31507444381713867,0.31508466601371765,1.0
bfp16,16,input,producer,23,2,5,0.03812142223011364,0.9879454545454546,0.05507713556289673,0.98499995470047,0.02243925631046295,0.010400000028312206,0.2902957797050476,0.29032695293426514,1.0
bfp16,16,input,producer,23,2,6,0.034041166548295455,0.9893090909090909,0.055727824568748474,0.9845999479293823,0.018837908282876015,0.009399999864399433,0.2514076828956604,0.25135207176208496,1.0
bfp16,16,input,producer,23,2,7,0.02976109286221591,0.9906181818181818,0.048419345170259476,0.9871999621391296,0.012003971263766289,0.00699999975040555,0.19785356521606445,0.19782350957393646,1.0
bfp16,16,input,producer,23,2,8,0.027002951882102274,0.9915454545454545,0.045326996594667435,0.9883999824523926,0.009888620115816593,0.00559999980032444,0.17444822192192078,0.17440220713615417,1.0
bfp16,16,input,producer,23,2,9,0.024640090110085226,0.9922181818181818,0.042564231902360916,0.9896000027656555,0.009793109260499477,0.005399999674409628,0.17595040798187256,0.17596106231212616,1.0
bfp16,16,input,producer,23,2,10,0.02166571377840909,0.9927272727272727,0.04330084100365639,0.9889999628067017,0.010619701817631721,0.00559999980032444,0.14253993332386017,0.14256009459495544,1.0
bfp16,16,input,producer,23,2,11,0.020118252840909092,0.9935636363636363,0.04693232849240303,0.9887999892234802,0.009182297624647617,0.005200000014156103,0.14384940266609192,0.14385084807872772,1.0
bfp16,16,input,producer,23,2,12,0.01871215154474432,0.9939454545454546,0.04059920832514763,0.9905999898910522,8.005068957572803e-05,0.00019999999494757503,0.012385006994009018,0.01234982255846262,1.0
bfp16,16,weight,producer,1,0,1,1.0535583096590908,0.7673818181818182,0.8082769513130188,0.8277999758720398,0.7813931107521057,0.17339999973773956,0.9049561023712158,0.8969489932060242,0.001837063612026734
bfp16,16,weight,producer,1,0,2,0.7933705255681818,0.8244181818181818,0.7731653451919556,0.8255999684333801,0.7468980550765991,0.17499999701976776,0.9013048410415649,0.8919987678527832,9.173936005536231e-05
bfp16,16,weight,producer,1,0,3,0.7113921164772727,0.8260727272727273,0.6778287291526794,0.8335999846458435,0.6516420841217041,0.16740000247955322,0.8820971250534058,0.8707124590873718,0.0005381435413669393
bfp16,16,weight,producer,1,0,4,0.6696245028409091,0.8310545454545455,0.6496928930282593,0.8371999859809875,0.6236572861671448,0.16419999301433563,0.8781571388244629,0.8654468655586243,0.0002109094716905538
bfp16,16,weight,producer,1,0,5,0.6467116477272727,0.836709090909091,0.6377997994422913,0.8384000062942505,0.611294686794281,0.16279999911785126,0.8781819343566895,0.8636850118637085,4.3934730746116446e-05
bfp16,16,weight,producer,1,0,6,0.6423339488636364,0.8368,0.6347629427909851,0.840399980545044,0.6080577373504639,0.15959998965263367,0.8747246861457825,0.8601193428039551,7.819471508440932e-05
bfp16,16,weight,producer,1,0,7,0.6327855823863636,0.8391090909090909,0.6286032199859619,0.840999960899353,0.6024154424667358,0.1605999916791916,0.8785521984100342,0.8615026473999023,8.115404927974359e-05
bfp16,16,weight,producer,1,0,8,1.0690491477272728,0.7145454545454546,0.7767564058303833,0.7766000032424927,0.747937023639679,0.2231999933719635,0.8822292685508728,0.8796514272689819,0.002001875762597658
bfp16,16,weight,producer,1,0,9,0.7330413352272728,0.795290909090909,0.692849338054657,0.8059999942779541,0.6646351218223572,0.1939999908208847,0.8688531517982483,0.8669499158859253,6.897525086048333e-05
bfp16,16,weight,producer,1,0,10,0.6974399147727273,0.8052,0.6788618564605713,0.8155999779701233,0.65069979429245,0.18479999899864197,0.860951840877533,0.8596434593200684,4.5869680027681156e-05
bfp16,16,weight,producer,1,0,11,0.6815880681818182,0.81,0.6633429527282715,0.8155999779701233,0.6348171830177307,0.18400000035762787,0.8613196015357971,0.8599619269371033,5.759319626304384e-05
bfp16,16,weight,producer,1,0,12,0.6743657670454546,0.8116181818181818,0.654975175857544,0.8139999508857727,0.6287592053413391,0.18599998950958252,0.8568981289863586,0.8551660776138306,5.9414324998634156e-05
bfp16,16,weight,producer,1,1,1,1.5143678977272728,0.6446727272727273,1.5099259614944458,0.6557999849319458,1.4782302379608154,0.3423999845981598,0.9576202630996704,0.9575732946395874,0.002025436615614358
bfp16,16,weight,producer,1,1,2,1.1709546875,0.7271090909090909,1.0850352048873901,0.751800000667572,1.0571753978729248,0.24859999120235443,0.9214447140693665,0.9205653667449951,0.0004151035311686183
bfp16,16,weight,producer,1,1,3,0.9767901278409091,0.7584,0.8732892870903015,0.7775999903678894,0.846442461013794,0.2223999947309494,0.8976336121559143,0.894414484500885,0.0008832474367613046
bfp16,16,weight,producer,1,1,4,0.8541372159090909,0.7830363636363636,0.845827043056488,0.7839999794960022,0.8191439509391785,0.21539999544620514,0.896660566329956,0.8932012915611267,0.00012486113893391123
bfp16,16,weight,producer,1,1,5,0.8419506392045455,0.7861818181818182,0.8330576419830322,0.790399968624115,0.8060189485549927,0.20899999141693115,0.8948773145675659,0.8899747133255005,0.00028181967183260186
bfp16,16,weight,producer,1,1,6,0.8270962357954545,0.7933272727272728,0.8285303711891174,0.7929999828338623,0.8025424480438232,0.2069999873638153,0.8970468044281006,0.8902879357337952,0.00011188559669283021
bfp16,16,weight,producer,1,1,7,0.8120064630681818,0.7957636363636363,0.8028472065925598,0.7953999638557434,0.7766372561454773,0.2037999927997589,0.8962416648864746,0.8884585499763489,0.0003471526652219045
bfp16,16,weight,producer,1,1,8,0.8730049715909091,0.7825818181818182,0.8579946160316467,0.7897999882698059,0.8300089836120605,0.21059998869895935,0.8937456011772156,0.8917039632797241,0.0006002895594689588
bfp16,16,weight,producer,1,1,9,0.7929298295454545,0.8046181818181818,0.7664955258369446,0.8065999746322632,0.7416812181472778,0.19380000233650208,0.8879806399345398,0.8862255215644836,0.00018336489956475023
bfp16,16,weight,producer,1,1,10,0.7634632102272727,0.8110727272727273,0.7461977005004883,0.8181999921798706,0.7220301032066345,0.1817999929189682,0.8832353353500366,0.882257878780365,0.0003901768316002258
bfp16,16,weight,producer,1,1,11,0.7422407670454545,0.8167454545454546,0.7633810639381409,0.8059999942779541,0.7419382333755493,0.1939999908208847,0.8926637768745422,0.8918018341064453,0.0002902423922347071
bfp16,16,weight,producer,1,1,12,0.7428580255681818,0.8094545454545454,0.7100715041160583,0.8163999915122986,0.6855748891830444,0.18439999222755432,0.8873531818389893,0.8734222650527954,0.0005818506310211069
bfp16,16,weight,producer,1,2,1,1.0880044744318182,0.7186,0.8297412395477295,0.772599995136261,0.804344117641449,0.22759999334812164,0.8844125866889954,0.8843071460723877,0.0018815674455027226
bfp16,16,weight,producer,1,2,2,0.8034731534090909,0.7823636363636364,0.7940288186073303,0.7843999862670898,0.7685685753822327,0.21599999070167542,0.8760151863098145,0.8754835724830627,6.351186465371237e-05
bfp16,16,weight,producer,1,2,3,0.7668338778409091,0.7895090909090909,0.7562351822853088,0.7901999950408936,0.7306171655654907,0.2101999968290329,0.8693327903747559,0.8678622841835022,0.00017346251206497786
bfp16,16,weight,producer,1,2,4,0.7443214488636364,0.7949636363636363,0.7426504492759705,0.795199990272522,0.7169708609580994,0.20479999482631683,0.8676406145095825,0.8652855753898621,7.38695343373823e-05
bfp16,16,weight,producer,1,2,5,0.7337088068181818,0.7984545454545454,0.7370485067367554,0.7983999848365784,0.7114731669425964,0.20160000026226044,0.8676902651786804,0.864235520362854,6.612973721112345e-05
bfp16,16,weight,producer,1,2,6,0.6656180397727273,0.8033454545454546,0.6110473871231079,0.8199999928474426,0.5841934680938721,0.18019999563694,0.8243090510368347,0.820233166217804,0.0008199632131995411
bfp16,16,weight,producer,1,2,7,0.66929375,0.807490909090909,0.6496767401695251,0.8109999895095825,0.6235185265541077,0.18940000236034393,0.8477093577384949,0.8465838432312012,0.00020180382801260221
bfp16,16,weight,producer,1,2,8,0.6437504261363637,0.8141818181818182,0.6341910362243652,0.8149999976158142,0.6075762510299683,0.18519999086856842,0.841621994972229,0.8404358625411987,8.422720402105225e-06
bfp16,16,weight,producer,1,2,9,0.6310521306818182,0.8160909090909091,0.622948408126831,0.8149999976158142,0.5965020060539246,0.18519999086856842,0.8395491242408752,0.8382425308227539,1.684544080421045e-05
bfp16,16,weight,producer,1,2,10,0.6219384232954546,0.8173818181818182,0.6174906492233276,0.8155999779701233,0.5909627676010132,0.18439999222755432,0.8383733034133911,0.8369014859199524,1.4227568246799366e-05
bfp16,16,weight,producer,1,2,11,0.6166464488636364,0.8188909090909091,0.6121729612350464,0.8208000063896179,0.5855723023414612,0.1793999969959259,0.8365602493286133,0.8348492383956909,1.6731620258236055e-05
bfp16,16,weight,producer,1,2,12,0.6066488636363636,0.8215818181818182,0.5970768332481384,0.8219999670982361,0.570366382598877,0.17799998819828033,0.8314336538314819,0.8292008638381958,5.087778405055454e-05
bfp16,16,weight,producer,2,0,1,0.6641136363636364,0.8221636363636363,0.47670987248420715,0.8759999871253967,0.44965609908103943,0.12520000338554382,0.8345614075660706,0.8199993968009949,0.007190157709748502
bfp16,16,weight,producer,2,0,2,0.45909200994318183,0.8741636363636364,0.4210089445114136,0.8827999830245972,0.3940715193748474,0.11899999529123306,0.8320533633232117,0.7982486486434937,0.0012830990147693541
bfp16,16,weight,producer,2,0,3,0.41731125710227274,0.8815636363636363,0.4119696319103241,0.8827999830245972,0.3843652307987213,0.11719999462366104,0.8352823853492737,0.7942156195640564,0.0013040419952286427
bfp16,16,weight,producer,2,0,4,0.3961165838068182,0.8892727272727273,0.3859635889530182,0.8931999802589417,0.3600015938282013,0.10719999670982361,0.8540837168693542,0.7871747612953186,0.00035830707872739525
bfp16,16,weight,producer,2,0,5,0.3897067116477273,0.8916363636363637,0.3801116645336151,0.8969999551773071,0.3529898226261139,0.10379999876022339,0.8577028512954712,0.7872975468635559,0.0007826300741199395
bfp16,16,weight,producer,2,0,6,0.37944534801136365,0.8953636363636364,0.3737305700778961,0.8949999809265137,0.3470938801765442,0.10579999536275864,0.8734253644943237,0.779700756072998,0.0005077534555917758
bfp16,16,weight,producer,2,0,7,0.38011178977272725,0.8935090909090909,0.37158524990081787,0.8949999809265137,0.3444809913635254,0.10599999874830246,0.8755075931549072,0.782185971736908,0.0009252472182258564
bfp16,16,weight,producer,2,0,8,0.4803987215909091,0.8693090909090909,0.42391860485076904,0.8827999830245972,0.3953648805618286,0.11779999732971191,0.8405281901359558,0.7906222343444824,0.0017693403871719693
bfp16,16,weight,producer,2,0,9,0.4245942471590909,0.8834727272727273,0.4029124081134796,0.8894000053405762,0.3760579824447632,0.11180000007152557,0.8446310758590698,0.7778816819190979,0.00011461728979621569
bfp16,16,weight,producer,2,0,10,0.40506821732954545,0.8873090909090909,0.39729762077331543,0.8881999850273132,0.3706524968147278,0.1127999946475029,0.8442386984825134,0.776715099811554,0.00010915390358944474
bfp16,16,weight,producer,2,0,11,0.39735237926136363,0.8882909090909091,0.3853960335254669,0.8933999538421631,0.3585413098335266,0.10679999738931656,0.8429430723190308,0.7716673612594604,0.00015775527672051137
bfp16,16,weight,producer,2,0,12,0.3910803622159091,0.8899818181818182,0.3839976489543915,0.8905999660491943,0.3580368459224701,0.10979999601840973,0.8601972460746765,0.7701842784881592,0.00019167379942088106
bfp16,16,weight,producer,2,1,1,0.6721551846590909,0.8084727272727272,0.49201470613479614,0.8527999520301819,0.47127431631088257,0.14720000326633453,0.8349653482437134,0.8300300240516663,0.009262260749212362
bfp16,16,weight,producer,2,1,2,0.47140255681818183,0.8653090909090909,0.4859398305416107,0.8733999729156494,0.46159911155700684,0.1273999959230423,0.8332936763763428,0.828727662563324,0.0018248848136074739
bfp16,16,weight,producer,2,1,3,0.4604388849431818,0.8729818181818182,0.4387125074863434,0.8822000026702881,0.41341230273246765,0.11759999394416809,0.8220957517623901,0.8071804046630859,0.0004910218353335398
bfp16,16,weight,producer,2,1,4,0.44040280539772725,0.8756909090909091,0.4271989166736603,0.8873999714851379,0.40245699882507324,0.11259999871253967,0.8264398574829102,0.800899088382721,0.0005060461474021598
bfp16,16,weight,producer,2,1,5,0.44398618607954543,0.8753090909090909,0.47426465153694153,0.8781999945640564,0.4493100941181183,0.12199999392032623,0.8234323859214783,0.8175795674324036,0.001414789386461729
bfp16,16,weight,producer,2,1,6,0.4575104758522727,0.8764363636363637,0.44858407974243164,0.8833999633789062,0.42295369505882263,0.11699999868869781,0.8233510851860046,0.810288667678833,0.00047007885487425105
bfp16,16,weight,producer,2,1,7,0.44775085227272726,0.8784727272727273,0.5524160265922546,0.837399959564209,0.5206026434898376,0.16200000047683716,0.8239591121673584,0.8104039430618286,0.0009117025732549034
bfp16,16,weight,producer,2,1,8,0.43697787642045455,0.8788,0.4346702992916107,0.8831999897956848,0.4093785881996155,0.11639999598264694,0.8329859375953674,0.7952651977539062,0.0010040110360401376
bfp16,16,weight,producer,2,1,9,0.4333102627840909,0.8801636363636364,0.4271206557750702,0.8855999708175659,0.4023638963699341,0.11419999599456787,0.8462270498275757,0.7997161746025085,0.0006987443317368105
bfp16,16,weight,producer,2,1,10,0.4268274502840909,0.8820363636363636,0.42431947588920593,0.8858000040054321,0.3994060158729553,0.1143999993801117,0.8582389950752258,0.7980284094810486,0.000800044617654022
bfp16,16,weight,producer,2,1,11,0.42514769176136363,0.8828363636363636,0.42326995730400085,0.8853999972343445,0.3986329138278961,0.11459999531507492,0.8674032688140869,0.7989675402641296,0.0006639152446686456
bfp16,16,weight,producer,2,1,12,0.423979296875,0.8826727272727273,0.42035385966300964,0.8855999708175659,0.3961831033229828,0.11479999870061874,0.8776307702064514,0.7976144552230835,0.0006438828285771521
bfp16,16,weight,producer,2,2,1,0.6779610795454546,0.8038363636363637,0.5187036395072937,0.8467999696731567,0.49212780594825745,0.15279999375343323,0.8308922648429871,0.822275698184967,0.009384162553950939
bfp16,16,weight,producer,2,2,2,0.5454006036931818,0.8449818181818182,0.5019065141677856,0.8565999865531921,0.47574177384376526,0.1428000032901764,0.8288551568984985,0.8260830044746399,0.002037843055125567
bfp16,16,weight,producer,2,2,3,0.49483288352272725,0.8604,0.4806300699710846,0.8655999898910522,0.454165518283844,0.13379999995231628,0.8272319436073303,0.8223400115966797,0.00034931525559541804
bfp16,16,weight,producer,2,2,4,0.48020142045454545,0.863909090909091,0.46332618594169617,0.8685999512672424,0.4369276165962219,0.13120000064373016,0.8260385394096375,0.8159220218658447,0.0004878348600462567
bfp16,16,weight,producer,2,2,5,0.46576850142045456,0.8664181818181819,0.45449912548065186,0.8697999715805054,0.4281080961227417,0.12960000336170197,0.8255919814109802,0.8125479221343994,0.0003123235781537397
bfp16,16,weight,producer,2,2,6,0.45539026988636366,0.8688181818181818,0.4460342824459076,0.875,0.41940492391586304,0.12439999729394913,0.8293526768684387,0.8104208111763,0.000658565679007849
bfp16,16,weight,producer,2,2,7,0.44423547585227274,0.8717272727272727,0.4673439860343933,0.8531999588012695,0.440340518951416,0.14559999108314514,0.8325896859169006,0.8009817004203796,0.0005154932527180347
bfp16,16,weight,producer,2,2,8,0.44213892045454545,0.8700363636363636,0.42877960205078125,0.8761999607086182,0.4022013247013092,0.12319999933242798,0.8409729599952698,0.8058109283447266,0.0010262060425051448
bfp16,16,weight,producer,2,2,9,0.4330931818181818,0.8742545454545455,0.4240850508213043,0.8743999600410461,0.39724206924438477,0.125,0.8441607356071472,0.8018021583557129,0.000531997231884322
bfp16,16,weight,producer,2,2,10,0.42969740767045456,0.874890909090909,0.42561182379722595,0.876800000667572,0.3985603451728821,0.12239999324083328,0.8534511923789978,0.8031294941902161,0.0007599797854710349
bfp16,16,weight,producer,2,2,11,0.42834811789772725,0.8754545454545455,0.4228000044822693,0.8769999742507935,0.39613544940948486,0.12280000001192093,0.859797477722168,0.8041764497756958,0.0004679162645007376
bfp16,16,weight,producer,2,2,12,0.43362425426136364,0.8744363636363637,0.4190904200077057,0.878600001335144,0.39252886176109314,0.12099999934434891,0.8465922474861145,0.8016008734703064,0.0014108056673526252
bfp16,16,weight,producer,3,0,1,0.3808470880681818,0.8916727272727273,0.24344274401664734,0.9289999604225159,0.21329337358474731,0.07079999893903732,0.9421917796134949,0.7046877145767212,0.026494691409735753
bfp16,16,weight,producer,3,0,2,0.2120404119318182,0.9391454545454545,0.1960262954235077,0.9417999982833862,0.16885080933570862,0.058399997651576996,1.2020862102508545,0.6831443309783936,0.006655087323122872
bfp16,16,weight,producer,3,0,3,0.18890962357954547,0.9466,0.17729000747203827,0.9517999887466431,0.14860810339450836,0.04820000007748604,1.3725723028182983,0.6637779474258423,0.005096314946003533
bfp16,16,weight,producer,3,0,4,0.17487327769886363,0.9496363636363636,0.15939995646476746,0.9544000029563904,0.12994563579559326,0.04439999908208847,1.5731867551803589,0.6498817205429077,0.004596301287538016
bfp16,16,weight,producer,3,0,5,0.1663601384943182,0.9534545454545454,0.16033771634101868,0.9545999765396118,0.12927132844924927,0.04339999705553055,1.6796597242355347,0.6499870419502258,0.0025819052648831746
bfp16,16,weight,producer,3,0,6,0.1671645419034091,0.9543454545454545,0.1620999276638031,0.9535999894142151,0.13089942932128906,0.04399999976158142,1.6296533346176147,0.6563076972961426,0.0018498115131758664
bfp16,16,weight,producer,3,0,7,0.16478350497159092,0.9557272727272728,0.16230641305446625,0.9529999494552612,0.13082803785800934,0.04559999704360962,1.6510612964630127,0.6523619890213013,0.001807356449527417
bfp16,16,weight,producer,3,0,8,0.1620192471590909,0.9568545454545454,0.15884929895401,0.9549999833106995,0.1289222240447998,0.043800000101327896,1.7786637544631958,0.6522274017333984,0.0018947706288357524
bfp16,16,weight,producer,3,0,9,0.159916796875,0.9569090909090909,0.18612058460712433,0.944599986076355,0.15514345467090607,0.053999997675418854,1.8755635023117065,0.6441449522972107,0.0017807224417694086
bfp16,16,weight,producer,3,0,10,0.15627476917613636,0.9566181818181818,0.15565869212150574,0.9531999826431274,0.12589934468269348,0.04399999976158142,1.9270752668380737,0.6325604915618896,0.0014870654331554697
bfp16,16,weight,producer,3,0,11,0.15493490767045454,0.9573090909090909,0.1532329022884369,0.9555999636650085,0.12236396223306656,0.041600000113248825,2.003136157989502,0.6375033259391785,0.0013289686947970353
bfp16,16,weight,producer,3,0,12,0.1544095880681818,0.9573636363636364,0.15103530883789062,0.9569999575614929,0.12262741476297379,0.04039999842643738,2.0179944038391113,0.6310131549835205,0.001472382582724773
bfp16,16,weight,producer,3,1,1,0.4177854758522727,0.8811636363636364,0.24847948551177979,0.9293999671936035,0.2249884456396103,0.07319999486207962,0.8426780104637146,0.7245728969573975,0.022078112764291308
bfp16,16,weight,producer,3,1,2,0.23041045809659091,0.9370363636363637,0.2247830331325531,0.9368000030517578,0.20161420106887817,0.06499999761581421,0.9556069374084473,0.6949790716171265,0.004732203019431443
bfp16,16,weight,producer,3,1,3,0.21032052556818182,0.9420727272727273,0.1925056129693985,0.9469999670982361,0.16578075289726257,0.05219999700784683,1.0754375457763672,0.6808804273605347,0.0041773278578062685
bfp16,16,weight,producer,3,1,4,0.19127198153409092,0.9478727272727273,0.18736779689788818,0.9461999535560608,0.15881381928920746,0.05339999869465828,1.2098007202148438,0.6672524809837341,0.0020625421136020107
bfp16,16,weight,producer,3,1,5,0.18550514914772728,0.9490545454545455,0.1951652467250824,0.946399986743927,0.17311306297779083,0.053999997675418854,1.2981984615325928,0.6711814403533936,0.002065046165613447
bfp16,16,weight,producer,3,1,6,0.17919675071022728,0.9510181818181819,0.22302383184432983,0.9337999820709229,0.1997445821762085,0.06780000030994415,1.3952239751815796,0.6581797003746033,0.0015256505982407897
bfp16,16,weight,producer,3,1,7,0.17632036576704546,0.9517454545454546,0.17163395881652832,0.9521999955177307,0.14608284831047058,0.04699999839067459,1.4411747455596924,0.6571698784828186,0.0016300240388993099
bfp16,16,weight,producer,3,1,8,0.1746272549715909,0.9524181818181818,0.17389999330043793,0.9509999752044678,0.14618319272994995,0.04820000007748604,1.5572600364685059,0.6446803212165833,0.0013223671031305203
bfp16,16,weight,producer,3,1,9,0.17283018465909092,0.9523272727272727,0.17044848203659058,0.9515999555587769,0.14247024059295654,0.047199998050928116,1.671823501586914,0.6372921466827393,0.0010045801387700097
bfp16,16,weight,producer,3,1,10,0.1707830965909091,0.9531090909090909,0.17129451036453247,0.9517999887466431,0.14629608392715454,0.04899999871850014,1.6970006227493286,0.6468669772148132,0.0009079464952377483
bfp16,16,weight,producer,3,1,11,0.16795500710227274,0.9542363636363637,0.16953276097774506,0.9505999684333801,0.14164415001869202,0.04859999939799309,1.735134482383728,0.6502595543861389,0.0007434758063047476
bfp16,16,weight,producer,3,1,12,0.16692546164772729,0.9539454545454545,0.16526757180690765,0.9529999494552612,0.1386634260416031,0.04639999940991402,1.8175920248031616,0.6395151615142822,0.0008860929504106646
bfp16,16,weight,producer,3,2,1,0.39286324573863635,0.8845818181818181,0.22832222282886505,0.9377999901771545,0.1986389309167862,0.06119999662041664,0.8400183916091919,0.7055861949920654,0.02254124856586112
bfp16,16,weight,producer,3,2,2,0.22025458096590908,0.9395272727272728,0.22434522211551666,0.9404000043869019,0.19431063532829285,0.05779999867081642,1.0192135572433472,0.6809412240982056,0.004519700060097248
bfp16,16,weight,producer,3,2,3,0.20269186789772728,0.9431818181818182,0.18933284282684326,0.9491999745368958,0.1585066169500351,0.04959999769926071,1.1933164596557617,0.6620508432388306,0.0038176549325271802
bfp16,16,weight,producer,3,2,4,0.1898914950284091,0.9474181818181818,0.18145950138568878,0.9509999752044678,0.15082040429115295,0.04779999703168869,1.2584400177001953,0.6614715456962585,0.002794749685855293
bfp16,16,weight,producer,3,2,5,0.184426171875,0.9497454545454546,0.17725948989391327,0.9505999684333801,0.14714054763317108,0.047599997371435165,1.3352481126785278,0.662555456161499,0.0022739068674764618
bfp16,16,weight,producer,3,2,6,0.17730150923295454,0.9508545454545455,0.1695864051580429,0.9529999494552612,0.13866117596626282,0.04439999908208847,1.5490103960037231,0.6430124640464783,0.002180801660869407
bfp16,16,weight,producer,3,2,7,0.1718070490056818,0.9527454545454546,0.18591254949569702,0.9473999738693237,0.15322379767894745,0.04899999871850014,1.6311033964157104,0.6415049433708191,0.0018702992114512575
bfp16,16,weight,producer,3,2,8,0.16791321022727274,0.9533818181818182,0.16088560223579407,0.9551999568939209,0.129286527633667,0.04259999841451645,1.7443771362304688,0.6289296746253967,0.0016695197683524248
bfp16,16,weight,producer,3,2,9,0.16402439630681817,0.9539636363636363,0.1615752875804901,0.9535999894142151,0.13074065744876862,0.0421999990940094,1.82356858253479,0.6210344433784485,0.0013542368560033509
bfp16,16,weight,producer,3,2,10,0.16299518821022727,0.9548727272727273,0.15932568907737732,0.9545999765396118,0.12878265976905823,0.041200000792741776,1.751508355140686,0.6328805088996887,0.0015096019012584
bfp16,16,weight,producer,3,2,11,0.1568085759943182,0.956709090909091,0.15588152408599854,0.9581999778747559,0.12451642751693726,0.03920000046491623,1.8717786073684692,0.6216360330581665,0.0010650188486824134
bfp16,16,weight,producer,3,2,12,0.15596605113636364,0.9570181818181818,0.15254376828670502,0.9585999846458435,0.12107815593481064,0.038599997758865356,1.802370548248291,0.6241841316223145,0.0013229362058603924
bfp16,16,weight,producer,4,0,1,0.2918949041193182,0.9119818181818182,0.14565280079841614,0.9565999507904053,0.11113017052412033,0.04179999977350235,0.9349780082702637,0.5990511178970337,0.08233846588115314
bfp16,16,weight,producer,4,0,2,0.12086946022727273,0.9642,0.1146620512008667,0.9633999466896057,0.08826835453510284,0.036399997770786285,1.710942268371582,0.5351522564888,0.034287528910418676
bfp16,16,weight,producer,4,0,3,0.09939944069602273,0.9704363636363637,0.09857432544231415,0.9711999893188477,0.06612653285264969,0.024399999529123306,2.2646350860595703,0.5231567621231079,0.021841707490302488
bfp16,16,weight,producer,4,0,4,0.09167342862215909,0.9730909090909091,0.09703545272350311,0.972000002861023,0.06521840393543243,0.025999998673796654,2.9983856678009033,0.49164626002311707,0.017754525504907942
bfp16,16,weight,producer,4,0,5,0.08535059481534091,0.9747272727272728,0.08397287130355835,0.9751999974250793,0.052538324147462845,0.02199999988079071,3.459434986114502,0.4776248335838318,0.013043948389211633
bfp16,16,weight,producer,4,0,6,0.08123884055397727,0.9760545454545455,0.08451621979475021,0.9785999655723572,0.0515248142182827,0.018199998885393143,4.051790237426758,0.46313610672950745,0.011381371674163646
bfp16,16,weight,producer,4,0,7,0.08052978515625,0.9753818181818181,0.08535555750131607,0.9753999710083008,0.05377109348773956,0.020399998873472214,4.4682393074035645,0.4615653455257416,0.010433360346742911
bfp16,16,weight,producer,4,0,8,0.07682407670454545,0.9770545454545455,0.07784222066402435,0.9783999919891357,0.04739288240671158,0.017400000244379044,4.6234917640686035,0.4537771940231323,0.00839563111216332
bfp16,16,weight,producer,4,0,9,0.07405845170454546,0.9779454545454546,0.11260195076465607,0.9643999934196472,0.07781264185905457,0.032600000500679016,4.70776891708374,0.4563872516155243,0.0066967456429495
bfp16,16,weight,producer,4,0,10,0.07349387872869319,0.9782,0.10763515532016754,0.964199960231781,0.0794854387640953,0.03219999745488167,5.202033042907715,0.4594336450099945,0.006012342700005464
bfp16,16,weight,producer,4,0,11,0.07263567116477272,0.9775272727272727,0.0773325264453888,0.9779999852180481,0.04853111505508423,0.019199999049305916,5.579495906829834,0.44532665610313416,0.006090082132905975
bfp16,16,weight,producer,4,0,12,0.07163714044744318,0.9781818181818182,0.07624772191047668,0.9789999723434448,0.046892374753952026,0.017799999564886093,5.908348560333252,0.4436119496822357,0.005699222378029903
bfp16,16,weight,producer,4,1,1,0.2910372869318182,0.914,0.1356380730867386,0.9617999792098999,0.10605785995721817,0.03759999945759773,0.9139628410339355,0.602712094783783,0.07171798455682832
bfp16,16,weight,producer,4,1,2,0.12091598011363637,0.9648181818181818,0.11573371291160583,0.9661999940872192,0.08984130620956421,0.03359999880194664,1.4665765762329102,0.5580009818077087,0.029548382837682796
bfp16,16,weight,producer,4,1,3,0.10006479936079546,0.9708181818181818,0.09516558796167374,0.9735999703407288,0.06879682093858719,0.02719999849796295,2.1234986782073975,0.5120292901992798,0.02114171113255996
bfp16,16,weight,producer,4,1,4,0.12550152698863637,0.9648181818181818,0.11677753925323486,0.9673999547958374,0.09135213494300842,0.03240000084042549,1.891864538192749,0.600697934627533,0.016838383930360037
bfp16,16,weight,producer,4,1,5,0.10617388139204545,0.9691818181818181,0.1230483278632164,0.9629999995231628,0.10610231757164001,0.03839999809861183,2.758718729019165,0.550366222858429,0.00831356649851578
bfp16,16,weight,producer,4,1,6,0.09762001953125,0.9717818181818182,0.16074810922145844,0.9455999732017517,0.13867704570293427,0.05559999868273735,3.08864688873291,0.523377001285553,0.007273132887763836
bfp16,16,weight,producer,4,1,7,0.09290141157670455,0.9738181818181818,0.0893421545624733,0.9765999913215637,0.06329236179590225,0.023399999365210533,3.466384172439575,0.5140271186828613,0.006167138642530641
bfp16,16,weight,producer,4,1,8,0.08855902876420454,0.9745818181818182,0.08712159097194672,0.9769999980926514,0.06104659289121628,0.023000000044703484,3.9855268001556396,0.48853716254234314,0.005135924496002623
bfp16,16,weight,producer,4,1,9,0.08607740589488637,0.9746,0.09054524451494217,0.9751999974250793,0.06269471347332001,0.024000000208616257,4.338589668273926,0.4757135510444641,0.005422866092404072
bfp16,16,weight,producer,4,1,10,0.08261051136363637,0.9757090909090909,0.113959401845932,0.9669999480247498,0.09578583389520645,0.03439999744296074,4.696602821350098,0.4784037470817566,0.004237994208810621
bfp16,16,weight,producer,4,1,11,0.07790688920454546,0.9772909090909091,0.08495041728019714,0.9757999777793884,0.059541214257478714,0.02279999852180481,4.86674690246582,0.4643673002719879,0.004037442406803737
bfp16,16,weight,producer,4,1,12,0.07631022727272728,0.9775454545454545,0.08145067095756531,0.9775999784469604,0.05539950355887413,0.021399999037384987,5.014077186584473,0.46041345596313477,0.002921545774070769
bfp16,16,weight,producer,4,2,1,0.2825998224431818,0.916290909090909,0.14204081892967224,0.9599999785423279,0.10870209336280823,0.03739999979734421,0.9101232886314392,0.5895223021507263,0.0713366857278141
bfp16,16,weight,producer,4,2,2,0.1211878018465909,0.9650909090909091,0.10871191322803497,0.967799961566925,0.07549689710140228,0.0284000001847744,1.5526796579360962,0.5216416120529175,0.029619748320008743
bfp16,16,weight,producer,4,2,3,0.1024696377840909,0.9705636363636364,0.14569033682346344,0.9529999494552612,0.11473742127418518,0.0429999977350235,1.9756972789764404,0.5409528017044067,0.0201800413396223
bfp16,16,weight,producer,4,2,4,0.091106640625,0.9730181818181818,0.09507779777050018,0.9697999954223633,0.06323058903217316,0.024399999529123306,2.5233922004699707,0.5015707015991211,0.014096788439474787
bfp16,16,weight,producer,4,2,5,0.08598765092329545,0.9748181818181818,0.09102768450975418,0.9702000021934509,0.06096978485584259,0.02579999901354313,2.7708301544189453,0.506278932094574,0.01106677168509042
bfp16,16,weight,producer,4,2,6,0.08148999467329546,0.9761272727272727,0.09198076277971268,0.9709999561309814,0.05925294756889343,0.02279999852180481,3.1080470085144043,0.48007655143737793,0.008826897160860301
bfp16,16,weight,producer,4,2,7,0.08042388139204545,0.9766545454545454,0.09376629441976547,0.9717999696731567,0.05989346280694008,0.024000000208616257,3.5354957580566406,0.47492465376853943,0.008334509478975068
bfp16,16,weight,producer,4,2,8,0.07669888139204545,0.9772,0.0847778171300888,0.974399983882904,0.051496244966983795,0.020999999716877937,3.9508042335510254,0.4624149799346924,0.006020879240953543
bfp16,16,weight,producer,4,2,9,0.07483132102272727,0.9777818181818182,0.08232510834932327,0.9749999642372131,0.05035312473773956,0.019600000232458115,4.2704877853393555,0.4533367156982422,0.005501629910218353
bfp16,16,weight,producer,4,2,10,0.07384100230823863,0.9779636363636364,0.08276048302650452,0.9735999703407288,0.04928276315331459,0.021399999037384987,4.778828144073486,0.4361303448677063,0.00564345031050245
bfp16,16,weight,producer,4,2,11,0.07257885298295455,0.9777272727272728,0.08161048591136932,0.9739999771118164,0.04733261466026306,0.020800000056624413,5.05731201171875,0.4368880093097687,0.005679531423576333
bfp16,16,weight,producer,4,2,12,0.07123405539772727,0.9790363636363636,0.08071774989366531,0.9761999845504761,0.046576134860515594,0.01899999938905239,5.327455043792725,0.4437592923641205,0.004642967711387518
bfp16,16,weight,producer,5,0,1,0.2614774325284091,0.9216363636363636,0.11437094956636429,0.965399980545044,0.07885216176509857,0.03240000084042549,0.7379304766654968,0.5369155406951904,0.16626006173626415
bfp16,16,weight,producer,5,0,2,0.09513804154829546,0.9703090909090909,0.0900864377617836,0.9705999493598938,0.06189216300845146,0.028199998661875725,1.3362627029418945,0.46517011523246765,0.08590389448380106
bfp16,16,weight,producer,5,0,3,0.07606938920454545,0.9767454545454546,0.07857228070497513,0.9763999581336975,0.04411594197154045,0.019600000232458115,2.0851001739501953,0.42191120982170105,0.06497218225856385
bfp16,16,weight,producer,5,0,4,0.06601202503551136,0.9795454545454545,0.07562492787837982,0.9767999649047852,0.03926432132720947,0.019199999049305916,2.646674394607544,0.40945562720298767,0.0508841580011291
bfp16,16,weight,producer,5,0,5,0.06074774502840909,0.9811818181818182,0.06730194389820099,0.9817999601364136,0.033988211303949356,0.013599999248981476,3.2491605281829834,0.37269824743270874,0.04261816849083062
bfp16,16,weight,producer,5,0,6,0.056939697265625,0.9823090909090909,0.062341514974832535,0.983199954032898,0.02910635620355606,0.012000000104308128,3.899416208267212,0.36057597398757935,0.03557233523337765
bfp16,16,weight,producer,5,0,7,0.053049267578125,0.9832727272727273,0.07318349927663803,0.9789999723434448,0.039405595511198044,0.016200000420212746,4.588366985321045,0.34741243720054626,0.030143778113674857
bfp16,16,weight,producer,5,0,8,0.049928453480113634,0.984,0.05893348902463913,0.9839999675750732,0.026576615869998932,0.010999999940395355,5.416629314422607,0.3136662244796753,0.0279671878130065
bfp16,16,weight,producer,5,0,9,0.04836696111505682,0.9848545454545454,0.07218621671199799,0.9791999459266663,0.03546999394893646,0.014399999752640724,5.413529396057129,0.31707122921943665,0.02540372147657118
bfp16,16,weight,producer,5,0,10,0.04621671697443182,0.9858,0.11348430067300797,0.9617999792098999,0.08981640636920929,0.036399997770786285,6.470843315124512,0.33870142698287964,0.023485162353626778
bfp16,16,weight,producer,5,0,11,0.045079905007102274,0.986,0.05691558122634888,0.9847999811172485,0.025080516934394836,0.009999999776482582,6.862759590148926,0.2925218939781189,0.02050329169018958
bfp16,16,weight,producer,5,0,12,0.04309601384943182,0.9866,0.059654008597135544,0.9817999601364136,0.021106064319610596,0.013199999928474426,7.44402551651001,0.2808924913406372,0.01717540656699022
bfp16,16,weight,producer,5,1,1,0.2554279651988636,0.9229090909090909,0.12112201005220413,0.9617999792098999,0.08369891345500946,0.03460000082850456,0.7365164160728455,0.5178142786026001,0.15777451239278104
bfp16,16,weight,producer,5,1,2,0.09277809836647727,0.9721454545454545,0.09767802804708481,0.9705999493598938,0.07314909249544144,0.029600000008940697,1.2929472923278809,0.48050573468208313,0.08337172879750869
bfp16,16,weight,producer,5,1,3,0.07713790838068182,0.976909090909091,0.0812356173992157,0.9763999581336975,0.04694210737943649,0.021800000220537186,1.7916450500488281,0.41415688395500183,0.0633143860064468
bfp16,16,weight,producer,5,1,4,0.0641867764559659,0.9809636363636364,0.07741869240999222,0.9783999919891357,0.04297666624188423,0.018799999728798866,2.39685320854187,0.4092194139957428,0.050062715120831894
bfp16,16,weight,producer,5,1,5,0.057222416548295456,0.9826727272727273,0.07663458585739136,0.9775999784469604,0.05382760986685753,0.022199999541044235,3.142333745956421,0.38053202629089355,0.041077721221613156
bfp16,16,weight,producer,5,1,6,0.05367507546164773,0.9835636363636364,0.07245031744241714,0.9791999459266663,0.040937017649412155,0.01719999872148037,3.634852647781372,0.355072557926178,0.03499435450091967
bfp16,16,weight,producer,5,1,7,0.05061351207386364,0.9846727272727273,0.05921545252203941,0.9825999736785889,0.02971147932112217,0.012999999336898327,4.1192426681518555,0.34378889203071594,0.030566166159785836
bfp16,16,weight,producer,5,1,8,0.04775185990767045,0.9854545454545455,0.05751258507370949,0.9833999872207642,0.02800380438566208,0.0142000000923872,4.735714435577393,0.33830174803733826,0.026448138806432226
bfp16,16,weight,producer,5,1,9,0.04593169833096591,0.9856545454545454,0.06879308819770813,0.9807999730110168,0.03821319341659546,0.016200000420212746,5.032454967498779,0.34030917286872864,0.02430774343938373
bfp16,16,weight,producer,5,1,10,0.04436681906960227,0.9867090909090909,0.061577171087265015,0.9821999669075012,0.03533525764942169,0.014800000004470348,5.940432071685791,0.3138231337070465,0.021545318788585167
bfp16,16,weight,producer,5,1,11,0.04217686434659091,0.9873090909090909,0.062414757907390594,0.9824000000953674,0.030790124088525772,0.014999999664723873,6.600483417510986,0.3038524091243744,0.019168404327001877
bfp16,16,weight,producer,5,1,12,0.04034153497869318,0.9876727272727273,0.056787122040987015,0.9843999743461609,0.020318539813160896,0.011599999852478504,6.629508018493652,0.2956262528896332,0.016585019395021033
bfp16,16,weight,producer,5,2,1,0.24415504261363635,0.9263090909090909,0.1061553806066513,0.9685999751091003,0.07126086205244064,0.027799999341368675,0.713866651058197,0.5247271060943604,0.15519169656353007
bfp16,16,weight,producer,5,2,2,0.08820166903409091,0.9733090909090909,0.07835457473993301,0.9763999581336975,0.0444561131298542,0.01860000006854534,1.2622798681259155,0.44084277749061584,0.0807290433610752
bfp16,16,weight,producer,5,2,3,0.07134777610085227,0.9787818181818182,0.10824468731880188,0.967199981212616,0.07807474583387375,0.028999999165534973,1.7344474792480469,0.47554582357406616,0.061495761322867916
bfp16,16,weight,producer,5,2,4,0.06165608132102273,0.981,0.07791933417320251,0.9761999845504761,0.04414771497249603,0.01899999938905239,2.4620108604431152,0.39445361495018005,0.0476582560871228
bfp16,16,weight,producer,5,2,5,0.05569515269886364,0.9833454545454545,0.06920184195041656,0.9791999459266663,0.03788018226623535,0.015199999324977398,2.86173152923584,0.39736658334732056,0.039255681921655045
bfp16,16,weight,producer,5,2,6,0.05148278142755682,0.9843818181818181,0.07868854701519012,0.9785999655723572,0.04114873334765434,0.015399999916553497,3.295497417449951,0.36961787939071655,0.03377226329879259
bfp16,16,weight,producer,5,2,7,0.04833041104403409,0.984909090909091,0.0669369176030159,0.9807999730110168,0.03119894675910473,0.013799999840557575,4.045406341552734,0.34681907296180725,0.028712598568592814
bfp16,16,weight,producer,5,2,8,0.04678039772727273,0.9855090909090909,0.06107722222805023,0.983199954032898,0.026296215131878853,0.012000000104308128,4.65195894241333,0.33147406578063965,0.027599319808417257
bfp16,16,weight,producer,5,2,9,0.044120951704545455,0.9861272727272727,0.05715504661202431,0.9837999939918518,0.022999990731477737,0.011599999852478504,5.245439052581787,0.3194181025028229,0.02466411556882956
bfp16,16,weight,producer,5,2,10,0.042351851029829544,0.9872727272727273,0.058657653629779816,0.9829999804496765,0.02730630338191986,0.013199999928474426,5.78597354888916,0.3197471797466278,0.021241759392471454
bfp16,16,weight,producer,5,2,11,0.041511283735795455,0.9869818181818182,0.06178376451134682,0.983199954032898,0.02687053196132183,0.012199999764561653,5.795989036560059,0.32529184222221375,0.02000839995629291
bfp16,16,weight,producer,5,2,12,0.04097087180397727,0.9869272727272728,0.05729741230607033,0.9845999479293823,0.021599145606160164,0.01119999960064888,6.34804105758667,0.30582183599472046,0.0188157882755732
bfp16,16,weight,producer,7,0,1,0.24482533735795456,0.9259090909090909,0.09299737215042114,0.972599983215332,0.05627117678523064,0.024399999529123306,0.4935011863708496,0.48388007283210754,0.3917757826300741
bfp16,16,weight,producer,7,0,2,0.08086353870738637,0.9746,0.07755771279335022,0.9775999784469604,0.049991730600595474,0.019999999552965164,0.5115532279014587,0.4140363931655884,0.26352825481233266
bfp16,16,weight,producer,7,0,3,0.0627516202059659,0.9803454545454545,0.07004071027040482,0.9789999723434448,0.03150172531604767,0.014999999664723873,0.6539942026138306,0.34789204597473145,0.22103585802480377
bfp16,16,weight,producer,7,0,4,0.05286736505681818,0.9841818181818182,0.05957122892141342,0.9825999736785889,0.02126280590891838,0.011799999512732029,0.8159416913986206,0.33586645126342773,0.19261179454025604
bfp16,16,weight,producer,7,0,5,0.04784471768465909,0.985,0.060443975031375885,0.983199954032898,0.0248232651501894,0.012000000104308128,1.012465000152588,0.3038151264190674,0.17879739487534374
bfp16,16,weight,producer,7,0,6,0.042120170454545455,0.9867272727272727,0.053091730922460556,0.9861999750137329,0.018048107624053955,0.008999999612569809,1.230616807937622,0.29669150710105896,0.16272786873304074
bfp16,16,weight,producer,7,0,7,0.038130730646306815,0.9883636363636363,0.05371137708425522,0.9853999614715576,0.019442886114120483,0.009200000204145908,1.4812456369400024,0.25366804003715515,0.15133261095226822
bfp16,16,weight,producer,7,0,8,0.03438658780184659,0.9894181818181819,0.04911189153790474,0.9865999817848206,0.013204739429056644,0.007599999662488699,1.7272577285766602,0.23770661652088165,0.1418274571579465
bfp16,16,weight,producer,7,0,9,0.031865962357954546,0.9905818181818182,0.058955639600753784,0.9839999675750732,0.01922614686191082,0.010400000028312206,1.9316956996917725,0.2119894176721573,0.12895913387117336
bfp16,16,weight,producer,7,0,10,0.02957205477627841,0.990890909090909,0.08458301424980164,0.9735999703407288,0.05271446332335472,0.020999999716877937,2.3011763095855713,0.2422783076763153,0.12430740197774581
bfp16,16,weight,producer,7,0,11,0.027274010120738636,0.9913090909090909,0.048522673547267914,0.986799955368042,0.013905448839068413,0.006799999624490738,2.6104912757873535,0.1737854778766632,0.11596094134144343
bfp16,16,weight,producer,7,0,12,0.02594401189630682,0.9915090909090909,0.04814698547124863,0.9855999946594238,0.002769210608676076,0.00419999985024333,2.7761826515197754,0.11774246394634247,0.11131239642330316
bfp16,16,weight,producer,7,1,1,0.23606800426136362,0.9286545454545454,0.10877856612205505,0.967199981212616,0.06707900017499924,0.028599999845027924,0.4809943735599518,0.46965116262435913,0.37496721968275937
bfp16,16,weight,producer,7,1,2,0.07757478693181818,0.9760363636363636,0.07750582695007324,0.9771999716758728,0.05165667086839676,0.021399999037384987,0.507986843585968,0.4115752875804901,0.25300167543843677
bfp16,16,weight,producer,7,1,3,0.060637073863636363,0.980890909090909,0.06979618221521378,0.9789999723434448,0.03267819061875343,0.017400000244379044,0.585565984249115,0.3605605661869049,0.21027458068510863
bfp16,16,weight,producer,7,1,4,0.049529443359375,0.9847818181818182,0.06538327783346176,0.9805999994277954,0.027890300378203392,0.015799999237060547,0.7644900679588318,0.35922637581825256,0.18059450747573347
bfp16,16,weight,producer,7,1,5,0.04300100319602273,0.9867818181818182,0.05770494416356087,0.9845999479293823,0.032267484813928604,0.014599999412894249,0.9745194911956787,0.32152336835861206,0.15986016007721585
bfp16,16,weight,producer,7,1,6,0.03870316051136364,0.9878181818181818,0.05163627490401268,0.9847999811172485,0.016671540215611458,0.010199999436736107,1.1955100297927856,0.2627083957195282,0.14840890258782394
bfp16,16,weight,producer,7,1,7,0.03495306951349432,0.9893272727272727,0.04651380702853203,0.986799955368042,0.016513844951987267,0.009599999524652958,1.3944000005722046,0.26297542452812195,0.13444198339130592
bfp16,16,weight,producer,7,1,8,0.031992527077414776,0.9903454545454545,0.05046084523200989,0.9851999878883362,0.0236052218824625,0.012199999764561653,1.6585655212402344,0.26614370942115784,0.12729655715612537
bfp16,16,weight,producer,7,1,9,0.029759104225852272,0.9906181818181818,0.06539211422204971,0.9811999797821045,0.02875286154448986,0.014599999412894249,1.8230509757995605,0.24926021695137024,0.11897342973174774
bfp16,16,weight,producer,7,1,10,0.027678329190340908,0.9912,0.046868011355400085,0.9869999885559082,0.02082592248916626,0.010599999688565731,2.2172787189483643,0.20694611966609955,0.11277316931033855
bfp16,16,weight,producer,7,1,11,0.025215456321022726,0.9923818181818181,0.055613189935684204,0.9851999878883362,0.02434946782886982,0.012199999764561653,2.3214383125305176,0.21909694373607635,0.10225751670885615
bfp16,16,weight,producer,7,1,12,0.022919748757102273,0.9933636363636363,0.0481710247695446,0.986799955368042,0.0030228530522435904,0.003599999938160181,2.657992362976074,0.1263626515865326,0.09321185645863306
bfp16,16,weight,producer,7,2,1,0.22786340553977272,0.9310545454545455,0.08967750519514084,0.9747999906539917,0.05296234041452408,0.020399998873472214,0.4786052405834198,0.46995872259140015,0.3731658957221686
bfp16,16,weight,producer,7,2,2,0.07330743519176136,0.9772727272727273,0.06556733697652817,0.9813999533653259,0.029469389468431473,0.012999999336898327,0.4578576982021332,0.37148746848106384,0.2508703857150662
bfp16,16,weight,producer,7,2,3,0.05633210671164773,0.9828181818181818,0.07697603106498718,0.9765999913215637,0.04630536213517189,0.017799999564886093,0.6051694750785828,0.40380021929740906,0.2036521598586804
bfp16,16,weight,producer,7,2,4,0.04649468661221591,0.9852,0.06124909594655037,0.9813999533653259,0.02812151052057743,0.012799999676644802,0.7555803656578064,0.3286939859390259,0.17826573910509733
bfp16,16,weight,producer,7,2,5,0.04041164772727273,0.9876727272727273,0.056963566690683365,0.9843999743461609,0.02462896890938282,0.01119999960064888,0.9004392623901367,0.31451329588890076,0.15864182495310594
bfp16,16,weight,producer,7,2,6,0.036389630681818184,0.9883090909090909,0.0582570806145668,0.9842000007629395,0.021956494078040123,0.010199999436736107,1.0617148876190186,0.2780300974845886,0.14563976252481287
bfp16,16,weight,producer,7,2,7,0.03214468439275568,0.99,0.04987054318189621,0.9878000020980835,0.014289144426584244,0.007199999876320362,1.3635934591293335,0.23278622329235077,0.13406569266631457
bfp16,16,weight,producer,7,2,8,0.02964807794744318,0.9906545454545455,0.04615562781691551,0.9878000020980835,0.011141248978674412,0.006000000052154064,1.5656424760818481,0.21911072731018066,0.12448632787601756
bfp16,16,weight,producer,7,2,9,0.027030455433238638,0.9915454545454545,0.044247161597013474,0.9878000020980835,0.011008416302502155,0.007400000002235174,1.7792149782180786,0.211008220911026,0.11261905629108922
bfp16,16,weight,producer,7,2,10,0.024548994584517047,0.991909090909091,0.044221751391887665,0.9889999628067017,0.013040007092058659,0.006199999712407589,2.1156530380249023,0.18876303732395172,0.10532771211596947
bfp16,16,weight,producer,7,2,11,0.022660486949573865,0.9927090909090909,0.04881903529167175,0.986799955368042,0.01179632730782032,0.006599999964237213,2.3274753093719482,0.17615625262260437,0.10042842053504762
bfp16,16,weight,producer,7,2,12,0.021305728426846592,0.9931272727272727,0.042024921625852585,0.9889999628067017,0.0026632037479430437,0.003000000026077032,2.6122164726257324,0.12335949391126633,0.09714424250150243
bfp16,16,weight,producer,10,0,1,0.2428072265625,0.9261818181818182,0.0910780131816864,0.9733999967575073,0.05451751500368118,0.024399999529123306,0.47524288296699524,0.47520262002944946,0.7090499854309701
bfp16,16,weight,producer,10,0,2,0.07840925071022728,0.9754181818181819,0.07419203221797943,0.9787999987602234,0.04614949971437454,0.01899999938905239,0.396157443523407,0.39604657888412476,0.5936127324215549
bfp16,16,weight,producer,10,0,3,0.060020472301136364,0.9813272727272727,0.06570881605148315,0.9825999736785889,0.026884932070970535,0.011799999512732029,0.3344360291957855,0.33324357867240906,0.5426445748574967
bfp16,16,weight,producer,10,0,4,0.04957266068892045,0.9847818181818182,0.05761820077896118,0.9839999675750732,0.019664067775011063,0.010799999348819256,0.3112046420574188,0.3065142035484314,0.5025992059878713
bfp16,16,weight,producer,10,0,5,0.04467598544034091,0.9861090909090909,0.05796274542808533,0.9839999675750732,0.022401293739676476,0.011799999512732029,0.29796668887138367,0.2871553599834442,0.47704751780153337
bfp16,16,weight,producer,10,0,6,0.03851833274147727,0.9878181818181818,0.052564989775419235,0.9878000020980835,0.017150696367025375,0.008200000040233135,0.3028556704521179,0.2829909324645996,0.4560495620185391
bfp16,16,weight,producer,10,0,7,0.03503022682883523,0.9892545454545455,0.05132065340876579,0.9863999485969543,0.01473595853894949,0.008200000040233135,0.2572433650493622,0.21353808045387268,0.43503703720566006
bfp16,16,weight,producer,10,0,8,0.031235844282670455,0.9902363636363636,0.048153892159461975,0.9863999485969543,0.011482528410851955,0.006199999712407589,0.2785027325153351,0.21839404106140137,0.42375320973939645
bfp16,16,weight,producer,10,0,9,0.02876004083806818,0.991,0.05611410364508629,0.9845999479293823,0.01633475534617901,0.010199999436736107,0.2764352262020111,0.17762866616249084,0.4037655251224709
bfp16,16,weight,producer,10,0,10,0.026227033025568183,0.9917636363636364,0.07008096575737,0.9809999465942383,0.037690043449401855,0.013599999248981476,0.3331824541091919,0.20226313173770905,0.39361603321738814
bfp16,16,weight,producer,10,0,11,0.023849212091619318,0.9923090909090909,0.05082171410322189,0.9863999485969543,0.015771307051181793,0.007400000002235174,0.35600340366363525,0.16928724944591522,0.3746679854673927
bfp16,16,weight,producer,10,0,12,0.0226474365234375,0.9927454545454546,0.0471026673913002,0.9869999885559082,0.0003386366297490895,0.0023999998811632395,0.35333308577537537,0.032681550830602646,0.3648486869661816
bfp16,16,weight,producer,10,1,1,0.23455502485795454,0.9286363636363636,0.10347802937030792,0.9684000015258789,0.06311696767807007,0.028199998661875725,0.4649902284145355,0.464983195066452,0.6630374606180911
bfp16,16,weight,producer,10,1,2,0.07576525213068182,0.9766727272727272,0.07605581730604172,0.9781999588012695,0.05034593120217323,0.020800000056624413,0.40598398447036743,0.40569472312927246,0.5541317996394165
bfp16,16,weight,producer,10,1,3,0.05825506480823864,0.9816545454545454,0.06865378469228745,0.9799999594688416,0.031552817672491074,0.016999999061226845,0.3400929272174835,0.3386053442955017,0.5035612172424468
bfp16,16,weight,producer,10,1,4,0.047717946555397725,0.9851818181818182,0.06410867720842361,0.9819999933242798,0.026563476771116257,0.014999999664723873,0.35131019353866577,0.34721359610557556,0.4657329587878567
bfp16,16,weight,producer,10,1,5,0.040771719637784094,0.9872909090909091,0.05331273376941681,0.98499995470047,0.025633642449975014,0.012799999676644802,0.300569623708725,0.29019245505332947,0.4391988854692138
bfp16,16,weight,producer,10,1,6,0.036566681463068185,0.9883454545454545,0.04980740323662758,0.9857999682426453,0.014620855450630188,0.009800000116229057,0.252868115901947,0.2292444258928299,0.41848434284569574
bfp16,16,weight,producer,10,1,7,0.03280389293323863,0.9897454545454546,0.04669817164540291,0.9869999885559082,0.017566364258527756,0.009800000116229057,0.2767752408981323,0.2426992803812027,0.3982815373968786
bfp16,16,weight,producer,10,1,8,0.029756068004261362,0.9906727272727273,0.05089632794260979,0.9847999811172485,0.025353092700242996,0.012399999424815178,0.3065478205680847,0.2555568516254425,0.3874639188869261
bfp16,16,weight,producer,10,1,9,0.027362888405539774,0.9912727272727273,0.0616784542798996,0.983199954032898,0.025458598509430885,0.012199999764561653,0.2962619960308075,0.21749725937843323,0.3720678689151536
bfp16,16,weight,producer,10,1,10,0.025136574485085227,0.9918,0.046584755182266235,0.9879999756813049,0.021273113787174225,0.009800000116229057,0.3107299506664276,0.17713819444179535,0.35758010690025677
bfp16,16,weight,producer,10,1,11,0.02286953346946023,0.9927818181818182,0.0550919733941555,0.9843999743461609,0.020897261798381805,0.012399999424815178,0.33399897813796997,0.1763576716184616,0.3429390286099324
bfp16,16,weight,producer,10,1,12,0.020035888671875,0.9940909090909091,0.05128706619143486,0.9861999750137329,0.0002552179794292897,0.0007999999797903001,0.3417378067970276,0.022413641214370728,0.3297061381144033
bfp16,16,weight,producer,10,2,1,0.22630955255681817,0.9312727272727273,0.08847642689943314,0.9745999574661255,0.051467541605234146,0.020600000396370888,0.4569013714790344,0.4569321274757385,0.6673028855784815
bfp16,16,weight,producer,10,2,2,0.07132637162642046,0.9775090909090909,0.06438486278057098,0.9817999601364136,0.028232775628566742,0.013199999928474426,0.35486742854118347,0.3547230362892151,0.5597329087068165
bfp16,16,weight,producer,10,2,3,0.054069757634943184,0.9834727272727273,0.0744279995560646,0.9781999588012695,0.04365479573607445,0.016200000420212746,0.38970082998275757,0.38862788677215576,0.5016211460363134
bfp16,16,weight,producer,10,2,4,0.04420494051846591,0.9863272727272727,0.060258373618125916,0.9813999533653259,0.0267003383487463,0.012399999424815178,0.3214985132217407,0.3174609839916229,0.46564212999216914
bfp16,16,weight,producer,10,2,5,0.03818605291193182,0.9880909090909091,0.05580422282218933,0.9843999743461609,0.023098818957805634,0.010599999688565731,0.30049821734428406,0.292331725358963,0.4396451758299794
bfp16,16,weight,producer,10,2,6,0.034103271484375,0.9892727272727273,0.05558031052350998,0.9847999811172485,0.018771938979625702,0.009200000204145908,0.268451988697052,0.2532139718532562,0.41866520369324906
bfp16,16,weight,producer,10,2,7,0.029729476651278407,0.9906909090909091,0.04886693134903908,0.9873999953269958,0.012307398021221161,0.007599999662488699,0.24006754159927368,0.19970662891864777,0.40104828722842417
bfp16,16,weight,producer,10,2,8,0.02705182439630682,0.9915272727272727,0.045563776046037674,0.988599956035614,0.009947734884917736,0.005399999674409628,0.24018068611621857,0.17765577137470245,0.38014252608766913
bfp16,16,weight,producer,10,2,9,0.02474656427556818,0.9923090909090909,0.04323302581906319,0.9893999695777893,0.010121329687535763,0.005799999926239252,0.2650975286960602,0.17521458864212036,0.360406384877347
bfp16,16,weight,producer,10,2,10,0.02181639959161932,0.9926727272727273,0.042650870978832245,0.9893999695777893,0.010140158236026764,0.004999999888241291,0.28761550784111023,0.14237207174301147,0.3446222068438018
bfp16,16,weight,producer,10,2,11,0.020255903764204546,0.9935272727272727,0.04746785759925842,0.9889999628067017,0.009653921239078045,0.005200000014156103,0.32460251450538635,0.14663881063461304,0.33760460108175044
bfp16,16,weight,producer,10,2,12,0.018715443004261364,0.9939818181818182,0.040881700813770294,0.9899999499320984,0.00014805860701017082,0.00039999998989515007,0.32118141651153564,0.023340197280049324,0.3253889248055945
bfp16,16,weight,producer,23,0,1,0.24291365411931817,0.9263090909090909,0.09087443351745605,0.9741999506950378,0.05441392585635185,0.023399999365210533,0.4743574261665344,0.4742216467857361,1.0
bfp16,16,weight,producer,23,0,2,0.07842426313920454,0.9752727272727273,0.07383877784013748,0.9787999987602234,0.04583801329135895,0.01899999938905239,0.3937053978443146,0.39362403750419617,1.0
bfp16,16,weight,producer,23,0,3,0.06006274857954545,0.9812909090909091,0.06603772193193436,0.9819999933242798,0.027388418093323708,0.012399999424815178,0.33064666390419006,0.3305719792842865,1.0
bfp16,16,weight,producer,23,0,4,0.04954539683948864,0.9848545454545454,0.058140452951192856,0.9835999608039856,0.0202512014657259,0.012000000104308128,0.307023286819458,0.3070348799228668,1.0
bfp16,16,weight,producer,23,0,5,0.04455806995738636,0.9861272727272727,0.058136213570833206,0.9839999675750732,0.022856317460536957,0.011799999512732029,0.2822872996330261,0.2823067903518677,1.0
bfp16,16,weight,producer,23,0,6,0.038389382102272725,0.9876363636363636,0.05235235020518303,0.9873999953269958,0.01719786413013935,0.008200000040233135,0.27772751450538635,0.2777712345123291,1.0
bfp16,16,weight,producer,23,0,7,0.034735218394886365,0.9893818181818181,0.05139482393860817,0.9865999817848206,0.01464973296970129,0.007999999448657036,0.21303202211856842,0.2130356729030609,1.0
bfp16,16,weight,producer,23,0,8,0.03115755060369318,0.9903454545454545,0.04755484685301781,0.9869999885559082,0.011305066756904125,0.00559999980032444,0.21285386383533478,0.21287210285663605,1.0
bfp16,16,weight,producer,23,0,9,0.02853115012428977,0.9912363636363636,0.05557175353169441,0.98499995470047,0.016138484701514244,0.010199999436736107,0.1772691011428833,0.17729127407073975,1.0
bfp16,16,weight,producer,23,0,10,0.026126125266335228,0.9917454545454546,0.06887226551771164,0.9809999465942383,0.036986760795116425,0.013199999928474426,0.20114752650260925,0.2011803388595581,1.0
bfp16,16,weight,producer,23,0,11,0.023602761008522728,0.9925454545454545,0.051820702850818634,0.9857999682426453,0.016860757023096085,0.007599999662488699,0.17577524483203888,0.17578482627868652,1.0
bfp16,16,weight,producer,23,0,12,0.02248206232244318,0.9929272727272728,0.0462350957095623,0.9873999953269958,0.00015195446030702442,0.0009999999310821295,0.01698593981564045,0.016940249130129814,1.0
bfp16,16,weight,producer,23,1,1,0.2347509765625,0.9287272727272727,0.10363828390836716,0.9685999751091003,0.06325877457857132,0.0279999990016222,0.46342864632606506,0.46343010663986206,1.0
bfp16,16,weight,producer,23,1,2,0.07572396129261363,0.9767454545454546,0.07516640424728394,0.9787999987602234,0.04922741279006004,0.02019999921321869,0.40140554308891296,0.4014182686805725,1.0
bfp16,16,weight,producer,23,1,3,0.058250648082386364,0.9817818181818182,0.0684395506978035,0.9801999926567078,0.03145132213830948,0.01679999940097332,0.3385121524333954,0.3385060429573059,1.0
bfp16,16,weight,producer,23,1,4,0.047646235795454545,0.9851636363636364,0.06322460621595383,0.9819999933242798,0.025805193930864334,0.014599999412894249,0.34308159351348877,0.3430970013141632,1.0
bfp16,16,weight,producer,23,1,5,0.04070887784090909,0.9874,0.052833765745162964,0.9851999878883362,0.025085702538490295,0.012399999424815178,0.2852431535720825,0.2852616310119629,1.0
bfp16,16,weight,producer,23,1,6,0.03651879660866477,0.9884,0.049766577780246735,0.9861999750137329,0.01467803493142128,0.009800000116229057,0.2260999232530594,0.22611013054847717,1.0
bfp16,16,weight,producer,23,1,7,0.032699853515625,0.9898363636363636,0.04617360979318619,0.9869999885559082,0.016387589275836945,0.009599999524652958,0.23957189917564392,0.23958656191825867,1.0
bfp16,16,weight,producer,23,1,8,0.029693639026988638,0.9906545454545455,0.04979904741048813,0.9847999811172485,0.024252090603113174,0.012199999764561653,0.25010883808135986,0.25013840198516846,1.0
bfp16,16,weight,producer,23,1,9,0.0273279052734375,0.9912727272727273,0.06145627424120903,0.9833999872207642,0.025249892845749855,0.012399999424815178,0.21569783985614777,0.21571974456310272,1.0
bfp16,16,weight,producer,23,1,10,0.025144094016335227,0.9919636363636364,0.04645192250609398,0.9879999756813049,0.021790267899632454,0.010199999436736107,0.17884448170661926,0.1788356453180313,1.0
bfp16,16,weight,producer,23,1,11,0.02273611727627841,0.992909090909091,0.05341650918126106,0.98499995470047,0.020516056567430496,0.012000000104308128,0.17543171346187592,0.175457164645195,1.0
bfp16,16,weight,producer,23,1,12,0.019887799627130682,0.9941454545454546,0.05051330104470253,0.986799955368042,7.346483471337706e-05,0.0011999999405816197,0.01114201545715332,0.011119655333459377,1.0
bfp16,16,weight,producer,23,2,1,0.22630031960227273,0.9312727272727273,0.08867894113063812,0.974399983882904,0.0516028068959713,0.020600000396370888,0.4550733268260956,0.45504650473594666,1.0
bfp16,16,weight,producer,23,2,2,0.07127293590198863,0.9775636363636364,0.06436764448881149,0.9817999601364136,0.028203511610627174,0.013199999928474426,0.3530854284763336,0.3530180752277374,1.0
bfp16,16,weight,producer,23,2,3,0.054124573863636366,0.9834909090909091,0.07470080256462097,0.9781999588012695,0.043870940804481506,0.016200000420212746,0.387177050113678,0.38722527027130127,1.0
bfp16,16,weight,producer,23,2,4,0.044204487748579546,0.9863272727272727,0.05944819375872612,0.9821999669075012,0.025655977427959442,0.011599999852478504,0.3143981695175171,0.31440645456314087,1.0
bfp16,16,weight,producer,23,2,5,0.038128542258522725,0.9880363636363636,0.055942781269550323,0.98499995470047,0.02311878651380539,0.010400000028312206,0.2891367971897125,0.28916478157043457,1.0
bfp16,16,weight,producer,23,2,6,0.034045567737926136,0.9893090909090909,0.05568023771047592,0.9845999479293823,0.01871512085199356,0.009399999864399433,0.25053659081459045,0.25047314167022705,1.0
bfp16,16,weight,producer,23,2,7,0.02978561789772727,0.9904727272727273,0.04848654940724373,0.9871999621391296,0.011999341659247875,0.00699999975040555,0.197279691696167,0.19723723828792572,1.0
bfp16,16,weight,producer,23,2,8,0.02707424982244318,0.9915454545454545,0.045161254703998566,0.9887999892234802,0.009651320055127144,0.005399999674409628,0.17457999289035797,0.1744997203350067,1.0
bfp16,16,weight,producer,23,2,9,0.024636867453835226,0.9922727272727273,0.04247884079813957,0.9893999695777893,0.009707190096378326,0.00559999980032444,0.17516875267028809,0.17516407370567322,1.0
bfp16,16,weight,producer,23,2,10,0.021689530806107953,0.9926,0.04366813972592354,0.9893999695777893,0.010800152085721493,0.005200000014156103,0.1441403478384018,0.14415185153484344,1.0
bfp16,16,weight,producer,23,2,11,0.020261412464488638,0.9935090909090909,0.047538723796606064,0.9883999824523926,0.00928544346243143,0.005200000014156103,0.14457514882087708,0.14458824694156647,1.0
bfp16,16,weight,producer,23,2,12,0.0186697021484375,0.993890909090909,0.04059314727783203,0.9901999831199646,9.273026807932183e-05,0.0005999999702908099,0.015607205219566822,0.015560902655124664,1.0
bfp16,16,weight_master,producer,1,0,1,0.24723520951704545,0.9247454545454545,0.09502866119146347,0.9727999567985535,0.059049300849437714,0.024799998849630356,0.4889838993549347,0.48843732476234436,0.0296981706761851
bfp16,16,weight_master,producer,1,0,2,0.08205648082386363,0.9750909090909091,0.07890179008245468,0.9769999980926514,0.049742814153432846,0.01979999989271164,0.40566137433052063,0.40536996722221375,0.014257616870936607
bfp16,16,weight_master,producer,1,0,3,0.06349468661221591,0.9798363636363636,0.06541569530963898,0.9805999994277954,0.030722826719284058,0.014999999664723873,0.3445412516593933,0.3440409004688263,0.011537078181056619
bfp16,16,weight_master,producer,1,0,4,0.054427650035511366,0.9829818181818182,0.06291615217924118,0.9815999865531921,0.026212597265839577,0.0142000000923872,0.3207450211048126,0.31980910897254944,0.010480026770592413
bfp16,16,weight_master,producer,1,0,5,0.048291255326704544,0.9849454545454546,0.05979227274656296,0.9813999533653259,0.027422061190009117,0.014399999752640724,0.3163941502571106,0.31560415029525757,0.00941341443426636
bfp16,16,weight_master,producer,1,0,6,0.04264407848011364,0.9864727272727273,0.048810578882694244,0.9871999621391296,0.01841767318546772,0.009200000204145908,0.29317328333854675,0.2924633324146271,0.008260298482999763
bfp16,16,weight_master,producer,1,0,7,0.03859576526988636,0.9878727272727272,0.05366463586688042,0.9847999811172485,0.01892549730837345,0.008599999360740185,0.23956696689128876,0.23708344995975494,0.007592627160313963
bfp16,16,weight_master,producer,1,0,8,0.03537968528053977,0.9884181818181819,0.05117471516132355,0.986799955368042,0.01715441606938839,0.008599999360740185,0.25418949127197266,0.25348225235939026,0.007170125293657009
bfp16,16,weight_master,producer,1,0,9,0.03279963822798296,0.9898181818181818,0.0588114932179451,0.9833999872207642,0.02626020461320877,0.012000000104308128,0.25345662236213684,0.2511303722858429,0.006621510262060425
bfp16,16,weight_master,producer,1,0,10,0.030733018909801138,0.9898363636363636,0.07459553331136703,0.9799999594688416,0.048432476818561554,0.017999999225139618,0.2574426829814911,0.2535477876663208,0.006345381617526543
bfp16,16,weight_master,producer,1,0,11,0.029529225852272727,0.9906363636363636,0.051960937678813934,0.9855999946594238,0.02390863560140133,0.010400000028312206,0.21974121034145355,0.21857883036136627,0.006164862231611152
bfp16,16,weight_master,producer,1,0,12,0.027872252308238636,0.9908181818181818,0.046856626868247986,0.9869999885559082,0.011569047346711159,0.008999999612569809,0.18257948756217957,0.18010860681533813,0.005951334887363188
bfp16,16,weight_master,producer,1,1,1,0.25103647017045455,0.9252181818181818,0.09984823316335678,0.9703999757766724,0.06232900172472,0.026799999177455902,0.47506433725357056,0.47465571761131287,0.0231281073009051
bfp16,16,weight_master,producer,1,1,2,0.08004426491477273,0.9753454545454545,0.08150652050971985,0.9759999513626099,0.058265719562768936,0.02459999918937683,0.43889209628105164,0.43842050433158875,0.012047449509205806
bfp16,16,weight_master,producer,1,1,3,0.06299033647017045,0.9798,0.07052313536405563,0.9799999594688416,0.03513791412115097,0.017999999225139618,0.331863135099411,0.330631285905838,0.01011762215220994
bfp16,16,weight_master,producer,1,1,4,0.054251669034090906,0.9829272727272728,0.06707951426506042,0.9821999669075012,0.030182063579559326,0.014999999664723873,0.3747595548629761,0.37414488196372986,0.008793320099797854
bfp16,16,weight_master,producer,1,1,5,0.0458373046875,0.9850363636363636,0.06049899384379387,0.9837999939918518,0.041591744869947433,0.015399999916553497,0.3430766761302948,0.34161680936813354,0.007531505527125713
bfp16,16,weight_master,producer,1,1,6,0.042112468927556816,0.9868545454545454,0.0567428357899189,0.9851999878883362,0.029731478542089462,0.012000000104308128,0.2873673737049103,0.28373122215270996,0.006944305330443809
bfp16,16,weight_master,producer,1,1,7,0.03965432794744318,0.9875090909090909,0.047805968672037125,0.9873999953269958,0.0184978898614645,0.010799999348819256,0.2832810878753662,0.2752908170223236,0.007042532461619712
bfp16,16,weight_master,producer,1,1,8,0.03629358575994318,0.9886545454545455,0.05597295984625816,0.98499995470047,0.03652408346533775,0.014999999664723873,0.3454090654850006,0.342583566904068,0.006230309045546429
bfp16,16,weight_master,producer,1,1,9,0.03463841219815341,0.9889272727272728,0.06103171408176422,0.9837999939918518,0.030967675149440765,0.014800000004470348,0.2815028429031372,0.28037887811660767,0.005915253774289304
bfp16,16,weight_master,producer,1,1,10,0.031367094282670455,0.9896909090909091,0.04540983960032463,0.9883999824523926,0.02724779024720192,0.013199999928474426,0.23884348571300507,0.23071643710136414,0.005643222669410501
bfp16,16,weight_master,producer,1,1,11,0.030236609996448862,0.9902909090909091,0.057484906166791916,0.9835999608039856,0.03229939192533493,0.014800000004470348,0.2599262595176697,0.25534307956695557,0.00573075066926481
bfp16,16,weight_master,producer,1,1,12,0.02912489346590909,0.9906363636363636,0.04873429983854294,0.986799955368042,0.012898161076009274,0.009599999524652958,0.19507065415382385,0.19154058396816254,0.0054088661652492214
bfp16,16,weight_master,producer,1,2,1,0.2348608487215909,0.9273090909090909,0.09889440983533859,0.9711999893188477,0.06184271723031998,0.02419999986886978,0.472815603017807,0.47249579429626465,0.02747593833658101
bfp16,16,weight_master,producer,1,2,2,0.07723032670454545,0.9764727272727273,0.07237012684345245,0.9789999723434448,0.037054333835840225,0.01640000008046627,0.3694325387477875,0.3691028952598572,0.01380347289249877
bfp16,16,weight_master,producer,1,2,3,0.058292658025568184,0.9821636363636363,0.08595210313796997,0.9751999974250793,0.05542490631341934,0.01979999989271164,0.40065112709999084,0.400380402803421,0.010548774380360948
bfp16,16,weight_master,producer,1,2,4,0.04897080522017046,0.9844545454545455,0.06301698833703995,0.9809999465942383,0.030135484412312508,0.013399999588727951,0.3317926228046417,0.3309953808784485,0.00913944838010599
bfp16,16,weight_master,producer,1,2,5,0.04387263849431818,0.9859454545454546,0.058423157781362534,0.9824000000953674,0.02600065805017948,0.012600000016391277,0.32906588912010193,0.3283255100250244,0.008785011199941723
bfp16,16,weight_master,producer,1,2,6,0.039376096413352275,0.9879818181818182,0.06801926344633102,0.9811999797821045,0.030323632061481476,0.013399999588727951,0.29411211609840393,0.292998343706131,0.007927487206570633
bfp16,16,weight_master,producer,1,2,7,0.03553424183238636,0.9884181818181819,0.05017782375216484,0.9863999485969543,0.017194295302033424,0.009399999864399433,0.26192307472229004,0.26097536087036133,0.007546416018648358
bfp16,16,weight_master,producer,1,2,8,0.03304323952414773,0.9890363636363636,0.049086689949035645,0.9873999953269958,0.016390152275562286,0.007400000002235174,0.24507690966129303,0.2429148107767105,0.006903557574984976
bfp16,16,weight_master,producer,1,2,9,0.030948350941051136,0.9900909090909091,0.046561963856220245,0.9883999824523926,0.01672159507870674,0.007999999448657036,0.22829946875572205,0.2264663130044937,0.006456242829305603
bfp16,16,weight_master,producer,1,2,10,0.0271951416015625,0.9908181818181818,0.04794614017009735,0.9878000020980835,0.017359431833028793,0.00839999970048666,0.20653989911079407,0.20462742447853088,0.005714360510644497
bfp16,16,weight_master,producer,1,2,11,0.02596435768821023,0.9916545454545455,0.049302972853183746,0.9878000020980835,0.01634085364639759,0.008799999952316284,0.19835616648197174,0.19585789740085602,0.0056202309191236725
bfp16,16,weight_master,producer,1,2,12,0.026490986772017045,0.9912363636363636,0.04868248477578163,0.9863999485969543,0.010984547436237335,0.007599999662488699,0.16839493811130524,0.16605089604854584,0.00607596838520515
bfp16,16,weight_master,producer,2,0,1,0.24034311079545453,0.9271454545454545,0.0926264077425003,0.972000002861023,0.05692644044756889,0.025599999353289604,0.47754502296447754,0.47744429111480713,0.04830737466081477
bfp16,16,weight_master,producer,2,0,2,0.07984236505681819,0.9749454545454546,0.07214336842298508,0.9799999594688416,0.04588514193892479,0.01860000006854534,0.38970065116882324,0.3895301818847656,0.025013317003879005
bfp16,16,weight_master,producer,2,0,3,0.06076424449573864,0.9805272727272727,0.06567686796188354,0.9803999662399292,0.028483660891652107,0.014399999752640724,0.32954221963882446,0.32938817143440247,0.01872404891551784
bfp16,16,weight_master,producer,2,0,4,0.050267578125,0.9847090909090909,0.05924685671925545,0.9824000000953674,0.022708730772137642,0.013199999928474426,0.3111514449119568,0.3108178675174713,0.016190062100489882
bfp16,16,weight_master,producer,2,0,5,0.044701686789772724,0.9859818181818182,0.05641335994005203,0.9845999479293823,0.02233123406767845,0.012199999764561653,0.294653981924057,0.2944106161594391,0.014845727631986305
bfp16,16,weight_master,producer,2,0,6,0.03831404474431818,0.9881636363636364,0.04845802113413811,0.9878000020980835,0.016255414113402367,0.008599999360740185,0.27974262833595276,0.27949658036231995,0.013194646792081733
bfp16,16,weight_master,producer,2,0,7,0.03552226784446023,0.9886545454545455,0.053469348698854446,0.9855999946594238,0.019902804866433144,0.010999999940395355,0.22817614674568176,0.22781169414520264,0.012284651527016445
bfp16,16,weight_master,producer,2,0,8,0.031816432883522726,0.9900181818181818,0.04699733108282089,0.9865999817848206,0.015956172719597816,0.008799999952316284,0.21817423403263092,0.21770091354846954,0.01149541986122999
bfp16,16,weight_master,producer,2,0,9,0.029116068892045453,0.9910909090909091,0.05309406667947769,0.9857999682426453,0.016908757388591766,0.010199999436736107,0.22392119467258453,0.22359271347522736,0.01051644934530422
bfp16,16,weight_master,producer,2,0,10,0.026116064453125,0.9917272727272727,0.07514406740665436,0.9791999459266663,0.05154559016227722,0.017799999564886093,0.25463807582855225,0.2543477714061737,0.009706729981242375
bfp16,16,weight_master,producer,2,0,11,0.024465409712357954,0.9923636363636363,0.05648306384682655,0.9837999939918518,0.02456517517566681,0.011799999512732029,0.2205905318260193,0.22003264725208282,0.009339772541020926
bfp16,16,weight_master,producer,2,0,12,0.023107295365767045,0.9925818181818182,0.04544343426823616,0.9861999750137329,0.006987696513533592,0.007799999788403511,0.11664878576993942,0.11557716131210327,0.008910213800513558
bfp16,16,weight_master,producer,2,1,1,0.23837247869318182,0.9272363636363636,0.1117280051112175,0.9666000008583069,0.07033108919858932,0.029999999329447746,0.45082029700279236,0.45075419545173645,0.04410728269381362
bfp16,16,weight_master,producer,2,1,2,0.07724987571022728,0.9757818181818182,0.07062500715255737,0.9793999791145325,0.04207471385598183,0.018799999728798866,0.3928704857826233,0.3927691876888275,0.021479985795195864
bfp16,16,weight_master,producer,2,1,3,0.05986292613636364,0.9812545454545455,0.06597375869750977,0.9805999994277954,0.02956409752368927,0.016999999061226845,0.3465358316898346,0.3463095426559448,0.01696688732676513
bfp16,16,weight_master,producer,2,1,4,0.04890608575994318,0.9844727272727273,0.06633637845516205,0.9801999926567078,0.028896935284137726,0.01640000008046627,0.3670155704021454,0.36690831184387207,0.013853553932727504
bfp16,16,weight_master,producer,2,1,5,0.04260870028409091,0.9863636363636363,0.05824938789010048,0.9829999804496765,0.034524764865636826,0.014800000004470348,0.3032599091529846,0.3030789792537689,0.012776925388355703
bfp16,16,weight_master,producer,2,1,6,0.03886121271306818,0.9875818181818182,0.05304988846182823,0.98499995470047,0.020221004262566566,0.012199999764561653,0.24685825407505035,0.24650806188583374,0.01191496239369161
bfp16,16,weight_master,producer,2,1,7,0.03524988236860795,0.9890363636363636,0.04619423300027847,0.9875999689102173,0.01757224090397358,0.009399999864399433,0.24030786752700806,0.2401706725358963,0.010831049334377446
bfp16,16,weight_master,producer,2,1,8,0.03159975807883523,0.9900727272727273,0.05303167179226875,0.9855999946594238,0.03137771412730217,0.012799999676644802,0.2619570791721344,0.2614309787750244,0.010132760284824535
bfp16,16,weight_master,producer,2,1,9,0.030502998490767045,0.9900909090909091,0.06457534432411194,0.9824000000953674,0.03043670952320099,0.013399999588727951,0.24069789052009583,0.24027779698371887,0.010022012893591448
bfp16,16,weight_master,producer,2,1,10,0.027052714399857954,0.9912363636363636,0.04769832640886307,0.9865999817848206,0.021968312561511993,0.010400000028312206,0.1810217797756195,0.1801077425479889,0.009086977108411793
bfp16,16,weight_master,producer,2,1,11,0.024582515092329546,0.9919636363636364,0.051599059253931046,0.9853999614715576,0.017087547108530998,0.009599999524652958,0.18250466883182526,0.18197448551654816,0.008385842545209521
bfp16,16,weight_master,producer,2,1,12,0.02224276455965909,0.992909090909091,0.059862229973077774,0.9855999946594238,0.0059409416280686855,0.005799999926239252,0.08919871598482132,0.08832722902297974,0.008147616142485112
bfp16,16,weight_master,producer,2,2,1,0.22823284801136365,0.9304,0.09243470430374146,0.9733999967575073,0.054907187819480896,0.021800000220537186,0.4572935998439789,0.45704588294029236,0.04285616725246308
bfp16,16,weight_master,producer,2,2,2,0.07369924094460227,0.9767636363636364,0.06496670842170715,0.9815999865531921,0.029048986732959747,0.013599999248981476,0.34359389543533325,0.3435456454753876,0.023119684580502994
bfp16,16,weight_master,producer,2,2,3,0.05578471235795455,0.9826,0.07630250602960587,0.9765999913215637,0.04622436314821243,0.017999999225139618,0.4011372923851013,0.40109503269195557,0.01733782848609568
bfp16,16,weight_master,producer,2,2,4,0.04606714754971591,0.9858363636363636,0.059868309646844864,0.9819999933242798,0.02445726841688156,0.011799999512732029,0.3136954605579376,0.3134530484676361,0.01500075121560343
bfp16,16,weight_master,producer,2,2,5,0.03961712091619318,0.9874909090909091,0.05547963082790375,0.9855999946594238,0.022028567269444466,0.010799999348819256,0.28757384419441223,0.2874550521373749,0.013376418204002842
bfp16,16,weight_master,producer,2,2,6,0.03504679287997159,0.9887272727272727,0.05699882656335831,0.9855999946594238,0.019712423905730247,0.008799999952316284,0.26473477482795715,0.264031320810318,0.012077270492251097
bfp16,16,weight_master,producer,2,2,7,0.031827208362926136,0.9896727272727273,0.051804542541503906,0.9873999953269958,0.014550445601344109,0.007199999876320362,0.21036112308502197,0.21007363498210907,0.011474590701316676
bfp16,16,weight_master,producer,2,2,8,0.02951476384943182,0.9903454545454545,0.04695650190114975,0.988599956035614,0.011322854086756706,0.005799999926239252,0.19268427789211273,0.1924356073141098,0.010952951139116025
bfp16,16,weight_master,producer,2,2,9,0.026966068892045454,0.9914363636363637,0.04292964190244675,0.9893999695777893,0.010744436644017696,0.006599999964237213,0.18157605826854706,0.18070955574512482,0.009750892353080439
bfp16,16,weight_master,producer,2,2,10,0.023987493341619318,0.9919818181818182,0.04369274154305458,0.9899999499320984,0.010471551679074764,0.005799999926239252,0.14837491512298584,0.1475820392370224,0.009368113856968549
bfp16,16,weight_master,producer,2,2,11,0.022382197709517045,0.9926909090909091,0.04775736480951309,0.9887999892234802,0.011300378479063511,0.005200000014156103,0.17159222066402435,0.17104990780353546,0.008795710331263317
bfp16,16,weight_master,producer,2,2,12,0.021276926491477274,0.9928545454545454,0.04233453422784805,0.9893999695777893,0.002847180003300309,0.0023999998811632395,0.09261099249124527,0.09055819362401962,0.008596296734716177
bfp16,16,weight_master,producer,3,0,1,0.24270316051136365,0.9264,0.08988943696022034,0.9739999771118164,0.0539940670132637,0.023599999025464058,0.47322070598602295,0.47307685017585754,0.08359231301560707
bfp16,16,weight_master,producer,3,0,2,0.07865909978693182,0.9753818181818181,0.0689055398106575,0.9811999797821045,0.03976467251777649,0.016999999061226845,0.3915540277957916,0.3914963901042938,0.0423248529438546
bfp16,16,weight_master,producer,3,0,3,0.06008893377130682,0.9813636363636363,0.06662174314260483,0.9805999994277954,0.0274993646889925,0.013399999588727951,0.3361325263977051,0.33609098196029663,0.03390588861976653
bfp16,16,weight_master,producer,3,0,4,0.049478875177556815,0.9844,0.06118360534310341,0.9821999669075012,0.02222524955868721,0.012799999676644802,0.30251508951187134,0.3024097979068756,0.028900630110542513
bfp16,16,weight_master,producer,3,0,5,0.044209210759943184,0.9861090909090909,0.0574471689760685,0.9827999472618103,0.022873511537909508,0.012799999676644802,0.2921442687511444,0.2921169698238373,0.02573289049552913
bfp16,16,weight_master,producer,3,0,6,0.03870057262073864,0.9876363636363636,0.053033653646707535,0.9871999621391296,0.017015278339385986,0.007999999448657036,0.29118379950523376,0.2911805212497711,0.023268903316275426
bfp16,16,weight_master,producer,3,0,7,0.034874547230113635,0.9895636363636363,0.05344315245747566,0.9847999811172485,0.016407201066613197,0.009200000204145908,0.2152431607246399,0.21515995264053345,0.021706147220046986
bfp16,16,weight_master,producer,3,0,8,0.031006309925426138,0.9902181818181818,0.046969223767519,0.9855999946594238,0.01024407334625721,0.005799999926239252,0.22036178410053253,0.22013908624649048,0.020212138733587078
bfp16,16,weight_master,producer,3,0,9,0.028505897105823862,0.9909636363636364,0.0552026629447937,0.9853999614715576,0.016311917454004288,0.008799999952316284,0.18284067511558533,0.18265508115291595,0.018430505727449874
bfp16,16,weight_master,producer,3,0,10,0.025776999733664773,0.9920545454545454,0.06554774194955826,0.9815999865531921,0.03419869765639305,0.013199999928474426,0.20511776208877563,0.20485208928585052,0.017430136948880917
bfp16,16,weight_master,producer,3,0,11,0.023691428444602272,0.9925818181818182,0.05286618694663048,0.9853999614715576,0.01754644699394703,0.007999999448657036,0.19478364288806915,0.1945737898349762,0.01629284205350476
bfp16,16,weight_master,producer,3,0,12,0.022321573153409092,0.992909090909091,0.04788479581475258,0.9875999689102173,0.0024065952748060226,0.003999999724328518,0.07138420641422272,0.07064899057149887,0.015653739687858534
bfp16,16,weight_master,producer,3,1,1,0.23544375,0.9289636363636363,0.10070112347602844,0.9702000021934509,0.060631271451711655,0.02539999969303608,0.46244382858276367,0.4624301791191101,0.07715621642293893
bfp16,16,weight_master,producer,3,1,2,0.0763002041903409,0.9766181818181818,0.08264312893152237,0.9759999513626099,0.058246031403541565,0.023799998685717583,0.4175325036048889,0.41746243834495544,0.03953306259219464
bfp16,16,weight_master,producer,3,1,3,0.059519535688920454,0.981,0.07273858785629272,0.9783999919891357,0.03624971583485603,0.01899999938905239,0.34486809372901917,0.34469980001449585,0.032197214583598914
bfp16,16,weight_master,producer,3,1,4,0.04877311345880682,0.9844727272727273,0.0611678846180439,0.9819999933242798,0.025743495672941208,0.014800000004470348,0.3487164080142975,0.34869498014450073,0.02653395949809692
bfp16,16,weight_master,producer,3,1,5,0.04133692737926136,0.9870181818181818,0.05497317016124725,0.98499995470047,0.030174128711223602,0.013399999588727951,0.2987281382083893,0.2986678183078766,0.023215180018575515
bfp16,16,weight_master,producer,3,1,6,0.037156676136363635,0.9884545454545455,0.049329258501529694,0.9863999485969543,0.01636848971247673,0.010199999436736107,0.23948343098163605,0.23937542736530304,0.02154622935295296
bfp16,16,weight_master,producer,3,1,7,0.033393243963068184,0.9897636363636364,0.0464065857231617,0.9863999485969543,0.018550824373960495,0.010199999436736107,0.24692665040493011,0.24675966799259186,0.019228387754730382
bfp16,16,weight_master,producer,3,1,8,0.030688880504261364,0.9903454545454545,0.051138464361429214,0.9853999614715576,0.026672521606087685,0.013199999928474426,0.2673330307006836,0.2672812342643738,0.01873030904554643
bfp16,16,weight_master,producer,3,1,9,0.028247733931107955,0.9907272727272727,0.056294240057468414,0.9843999743461609,0.02426169067621231,0.011799999512732029,0.22535017132759094,0.22525420784950256,0.017371291726612153
bfp16,16,weight_master,producer,3,1,10,0.025714031427556818,0.9918181818181818,0.04386817663908005,0.9881999492645264,0.019621072337031364,0.009200000204145908,0.18027658760547638,0.17983578145503998,0.016375020487698275
bfp16,16,weight_master,producer,3,1,11,0.023353249289772726,0.9924545454545455,0.05306876078248024,0.9857999682426453,0.023094676434993744,0.011799999512732029,0.1902744024991989,0.19001761078834534,0.015168864162007613
bfp16,16,weight_master,producer,3,1,12,0.020937801846590907,0.9934363636363637,0.047818463295698166,0.9851999878883362,0.0028768039774149656,0.003599999938160181,0.07238154113292694,0.0709119662642479,0.014057747992205568
bfp16,16,weight_master,producer,3,2,1,0.22726459517045455,0.9309636363636363,0.08898721635341644,0.9727999567985535,0.05261959135532379,0.02199999988079071,0.45992180705070496,0.4598093032836914,0.07503881280617727
bfp16,16,weight_master,producer,3,2,2,0.07205763938210227,0.9774363636363637,0.06445708870887756,0.9813999533653259,0.0277986042201519,0.013599999248981476,0.3561684787273407,0.3560442626476288,0.04035109085611262
bfp16,16,weight_master,producer,3,2,3,0.05458890713778409,0.9834545454545455,0.07312846928834915,0.9789999723434448,0.04286351054906845,0.015799999237060547,0.39350059628486633,0.3934882581233978,0.030790164994263444
bfp16,16,weight_master,producer,3,2,4,0.04474431374289773,0.986,0.05762462690472603,0.9835999608039856,0.023909064009785652,0.010799999348819256,0.31369075179100037,0.313569575548172,0.026263180419223833
bfp16,16,weight_master,producer,3,2,5,0.038702534623579546,0.9880909090909091,0.053964026272296906,0.9855999946594238,0.02114270254969597,0.009200000204145908,0.28535011410713196,0.2853235900402069,0.02345386170348382
bfp16,16,weight_master,producer,3,2,6,0.034534816672585227,0.9889454545454546,0.05688706040382385,0.9845999479293823,0.02003670297563076,0.009399999864399433,0.2560843229293823,0.25608497858047485,0.021750764874068948
bfp16,16,weight_master,producer,3,2,7,0.030309166370738636,0.9905636363636363,0.048701100051403046,0.9873999953269958,0.011926241219043732,0.006799999624490738,0.2039407342672348,0.2035803198814392,0.019772905246671888
bfp16,16,weight_master,producer,3,2,8,0.0273038818359375,0.9916181818181818,0.0450378842651844,0.988599956035614,0.009665087796747684,0.005399999674409628,0.18235719203948975,0.18218769133090973,0.018292327584636957
bfp16,16,weight_master,producer,3,2,9,0.025061729847301137,0.9918545454545454,0.043663155287504196,0.988599956035614,0.01205777283757925,0.006799999624490738,0.19809330999851227,0.19803550839424133,0.016423963322467264
bfp16,16,weight_master,producer,3,2,10,0.02226786443536932,0.9924727272727273,0.044000044465065,0.9891999959945679,0.012733863666653633,0.006399999838322401,0.15875552594661713,0.15826234221458435,0.01567308918067418
bfp16,16,weight_master,producer,3,2,11,0.020566832386363636,0.9934727272727273,0.04591485485434532,0.988599956035614,0.008528119884431362,0.005399999674409628,0.1439889818429947,0.14375129342079163,0.015064263080257143
bfp16,16,weight_master,producer,3,2,12,0.019297025923295453,0.9937272727272727,0.04144322872161865,0.9896000027656555,0.0011296594748273492,0.0026000000070780516,0.06278223544359207,0.06211718171834946,0.014603858971790716
bfp16,16,weight_master,producer,4,0,1,0.24374545454545454,0.9266727272727273,0.09081985801458359,0.9741999506950378,0.05426045507192612,0.023599999025464058,0.4705791473388672,0.4703601598739624,0.13748508950847735
bfp16,16,weight_master,producer,4,0,2,0.07878746448863637,0.9750363636363636,0.07572424411773682,0.9785999655723572,0.047898925840854645,0.01899999938905239,0.3972965180873871,0.39727380871772766,0.0752405028136439
bfp16,16,weight_master,producer,4,0,3,0.06042712624289773,0.9811636363636363,0.06804808229207993,0.9805999994277954,0.029813159257173538,0.013799999840557575,0.331909716129303,0.33178064227104187,0.0604209539072317
bfp16,16,weight_master,producer,4,0,4,0.049639621803977275,0.9850181818181818,0.058777134865522385,0.9835999608039856,0.02025081403553486,0.011599999852478504,0.30431610345840454,0.30428555607795715,0.05129561927482654
bfp16,16,weight_master,producer,4,0,5,0.04491172762784091,0.9860181818181818,0.05863925814628601,0.9837999939918518,0.023572133854031563,0.012000000104308128,0.28588879108428955,0.28580722212791443,0.04691341443426636
bfp16,16,weight_master,producer,4,0,6,0.0386029296875,0.9878727272727272,0.05328421667218208,0.9879999756813049,0.017761079594492912,0.007799999788403511,0.278054416179657,0.27807435393333435,0.04193262734242684
bfp16,16,weight_master,producer,4,0,7,0.034834002130681815,0.9892727272727273,0.051126960664987564,0.9857999682426453,0.01371078472584486,0.008799999952316284,0.21313180029392242,0.213053897023201,0.038722432663765
bfp16,16,weight_master,producer,4,0,8,0.03122960759943182,0.9903090909090909,0.04771051183342934,0.9875999689102173,0.011602429673075676,0.006000000052154064,0.21773667633533478,0.21773360669612885,0.0363722660304857
bfp16,16,weight_master,producer,4,0,9,0.028700881125710228,0.9911818181818182,0.05358292907476425,0.9853999614715576,0.014487272128462791,0.008999999612569809,0.18118496239185333,0.18114440143108368,0.033623613665750035
bfp16,16,weight_master,producer,4,0,10,0.02633865633877841,0.9918545454545454,0.0716983750462532,0.9805999994277954,0.039925139397382736,0.014399999752640724,0.2028166651725769,0.20280972123146057,0.03191186647484111
bfp16,16,weight_master,producer,4,0,11,0.023621455522017047,0.9926181818181818,0.05278399586677551,0.9847999811172485,0.017801925539970398,0.008799999952316284,0.18149396777153015,0.18146976828575134,0.029458578426908997
bfp16,16,weight_master,producer,4,0,12,0.022638922674005683,0.9929272727272728,0.04613954946398735,0.9871999621391296,0.0005909375031478703,0.0026000000070780516,0.03566954284906387,0.0354660265147686,0.02879637049042997
bfp16,16,weight_master,producer,4,1,1,0.23462798295454546,0.928,0.10464051365852356,0.968999981880188,0.06426563858985901,0.02759999968111515,0.4668430984020233,0.46681371331214905,0.13109600080129663
bfp16,16,weight_master,producer,4,1,2,0.07582649147727273,0.9771090909090909,0.07678785175085068,0.9779999852180481,0.05098529905080795,0.021399999037384987,0.40858229994773865,0.40853798389434814,0.07158003405510735
bfp16,16,weight_master,producer,4,1,3,0.05851488370028409,0.9817090909090909,0.06867671757936478,0.9799999594688416,0.030885597690939903,0.016999999061226845,0.3384811580181122,0.3384411334991455,0.05845288284678844
bfp16,16,weight_master,producer,4,1,4,0.04776932705965909,0.9850181818181818,0.06255698204040527,0.9824000000953674,0.02453538216650486,0.013599999248981476,0.33902791142463684,0.3390406370162964,0.0485895357942853
bfp16,16,weight_master,producer,4,1,5,0.04075937056107955,0.9873454545454545,0.05373641476035118,0.98499995470047,0.027235122397542,0.012600000016391277,0.2901957631111145,0.29020556807518005,0.04279686674801041
bfp16,16,weight_master,producer,4,1,6,0.03662339533025568,0.9881636363636364,0.049163155257701874,0.9865999817848206,0.01514741312712431,0.009800000116229057,0.22908557951450348,0.22905214130878448,0.039232803991914186
bfp16,16,weight_master,producer,4,1,7,0.03294495072798295,0.9898727272727272,0.045114390552043915,0.9875999689102173,0.014986105263233185,0.008999999612569809,0.2381107211112976,0.23809896409511566,0.03535664529875617
bfp16,16,weight_master,producer,4,1,8,0.029608167613636365,0.9906545454545455,0.049154508858919144,0.9851999878883362,0.024014504626393318,0.012600000016391277,0.25265172123908997,0.25266268849372864,0.033158770555990605
bfp16,16,weight_master,producer,4,1,9,0.027372323330965908,0.9913272727272727,0.060662779957056046,0.9827999472618103,0.024294491857290268,0.013199999928474426,0.21377511322498322,0.21376734972000122,0.03162344521134199
bfp16,16,weight_master,producer,4,1,10,0.02506798650568182,0.9918545454545454,0.046139221638441086,0.9878000020980835,0.024080699309706688,0.010599999688565731,0.18964964151382446,0.1896204948425293,0.029729812787965982
bfp16,16,weight_master,producer,4,1,11,0.022947025923295453,0.9927818181818182,0.053511083126068115,0.9853999614715576,0.021130310371518135,0.011399999260902405,0.18123231828212738,0.1812218725681305,0.027972423558121323
bfp16,16,weight_master,producer,4,1,12,0.02006624422940341,0.9938181818181818,0.0507885180413723,0.9860000014305115,0.0011941359844058752,0.004399999976158142,0.04432038217782974,0.04414615035057068,0.024892894866238094
bfp16,16,weight_master,producer,4,2,1,0.22715589488636365,0.9311272727272727,0.08910807222127914,0.9741999506950378,0.052031878381967545,0.020600000396370888,0.45733776688575745,0.45726415514945984,0.1284952013257817
bfp16,16,weight_master,producer,4,2,2,0.07127438299005681,0.9775818181818182,0.06561468541622162,0.9811999797821045,0.029659124091267586,0.013599999248981476,0.35722246766090393,0.35713475942611694,0.07240307042304821
bfp16,16,weight_master,producer,4,2,3,0.054039541903409094,0.9835272727272727,0.07273676246404648,0.9775999784469604,0.04168887063860893,0.01679999940097332,0.3830221891403198,0.38305577635765076,0.05644861685272532
bfp16,16,weight_master,producer,4,2,4,0.044214799360795455,0.9862363636363637,0.060168616473674774,0.9819999933242798,0.02636936493217945,0.012399999424815178,0.3175176680088043,0.3175329267978668,0.04794883994099543
bfp16,16,weight_master,producer,4,2,5,0.038211607776988635,0.9881272727272727,0.05452260747551918,0.98499995470047,0.021438784897327423,0.009999999776482582,0.2892645001411438,0.2892911434173584,0.04352600116552239
bfp16,16,weight_master,producer,4,2,6,0.034242919921875,0.9889272727272728,0.05419154837727547,0.98499995470047,0.017254801467061043,0.008999999612569809,0.24521537125110626,0.24509084224700928,0.04031774143614212
bfp16,16,weight_master,producer,4,2,7,0.02985520685369318,0.9905090909090909,0.049097225069999695,0.9869999885559082,0.012587906792759895,0.007199999876320362,0.19354033470153809,0.19349144399166107,0.03638649359873249
bfp16,16,weight_master,producer,4,2,8,0.027145356889204546,0.9912727272727273,0.04564123973250389,0.9883999824523926,0.010036317631602287,0.006000000052154064,0.17692948877811432,0.17684999108314514,0.03405328622680337
bfp16,16,weight_master,producer,4,2,9,0.024764082475142047,0.9920363636363636,0.04320460930466652,0.9891999959945679,0.010783516801893711,0.005799999926239252,0.17968055605888367,0.17967596650123596,0.031222455427874198
bfp16,16,weight_master,producer,4,2,10,0.021773899147727274,0.9926,0.043542392551898956,0.9891999959945679,0.011247292160987854,0.006000000052154064,0.14654049277305603,0.14654505252838135,0.028575330990147692
bfp16,16,weight_master,producer,4,2,11,0.020246180308948862,0.9935636363636363,0.04786473512649536,0.9881999492645264,0.009649742394685745,0.00559999980032444,0.1454271376132965,0.14536821842193604,0.02770790460927683
bfp16,16,weight_master,producer,4,2,12,0.01887687322443182,0.9939272727272728,0.03986327350139618,0.989799976348877,0.0004894643789157271,0.0009999999310821295,0.03077070601284504,0.030548688024282455,0.026510284824534245
bfp16,16,weight_master,producer,5,0,1,0.24268980823863637,0.9268545454545455,0.09143611788749695,0.9729999899864197,0.05469317361712456,0.024399999529123306,0.4739507734775543,0.4738476872444153,0.22171081386243194
bfp16,16,weight_master,producer,5,0,2,0.0782662198153409,0.9753272727272727,0.07339119911193848,0.9787999987602234,0.04574111849069595,0.01899999938905239,0.39489683508872986,0.3948494791984558,0.1326312123253993
bfp16,16,weight_master,producer,5,0,3,0.05990548650568182,0.9813636363636363,0.06624054908752441,0.9815999865531921,0.02744351699948311,0.012399999424815178,0.3304443061351776,0.3303868770599365,0.10786591029119849
bfp16,16,weight_master,producer,5,0,4,0.04947493341619318,0.9850909090909091,0.05755629763007164,0.9839999675750732,0.019506558775901794,0.010999999940395355,0.3077760338783264,0.3077862560749054,0.09254247782775764
bfp16,16,weight_master,producer,5,0,5,0.044720747514204545,0.9860727272727273,0.057194847613573074,0.9837999939918518,0.021922491490840912,0.011599999852478504,0.2821483612060547,0.28215527534484863,0.08507539472965343
bfp16,16,weight_master,producer,5,0,6,0.03833644797585227,0.9876909090909091,0.05307219177484512,0.9869999885559082,0.01804567128419876,0.00839999970048666,0.2802819311618805,0.28030553460121155,0.07700233104478156
bfp16,16,weight_master,producer,5,0,7,0.034906813742897724,0.9893090909090909,0.050190381705760956,0.9861999750137329,0.013691768981516361,0.007999999448657036,0.2101668268442154,0.21017417311668396,0.07212625885523848
bfp16,16,weight_master,producer,5,0,8,0.031094153941761363,0.9904545454545455,0.0479360856115818,0.9861999750137329,0.011478286236524582,0.005799999926239252,0.21711912751197815,0.2171105593442917,0.06748203911784524
bfp16,16,weight_master,producer,5,0,9,0.028654365678267044,0.9911454545454546,0.05585644021630287,0.9845999479293823,0.016701120883226395,0.010599999688565731,0.17878298461437225,0.17879612743854523,0.06287344521134199
bfp16,16,weight_master,producer,5,0,10,0.0260010986328125,0.9916909090909091,0.06577103585004807,0.9817999601364136,0.0335826575756073,0.012399999424815178,0.19830162823200226,0.19833022356033325,0.05927774034346488
bfp16,16,weight_master,producer,5,0,11,0.02363567560369318,0.9926727272727273,0.05306487902998924,0.9857999682426453,0.017949193716049194,0.007999999448657036,0.17842867970466614,0.17837925255298615,0.05588588807342791
bfp16,16,weight_master,producer,5,0,12,0.02257621182528409,0.9926727272727273,0.04674796015024185,0.986799955368042,0.00047126758727245033,0.0015999999595806003,0.033878594636917114,0.033755719661712646,0.05390472765019759
bfp16,16,weight_master,producer,5,1,1,0.23453130326704547,0.9285818181818182,0.10278241336345673,0.9687999486923218,0.06237456947565079,0.026999998837709427,0.4618915021419525,0.46189430356025696,0.21085199231483673
bfp16,16,weight_master,producer,5,1,2,0.075675390625,0.9768181818181818,0.07400023937225342,0.9789999723434448,0.04819677770137787,0.019999999552965164,0.39603355526924133,0.39604705572128296,0.1273853371819854
bfp16,16,weight_master,producer,5,1,3,0.058347776100852275,0.9814909090909091,0.0689607560634613,0.9797999858856201,0.03251514211297035,0.017400000244379044,0.34309089183807373,0.34307539463043213,0.10467335779716268
bfp16,16,weight_master,producer,5,1,4,0.04761401811079546,0.9851272727272727,0.0642438605427742,0.9809999465942383,0.02641407959163189,0.014800000004470348,0.3476135730743408,0.3476329445838928,0.08803051756478665
bfp16,16,weight_master,producer,5,1,5,0.040719770951704544,0.9871818181818182,0.05334447696805,0.9857999682426453,0.02440510131418705,0.012000000104308128,0.2854888141155243,0.28550538420677185,0.0781152683433192
bfp16,16,weight_master,producer,5,1,6,0.0364152099609375,0.9884727272727273,0.04947619140148163,0.9860000014305115,0.014518609270453453,0.009599999524652958,0.2260495275259018,0.226055309176445,0.07193219482435213
bfp16,16,weight_master,producer,5,1,7,0.03272552157315341,0.9899636363636364,0.046240098774433136,0.9871999621391296,0.016585664823651314,0.009399999864399433,0.23635821044445038,0.23637278378009796,0.06523966054160368
bfp16,16,weight_master,producer,5,1,8,0.029503065074573863,0.9906363636363636,0.050012849271297455,0.9851999878883362,0.024996614083647728,0.012600000016391277,0.2508825659751892,0.250912070274353,0.06144590792373113
bfp16,16,weight_master,producer,5,1,9,0.02718856534090909,0.9913454545454545,0.06229910999536514,0.9827999472618103,0.027017561718821526,0.012799999676644802,0.22015789151191711,0.2201627790927887,0.05810493343774471
bfp16,16,weight_master,producer,5,1,10,0.02505879794034091,0.9918,0.04634661227464676,0.9881999492645264,0.021663647145032883,0.009999999776482582,0.18038298189640045,0.18031920492649078,0.05450888710822968
bfp16,16,weight_master,producer,5,1,11,0.022797773881392046,0.9926909090909091,0.05373191088438034,0.9853999614715576,0.021027151495218277,0.011599999852478504,0.17739909887313843,0.17741337418556213,0.050811199031159514
bfp16,16,weight_master,producer,5,1,12,0.019968548029119317,0.9940909090909091,0.05029837042093277,0.9865999817848206,0.00039671879494562745,0.0023999998811632395,0.029328418895602226,0.02923847921192646,0.0459841834969314
bfp16,16,weight_master,producer,5,2,1,0.22655408380681819,0.9314363636363636,0.08851934224367142,0.9747999906539917,0.051279306411743164,0.020600000396370888,0.4563455283641815,0.45631203055381775,0.20655401467829762
bfp16,16,weight_master,producer,5,2,2,0.071383935546875,0.9776363636363636,0.06501134485006332,0.9811999797821045,0.029005007818341255,0.013599999248981476,0.35384759306907654,0.3537611961364746,0.1263406922110324
bfp16,16,weight_master,producer,5,2,3,0.05411849254261364,0.9835454545454545,0.07418446987867355,0.9777999520301819,0.043704330921173096,0.016599999740719795,0.3855676054954529,0.3856181502342224,0.09938332028191073
bfp16,16,weight_master,producer,5,2,4,0.04426749378551136,0.9863272727272727,0.05936434492468834,0.9824000000953674,0.02567591704428196,0.012000000104308128,0.3158875107765198,0.3159053325653076,0.08673774380360948
bfp16,16,weight_master,producer,5,2,5,0.03816219371448864,0.9880363636363636,0.054570671170949936,0.9853999614715576,0.021659109741449356,0.010199999436736107,0.2905312180519104,0.29054829478263855,0.07831684453023985
bfp16,16,weight_master,producer,5,2,6,0.03395138272372159,0.9893454545454545,0.05462729558348656,0.9851999878883362,0.01767074130475521,0.008999999612569809,0.2508240342140198,0.25077664852142334,0.072572890677642
bfp16,16,weight_master,producer,5,2,7,0.0298586181640625,0.9904363636363637,0.04914228618144989,0.986799955368042,0.012472057715058327,0.007400000002235174,0.19553185999393463,0.19552747905254364,0.06632141101054434
bfp16,16,weight_master,producer,5,2,8,0.027113350053267045,0.9915090909090909,0.045809198170900345,0.9887999892234802,0.010268929414451122,0.00559999980032444,0.17662514746189117,0.1765672266483307,0.0616585247036113
bfp16,16,weight_master,producer,5,2,9,0.024752046342329546,0.9921818181818182,0.04230610281229019,0.9891999959945679,0.00955110602080822,0.005799999926239252,0.17709709703922272,0.1771174818277359,0.05630178834841835
bfp16,16,weight_master,producer,5,2,10,0.02189035866477273,0.9925272727272727,0.04345960542559624,0.9889999628067017,0.010796778835356236,0.00559999980032444,0.14358416199684143,0.14360550045967102,0.052336963449946275
bfp16,16,weight_master,producer,5,2,11,0.020101513671875,0.9936545454545455,0.047338299453258514,0.9879999756813049,0.009173930622637272,0.005399999674409628,0.14338591694831848,0.14337390661239624,0.04978601737356814
bfp16,16,weight_master,producer,5,2,12,0.01877417658025568,0.9939818181818182,0.04102692753076553,0.9901999831199646,0.00017188338097184896,0.0005999999702908099,0.020998205989599228,0.020875494927167892,0.04844065852015079
bfp16,16,weight_master,producer,7,0,1,0.24287658025568182,0.9262181818181818,0.09085814654827118,0.9735999703407288,0.0542823001742363,0.02419999986886978,0.47434842586517334,0.474216103553772,0.4371990584764437
bfp16,16,weight_master,producer,7,0,2,0.07838104580965909,0.9754363636363637,0.07438697665929794,0.9787999987602234,0.046733301132917404,0.01899999938905239,0.3949931859970093,0.39490893483161926,0.3115651918559123
bfp16,16,weight_master,producer,7,0,3,0.06010750621448863,0.9812181818181818,0.06608100980520248,0.9825999736785889,0.02695179358124733,0.011799999512732029,0.3320040702819824,0.3319089710712433,0.26833728670029683
bfp16,16,weight_master,producer,7,0,4,0.049587451171875,0.9847454545454546,0.0582360103726387,0.9835999608039856,0.0199604295194149,0.011599999852478504,0.3033801317214966,0.303392231464386,0.23836184917411812
bfp16,16,weight_master,producer,7,0,5,0.044639768288352276,0.9859818181818182,0.05790986865758896,0.9837999939918518,0.022570548579096794,0.012000000104308128,0.2850514054298401,0.28506967425346375,0.22160928593542278
bfp16,16,weight_master,producer,7,0,6,0.03845669833096591,0.9878363636363636,0.052600983530282974,0.9878000020980835,0.01750909350812435,0.007999999448657036,0.27738943696022034,0.27742865681648254,0.20681124911219975
bfp16,16,weight_master,producer,7,0,7,0.034901593572443185,0.9893818181818181,0.05117271840572357,0.9860000014305115,0.014447558671236038,0.00839999970048666,0.21203410625457764,0.21203182637691498,0.19488228679135328
bfp16,16,weight_master,producer,7,0,8,0.031246730735085226,0.9900727272727273,0.047549135982990265,0.9871999621391296,0.01139186229556799,0.006799999624490738,0.21610881388187408,0.216115802526474,0.1860618774016135
bfp16,16,weight_master,producer,7,0,9,0.028728582208806818,0.9910727272727273,0.054403118789196014,0.9853999614715576,0.015187708660960197,0.009800000116229057,0.1790677309036255,0.1790817826986313,0.17327527726685
bfp16,16,weight_master,producer,7,0,10,0.026209401633522728,0.9917818181818182,0.06816913932561874,0.9805999994277954,0.03628096356987953,0.013599999248981476,0.2005651742219925,0.20059829950332642,0.16639858134071497
bfp16,16,weight_master,producer,7,0,11,0.023746351207386364,0.9925454545454545,0.05099999159574509,0.9860000014305115,0.01639510691165924,0.007599999662488699,0.17516645789146423,0.17517763376235962,0.1563962594015771
bfp16,16,weight_master,producer,7,0,12,0.02269091574928977,0.9927636363636364,0.047210514545440674,0.9863999485969543,0.00037823396269232035,0.0026000000070780516,0.029108889400959015,0.029022203758358955,0.15186995774981332
bfp16,16,weight_master,producer,7,1,1,0.2346672940340909,0.9290909090909091,0.10374010354280472,0.967799961566925,0.06322572380304337,0.02879999950528145,0.46322935819625854,0.463234543800354,0.4134080603157837
bfp16,16,weight_master,producer,7,1,2,0.07563449928977273,0.9766,0.07538244873285294,0.9785999655723572,0.04952670633792877,0.020399998873472214,0.40177419781684875,0.4017879068851471,0.2957926235180565
bfp16,16,weight_master,producer,7,1,3,0.05820548650568182,0.9818545454545454,0.0687037855386734,0.9801999926567078,0.03177732974290848,0.01719999872148037,0.33862820267677307,0.33861884474754333,0.25333471435595784
bfp16,16,weight_master,producer,7,1,4,0.047675363991477274,0.9852,0.06346437335014343,0.9817999601364136,0.026158366352319717,0.014800000004470348,0.3434004485607147,0.34341961145401,0.2233570004188596
bfp16,16,weight_master,producer,7,1,5,0.040727672230113636,0.9872545454545455,0.05295637249946594,0.9857999682426453,0.025043968111276627,0.011799999512732029,0.28225764632225037,0.2822761833667755,0.2031018375188942
bfp16,16,weight_master,producer,7,1,6,0.03644020108309659,0.9883272727272727,0.04945709928870201,0.9863999485969543,0.01437290757894516,0.009200000204145908,0.22523321211338043,0.22523877024650574,0.1884517674054379
bfp16,16,weight_master,producer,7,1,7,0.032696293501420455,0.9899454545454546,0.046477608382701874,0.9871999621391296,0.016688264906406403,0.009399999864399433,0.24074643850326538,0.24075958132743835,0.17526440512829852
bfp16,16,weight_master,producer,7,1,8,0.029635731090198864,0.9905272727272727,0.05044031888246536,0.98499995470047,0.025243014097213745,0.012600000016391277,0.25431787967681885,0.2543443441390991,0.16795974394929977
bfp16,16,weight_master,producer,7,1,9,0.027297321111505683,0.9912727272727273,0.06103033572435379,0.9833999872207642,0.025420712307095528,0.012199999764561653,0.21562781929969788,0.21564707159996033,0.15975920125293658
bfp16,16,weight_master,producer,7,1,10,0.025086072887073863,0.9918727272727272,0.04589447006583214,0.9883999824523926,0.020997460931539536,0.010199999436736107,0.17798039317131042,0.1779591143131256,0.1507495082952414
bfp16,16,weight_master,producer,7,1,11,0.02263319424715909,0.9927454545454546,0.05326646566390991,0.9855999946594238,0.019982168450951576,0.011399999260902405,0.17217709124088287,0.1721983253955841,0.1413028582615505
bfp16,16,weight_master,producer,7,1,12,0.019872964754971592,0.9941818181818182,0.05039345473051071,0.9863999485969543,0.00013570106239058077,0.00039999998989515007,0.017197567969560623,0.017174318432807922,0.1320950037333139
bfp16,16,weight_master,producer,7,2,1,0.2263293856534091,0.9310909090909091,0.08866242319345474,0.974399983882904,0.05161546543240547,0.020600000396370888,0.45704513788223267,0.45701202750205994,0.41159091529930253
bfp16,16,weight_master,producer,7,2,2,0.07127914595170455,0.9775454545454545,0.06446574628353119,0.9817999601364136,0.02832927741110325,0.013199999928474426,0.353086918592453,0.35302701592445374,0.2943006638014241
bfp16,16,weight_master,producer,7,2,3,0.054071337890625,0.9835090909090909,0.07251808792352676,0.9785999655723572,0.04195695370435715,0.015799999237060547,0.3839291036128998,0.383975625038147,0.2462514341388793
bfp16,16,weight_master,producer,7,2,4,0.04417495561079546,0.9863454545454545,0.05936884880065918,0.9819999933242798,0.02572593279182911,0.011799999512732029,0.3130948841571808,0.3131141662597656,0.22045821875398372
bfp16,16,weight_master,producer,7,2,5,0.03819308860085227,0.9879454545454546,0.05551060661673546,0.9847999811172485,0.022952331230044365,0.010599999688565731,0.29071301221847534,0.29073283076286316,0.20340983591630094
bfp16,16,weight_master,producer,7,2,6,0.034000412819602276,0.9893090909090909,0.054948486387729645,0.9839999675750732,0.018369674682617188,0.009800000116229057,0.2513943314552307,0.2513386607170105,0.18933216932854985
bfp16,16,weight_master,producer,7,2,7,0.029727543501420456,0.9906,0.048872776329517365,0.986799955368042,0.012203926220536232,0.007400000002235174,0.19526250660419464,0.1952412873506546,0.1769923148367358
bfp16,16,weight_master,producer,7,2,8,0.027059756747159092,0.9914545454545455,0.04546770453453064,0.9883999824523926,0.01010776124894619,0.006000000052154064,0.1748713105916977,0.17482100427150726,0.16678864435176924
bfp16,16,weight_master,producer,7,2,9,0.02467316006747159,0.9921454545454546,0.042558055371046066,0.9896000027656555,0.00992231722921133,0.00559999980032444,0.17901401221752167,0.17902763187885284,0.15467529274644426
bfp16,16,weight_master,producer,7,2,10,0.021657896839488638,0.9927272727272727,0.04346069321036339,0.9889999628067017,0.010729939676821232,0.00559999980032444,0.14082182943820953,0.1408422738313675,0.14422781865200052
bfp16,16,weight_master,producer,7,2,11,0.020154378995028407,0.9935090909090909,0.047050654888153076,0.9889999628067017,0.009153717197477818,0.004999999888241291,0.14425453543663025,0.14425545930862427,0.1399333694523866
bfp16,16,weight_master,producer,7,2,12,0.018671870561079544,0.9939454545454546,0.04039604961872101,0.990399956703186,8.271364640677348e-05,0.00039999998989515007,0.016198476776480675,0.01616552099585533,0.13476181912549398
bfp16,16,weight_master,producer,10,0,1,0.2428171697443182,0.9262181818181818,0.09137052297592163,0.9731999635696411,0.05472046881914139,0.02459999918937683,0.4739002585411072,0.47376978397369385,0.7214143113401686
bfp16,16,weight_master,producer,10,0,2,0.07838978160511363,0.9754363636363637,0.07417140156030655,0.9785999655723572,0.04628612846136093,0.019199999049305916,0.3946331739425659,0.3945551812648773,0.6131185008468248
bfp16,16,weight_master,producer,10,0,3,0.060148792613636363,0.9812545454545455,0.06566019356250763,0.9825999736785889,0.02685420773923397,0.011799999512732029,0.33180713653564453,0.3317166864871979,0.5665781901622625
bfp16,16,weight_master,producer,10,0,4,0.04959168146306818,0.9848727272727272,0.05818386375904083,0.9837999939918518,0.02012593112885952,0.011799999512732029,0.3077506422996521,0.30775919556617737,0.5290814909580959
bfp16,16,weight_master,producer,10,0,5,0.044557768110795454,0.9860545454545454,0.05804802104830742,0.9842000007629395,0.022748228162527084,0.011599999852478504,0.2825692296028137,0.2825840711593628,0.5043304164921418
bfp16,16,weight_master,producer,10,0,6,0.038401300603693185,0.9877454545454546,0.052503325045108795,0.9871999621391296,0.017129553481936455,0.00839999970048666,0.2746179401874542,0.274659126996994,0.48519376809746684
bfp16,16,weight_master,producer,10,0,7,0.03496986860795454,0.9891272727272727,0.05128398537635803,0.986799955368042,0.01454224530607462,0.007999999448657036,0.21098075807094574,0.210985466837883,0.46747839686037407
bfp16,16,weight_master,producer,10,0,8,0.031163425514914772,0.9903636363636363,0.047923509031534195,0.9863999485969543,0.011399835348129272,0.006199999712407589,0.21401052176952362,0.21402102708816528,0.45372193185336274
bfp16,16,weight_master,producer,10,0,9,0.028567646928267045,0.9910727272727273,0.05582188814878464,0.98499995470047,0.015661079436540604,0.009800000116229057,0.1742275059223175,0.17424501478672028,0.43226300285917213
bfp16,16,weight_master,producer,10,0,10,0.02613643465909091,0.9918545454545454,0.06949636340141296,0.9807999730110168,0.03750139847397804,0.013399999588727951,0.20192721486091614,0.20196254551410675,0.4226037360456011
bfp16,16,weight_master,producer,10,0,11,0.02363795498934659,0.9925454545454545,0.05226960405707359,0.9861999750137329,0.01720452308654785,0.007999999448657036,0.17609600722789764,0.17609773576259613,0.403694159640145
bfp16,16,weight_master,producer,10,0,12,0.022578730912642047,0.9927636363636364,0.04688616096973419,0.9869999885559082,0.00021727410785388201,0.00139999995008111,0.022529641166329384,0.022480785846710205,0.3935051720056091
bfp16,16,weight_master,producer,10,1,1,0.23457990056818182,0.9286909090909091,0.10339748859405518,0.9687999486923218,0.0630195289850235,0.027799999341368675,0.4642787277698517,0.46428194642066956,0.677689124219191
bfp16,16,weight_master,producer,10,1,2,0.07570466974431818,0.9767636363636364,0.07532283663749695,0.9785999655723572,0.049463871866464615,0.020399998873472214,0.40206006169319153,0.40207403898239136,0.5734856176358106
bfp16,16,weight_master,producer,10,1,3,0.05816663707386364,0.9817272727272728,0.06873464584350586,0.9805999994277954,0.03180835768580437,0.01679999940097332,0.3345228433609009,0.3345211148262024,0.5258605971481124
bfp16,16,weight_master,producer,10,1,4,0.047660174005681816,0.9851818181818182,0.06313316524028778,0.9821999669075012,0.025722892954945564,0.0139999995008111,0.3434075117111206,0.34342727065086365,0.49020346560798383
bfp16,16,weight_master,producer,10,1,5,0.040645738636363636,0.9873818181818181,0.05252435430884361,0.9851999878883362,0.0246127899736166,0.012399999424815178,0.284665584564209,0.28468653559684753,0.4624499189597713
bfp16,16,weight_master,producer,10,1,6,0.03647042569247159,0.9882727272727273,0.04906441643834114,0.9861999750137329,0.014030932448804379,0.009800000116229057,0.22481995820999146,0.2248298078775406,0.4424715676276156
bfp16,16,weight_master,producer,10,1,7,0.03273076393821023,0.9898363636363636,0.04590081796050072,0.9871999621391296,0.016730578616261482,0.009599999524652958,0.24008864164352417,0.24010531604290009,0.42225180291744824
bfp16,16,weight_master,producer,10,1,8,0.0296796875,0.9906363636363636,0.050221383571624756,0.9851999878883362,0.025335675105452538,0.012600000016391277,0.254682332277298,0.25471439957618713,0.4116834514031797
bfp16,16,weight_master,producer,10,1,9,0.027240431906960228,0.9913090909090909,0.060386210680007935,0.983199954032898,0.02460337243974209,0.012000000104308128,0.21447306871414185,0.21449542045593262,0.39681222796889515
bfp16,16,weight_master,producer,10,1,10,0.02510051935369318,0.9918363636363636,0.04631851986050606,0.9887999892234802,0.021723803132772446,0.010199999436736107,0.17799468338489532,0.1779921054840088,0.3827770164447925
bfp16,16,weight_master,producer,10,1,11,0.022735185102982954,0.9926909090909091,0.05323903262615204,0.98499995470047,0.020217088982462883,0.012000000104308128,0.1724778562784195,0.17250250279903412,0.37049145435340824
bfp16,16,weight_master,producer,10,1,12,0.01990318270596591,0.9942363636363636,0.051127731800079346,0.986799955368042,0.00020958983805030584,0.00139999995008111,0.017411982640624046,0.017362624406814575,0.35611785434612375
bfp16,16,weight_master,producer,10,2,1,0.22632059659090908,0.9313090909090909,0.08838049322366714,0.9745999574661255,0.051387012004852295,0.020399998873472214,0.4555756449699402,0.4555465579032898,0.6831357788057038
bfp16,16,weight_master,producer,10,2,2,0.07123305220170455,0.9775818181818182,0.06416609138250351,0.9817999601364136,0.0280178040266037,0.013199999928474426,0.3544999063014984,0.354429692029953,0.5816155915936697
bfp16,16,weight_master,producer,10,2,3,0.05407484463778409,0.9834727272727273,0.0739942267537117,0.9783999919891357,0.04329646751284599,0.01599999889731407,0.3869321644306183,0.3869827687740326,0.5259875070568738
bfp16,16,weight_master,producer,10,2,4,0.04418526722301137,0.9862909090909091,0.06003750115633011,0.9811999797821045,0.02654237300157547,0.012600000016391277,0.3159334361553192,0.31594154238700867,0.493296652765384
bfp16,16,weight_master,producer,10,2,5,0.03809384765625,0.988,0.055516138672828674,0.98499995470047,0.02288871817290783,0.010599999688565731,0.28995540738105774,0.28998249769210815,0.46886165795560086
bfp16,16,weight_master,producer,10,2,6,0.03401359419389204,0.9892727272727273,0.054857127368450165,0.9843999743461609,0.01823064498603344,0.009399999864399433,0.25054678320884705,0.2504904270172119,0.44705432427018266
bfp16,16,weight_master,producer,10,2,7,0.02974226296164773,0.9906,0.04849473387002945,0.9873999953269958,0.012098896317183971,0.006799999624490738,0.195128932595253,0.19510120153427124,0.43000559997086196
bfp16,16,weight_master,producer,10,2,8,0.027046158114346592,0.9913818181818181,0.045394815504550934,0.9887999892234802,0.010145661421120167,0.005399999674409628,0.17664772272109985,0.17657162249088287,0.4102621742455974
bfp16,16,weight_master,producer,10,2,9,0.02461619540127841,0.9922181818181818,0.04280781373381615,0.9896000027656555,0.010009543038904667,0.005399999674409628,0.1751473844051361,0.17515337467193604,0.39252233159112015
bfp16,16,weight_master,producer,10,2,10,0.021670210404829547,0.9927454545454546,0.04309138283133507,0.9893999695777893,0.010607120580971241,0.005200000014156103,0.14329738914966583,0.14331775903701782,0.3758780116916465
bfp16,16,weight_master,producer,10,2,11,0.020038711825284092,0.9936,0.04702534154057503,0.9889999628067017,0.009102181531488895,0.004999999888241291,0.1434418261051178,0.1434527337551117,0.36615466391069185
bfp16,16,weight_master,producer,10,2,12,0.018718934215198865,0.9939454545454546,0.04068535938858986,0.9905999898910522,7.383010961348191e-05,0.00019999999494757503,0.01337852980941534,0.013340470381081104,0.3541193931999053
bfp16,16,weight_master,producer,23,0,1,0.2427827237215909,0.9263272727272728,0.09128237515687943,0.9733999967575073,0.05472354590892792,0.024399999529123306,0.4748838543891907,0.4747423231601715,1.0
bfp16,16,weight_master,producer,23,0,2,0.07836364524147728,0.9755272727272727,0.07446786016225815,0.9785999655723572,0.04661404713988304,0.019199999049305916,0.3938986659049988,0.39382192492485046,1.0
bfp16,16,weight_master,producer,23,0,3,0.060142755681818184,0.9813636363636363,0.06569232791662216,0.9827999472618103,0.026795733720064163,0.011599999852478504,0.3320312201976776,0.33194470405578613,1.0
bfp16,16,weight_master,producer,23,0,4,0.04961018288352273,0.9847636363636364,0.05818362534046173,0.9837999939918518,0.02022399567067623,0.011599999852478504,0.30670681595802307,0.30672135949134827,1.0
bfp16,16,weight_master,producer,23,0,5,0.04467383700284091,0.9860545454545454,0.05760336294770241,0.9839999675750732,0.022308440878987312,0.011799999512732029,0.28326088190078735,0.28328901529312134,1.0
bfp16,16,weight_master,producer,23,0,6,0.038426904296875,0.9876727272727273,0.052401427179574966,0.9873999953269958,0.01736520417034626,0.008200000040233135,0.2791471481323242,0.2791893780231476,1.0
bfp16,16,weight_master,producer,23,0,7,0.03480540216619318,0.9894181818181819,0.05148002877831459,0.9865999817848206,0.014966106973588467,0.007999999448657036,0.21538898348808289,0.21540573239326477,1.0
bfp16,16,weight_master,producer,23,0,8,0.031144928533380682,0.9902727272727273,0.0475536547601223,0.986799955368042,0.011299817822873592,0.005799999926239252,0.21637354791164398,0.21638602018356323,1.0
bfp16,16,weight_master,producer,23,0,9,0.02863684303977273,0.9910181818181818,0.05520572513341904,0.98499995470047,0.01561629306524992,0.009599999524652958,0.17414218187332153,0.17416368424892426,1.0
bfp16,16,weight_master,producer,23,0,10,0.026069347034801137,0.9917272727272727,0.0680304691195488,0.9813999533653259,0.03615545853972435,0.012799999676644802,0.19919660687446594,0.19922515749931335,1.0
bfp16,16,weight_master,producer,23,0,11,0.023623570667613638,0.9925272727272727,0.05160808190703392,0.9857999682426453,0.01666145958006382,0.007599999662488699,0.17453929781913757,0.1745302379131317,1.0
bfp16,16,weight_master,producer,23,0,12,0.022495965021306817,0.992909090909091,0.047033488750457764,0.9873999953269958,0.00044598415843211114,0.002199999988079071,0.03204195201396942,0.03189839422702789,1.0
bfp16,16,weight_master,producer,23,1,1,0.23475474076704544,0.9286909090909091,0.10348428040742874,0.9679999947547913,0.0630362331867218,0.028199998661875725,0.46240586042404175,0.4624057412147522,1.0
bfp16,16,weight_master,producer,23,1,2,0.07570185546875,0.9767272727272728,0.07510700821876526,0.9785999655723572,0.04933030158281326,0.020399998873472214,0.4020640552043915,0.4020775556564331,1.0
bfp16,16,weight_master,producer,23,1,3,0.05818912464488636,0.9818,0.06850650906562805,0.9801999926567078,0.03154746815562248,0.01679999940097332,0.3380376994609833,0.33803224563598633,1.0
bfp16,16,weight_master,producer,23,1,4,0.04766257102272727,0.9850727272727273,0.06305329501628876,0.9817999601364136,0.025567464530467987,0.0139999995008111,0.3438197374343872,0.34383654594421387,1.0
bfp16,16,weight_master,producer,23,1,5,0.04070359552556818,0.9873818181818181,0.0528409406542778,0.9857999682426453,0.0249771811068058,0.012000000104308128,0.2860742509365082,0.28609102964401245,1.0
bfp16,16,weight_master,producer,23,1,6,0.036458280806107954,0.9884,0.04913678765296936,0.9861999750137329,0.014193961396813393,0.009800000116229057,0.22656288743019104,0.2265692502260208,1.0
bfp16,16,weight_master,producer,23,1,7,0.03268330078125,0.9898727272727272,0.04611758515238762,0.9871999621391296,0.016565365716814995,0.009399999864399433,0.23944048583507538,0.23945529758930206,1.0
bfp16,16,weight_master,producer,23,1,8,0.029665398615056817,0.9907636363636364,0.049748193472623825,0.9851999878883362,0.024325445294380188,0.011799999512732029,0.25224819779396057,0.2522732615470886,1.0
bfp16,16,weight_master,producer,23,1,9,0.027260176225142044,0.9913090909090909,0.060785166919231415,0.983199954032898,0.02508131042122841,0.012000000104308128,0.21549047529697418,0.2155115306377411,1.0
bfp16,16,weight_master,producer,23,1,10,0.025092083185369318,0.9918727272727272,0.04666271433234215,0.9883999824523926,0.02213970571756363,0.010599999688565731,0.1799132525920868,0.17987722158432007,1.0
bfp16,16,weight_master,producer,23,1,11,0.022748404208096592,0.9928,0.05368737131357193,0.98499995470047,0.02057047374546528,0.012000000104308128,0.17364272475242615,0.1736638844013214,1.0
bfp16,16,weight_master,producer,23,1,12,0.019891035600142045,0.9940909090909091,0.05018272250890732,0.9869999885559082,0.00012858676200266927,0.00139999995008111,0.015399051830172539,0.015376647002995014,1.0
bfp16,16,weight_master,producer,23,2,1,0.22633352272727272,0.9313454545454546,0.08870081603527069,0.974399983882904,0.051604174077510834,0.02019999921321869,0.45522794127464294,0.4551987946033478,1.0
bfp16,16,weight_master,producer,23,2,2,0.07126550071022728,0.9775454545454545,0.06450239568948746,0.9817999601364136,0.028384026139974594,0.013199999928474426,0.35437652468681335,0.35431066155433655,1.0
bfp16,16,weight_master,producer,23,2,3,0.05408212002840909,0.9835090909090909,0.07420431822538376,0.9783999919891357,0.04350627213716507,0.01599999889731407,0.38886407017707825,0.388917475938797,1.0
bfp16,16,weight_master,producer,23,2,4,0.044218590198863636,0.9862545454545455,0.06005408987402916,0.9811999797821045,0.026493072509765625,0.012600000016391277,0.31494638323783875,0.31495848298072815,1.0
bfp16,16,weight_master,producer,23,2,5,0.03813759765625,0.9881272727272727,0.05568183586001396,0.98499995470047,0.02296707220375538,0.010400000028312206,0.2892129421234131,0.2892382740974426,1.0
bfp16,16,weight_master,producer,23,2,6,0.03410480069247159,0.9892727272727273,0.05574417859315872,0.9839999675750732,0.018999362364411354,0.009999999776482582,0.2522221803665161,0.2521630823612213,1.0
bfp16,16,weight_master,producer,23,2,7,0.029715862482244317,0.9906,0.048612870275974274,0.9871999621391296,0.012054706923663616,0.00699999975040555,0.1995227187871933,0.19948641955852509,1.0
bfp16,16,weight_master,producer,23,2,8,0.02702237215909091,0.9915090909090909,0.04556787759065628,0.988599956035614,0.010087326169013977,0.00559999980032444,0.17664846777915955,0.1765691041946411,1.0
bfp16,16,weight_master,producer,23,2,9,0.02461105069247159,0.9923090909090909,0.04247478395700455,0.9896000027656555,0.009722829796373844,0.005399999674409628,0.17428137362003326,0.1742844134569168,1.0
bfp16,16,weight_master,producer,23,2,10,0.02172777432528409,0.9927636363636364,0.04335271567106247,0.9889999628067017,0.010717920027673244,0.00559999980032444,0.14301584661006927,0.14303693175315857,1.0
bfp16,16,weight_master,producer,23,2,11,0.020188907137784092,0.9936,0.0472717210650444,0.988599956035614,0.0091085284948349,0.005399999674409628,0.1436818391084671,0.14369317889213562,1.0
bfp16,16,weight_master,producer,23,2,12,0.018645197088068183,0.9940727272727272,0.04041530191898346,0.9905999898910522,9.329671593150124e-05,0.00019999999494757503,0.015769299119710922,0.01574370451271534,1.0
bfp16,16,both,producer,1,0,1,1.7151779829545455,0.6244909090909091,1.6360979080200195,0.6557999849319458,1.6070233583450317,0.34439998865127563,0.9669440388679504,0.9667172431945801,0.0018267059423430641
bfp16,16,both,producer,1,0,2,1.5880923295454545,0.6751454545454545,1.5504707098007202,0.687999963760376,1.5210663080215454,0.3125999867916107,0.9598203897476196,0.9595640301704407,3.0162444683214656e-05
bfp16,16,both,producer,1,0,3,1.5082416193181818,0.6954545454545454,1.4429209232330322,0.7053999900817871,1.413748025894165,0.2947999835014343,0.9522233605384827,0.9520458579063416,6.0893992096301285e-05
bfp16,16,both,producer,1,0,4,1.4080546875,0.7166363636363636,1.3654695749282837,0.7303999662399292,1.336592197418213,0.26999998092651367,0.9479435682296753,0.9476680755615234,5.3950938791863194e-05
bfp16,16,both,producer,1,0,5,1.3484068181818183,0.7371272727272727,1.337705135345459,0.7387999892234802,1.3086495399475098,0.26080000400543213,0.9455799460411072,0.9452638626098633,4.450383347598842e-05
bfp16,16,both,producer,1,0,6,1.308759090909091,0.7447636363636364,1.2876509428024292,0.7551999688148499,1.258188009262085,0.2433999925851822,0.9401246905326843,0.9399059414863586,0.00010391815847462257
bfp16,16,both,producer,1,0,7,1.2520816761363636,0.7549454545454546,1.2440654039382935,0.738599956035614,1.2151037454605103,0.2606000006198883,0.938805103302002,0.9384942054748535,0.00012508878002586002
bfp16,16,both,producer,1,0,8,1.1974964488636364,0.762109090909091,1.165977954864502,0.7699999809265137,1.1375666856765747,0.22919999063014984,0.9309048056602478,0.9301453232765198,0.00028830744295314234
bfp16,16,both,producer,1,0,9,1.145703125,0.7777636363636363,1.123026728630066,0.7807999849319458,1.094139575958252,0.21899999678134918,0.9278870820999146,0.9268680214881897,0.0001978201089034984
bfp16,16,both,producer,1,0,10,1.0997041193181818,0.7842181818181818,1.0871247053146362,0.774399995803833,1.058524250984192,0.22439999878406525,0.9271448850631714,0.9231693744659424,0.00023868168490830618
bfp16,16,both,producer,1,0,11,1.014986931818182,0.7856545454545455,0.9564690589904785,0.8009999990463257,0.9267337918281555,0.1987999975681305,0.9107791781425476,0.9082902073860168,0.0007923048205277631
bfp16,16,both,producer,1,0,12,1.5455836647727272,0.6160181818181818,1.1340113878250122,0.6629999876022339,1.1034730672836304,0.33640000224113464,0.9190989136695862,0.9105154275894165,0.003786354282384222
bfp16,16,both,producer,1,1,1,1.0178958096590909,0.7306545454545454,0.8420549631118774,0.7811999917030334,0.8184581995010376,0.21899999678134918,0.9041178822517395,0.9017553925514221,0.0016406093496749285
bfp16,16,both,producer,1,1,2,0.8221409801136363,0.7810181818181818,0.8057171702384949,0.7741999626159668,0.7812111377716064,0.22499999403953552,0.8966054320335388,0.8939439058303833,0.00020590136766768043
bfp16,16,both,producer,1,1,3,0.7831001420454545,0.7855454545454545,0.7587671875953674,0.7919999957084656,0.734761118888855,0.20839999616146088,0.8927432894706726,0.8881010413169861,8.9918231319772e-05
bfp16,16,both,producer,1,1,4,0.7534621448863636,0.7933454545454546,0.747835636138916,0.7979999780654907,0.7235884666442871,0.2019999921321869,0.8913477659225464,0.8856461644172668,6.920289195243211e-05
bfp16,16,both,producer,1,1,5,0.7219302556818182,0.7989818181818181,0.7167606949806213,0.8014000058174133,0.693118155002594,0.19900000095367432,0.8866040110588074,0.8783321380615234,9.845477226785161e-05
bfp16,16,both,producer,1,1,6,0.9104256392045454,0.7518181818181818,0.793921947479248,0.7755999565124512,0.766918420791626,0.22419999539852142,0.8700355887413025,0.8689912557601929,0.0008521744277102948
bfp16,16,both,producer,1,1,7,0.7672317471590909,0.7826727272727273,0.7397475838661194,0.7907999753952026,0.71414715051651,0.20899999141693115,0.8616999387741089,0.8602668046951294,8.445484511300104e-05
bfp16,16,both,producer,1,1,8,0.73796171875,0.7888363636363637,0.7140991687774658,0.7917999625205994,0.6871048808097839,0.20799998939037323,0.8500438332557678,0.8484299778938293,0.00026406366666059623
bfp16,16,both,producer,1,1,9,0.7169561079545455,0.7938727272727273,0.6988467574119568,0.7973999977111816,0.6729992032051086,0.20239999890327454,0.8473109602928162,0.8459699749946594,0.00017414543534082424
bfp16,16,both,producer,1,1,10,0.7055377840909091,0.7961090909090909,0.7011421322822571,0.7943999767303467,0.6751463413238525,0.2053999900817871,0.8414846658706665,0.8392715454101562,0.00019952741709311432
bfp16,16,both,producer,1,1,11,0.6970284801136364,0.7977818181818181,0.716881513595581,0.788599967956543,0.6933552622795105,0.21079999208450317,0.8564282655715942,0.8542306423187256,0.00016424304784105187
bfp16,16,both,producer,1,1,12,1.7924495738636363,0.6459454545454546,1.725203514099121,0.7483999729156494,1.6973586082458496,0.2525999844074249,0.9870350956916809,0.9717797040939331,0.001904445375243576
bfp16,16,both,producer,1,2,1,1.1418223011363637,0.7102181818181819,0.9778894782066345,0.7260000109672546,0.9514387249946594,0.2735999822616577,0.9060600996017456,0.9052454233169556,0.0016721376409098358
bfp16,16,both,producer,1,2,2,0.9238860085227273,0.7569272727272728,0.900741696357727,0.7619999647140503,0.874668538570404,0.23839999735355377,0.8964476585388184,0.8961391448974609,0.0001724381271512083
bfp16,16,both,producer,1,2,3,0.87260546875,0.7686181818181819,0.8722158074378967,0.767799973487854,0.8460859060287476,0.23240000009536743,0.8910145163536072,0.8906949162483215,0.00013612937298537633
bfp16,16,both,producer,1,2,4,0.8484058948863636,0.7729090909090909,0.8409543037414551,0.7766000032424927,0.8144654035568237,0.22379998862743378,0.8852024078369141,0.8848634362220764,0.00012611316493962957
bfp16,16,both,producer,1,2,5,0.8155030539772727,0.7831090909090909,0.8084181547164917,0.7888000011444092,0.7821819186210632,0.210999995470047,0.8804625868797302,0.8801999092102051,0.00011757662399154996
bfp16,16,both,producer,1,2,6,0.8694977272727272,0.7455454545454545,0.8266277313232422,0.7525999546051025,0.7992717623710632,0.24740000069141388,0.8732007145881653,0.8716382384300232,0.0006444519313070241
bfp16,16,both,producer,1,2,7,0.7935889914772727,0.7616181818181819,0.8049390912055969,0.7505999803543091,0.7780733108520508,0.24959999322891235,0.8692438006401062,0.8671358823776245,0.00023515324798309992
bfp16,16,both,producer,1,2,8,0.7718253551136364,0.7658181818181818,0.7779766321182251,0.7605999708175659,0.7505381107330322,0.2393999993801117,0.8613676428794861,0.8593322038650513,4.063393491285899e-05
bfp16,16,both,producer,1,2,9,0.7577788352272727,0.7694181818181818,0.7701690196990967,0.7662000060081482,0.7428497076034546,0.23279999196529388,0.8583006858825684,0.8565757274627686,4.8146090947169056e-05
bfp16,16,both,producer,1,2,10,0.7466669034090909,0.7730727272727272,0.7507839798927307,0.7685999870300293,0.7236338257789612,0.2303999960422516,0.8523892164230347,0.8510761260986328,0.00016037314927792247
bfp16,16,both,producer,1,2,11,0.733895809659091,0.7757454545454545,0.7493854761123657,0.7705999612808228,0.7221392393112183,0.22839999198913574,0.8509289622306824,0.8493016362190247,3.6877856895703956e-05
bfp16,16,both,producer,1,2,12,0.7325794034090909,0.7769454545454545,0.7455832958221436,0.774399995803833,0.7188966870307922,0.22519999742507935,0.8548528552055359,0.8533495664596558,5.8845222268762176e-05
bfp16,16,both,producer,2,0,1,0.6299142045454545,0.8280727272727273,0.4475002884864807,0.878600001335144,0.4185325503349304,0.12319999933242798,0.8322836756706238,0.8080873489379883,0.007556432226694105
bfp16,16,both,producer,2,0,2,0.442619140625,0.8782,0.41973915696144104,0.8883999586105347,0.3903454840183258,0.11259999871253967,0.8312855958938599,0.8005610704421997,0.0007842235617635811
bfp16,16,both,producer,2,0,3,0.41337357954545456,0.8855090909090909,0.3941197991371155,0.8921999931335449,0.36375942826271057,0.10719999670982361,0.8315215706825256,0.791400134563446,0.001344789750687476
bfp16,16,both,producer,2,0,4,0.389446484375,0.8919818181818182,0.3765111267566681,0.8967999815940857,0.3483056426048279,0.10359999537467957,0.8515143990516663,0.7883719205856323,0.0006084846387791153
bfp16,16,both,producer,2,0,5,0.3804720170454545,0.8943636363636364,0.37244555354118347,0.8995999693870544,0.3443438410758972,0.10080000013113022,0.8613139390945435,0.7900981307029724,0.0006128098195261423
bfp16,16,both,producer,2,0,6,0.3753657315340909,0.8971636363636364,0.8245270252227783,0.7523999810218811,0.8082005381584167,0.24899999797344208,0.8630751967430115,0.7910972237586975,0.000966336435322613
bfp16,16,both,producer,2,0,7,0.3674396661931818,0.8966727272727273,0.3541078567504883,0.9047999978065491,0.3252916932106018,0.09519999474287033,0.8548392057418823,0.7771739959716797,0.00031073009051009817
bfp16,16,both,producer,2,0,8,0.35957972301136365,0.8980727272727272,0.3539735674858093,0.9027999639511108,0.3249833285808563,0.09719999879598618,0.8628665208816528,0.7762793898582458,0.00018814536249567483
bfp16,16,both,producer,2,0,9,0.3560506036931818,0.8987636363636363,0.3494706451892853,0.9047999978065491,0.3202764391899109,0.09479999542236328,0.8635677099227905,0.7714147567749023,0.00017232430660523392
bfp16,16,both,producer,2,0,10,0.3501779474431818,0.9007818181818181,0.3452361822128296,0.9034000039100647,0.3164443373680115,0.0973999947309494,0.8717005252838135,0.7656633853912354,0.00016720238203638614
bfp16,16,both,producer,2,0,11,0.34718863636363634,0.901,0.33986857533454895,0.9085999727249146,0.31068822741508484,0.09200000017881393,0.8752979040145874,0.7671831250190735,0.0002046493416619621
bfp16,16,both,producer,2,0,12,0.3457870028409091,0.9012545454545454,0.34074047207832336,0.9077999591827393,0.3116578757762909,0.09259999543428421,0.8858596086502075,0.7659022212028503,0.00019827539108739596
bfp16,16,both,producer,2,1,1,1.7760072443181818,0.6132363636363637,0.7836915254592896,0.8047999739646912,0.759475588798523,0.19439999759197235,0.9117726683616638,0.8925972580909729,0.005145940704048369
bfp16,16,both,producer,2,1,2,0.6979974431818182,0.8257454545454546,0.6576100587844849,0.8301999568939209,0.6336021423339844,0.17000000178813934,0.9228388071060181,0.8716473579406738,0.0013189524867512886
bfp16,16,both,producer,2,1,3,0.6367389204545455,0.8408909090909091,0.6024767160415649,0.843999981880188,0.5779816508293152,0.1550000011920929,0.9259147047996521,0.8652706146240234,0.001315993152555954
bfp16,16,both,producer,2,1,4,0.5995748579545455,0.8502181818181819,0.5876248478889465,0.8499999642372131,0.5632613301277161,0.14899998903274536,0.9424865245819092,0.8614869713783264,0.0003789085975487607
bfp16,16,both,producer,2,1,5,0.5928567116477272,0.8510363636363636,0.5763188600540161,0.8507999777793884,0.5532915592193604,0.14959999918937683,0.9440461993217468,0.857989490032196,0.0006697200925133398
bfp16,16,both,producer,2,1,6,0.5726771306818181,0.8541818181818182,0.5649263262748718,0.8495999574661255,0.541218638420105,0.1501999944448471,0.9619659185409546,0.8529113531112671,0.0002885350840450912
bfp16,16,both,producer,2,1,7,0.5680982599431819,0.8540181818181818,0.5699222087860107,0.848800003528595,0.5465949773788452,0.15119999647140503,0.9659704566001892,0.8543219566345215,0.00022138096192019814
bfp16,16,both,producer,2,1,8,0.5623456321022727,0.8546181818181818,0.550914466381073,0.8547999858856201,0.5263711810112,0.1444000005722046,0.9863584637641907,0.84499192237854,0.00027954326091311397
bfp16,16,both,producer,2,1,9,0.553830184659091,0.8551818181818182,0.5444866418838501,0.8529999852180481,0.5199573040008545,0.14659999310970306,0.9982008934020996,0.8450341820716858,0.0003555753856240098
bfp16,16,both,producer,2,1,10,0.5489969815340909,0.8563272727272727,0.5292359590530396,0.8567999601364136,0.5046626329421997,0.14319999516010284,0.9634901285171509,0.8439164757728577,0.0009666778969605361
bfp16,16,both,producer,2,1,11,0.5304857244318182,0.8595818181818182,0.521558403968811,0.8574000000953674,0.49817484617233276,0.1428000032901764,0.9802128076553345,0.8416174650192261,0.0002937708291599133
bfp16,16,both,producer,2,1,12,0.5269832741477273,0.8600181818181818,0.5156136155128479,0.8593999743461609,0.4914964735507965,0.14100000262260437,0.9896146059036255,0.8390162587165833,0.0003163072972628435
bfp16,16,both,producer,2,2,1,0.6536941761363636,0.8102545454545454,0.47806864976882935,0.861799955368042,0.45149245858192444,0.13859999179840088,0.8179096579551697,0.8118382692337036,0.009679982152938391
bfp16,16,both,producer,2,2,2,0.4764536931818182,0.8625272727272727,0.42878857254981995,0.8813999891281128,0.401920884847641,0.11879999935626984,0.8065122961997986,0.797666609287262,0.002049111289177032
bfp16,16,both,producer,2,2,3,0.43522144886363634,0.8758545454545454,0.4255160987377167,0.8822000026702881,0.39842140674591064,0.11699999868869781,0.8134351968765259,0.7975841760635376,0.0006888419442370381
bfp16,16,both,producer,2,2,4,0.42621029829545454,0.8778363636363636,0.41785579919815063,0.8822000026702881,0.3905922770500183,0.11759999394416809,0.8237888813018799,0.7931378483772278,0.0004019003478355885
bfp16,16,both,producer,2,2,5,0.4178111860795454,0.8796,0.41047510504722595,0.8853999972343445,0.3834080398082733,0.11419999599456787,0.8259735107421875,0.7926278710365295,0.0005474768261368396
bfp16,16,both,producer,2,2,6,0.4142821377840909,0.8789090909090909,0.40438538789749146,0.887999951839447,0.3767394423484802,0.1111999973654747,0.8263017535209656,0.7881016135215759,0.0007566789896377775
bfp16,16,both,producer,2,2,7,0.40728686079545456,0.8816909090909091,0.40627309679985046,0.8827999830245972,0.378799170255661,0.11659999936819077,0.8391781449317932,0.785115659236908,0.0006649396295824152
bfp16,16,both,producer,2,2,8,0.41558501420454547,0.8788545454545454,0.38973408937454224,0.8899999856948853,0.36315760016441345,0.1096000000834465,0.7979819178581238,0.7804087400436401,0.0013867895321520278
bfp16,16,both,producer,2,2,9,0.39273018465909093,0.8850363636363636,0.3840634524822235,0.889799952507019,0.35750770568847656,0.10979999601840973,0.8061801791191101,0.7738505005836487,0.0003540957185263426
bfp16,16,both,producer,2,2,10,0.3852481178977273,0.8887454545454545,0.37805259227752686,0.8933999538421631,0.3503621816635132,0.10559999942779541,0.8128831386566162,0.7720431089401245,0.0005079810966837246
bfp16,16,both,producer,2,2,11,0.3791822088068182,0.8899272727272727,0.3753839433193207,0.892799973487854,0.3477605879306793,0.10599999874830246,0.8197425007820129,0.7710930109024048,0.00038277849611189014
bfp16,16,both,producer,2,2,12,0.3793347301136364,0.8912545454545454,0.3695194721221924,0.8939999938011169,0.3421712815761566,0.10559999942779541,0.8298534750938416,0.7677556872367859,0.0005724035257052321
bfp16,16,both,producer,3,0,1,0.38471470170454547,0.8912363636363636,0.2452092319726944,0.9317999482154846,0.21458719670772552,0.06799999624490738,0.9933226108551025,0.7075323462486267,0.025463932545391633
bfp16,16,both,producer,3,0,2,0.21967425426136364,0.9367636363636364,0.1981649100780487,0.9435999989509583,0.17120978236198425,0.05700000002980232,1.2352358102798462,0.6874787211418152,0.006577234069676386
bfp16,16,both,producer,3,0,3,0.1999594815340909,0.9453454545454546,0.1823982298374176,0.9487999677658081,0.15419359505176544,0.05139999836683273,1.3188345432281494,0.6829869747161865,0.003797167234251789
bfp16,16,both,producer,3,0,4,0.18732299360795454,0.9492181818181818,0.18333537876605988,0.9495999813079834,0.1529114991426468,0.05040000006556511,1.5017340183258057,0.6788421869277954,0.0020121196117353535
bfp16,16,both,producer,3,0,5,0.18498453480113636,0.9503636363636364,0.18101684749126434,0.9515999555587769,0.15001267194747925,0.04779999703168869,1.6368634700775146,0.6768711805343628,0.0015890486423485277
bfp16,16,both,producer,3,0,6,0.18156418678977274,0.9513272727272727,0.1730576902627945,0.9519999623298645,0.1435011476278305,0.04779999703168869,1.7718538045883179,0.6622515320777893,0.001545910655424232
bfp16,16,both,producer,3,0,7,0.17904806463068182,0.9516181818181818,0.17236894369125366,0.9519999623298645,0.14290043711662292,0.047199998050928116,1.7728720903396606,0.6663986444473267,0.002431889785288922
bfp16,16,both,producer,3,0,8,0.1754208984375,0.9518727272727273,0.16608361899852753,0.9511999487876892,0.13617168366909027,0.047599997371435165,1.9011508226394653,0.6557121872901917,0.0021046557156125367
bfp16,16,both,producer,3,0,9,0.17212038352272727,0.9525818181818182,0.17642614245414734,0.9487999677658081,0.1454397737979889,0.050200000405311584,2.041614294052124,0.652169942855835,0.0015422683979530512
bfp16,16,both,producer,3,0,10,0.17011947798295454,0.9526363636363636,0.17656151950359344,0.9485999941825867,0.14951413869857788,0.04999999701976776,2.098036289215088,0.6469845175743103,0.0018833885742383129
bfp16,16,both,producer,3,0,11,0.16802116477272727,0.9533272727272727,0.16590088605880737,0.9509999752044678,0.1355745941400528,0.04619999974966049,2.1968111991882324,0.6520276665687561,0.002101468740325254
bfp16,16,both,producer,3,0,12,0.16608002485795453,0.9535272727272728,0.16086804866790771,0.9531999826431274,0.13164915144443512,0.044199999421834946,2.2643842697143555,0.6450635194778442,0.0014945775891897798
bfp16,16,both,producer,3,1,1,0.40841576704545457,0.8867272727272727,0.23450373113155365,0.9343999624252319,0.21038100123405457,0.06700000166893005,0.847372829914093,0.7145764231681824,0.02184717087650926
bfp16,16,both,producer,3,1,2,0.2227098721590909,0.9393818181818182,0.21993832290172577,0.9355999827384949,0.1952333152294159,0.06399999558925629,1.0015567541122437,0.690606415271759,0.004529147165413123
bfp16,16,both,producer,3,1,3,0.2049174715909091,0.9437818181818182,0.19283509254455566,0.943399965763092,0.16635625064373016,0.055399999022483826,1.1144152879714966,0.6773557662963867,0.0034412503869898563
bfp16,16,both,producer,3,1,4,0.19128512073863638,0.9484363636363636,0.1843179613351822,0.9479999542236328,0.15629445016384125,0.05219999700784683,1.2829221487045288,0.6635215878486633,0.001728364990621187
bfp16,16,both,producer,3,1,5,0.18466136363636362,0.9488363636363636,0.20725573599338531,0.9375999569892883,0.18548990786075592,0.06260000169277191,1.3630472421646118,0.6657134890556335,0.0019349492815647139
bfp16,16,both,producer,3,1,6,0.17812178622159092,0.9505454545454546,0.19137583673000336,0.9377999901771545,0.16597186028957367,0.061400000005960464,1.5117590427398682,0.6552034020423889,0.0015516016827229516
bfp16,16,both,producer,3,1,7,0.1730721590909091,0.9526181818181818,0.16583825647830963,0.9539999961853027,0.1390768438577652,0.04639999940991402,1.523498773574829,0.6537290811538696,0.0014186592850248584
bfp16,16,both,producer,3,1,8,0.16924501065340908,0.9533818181818182,0.166143000125885,0.9533999562263489,0.1405951827764511,0.04639999940991402,1.5819063186645508,0.657442033290863,0.0010808399045728542
bfp16,16,both,producer,3,1,9,0.16669772727272728,0.9534,0.16345012187957764,0.9529999494552612,0.1369982808828354,0.04739999771118164,1.6949864625930786,0.6418046951293945,0.001056254666642385
bfp16,16,both,producer,3,1,10,0.16508675426136363,0.9540363636363637,0.163140669465065,0.9539999961853027,0.13762085139751434,0.046799998730421066,1.762341022491455,0.6390867233276367,0.0007915080767059424
bfp16,16,both,producer,3,1,11,0.1646593927556818,0.9552363636363637,0.16347087919712067,0.9541999697685242,0.13591524958610535,0.04580000042915344,1.7157213687896729,0.6505098342895508,0.0008022072080275355
bfp16,16,both,producer,3,1,12,0.16376772017045454,0.9561090909090909,0.16181954741477966,0.9526000022888184,0.13514164090156555,0.046799998730421066,1.8146038055419922,0.6497318148612976,0.0008174591611881044
bfp16,16,both,producer,3,2,1,0.40837212357954544,0.8811818181818182,0.24532832205295563,0.9333999752998352,0.21500448882579803,0.06539999693632126,0.8270691633224487,0.7145940065383911,0.02368252718034638
bfp16,16,both,producer,3,2,2,0.23052945667613636,0.9354727272727272,0.22113266587257385,0.939799964427948,0.19088253378868103,0.05819999799132347,0.9658520221710205,0.6837456226348877,0.003836093860975032
bfp16,16,both,producer,3,2,3,0.21111271306818183,0.9408,0.2024984061717987,0.9429999589920044,0.17241525650024414,0.055399999022483826,1.0819168090820312,0.6781997680664062,0.0029605862213399866
bfp16,16,both,producer,3,2,4,0.20074808238636363,0.9429636363636363,0.1920454353094101,0.94159996509552,0.1613660603761673,0.0551999993622303,1.3772398233413696,0.6494950652122498,0.003238877456247382
bfp16,16,both,producer,3,2,5,0.18708393110795454,0.9477818181818182,0.18172337114810944,0.9465999603271484,0.15255099534988403,0.050200000405311584,1.325757622718811,0.6696122884750366,0.0032404709438910236
bfp16,16,both,producer,3,2,6,0.17849595170454546,0.9515272727272728,0.17299897968769073,0.948199987411499,0.14156635105609894,0.04820000007748604,1.4462593793869019,0.6538320183753967,0.001576756023383293
bfp16,16,both,producer,3,2,7,0.1745537286931818,0.9512181818181819,0.18022064864635468,0.9457999467849731,0.14887695014476776,0.05179999768733978,1.611883521080017,0.6414196491241455,0.0017514705614539892
bfp16,16,both,producer,3,2,8,0.18774779829545454,0.9505272727272728,0.17632943391799927,0.9526000022888184,0.14524100720882416,0.044199999421834946,1.4190236330032349,0.6658526062965393,0.0014573582706561526
bfp16,16,both,producer,3,2,9,0.1767785333806818,0.9524181818181818,0.17424458265304565,0.9505999684333801,0.14366798102855682,0.04659999907016754,1.5480350255966187,0.6567079424858093,0.0006832647374842928
bfp16,16,both,producer,3,2,10,0.17575534446022728,0.9529818181818182,0.17251023650169373,0.949999988079071,0.14213068783283234,0.046799998730421066,1.5775212049484253,0.6609466671943665,0.0008872311558704085
bfp16,16,both,producer,3,2,11,0.17389738991477272,0.9532181818181819,0.17510057985782623,0.9517999887466431,0.14453402161598206,0.04559999704360962,1.6154799461364746,0.6573563814163208,0.0007171832601846625
bfp16,16,both,producer,3,2,12,0.17332233664772728,0.9527636363636364,0.16849705576896667,0.9513999819755554,0.13882173597812653,0.04600000008940697,1.7149676084518433,0.6503559947013855,0.0010130028591721148
bfp16,16,both,producer,4,0,1,0.29408130326704546,0.9116181818181818,0.14557717740535736,0.9565999507904053,0.11216302216053009,0.041600000113248825,0.9653099179267883,0.6067135334014893,0.08075533590719527
bfp16,16,both,producer,4,0,2,0.12299407848011364,0.9634909090909091,0.11213994026184082,0.9655999541282654,0.08543835580348969,0.033399999141693115,1.7157450914382935,0.5395370721817017,0.0321812797071625
bfp16,16,both,producer,4,0,3,0.10332548828125,0.9693636363636363,0.10063997656106949,0.9691999554634094,0.07048199325799942,0.02879999950528145,2.263974666595459,0.5223636031150818,0.0199733432281328
bfp16,16,both,producer,4,0,4,0.09462933238636363,0.9726181818181818,0.0896403044462204,0.9759999513626099,0.057753801345825195,0.022599998861551285,2.8853859901428223,0.502855122089386,0.015573040920762688
bfp16,16,both,producer,4,0,5,0.08842446732954545,0.974,0.08603402227163315,0.9763999581336975,0.05572420358657837,0.020999999716877937,3.3814644813537598,0.4951257109642029,0.011790101254757698
bfp16,16,both,producer,4,0,6,0.08506493252840909,0.9748,0.08674068003892899,0.9769999980926514,0.05556521564722061,0.019999999552965164,3.880666971206665,0.48594656586647034,0.009245301487862177
bfp16,16,both,producer,4,0,7,0.08384622691761363,0.9749818181818182,0.08497936278581619,0.9781999588012695,0.05476732179522514,0.01860000006854534,4.1829447746276855,0.48481130599975586,0.009494454663000128
bfp16,16,both,producer,4,0,8,0.08195171342329545,0.975909090909091,0.08029013127088547,0.9765999913215637,0.05127797648310661,0.020600000396370888,4.3066816329956055,0.47528329491615295,0.007736268689333649
bfp16,16,both,producer,4,0,9,0.07887234552556818,0.9766181818181818,0.10483715683221817,0.9685999751091003,0.07261741161346436,0.028999999165534973,4.40447998046875,0.4781378209590912,0.005809286845987143
bfp16,16,both,producer,4,0,10,0.07750213068181819,0.9779818181818182,0.11787179857492447,0.9619999527931213,0.09192239493131638,0.03659999743103981,4.8129730224609375,0.476052850484848,0.005091420662526634
bfp16,16,both,producer,4,0,11,0.07702092507102273,0.9776363636363636,0.08042474091053009,0.977400004863739,0.05247098207473755,0.019600000232458115,4.943831920623779,0.4724102318286896,0.005302102493125239
bfp16,16,both,producer,4,0,12,0.07671355646306818,0.9774181818181819,0.07849074900150299,0.9783999919891357,0.05000738054513931,0.01979999989271164,5.1958770751953125,0.4617655277252197,0.005029843747154487
bfp16,16,both,producer,4,1,1,0.29207223011363637,0.9130545454545455,0.13629232347011566,0.9607999920845032,0.10748007893562317,0.03819999843835831,0.9051988124847412,0.612189769744873,0.07259793119775637
bfp16,16,both,producer,4,1,2,0.1229147549715909,0.9643090909090909,0.12077227979898453,0.9639999866485596,0.09470119327306747,0.03680000081658363,1.4159770011901855,0.5701903700828552,0.02998101473293147
bfp16,16,both,producer,4,1,3,0.10231683238636363,0.9703090909090909,0.0995679721236229,0.9717999696731567,0.07312238216400146,0.028999999165534973,2.1279141902923584,0.5158119201660156,0.02061051064449746
bfp16,16,both,producer,4,1,4,0.12518432173295455,0.9656181818181818,0.11132305860519409,0.9679999947547913,0.08409709483385086,0.03240000084042549,1.903169870376587,0.584533154964447,0.01724586148494837
bfp16,16,both,producer,4,1,5,0.09758821910511363,0.9713454545454545,0.12504374980926514,0.9633999466896057,0.10827027261257172,0.039400000125169754,2.7348082065582275,0.5419361591339111,0.007726024840195953
bfp16,16,both,producer,4,1,6,0.08921030717329545,0.9743272727272727,0.15460427105426788,0.9493999481201172,0.13154299557209015,0.05119999870657921,3.0605075359344482,0.5090581774711609,0.006656453169674564
bfp16,16,both,producer,4,1,7,0.08479055397727273,0.9755636363636364,0.08437227457761765,0.9759999513626099,0.06051269546151161,0.023799998685717583,3.4112210273742676,0.4883043169975281,0.005607596838520515
bfp16,16,both,producer,4,1,8,0.08299400745738636,0.9753090909090909,0.08166217058897018,0.9767999649047852,0.05850241705775261,0.023000000044703484,3.685404062271118,0.48889175057411194,0.004908397224599807
bfp16,16,both,producer,4,1,9,0.08195261896306819,0.9760545454545455,0.0852963998913765,0.974399983882904,0.05976518988609314,0.02459999918937683,3.892824649810791,0.48643404245376587,0.004300823150188487
bfp16,16,both,producer,4,1,10,0.07881012073863636,0.9771272727272727,0.10117675364017487,0.9684000015258789,0.08211668580770493,0.031599998474121094,4.3654937744140625,0.4718826711177826,0.003646924113565588
bfp16,16,both,producer,4,1,11,0.07784415838068182,0.9774909090909091,0.08211977779865265,0.9771999716758728,0.057037949562072754,0.023000000044703484,4.6826276779174805,0.45955032110214233,0.003930223452495857
bfp16,16,both,producer,4,1,12,0.07674513494318182,0.9778,0.0801444947719574,0.977400004863739,0.053564123809337616,0.022599998861551285,4.772824287414551,0.46472659707069397,0.003053805248493016
bfp16,16,both,producer,4,2,1,0.2839865234375,0.9156545454545455,0.140024334192276,0.9599999785423279,0.10629456490278244,0.03739999979734421,0.8887302875518799,0.5911315083503723,0.07328119593524066
bfp16,16,both,producer,4,2,2,0.12113062855113636,0.9651636363636363,0.10746937245130539,0.9645999670028687,0.0749116912484169,0.03139999881386757,1.5370835065841675,0.5211160778999329,0.03018657463896123
bfp16,16,both,producer,4,2,3,0.10326486150568182,0.9699636363636364,0.13760468363761902,0.9559999704360962,0.1065349355340004,0.041200000792741776,1.9570099115371704,0.5448703765869141,0.020681648485731455
bfp16,16,both,producer,4,2,4,0.09350992542613637,0.9730545454545455,0.10218139737844467,0.9695999622344971,0.06862019747495651,0.02459999918937683,2.7092790603637695,0.4906969964504242,0.01474226475569558
bfp16,16,both,producer,4,2,5,0.088305859375,0.9744909090909091,0.09601807594299316,0.9693999886512756,0.06434480845928192,0.026399999856948853,2.7731449604034424,0.5109679698944092,0.012414748411065178
bfp16,16,both,producer,4,2,6,0.0831248046875,0.975909090909091,0.09262549132108688,0.972599983215332,0.058983586728572845,0.02199999988079071,3.1561901569366455,0.48658648133277893,0.009550909653803428
bfp16,16,both,producer,4,2,7,0.07955376420454545,0.9772181818181818,0.08475522696971893,0.9751999974250793,0.04994036257266998,0.02019999921321869,3.5135984420776367,0.4756183624267578,0.007722951685454645
bfp16,16,both,producer,4,2,8,0.07698490767045454,0.9774363636363637,0.08342213183641434,0.9745999574661255,0.049228839576244354,0.021199999377131462,3.9068424701690674,0.4680827558040619,0.005883384021416474
bfp16,16,both,producer,4,2,9,0.07488979936079546,0.9784,0.07948604971170425,0.9775999784469604,0.047644976526498795,0.017999999225139618,4.0813307762146,0.4636687934398651,0.005301533390395367
bfp16,16,both,producer,4,2,10,0.073573974609375,0.9780909090909091,0.0795484334230423,0.974399983882904,0.04693575203418732,0.020600000396370888,4.4793620109558105,0.4536612927913666,0.0054463131248747975
bfp16,16,both,producer,4,2,11,0.07219493519176136,0.9773818181818181,0.08353328704833984,0.9731999635696411,0.04789458587765694,0.022199999541044235,5.12852144241333,0.43849071860313416,0.005047941213964415
bfp16,16,both,producer,4,2,12,0.07173117453835227,0.9790363636363636,0.0779237151145935,0.9791999459266663,0.04298356920480728,0.01599999889731407,5.285547256469727,0.4338866174221039,0.004765438618855967
bfp16,16,both,producer,5,0,1,0.2608914950284091,0.9218727272727273,0.11545541137456894,0.965399980545044,0.07951340079307556,0.032600000500679016,0.7419565916061401,0.537329375743866,0.16404579683487827
bfp16,16,both,producer,5,0,2,0.09497787642045455,0.9706,0.08926760405302048,0.9727999567985535,0.05962211638689041,0.025200000032782555,1.3293424844741821,0.4628443419933319,0.087228879459489
bfp16,16,both,producer,5,0,3,0.07610057705965909,0.9767272727272728,0.08489510416984558,0.9749999642372131,0.04933182895183563,0.021199999377131462,2.1538593769073486,0.4095552861690521,0.06757320937517074
bfp16,16,both,producer,5,0,4,0.06662183061079545,0.9792181818181818,0.07600031048059464,0.9765999913215637,0.03990951180458069,0.019199999049305916,2.6331095695495605,0.3957458436489105,0.05480880424687221
bfp16,16,both,producer,5,0,5,0.06140253018465909,0.9807454545454546,0.06825964152812958,0.9805999994277954,0.0344851016998291,0.01640000008046627,3.2542991638183594,0.3592487573623657,0.0457352579628854
bfp16,16,both,producer,5,0,6,0.05646972212357954,0.9828363636363636,0.06226349622011185,0.983199954032898,0.02862846851348877,0.012199999764561653,3.7932233810424805,0.35159939527511597,0.03620859208537452
bfp16,16,both,producer,5,0,7,0.05341915394176136,0.9831818181818182,0.07493667304515839,0.9781999588012695,0.04061436653137207,0.016599999740719795,4.727346897125244,0.328266978263855,0.03181250113820546
bfp16,16,both,producer,5,0,8,0.05091558504971591,0.9839636363636364,0.06014896184206009,0.9815999865531921,0.027577055618166924,0.013399999588727951,5.334916591644287,0.31747448444366455,0.029963031086667518
bfp16,16,both,producer,5,0,9,0.047345925071022726,0.9853818181818181,0.0843973234295845,0.9749999642372131,0.04773683473467827,0.020800000056624413,5.2811150550842285,0.3288644850254059,0.024109695689388283
bfp16,16,both,producer,5,0,10,0.04597020596590909,0.9856363636363636,0.10596997290849686,0.9633999466896057,0.07886523008346558,0.03439999744296074,6.402737140655518,0.3381509482860565,0.022382355083680864
bfp16,16,both,producer,5,0,11,0.04469154829545455,0.9859272727272728,0.05857605114579201,0.9839999675750732,0.024218585342168808,0.010599999688565731,6.824906349182129,0.3037925660610199,0.02062064067308918
bfp16,16,both,producer,5,0,12,0.04272760120738636,0.9870909090909091,0.06116388365626335,0.9825999736785889,0.02254369854927063,0.011599999852478504,7.131606578826904,0.2989634573459625,0.017264641875034147
bfp16,16,both,producer,5,1,1,0.25526432883522726,0.9228727272727273,0.12249157577753067,0.9619999527931213,0.08511751145124435,0.034199997782707214,0.7380222678184509,0.5164405703544617,0.15823059132050044
bfp16,16,both,producer,5,1,2,0.09193333629261363,0.9723818181818182,0.09726077318191528,0.9703999757766724,0.07421205192804337,0.02979999966919422,1.2936557531356812,0.47841155529022217,0.08465664894101364
bfp16,16,both,producer,5,1,3,0.0763808682528409,0.9768181818181818,0.08135099709033966,0.9763999581336975,0.04842180758714676,0.023000000044703484,1.7807458639144897,0.4209621846675873,0.0632205978765639
bfp16,16,both,producer,5,1,4,0.06448498757102272,0.980909090909091,0.0737958624958992,0.9779999852180481,0.04065806791186333,0.018799999728798866,2.410831928253174,0.4008699953556061,0.05048555844912677
bfp16,16,both,producer,5,1,5,0.05696882990056818,0.9823636363636363,0.07233968377113342,0.9791999459266663,0.050484977662563324,0.019999999552965164,3.0784547328948975,0.38179925084114075,0.04390582032743895
bfp16,16,both,producer,5,1,6,0.05347032137784091,0.9839272727272728,0.06539064645767212,0.9807999730110168,0.03400832414627075,0.015599999576807022,3.7497594356536865,0.344086617231369,0.03659706160878513
bfp16,16,both,producer,5,1,7,0.05020268110795455,0.9844727272727273,0.056876782327890396,0.9853999614715576,0.025680767372250557,0.011799999512732029,4.218545913696289,0.33226826786994934,0.031857232612773394
bfp16,16,both,producer,5,1,8,0.047279150390625,0.9854727272727273,0.05750798434019089,0.9829999804496765,0.029412200674414635,0.015599999576807022,4.883904457092285,0.33503299951553345,0.02739899564750232
bfp16,16,both,producer,5,1,9,0.045268781072443184,0.9858545454545454,0.06773864477872849,0.9797999858856201,0.04044419899582863,0.016599999740719795,5.226151466369629,0.3357071280479431,0.024624847480468396
bfp16,16,both,producer,5,1,10,0.043605415482954546,0.9863818181818181,0.058732494711875916,0.9843999743461609,0.032517578452825546,0.013399999588727951,6.299134254455566,0.3134973645210266,0.021694196062719672
bfp16,16,both,producer,5,1,11,0.04145382191051136,0.9873636363636363,0.06111190840601921,0.9825999736785889,0.03210318088531494,0.014800000004470348,6.734732151031494,0.3005702495574951,0.020092627160313962
bfp16,16,both,producer,5,1,12,0.03979129527698864,0.9875090909090909,0.05723096802830696,0.9842000007629395,0.01919921487569809,0.012600000016391277,7.086688041687012,0.288302481174469,0.018155515288375734
bfp16,16,both,producer,5,2,1,0.24392993607954547,0.9259272727272727,0.1061239242553711,0.968999981880188,0.0712352991104126,0.027400000020861626,0.7151585221290588,0.5214326977729797,0.15421807561326512
bfp16,16,both,producer,5,2,2,0.08794350142045454,0.9735090909090909,0.0775180384516716,0.9769999980926514,0.04384125396609306,0.018199998885393143,1.2221879959106445,0.4408758580684662,0.08044972774125403
bfp16,16,both,producer,5,2,3,0.07127624289772727,0.9788363636363636,0.10724284499883652,0.9675999879837036,0.07575327903032303,0.02879999950528145,1.7254462242126465,0.466762512922287,0.060432449782375115
bfp16,16,both,producer,5,2,4,0.06117109375,0.9810363636363636,0.07549261301755905,0.9767999649047852,0.04126187041401863,0.017799999564886093,2.3951609134674072,0.39855656027793884,0.0461757434758063
bfp16,16,both,producer,5,2,5,0.055548490767045454,0.9834363636363637,0.0727943480014801,0.9775999784469604,0.04097345098853111,0.017799999564886093,2.8062078952789307,0.39566293358802795,0.03867940849738668
bfp16,16,both,producer,5,2,6,0.05130707120028409,0.9842,0.0864914283156395,0.9757999777793884,0.04798327013850212,0.018199998885393143,3.2173221111297607,0.37239694595336914,0.03281434958387208
bfp16,16,both,producer,5,2,7,0.04848494318181818,0.9852181818181818,0.06654299050569534,0.9803999662399292,0.03138913959264755,0.015399999916553497,3.877041816711426,0.3522772192955017,0.0293972291526288
bfp16,16,both,producer,5,2,8,0.04642730823863636,0.9853454545454545,0.06309490650892258,0.9827999472618103,0.028156356886029243,0.013199999928474426,4.445715427398682,0.33787792921066284,0.026522463622953508
bfp16,16,both,producer,5,2,9,0.04447486239346591,0.9861272727272727,0.06162939965724945,0.983199954032898,0.027298767119646072,0.012799999676644802,4.970237731933594,0.319610595703125,0.023322512793429367
bfp16,16,both,producer,5,2,10,0.04210110085227273,0.9870363636363636,0.06212231516838074,0.9815999865531921,0.03013468161225319,0.013799999840557575,5.581032752990723,0.319314569234848,0.020870704412594927
bfp16,16,both,producer,5,2,11,0.040677552379261364,0.9878363636363636,0.0624849796295166,0.983199954032898,0.026196444407105446,0.012000000104308128,5.663429260253906,0.3211047947406769,0.019601491504434448
bfp16,16,both,producer,5,2,12,0.04011141690340909,0.9873272727272727,0.055461157113313675,0.9847999811172485,0.018396498635411263,0.009599999524652958,6.234165668487549,0.3020979166030884,0.018206051610788365
bfp16,16,both,producer,7,0,1,0.2447675958806818,0.9258909090909091,0.09329033643007278,0.9721999764442444,0.05635476112365723,0.025200000032782555,0.49314624071121216,0.4836793839931488,0.3895242984101546
bfp16,16,both,producer,7,0,2,0.08047681107954545,0.9749272727272728,0.07709197700023651,0.9775999784469604,0.04910578951239586,0.02019999921321869,0.5072699785232544,0.4084111452102661,0.26109067399974506
bfp16,16,both,producer,7,0,3,0.06279890802556819,0.9802909090909091,0.06816458702087402,0.9809999465942383,0.029432201758027077,0.012999999336898327,0.6372265815734863,0.3517063558101654,0.22044421882682888
bfp16,16,both,producer,7,0,4,0.05274948952414773,0.9840909090909091,0.06056865677237511,0.9813999533653259,0.02232101745903492,0.013599999248981476,0.8103838562965393,0.3347724676132202,0.19103253446486132
bfp16,16,both,producer,7,0,5,0.047863108132102275,0.9852181818181818,0.06030154600739479,0.983199954032898,0.024128500372171402,0.012000000104308128,0.9958860278129578,0.3021165430545807,0.17720982590009288
bfp16,16,both,producer,7,0,6,0.042115793678977276,0.986890909090909,0.05322624370455742,0.9869999885559082,0.01745021715760231,0.007999999448657036,1.2288246154785156,0.29103168845176697,0.16112891770319243
bfp16,16,both,producer,7,0,7,0.038324662642045454,0.9883090909090909,0.05422094836831093,0.9851999878883362,0.01909901760518551,0.008999999612569809,1.4717824459075928,0.251230388879776,0.15055669629036075
bfp16,16,both,producer,7,0,8,0.03456490367542614,0.9893454545454545,0.05030175670981407,0.9851999878883362,0.013299981132149696,0.007999999448657036,1.7116774320602417,0.24155670404434204,0.14094671377319662
bfp16,16,both,producer,7,0,9,0.03202688432173295,0.9902545454545455,0.059770964086055756,0.9833999872207642,0.019976314157247543,0.010999999940395355,1.9106223583221436,0.2180246263742447,0.12912884030522118
bfp16,16,both,producer,7,0,10,0.029551673473011363,0.991,0.08143515884876251,0.974399983882904,0.04804738238453865,0.020399998873472214,2.3049733638763428,0.23750624060630798,0.12255445174919415
bfp16,16,both,producer,7,0,11,0.027227070756392045,0.9914,0.048536382615566254,0.9861999750137329,0.0126663688570261,0.00699999975040555,2.585550308227539,0.17209649085998535,0.11506437690080312
bfp16,16,both,producer,7,0,12,0.025952727716619318,0.9917272727272727,0.04836663603782654,0.9851999878883362,0.0031912357080727816,0.004999999888241291,2.7539119720458984,0.12131509929895401,0.10969682759374261
bfp16,16,both,producer,7,1,1,0.23586278409090908,0.9286727272727273,0.10859601944684982,0.9679999947547913,0.06715408712625504,0.027799999341368675,0.4807056188583374,0.470179945230484,0.3756956711769955
bfp16,16,both,producer,7,1,2,0.07762021484375,0.9760909090909091,0.07622585445642471,0.9775999784469604,0.04987578094005585,0.021199999377131462,0.5045439600944519,0.41039812564849854,0.25338843765365776
bfp16,16,both,producer,7,1,3,0.06071184303977273,0.981,0.06967441737651825,0.9789999723434448,0.032755047082901,0.01759999990463257,0.587259829044342,0.36036092042922974,0.21051189652346525
bfp16,16,both,producer,7,1,4,0.04949877041903409,0.9846,0.06507661193609238,0.9805999994277954,0.028579607605934143,0.016200000420212746,0.7680795788764954,0.3610984683036804,0.17980766604141246
bfp16,16,both,producer,7,1,5,0.04293255060369318,0.9867272727272727,0.058171503245830536,0.9835999608039856,0.033418793231248856,0.015199999324977398,0.9835020303726196,0.31968918442726135,0.1588255313143086
bfp16,16,both,producer,7,1,6,0.03881341885653409,0.9876545454545455,0.051405150443315506,0.9851999878883362,0.01663942076265812,0.010799999348819256,1.2269843816757202,0.2544488310813904,0.1484063985358125
bfp16,16,both,producer,7,1,7,0.0350005615234375,0.9895818181818182,0.04627474024891853,0.9871999621391296,0.016144827008247375,0.009399999864399433,1.4007973670959473,0.26111742854118347,0.1353338811895613
bfp16,16,both,producer,7,1,8,0.03196967329545455,0.9903636363636363,0.05073247477412224,0.9855999946594238,0.0227014422416687,0.011799999512732029,1.6804718971252441,0.25913819670677185,0.12897632077361548
bfp16,16,both,producer,7,1,9,0.029737089399857954,0.9906181818181818,0.06606912612915039,0.9821999669075012,0.0283876433968544,0.013599999248981476,1.8470755815505981,0.23969222605228424,0.12104849210540693
bfp16,16,both,producer,7,1,10,0.027668607954545454,0.9913272727272727,0.04763799533247948,0.9869999885559082,0.02074781432747841,0.010999999940395355,2.200868606567383,0.20510520040988922,0.11347965343920162
bfp16,16,both,producer,7,1,11,0.025217531516335226,0.9922909090909091,0.05773022398352623,0.9835999608039856,0.023052947595715523,0.012600000016391277,2.3362550735473633,0.21207375824451447,0.1031467966345541
bfp16,16,both,producer,7,1,12,0.02291007412997159,0.9933272727272727,0.0501670241355896,0.9863999485969543,0.0028305593878030777,0.004399999976158142,2.678157091140747,0.1217585876584053,0.09419298956493234
bfp16,16,both,producer,7,2,1,0.22779786931818183,0.931,0.08985289931297302,0.9745999574661255,0.05307364463806152,0.020399998873472214,0.47886568307876587,0.46978527307510376,0.373448625958369
bfp16,16,both,producer,7,2,2,0.07344084694602272,0.976909090909091,0.06522718816995621,0.9807999730110168,0.029341939836740494,0.013599999248981476,0.4583740830421448,0.37456390261650085,0.2511590346196573
bfp16,16,both,producer,7,2,3,0.056435422585227275,0.9828545454545454,0.07570122927427292,0.977400004863739,0.0451773963868618,0.01679999940097332,0.6057055592536926,0.4026990532875061,0.20328850321429223
bfp16,16,both,producer,7,2,4,0.04664131747159091,0.9851454545454545,0.061981603503227234,0.9807999730110168,0.028843730688095093,0.013399999588727951,0.762352466583252,0.32782644033432007,0.17787032652838228
bfp16,16,both,producer,7,2,5,0.040579900568181816,0.9875818181818182,0.05851397663354874,0.9835999608039856,0.026165420189499855,0.012000000104308128,0.9076941609382629,0.31671521067619324,0.1578533900311413
bfp16,16,both,producer,7,2,6,0.036629905007102274,0.9882363636363637,0.05753986909985542,0.9845999479293823,0.021126750856637955,0.009800000116229057,1.0601450204849243,0.2786460816860199,0.14595026497423103
bfp16,16,both,producer,7,2,7,0.03237743474786932,0.9898363636363636,0.04952504113316536,0.986799955368042,0.014138924889266491,0.007400000002235174,1.3612651824951172,0.23363420367240906,0.13515814226657683
bfp16,16,both,producer,7,2,8,0.029676282848011364,0.9906363636363636,0.04554811865091324,0.9879999756813049,0.010460198856890202,0.005799999926239252,1.5707894563674927,0.21762259304523468,0.12444580776165066
bfp16,16,both,producer,7,2,9,0.027154390092329544,0.9916,0.04431409761309624,0.9883999824523926,0.011137066408991814,0.006799999624490738,1.7757182121276855,0.2124011218547821,0.1129236400721167
bfp16,16,both,producer,7,2,10,0.0246020751953125,0.992,0.04338761791586876,0.9891999959945679,0.011940186843276024,0.00559999980032444,2.083645820617676,0.19276311993598938,0.10517701371309938
bfp16,16,both,producer,7,2,11,0.02271757146661932,0.9930181818181818,0.04749397560954094,0.9881999492645264,0.01007495354861021,0.00559999980032444,2.3183915615081787,0.17939236760139465,0.09881307934657901
bfp16,16,both,producer,7,2,12,0.021385233931107955,0.9931454545454546,0.04237498342990875,0.9891999959945679,0.002670396352186799,0.00279999990016222,2.593687057495117,0.12940627336502075,0.09679333375826338
bfp16,16,both,producer,10,0,1,0.24293382457386364,0.9260727272727273,0.09037952125072479,0.9739999771118164,0.0539197139441967,0.023799998685717583,0.4739902913570404,0.47395041584968567,0.7078690972664857
bfp16,16,both,producer,10,0,2,0.07839104225852273,0.9754545454545455,0.0743471086025238,0.9785999655723572,0.04652642086148262,0.019199999049305916,0.39648038148880005,0.396363765001297,0.5922143331937134
bfp16,16,both,producer,10,0,3,0.06016110617897727,0.9811454545454545,0.06553508341312408,0.9825999736785889,0.026804277673363686,0.011799999512732029,0.335186243057251,0.33389973640441895,0.5417580266249021
bfp16,16,both,producer,10,0,4,0.04960862926136363,0.9848727272727272,0.05792902782559395,0.9839999675750732,0.02026074193418026,0.011599999852478504,0.31597521901130676,0.3110988438129425,0.5020690298847226
bfp16,16,both,producer,10,0,5,0.044617191938920456,0.9859818181818182,0.0576418898999691,0.9842000007629395,0.022126231342554092,0.011599999852478504,0.2973390519618988,0.2865099608898163,0.47698059132050047
bfp16,16,both,producer,10,0,6,0.038532568359375,0.9878727272727272,0.05289885401725769,0.9873999953269958,0.017765384167432785,0.008599999360740185,0.3028741776943207,0.2823602259159088,0.45463704904299684
bfp16,16,both,producer,10,0,7,0.0350727294921875,0.9893818181818181,0.051228828728199005,0.9865999817848206,0.014743564650416374,0.007999999448657036,0.25799378752708435,0.21399784088134766,0.4330446085483783
bfp16,16,both,producer,10,0,8,0.0313653076171875,0.9900545454545454,0.048310332000255585,0.9861999750137329,0.011456924490630627,0.006399999838322401,0.27606523036956787,0.2150580734014511,0.4207391278614485
bfp16,16,both,producer,10,0,9,0.028814111328125,0.9910181818181818,0.05600597709417343,0.9845999479293823,0.015961796045303345,0.010199999436736107,0.2745605409145355,0.17273619771003723,0.40064342754639326
bfp16,16,both,producer,10,0,10,0.02635604580965909,0.9916545454545455,0.07022528350353241,0.9803999662399292,0.03821367397904396,0.0142000000923872,0.3329004645347595,0.20183129608631134,0.39153027171240734
bfp16,16,both,producer,10,0,11,0.023890700461647728,0.9923454545454545,0.0512312687933445,0.9860000014305115,0.016107013449072838,0.007199999876320362,0.35925671458244324,0.1718055009841919,0.3739336153047659
bfp16,16,both,producer,10,0,12,0.0227468017578125,0.9927454545454546,0.04671495035290718,0.9869999885559082,0.0003557333839125931,0.0015999999595806003,0.34907257556915283,0.03258976340293884,0.36476241099233303
bfp16,16,both,producer,10,1,1,0.23453330965909092,0.9287818181818182,0.10367758572101593,0.9685999751091003,0.06324462592601776,0.0279999990016222,0.4639567732810974,0.4639517068862915,0.6626681129464042
bfp16,16,both,producer,10,1,2,0.07584739879261364,0.9766727272727272,0.07522423565387726,0.9781999588012695,0.049313317984342575,0.020800000056624413,0.4030515253543854,0.4027599096298218,0.5540302717124074
bfp16,16,both,producer,10,1,3,0.058307741477272725,0.9816545454545454,0.06818708777427673,0.9801999926567078,0.03089810162782669,0.016999999061226845,0.3396560251712799,0.3381296396255493,0.5034978191983391
bfp16,16,both,producer,10,1,4,0.04768470348011364,0.9852181818181818,0.06316592544317245,0.9815999865531921,0.02589784562587738,0.014399999752640724,0.3495662212371826,0.3454386293888092,0.4661530704230482
bfp16,16,both,producer,10,1,5,0.04080127397017046,0.9874181818181819,0.052303705364465714,0.9853999614715576,0.02459883689880371,0.012199999764561653,0.30025097727775574,0.28957173228263855,0.4386590346196573
bfp16,16,both,producer,10,1,6,0.03653577325994318,0.9884727272727273,0.049633223563432693,0.9863999485969543,0.014441385865211487,0.009599999524652958,0.2543729245662689,0.22877289354801178,0.41764890003824373
bfp16,16,both,producer,10,1,7,0.03284157270951705,0.9897272727272727,0.04630405828356743,0.9869999885559082,0.01680188626050949,0.009599999524652958,0.27736085653305054,0.2412753403186798,0.3972474777367012
bfp16,16,both,producer,10,1,8,0.029775257457386364,0.9907454545454546,0.05036341771483421,0.98499995470047,0.02455999329686165,0.012000000104308128,0.30526891350746155,0.2528654932975769,0.3856186601955892
bfp16,16,both,producer,10,1,9,0.02739986905184659,0.9911272727272727,0.061442237347364426,0.983199954032898,0.025096770375967026,0.012000000104308128,0.29499930143356323,0.21262843906879425,0.37051763307898233
bfp16,16,both,producer,10,1,10,0.02528247736150568,0.9918181818181818,0.04630504548549652,0.988599956035614,0.020944377407431602,0.010400000028312206,0.3114015758037567,0.17848750948905945,0.3560971390067564
bfp16,16,both,producer,10,1,11,0.022891783558238635,0.9927272727272727,0.05483436957001686,0.9845999479293823,0.021015742793679237,0.011799999512732029,0.33578047156333923,0.17575471103191376,0.34228057675147056
bfp16,16,both,producer,10,1,12,0.020101484818892044,0.9940181818181818,0.050226978957653046,0.986799955368042,0.0002599286090116948,0.0007999999797903001,0.3444403409957886,0.024382414296269417,0.3274209630128754
bfp16,16,both,producer,10,2,1,0.22638829900568183,0.9314545454545454,0.08879651129245758,0.974399983882904,0.051765263080596924,0.020600000396370888,0.45479267835617065,0.4548226594924927,0.666958350785817
bfp16,16,both,producer,10,2,2,0.0713199795809659,0.9776363636363636,0.0643184706568718,0.9819999933242798,0.028364554047584534,0.012999999336898327,0.35673972964286804,0.3565814793109894,0.5603470843728943
bfp16,16,both,producer,10,2,3,0.054140141157670456,0.9834909090909091,0.07330957055091858,0.9783999919891357,0.042636625468730927,0.01599999889731407,0.3874659836292267,0.3862367570400238,0.5021999235125931
bfp16,16,both,producer,10,2,4,0.04424964932528409,0.9862181818181818,0.060316771268844604,0.9813999533653259,0.026966597884893417,0.012600000016391277,0.3232541084289551,0.3189522325992584,0.4659925834532243
bfp16,16,both,producer,10,2,5,0.038206911399147725,0.9880545454545454,0.055092621594667435,0.9847999811172485,0.02247253805398941,0.010199999436736107,0.3008315861225128,0.2919711470603943,0.4397698093278214
bfp16,16,both,producer,10,2,6,0.03419862393465909,0.9891272727272727,0.05576823279261589,0.9842000007629395,0.018948717042803764,0.009800000116229057,0.2688200771808624,0.2526664435863495,0.418527708473712
bfp16,16,both,producer,10,2,7,0.029738334517045453,0.9906727272727273,0.048364415764808655,0.9871999621391296,0.012106002308428288,0.00699999975040555,0.24299542605876923,0.20276662707328796,0.4003449900748484
bfp16,16,both,producer,10,2,8,0.026998679421164774,0.9914727272727273,0.045207180082798004,0.988599956035614,0.009990410879254341,0.00559999980032444,0.24288718402385712,0.17802700400352478,0.3797884303691428
bfp16,16,both,producer,10,2,9,0.024686991743607955,0.9921636363636364,0.04259960725903511,0.9896000027656555,0.009787991642951965,0.00559999980032444,0.26851144433021545,0.17683909833431244,0.3603836207681521
bfp16,16,both,producer,10,2,10,0.021760868696732955,0.9927272727272727,0.04295020177960396,0.9891999959945679,0.010785907506942749,0.00559999980032444,0.2951003611087799,0.14606525003910065,0.3440336408005682
bfp16,16,both,producer,10,2,11,0.020205559747869316,0.9934363636363637,0.046952344477176666,0.9887999892234802,0.009625173173844814,0.004999999888241291,0.3300281763076782,0.14773446321487427,0.33472721767951774
bfp16,16,both,producer,10,2,12,0.0187321533203125,0.9939454545454546,0.04072705656290054,0.9901999831199646,0.00015547042130492628,0.0005999999702908099,0.32475200295448303,0.024113230407238007,0.322630597694451
bfp16,16,both,producer,23,0,1,0.2427853338068182,0.9262727272727272,0.09121941030025482,0.9727999567985535,0.05466002598404884,0.02499999850988388,0.4740336835384369,0.47389885783195496,1.0
bfp16,16,both,producer,23,0,2,0.07835972123579546,0.9754,0.07427676022052765,0.9787999987602234,0.04646217077970505,0.01899999938905239,0.39395850896835327,0.3938792943954468,1.0
bfp16,16,both,producer,23,0,3,0.06008317205255682,0.9813454545454545,0.06579142808914185,0.9824000000953674,0.027112215757369995,0.012000000104308128,0.3312661051750183,0.3311636745929718,1.0
bfp16,16,both,producer,23,0,4,0.04958413529829545,0.9847272727272727,0.05811656638979912,0.9837999939918518,0.020262720063328743,0.011399999260902405,0.30669379234313965,0.30670610070228577,1.0
bfp16,16,both,producer,23,0,5,0.044643918678977275,0.9860727272727273,0.05732555687427521,0.9843999743461609,0.022117894142866135,0.011399999260902405,0.2826460003852844,0.2826630175113678,1.0
bfp16,16,both,producer,23,0,6,0.038497713955965907,0.9878363636363636,0.05187360942363739,0.9878000020980835,0.0165101271122694,0.008200000040233135,0.2777717113494873,0.27781563997268677,1.0
bfp16,16,both,producer,23,0,7,0.034896934925426136,0.9893272727272727,0.05097326263785362,0.9861999750137329,0.014422704465687275,0.008599999360740185,0.21413050591945648,0.21414358913898468,1.0
bfp16,16,both,producer,23,0,8,0.031210302734375,0.9902181818181818,0.0476907379925251,0.9871999621391296,0.01120647694915533,0.006799999624490738,0.21393367648124695,0.21394404768943787,1.0
bfp16,16,both,producer,23,0,9,0.028691632634943183,0.9910545454545454,0.05573652312159538,0.9851999878883362,0.01564379222691059,0.009599999524652958,0.17417912185192108,0.1741996854543686,1.0
bfp16,16,both,producer,23,0,10,0.0261025146484375,0.9917818181818182,0.0668957382440567,0.9809999465942383,0.03441827371716499,0.013599999248981476,0.1971350759267807,0.19716696441173553,1.0
bfp16,16,both,producer,23,0,11,0.023756010298295455,0.9924545454545455,0.05092305690050125,0.9863999485969543,0.016105836257338524,0.00699999975040555,0.1727888137102127,0.17278824746608734,1.0
bfp16,16,both,producer,23,0,12,0.022541350763494318,0.9928727272727272,0.04671872407197952,0.9865999817848206,0.0003204866370651871,0.0026000000070780516,0.030357511714100838,0.03029300644993782,1.0
bfp16,16,both,producer,23,1,1,0.23477927911931817,0.9286727272727273,0.10291600227355957,0.9685999751091003,0.06269963085651398,0.02759999968111515,0.4639001488685608,0.4639017581939697,1.0
bfp16,16,both,producer,23,1,2,0.07573481889204546,0.9766545454545454,0.07569064199924469,0.9783999919891357,0.049820609390735626,0.020600000396370888,0.4029231071472168,0.4029347896575928,1.0
bfp16,16,both,producer,23,1,3,0.05821704989346591,0.9816909090909091,0.06838441640138626,0.9803999662399292,0.03136114776134491,0.01719999872148037,0.33733588457107544,0.3373287618160248,1.0
bfp16,16,both,producer,23,1,4,0.04760969904119318,0.9850545454545454,0.06316681951284409,0.9821999669075012,0.02571605145931244,0.0139999995008111,0.3429441750049591,0.34296250343322754,1.0
bfp16,16,both,producer,23,1,5,0.040696368963068184,0.9873818181818181,0.052389685064554214,0.9853999614715576,0.02425261400640011,0.012199999764561653,0.2853771448135376,0.28539618849754333,1.0
bfp16,16,both,producer,23,1,6,0.03648558904474432,0.9884,0.04892581328749657,0.9865999817848206,0.014227825216948986,0.009800000116229057,0.2255847007036209,0.22559748589992523,1.0
bfp16,16,both,producer,23,1,7,0.03266519886363636,0.9897818181818182,0.04601021483540535,0.9873999953269958,0.016526438295841217,0.009399999864399433,0.23691366612911224,0.2369278371334076,1.0
bfp16,16,both,producer,23,1,8,0.029720643199573862,0.9904909090909091,0.050020359456539154,0.9851999878883362,0.02463800646364689,0.012199999764561653,0.2531091868877411,0.25313884019851685,1.0
bfp16,16,both,producer,23,1,9,0.027185129616477274,0.9913090909090909,0.061982885003089905,0.9829999804496765,0.025535203516483307,0.012399999424815178,0.21401651203632355,0.21403849124908447,1.0
bfp16,16,both,producer,23,1,10,0.025091725852272727,0.9918363636363636,0.046242691576480865,0.9881999492645264,0.021013518795371056,0.009999999776482582,0.17566373944282532,0.17563168704509735,1.0
bfp16,16,both,producer,23,1,11,0.022764009232954546,0.992909090909091,0.05310096964240074,0.9853999614715576,0.020739467814564705,0.011599999852478504,0.1754336953163147,0.17545735836029053,1.0
bfp16,16,both,producer,23,1,12,0.019851689009232953,0.9940363636363636,0.050235774368047714,0.9869999885559082,0.00011349675332894549,0.0007999999797903001,0.014940190128982067,0.01491786539554596,1.0
bfp16,16,both,producer,23,2,1,0.22631791548295455,0.9313818181818182,0.08854911476373672,0.974399983882904,0.05152169242501259,0.02019999921321869,0.4567866325378418,0.4567658305168152,1.0
bfp16,16,both,producer,23,2,2,0.07124745649857954,0.9776,0.06428945809602737,0.9817999601364136,0.028294896706938744,0.013199999928474426,0.3545916974544525,0.3545314371585846,1.0
bfp16,16,both,producer,23,2,3,0.05405529563210227,0.9834545454545455,0.07444830983877182,0.9783999919891357,0.04366055503487587,0.01599999889731407,0.38848456740379333,0.388534277677536,1.0
bfp16,16,both,producer,23,2,4,0.04410072354403409,0.9863818181818181,0.05961853638291359,0.9815999865531921,0.02596106193959713,0.012199999764561653,0.31541675329208374,0.31543394923210144,1.0
bfp16,16,both,producer,23,2,5,0.03812201260653409,0.988,0.05522729456424713,0.98499995470047,0.022333601489663124,0.010799999348819256,0.28901344537734985,0.2890443503856659,1.0
bfp16,16,both,producer,23,2,6,0.03406085537997159,0.9892,0.05531012639403343,0.9845999479293823,0.01856607384979725,0.009399999864399433,0.2527012228965759,0.25265344977378845,1.0
bfp16,16,both,producer,23,2,7,0.029730808327414773,0.9905454545454545,0.048645466566085815,0.9873999953269958,0.012064635753631592,0.006799999624490738,0.19867520034313202,0.19863617420196533,1.0
bfp16,16,both,producer,23,2,8,0.027036583362926137,0.9914909090909091,0.04523041099309921,0.9887999892234802,0.009532712399959564,0.005200000014156103,0.1729562133550644,0.17289477586746216,1.0
bfp16,16,both,producer,23,2,9,0.024669482421875,0.9922909090909091,0.042691584676504135,0.9891999959945679,0.009736309759318829,0.005799999926239252,0.1744443029165268,0.17444093525409698,1.0
bfp16,16,both,producer,23,2,10,0.021699014559659092,0.9927818181818182,0.043392494320869446,0.9889999628067017,0.01055474765598774,0.00559999980032444,0.14246216416358948,0.14247971773147583,1.0
bfp16,16,both,producer,23,2,11,0.02011842373934659,0.9935454545454545,0.04744930565357208,0.988599956035614,0.009408622048795223,0.005399999674409628,0.14528010785579681,0.14528821408748627,1.0
bfp16,16,both,producer,23,2,12,0.018627920809659092,0.9940181818181818,0.04077424481511116,0.9899999499320984,7.050073327263817e-05,0.00039999998989515007,0.01308056153357029,0.013027321547269821,1.0
bfp16,16,activation,producer,1,0,1,0.25810514914772725,0.9214363636363636,0.10858200490474701,0.9684000015258789,0.07028762996196747,0.029600000008940697,0.48199644684791565,0.4819253385066986,1.0
bfp16,16,activation,producer,1,0,2,0.08565422585227273,0.9729272727272728,0.08595874905586243,0.9735999703407288,0.05867820978164673,0.02459999918937683,0.39847975969314575,0.39839595556259155,1.0
bfp16,16,activation,producer,1,0,3,0.06680565518465909,0.9790363636363636,0.07335850596427917,0.9787999987602234,0.03851774334907532,0.018400000408291817,0.3395123779773712,0.33935216069221497,1.0
bfp16,16,activation,producer,1,0,4,0.05647611416903409,0.9817090909090909,0.07827062159776688,0.9765999913215637,0.04292123764753342,0.020999999716877937,0.33592021465301514,0.3356438875198364,1.0
bfp16,16,activation,producer,1,0,5,0.05135358220880682,0.9841272727272727,0.06598632782697678,0.9809999465942383,0.03363213688135147,0.014999999664723873,0.3065412640571594,0.30607205629348755,1.0
bfp16,16,activation,producer,1,0,6,0.04539812233664773,0.9853272727272727,0.0587913952767849,0.9839999675750732,0.027717461809515953,0.012999999336898327,0.282991886138916,0.28251612186431885,1.0
bfp16,16,activation,producer,1,0,7,0.043071985973011366,0.9856909090909091,0.054874297231435776,0.9825999736785889,0.02703152969479561,0.014599999412894249,0.24628232419490814,0.24576236307621002,1.0
bfp16,16,activation,producer,1,0,8,0.03956814186789773,0.9867272727272727,0.052218493074178696,0.9869999885559082,0.02618102915585041,0.010199999436736107,0.2564545273780823,0.2559565305709839,1.0
bfp16,16,activation,producer,1,0,9,0.03629687278053977,0.9884909090909091,0.06698060035705566,0.9825999736785889,0.03836022689938545,0.015399999916553497,0.26294344663619995,0.2624671459197998,1.0
bfp16,16,activation,producer,1,0,10,0.034393898703835225,0.9889818181818182,0.07879482209682465,0.9751999974250793,0.060451894998550415,0.02239999920129776,0.28635451197624207,0.28582674264907837,1.0
bfp16,16,activation,producer,1,0,11,0.03129593838778409,0.9893636363636363,0.053349513560533524,0.9861999750137329,0.03292194753885269,0.011799999512732029,0.26700305938720703,0.2664009928703308,1.0
bfp16,16,activation,producer,1,0,12,0.03036190518465909,0.9900545454545454,0.05518156290054321,0.9860000014305115,0.02966763824224472,0.012199999764561653,0.24346722662448883,0.2427862584590912,1.0
bfp16,16,activation,producer,1,1,1,0.25833998579545453,0.9214545454545454,0.10806712508201599,0.9685999751091003,0.07091464847326279,0.029199998825788498,0.46424999833106995,0.4641934037208557,1.0
bfp16,16,activation,producer,1,1,2,0.08496741832386363,0.9735636363636364,0.08064384758472443,0.9765999913215637,0.05429460480809212,0.023000000044703484,0.3992459177970886,0.3991524279117584,1.0
bfp16,16,activation,producer,1,1,3,0.06769332386363637,0.9786,0.08002085238695145,0.9759999513626099,0.04351014643907547,0.021199999377131462,0.34503012895584106,0.34492379426956177,1.0
bfp16,16,activation,producer,1,1,4,0.05388578657670454,0.9831272727272727,0.06594368815422058,0.9801999926567078,0.03202970325946808,0.016599999740719795,0.34879130125045776,0.3486834168434143,1.0
bfp16,16,activation,producer,1,1,5,0.04772294921875,0.9852,0.05494643375277519,0.9845999479293823,0.03342834487557411,0.014599999412894249,0.297983318567276,0.2978138327598572,1.0
bfp16,16,activation,producer,1,1,6,0.043038037109375,0.9862363636363637,0.05484550818800926,0.9857999682426453,0.02708563767373562,0.013399999588727951,0.2584364712238312,0.2582234740257263,1.0
bfp16,16,activation,producer,1,1,7,0.038530828302556816,0.9878,0.049878254532814026,0.9875999689102173,0.019888725131750107,0.009399999864399433,0.24469225108623505,0.24442099034786224,1.0
bfp16,16,activation,producer,1,1,8,0.035466264204545454,0.9888545454545454,0.058420825749635696,0.9842000007629395,0.03571844473481178,0.014399999752640724,0.30290910601615906,0.30269360542297363,1.0
bfp16,16,activation,producer,1,1,9,0.0334751708984375,0.9891090909090909,0.0674014613032341,0.9811999797821045,0.039825551211833954,0.017400000244379044,0.263153612613678,0.2628658413887024,1.0
bfp16,16,activation,producer,1,1,10,0.03100321599786932,0.9900181818181818,0.0542820543050766,0.9853999614715576,0.03678875416517258,0.015599999576807022,0.23961399495601654,0.23912590742111206,1.0
bfp16,16,activation,producer,1,1,11,0.028720219282670455,0.9906909090909091,0.0664622038602829,0.9835999608039856,0.041148945689201355,0.014399999752640724,0.2752978503704071,0.2749446630477905,1.0
bfp16,16,activation,producer,1,1,12,0.026520887340198862,0.9914727272727273,0.057576026767492294,0.9837999939918518,0.027152666822075844,0.012799999676644802,0.23212307691574097,0.23162083327770233,1.0
bfp16,16,activation,producer,1,2,1,0.2454977450284091,0.9246727272727273,0.09845161437988281,0.9713999629020691,0.06347909569740295,0.024000000208616257,0.4668985903263092,0.4668709635734558,1.0
bfp16,16,activation,producer,1,2,2,0.08029345703125,0.9746363636363636,0.07132723927497864,0.9795999526977539,0.03729027882218361,0.014599999412894249,0.3764897882938385,0.37643754482269287,1.0
bfp16,16,activation,producer,1,2,3,0.06134496182528409,0.9806545454545454,0.08315737545490265,0.9765999913215637,0.05226488038897514,0.01860000006854534,0.3895382583141327,0.38952359557151794,1.0
bfp16,16,activation,producer,1,2,4,0.05057520419034091,0.9836363636363636,0.07701362669467926,0.9749999642372131,0.0431528314948082,0.018400000408291817,0.3154207468032837,0.3153405785560608,1.0
bfp16,16,activation,producer,1,2,5,0.04543893821022727,0.9855090909090909,0.06614278256893158,0.9799999594688416,0.03308369219303131,0.014599999412894249,0.3004886507987976,0.30038774013519287,1.0
bfp16,16,activation,producer,1,2,6,0.040684090909090906,0.9870545454545454,0.06700519472360611,0.9805999994277954,0.03004479967057705,0.013799999840557575,0.26978203654289246,0.2696184515953064,1.0
bfp16,16,activation,producer,1,2,7,0.03656682350852273,0.9882727272727273,0.057180143892765045,0.9851999878883362,0.021102270111441612,0.009999999776482582,0.23579491674900055,0.23552671074867249,1.0
bfp16,16,activation,producer,1,2,8,0.03432337979403409,0.9891636363636364,0.052564796060323715,0.9873999953269958,0.016374856233596802,0.007400000002235174,0.20510506629943848,0.20480301976203918,1.0
bfp16,16,activation,producer,1,2,9,0.033166060014204544,0.9893636363636363,0.049952805042266846,0.9873999953269958,0.018376315012574196,0.008599999360740185,0.22447997331619263,0.22423496842384338,1.0
bfp16,16,activation,producer,1,2,10,0.029356139026988637,0.9902181818181818,0.054489634931087494,0.9881999492645264,0.022253520786762238,0.00699999975040555,0.23382920026779175,0.23353269696235657,1.0
bfp16,16,activation,producer,1,2,11,0.028632435191761365,0.9909818181818182,0.06520689278841019,0.9847999811172485,0.024081138893961906,0.010199999436736107,0.24597330391407013,0.24568066000938416,1.0
bfp16,16,activation,producer,1,2,12,0.027379017223011365,0.991,0.0532953143119812,0.9873999953269958,0.01760043203830719,0.00839999970048666,0.20471002161502838,0.2043711096048355,1.0
bfp16,16,activation,producer,2,0,1,0.25073146306818184,0.9239636363636363,0.09951149672269821,0.97079998254776,0.062326956540346146,0.027400000020861626,0.4809868633747101,0.480779230594635,1.0
bfp16,16,activation,producer,2,0,2,0.08130599254261364,0.9742727272727273,0.08023553341627121,0.975600004196167,0.05500760301947594,0.022199999541044235,0.4030938744544983,0.4030030071735382,1.0
bfp16,16,activation,producer,2,0,3,0.06341193625710227,0.9798727272727272,0.06704145669937134,0.9803999662399292,0.03078128583729267,0.015599999576807022,0.3337550163269043,0.33358171582221985,1.0
bfp16,16,activation,producer,2,0,4,0.051389572975852275,0.9842909090909091,0.0621383897960186,0.9825999736785889,0.025459297001361847,0.014399999752640724,0.30975398421287537,0.3096742331981659,1.0
bfp16,16,activation,producer,2,0,5,0.04711721857244318,0.9850909090909091,0.05930251628160477,0.9824000000953674,0.023593515157699585,0.013399999588727951,0.2812836766242981,0.2812145948410034,1.0
bfp16,16,activation,producer,2,0,6,0.040021360085227276,0.9873454545454545,0.05245447903871536,0.9863999485969543,0.018563129007816315,0.010199999436736107,0.2695949375629425,0.2694965898990631,1.0
bfp16,16,activation,producer,2,0,7,0.03660956365411932,0.9884363636363637,0.05370255187153816,0.9855999946594238,0.021551329642534256,0.01119999960064888,0.21942798793315887,0.2192707061767578,1.0
bfp16,16,activation,producer,2,0,8,0.033540833629261364,0.9892909090909091,0.05116832256317139,0.9860000014305115,0.01705082505941391,0.010199999436736107,0.22271470725536346,0.2225312441587448,1.0
bfp16,16,activation,producer,2,0,9,0.03052493341619318,0.9902727272727273,0.05892649665474892,0.9829999804496765,0.026534629985690117,0.013599999248981476,0.20903143286705017,0.20881295204162598,1.0
bfp16,16,activation,producer,2,0,10,0.028021946022727274,0.9905454545454545,0.0769539549946785,0.9799999594688416,0.04830331355333328,0.017400000244379044,0.24341756105422974,0.24327996373176575,1.0
bfp16,16,activation,producer,2,0,11,0.026736428000710227,0.9912,0.05593084543943405,0.9857999682426453,0.02291123941540718,0.010799999348819256,0.21753200888633728,0.21731963753700256,1.0
bfp16,16,activation,producer,2,0,12,0.02459749200994318,0.991909090909091,0.05492471158504486,0.9853999614715576,0.013031250797212124,0.00839999970048666,0.16378027200698853,0.16344761848449707,1.0
bfp16,16,activation,producer,2,1,1,0.24644952059659092,0.925290909090909,0.10495030879974365,0.9685999751091003,0.06529852002859116,0.028199998661875725,0.4675843417644501,0.46754056215286255,1.0
bfp16,16,activation,producer,2,1,2,0.07872859552556818,0.9756727272727272,0.07521224021911621,0.9781999588012695,0.04980897903442383,0.020399998873472214,0.40492913126945496,0.40489625930786133,1.0
bfp16,16,activation,producer,2,1,3,0.060878102805397724,0.9810363636363636,0.06942670792341232,0.9795999526977539,0.033241089433431625,0.018799999728798866,0.33839237689971924,0.33831217885017395,1.0
bfp16,16,activation,producer,2,1,4,0.04935708895596591,0.9846363636363636,0.06268826872110367,0.9813999533653259,0.028333453461527824,0.014599999412894249,0.34712162613868713,0.3470841646194458,1.0
bfp16,16,activation,producer,2,1,5,0.043058633700284094,0.9867272727272727,0.05352757126092911,0.9845999479293823,0.029369594529271126,0.012999999336898327,0.2988685369491577,0.298827201128006,1.0
bfp16,16,activation,producer,2,1,6,0.03833902254971591,0.9878727272727272,0.049647603183984756,0.9861999750137329,0.017678115516901016,0.010599999688565731,0.2517755925655365,0.2516961693763733,1.0
bfp16,16,activation,producer,2,1,7,0.03430239923650568,0.9891272727272727,0.047155797481536865,0.9871999621391296,0.018152333796024323,0.010199999436736107,0.2448359876871109,0.24477781355381012,1.0
bfp16,16,activation,producer,2,1,8,0.03182835582386364,0.9901636363636364,0.050217002630233765,0.9853999614715576,0.02853337675333023,0.013399999588727951,0.2814652919769287,0.28141355514526367,1.0
bfp16,16,activation,producer,2,1,9,0.02969658203125,0.9901272727272727,0.062219373881816864,0.9827999472618103,0.031791578978300095,0.014999999664723873,0.24670587480068207,0.246628999710083,1.0
bfp16,16,activation,producer,2,1,10,0.026748304332386362,0.9915454545454545,0.04640234261751175,0.9875999689102173,0.025629283860325813,0.011599999852478504,0.19335268437862396,0.1932210922241211,1.0
bfp16,16,activation,producer,2,1,11,0.024326558061079546,0.9922545454545455,0.05346778407692909,0.9861999750137329,0.026411013677716255,0.012000000104308128,0.20743440091609955,0.20730265974998474,1.0
bfp16,16,activation,producer,2,1,12,0.022185347123579547,0.9931272727272727,0.04970362037420273,0.9869999885559082,0.006943818647414446,0.00559999980032444,0.11458239704370499,0.11423802375793457,1.0
bfp16,16,activation,producer,2,2,1,0.23416850142045453,0.9287818181818182,0.09163278341293335,0.9727999567985535,0.0546276718378067,0.022599998861551285,0.4595794975757599,0.4595681428909302,1.0
bfp16,16,activation,producer,2,2,2,0.07465203302556818,0.9765272727272727,0.06664960831403732,0.9803999662399292,0.03059534542262554,0.0142000000923872,0.35927173495292664,0.35922977328300476,1.0
bfp16,16,activation,producer,2,2,3,0.05658949751420454,0.982909090909091,0.0773029550909996,0.9771999716758728,0.04659449681639671,0.017400000244379044,0.3939327895641327,0.3939857482910156,1.0
bfp16,16,activation,producer,2,2,4,0.04676534534801136,0.9852909090909091,0.06146213412284851,0.9805999994277954,0.028338627889752388,0.013599999248981476,0.3168136179447174,0.3168179988861084,1.0
bfp16,16,activation,producer,2,2,5,0.04031609552556818,0.9872727272727273,0.05681204795837402,0.9839999675750732,0.024542834609746933,0.011399999260902405,0.29440852999687195,0.2944214940071106,1.0
bfp16,16,activation,producer,2,2,6,0.03635201305042614,0.9881636363636364,0.05607306957244873,0.9847999811172485,0.02030164934694767,0.009999999776482582,0.24796360731124878,0.24790021777153015,1.0
bfp16,16,activation,producer,2,2,7,0.03275807217684659,0.9898,0.04967901110649109,0.9869999885559082,0.01407377328723669,0.007799999788403511,0.2053537219762802,0.2052888125181198,1.0
bfp16,16,activation,producer,2,2,8,0.029843763316761363,0.9903454545454545,0.04792124032974243,0.9860000014305115,0.01248212717473507,0.00699999975040555,0.1966567486524582,0.19662120938301086,1.0
bfp16,16,activation,producer,2,2,9,0.027211292613636362,0.9912909090909091,0.044447511434555054,0.988599956035614,0.012160883285105228,0.006799999624490738,0.20048333704471588,0.20045475661754608,1.0
bfp16,16,activation,producer,2,2,10,0.024068370472301138,0.9919272727272728,0.04681602865457535,0.9883999824523926,0.013187911361455917,0.005399999674409628,0.16951392590999603,0.16945695877075195,1.0
bfp16,16,activation,producer,2,2,11,0.02280660733309659,0.9926545454545455,0.05266492813825607,0.9878000020980835,0.01516036968678236,0.007599999662488699,0.1745796948671341,0.17447248101234436,1.0
bfp16,16,activation,producer,2,2,12,0.021178291459517044,0.9930363636363636,0.0468851663172245,0.9893999695777893,0.004908496048301458,0.004399999976158142,0.11055702716112137,0.11041101068258286,1.0
bfp16,16,activation,producer,3,0,1,0.24537104048295455,0.9259090909090909,0.09395662695169449,0.9717999696731567,0.057277947664260864,0.025599999353289604,0.47480249404907227,0.474618524312973,1.0
bfp16,16,activation,producer,3,0,2,0.07919645774147727,0.9748909090909091,0.07483960688114166,0.9777999520301819,0.04667361080646515,0.02019999921321869,0.3938465118408203,0.3937244415283203,1.0
bfp16,16,activation,producer,3,0,3,0.060874587180397725,0.9809272727272728,0.0671401396393776,0.9805999994277954,0.027985522523522377,0.013199999928474426,0.33203640580177307,0.33189988136291504,1.0
bfp16,16,activation,producer,3,0,4,0.05050162020596591,0.9845090909090909,0.06071300059556961,0.9821999669075012,0.022409899160265923,0.013399999588727951,0.30103248357772827,0.3009986877441406,1.0
bfp16,16,activation,producer,3,0,5,0.04571733842329546,0.9857272727272727,0.05892875790596008,0.9835999608039856,0.02400265634059906,0.012799999676644802,0.2948645353317261,0.29484283924102783,1.0
bfp16,16,activation,producer,3,0,6,0.039414839311079544,0.9874181818181819,0.051078688353300095,0.9869999885559082,0.015997188165783882,0.007799999788403511,0.26390427350997925,0.26389315724372864,1.0
bfp16,16,activation,producer,3,0,7,0.03595064586292614,0.9887090909090909,0.05174178630113602,0.9857999682426453,0.015119082294404507,0.00839999970048666,0.2140936553478241,0.21400414407253265,1.0
bfp16,16,activation,producer,3,0,8,0.031883196466619315,0.9895272727272727,0.048691533505916595,0.9860000014305115,0.012225105427205563,0.006599999964237213,0.21211367845535278,0.212039977312088,1.0
bfp16,16,activation,producer,3,0,9,0.029349651544744317,0.9905090909090909,0.05724300444126129,0.9839999675750732,0.019490914419293404,0.010799999348819256,0.19893008470535278,0.19888949394226074,1.0
bfp16,16,activation,producer,3,0,10,0.026998890269886364,0.9917090909090909,0.07359467446804047,0.9801999926567078,0.04314243793487549,0.015399999916553497,0.22145900130271912,0.2214217334985733,1.0
bfp16,16,activation,producer,3,0,11,0.02474864834872159,0.9921454545454546,0.05225269868969917,0.9847999811172485,0.015567357651889324,0.009200000204145908,0.17288143932819366,0.17282137274742126,1.0
bfp16,16,activation,producer,3,0,12,0.02358363370028409,0.9924727272727273,0.04902586340904236,0.9875999689102173,0.0037025930359959602,0.004399999976158142,0.09737355262041092,0.09712395071983337,1.0
bfp16,16,activation,producer,3,1,1,0.23877349076704546,0.9278545454545455,0.10415936261415482,0.9699999690055847,0.0638822466135025,0.026599999517202377,0.46535050868988037,0.4653344750404358,1.0
bfp16,16,activation,producer,3,1,2,0.0764824307528409,0.9765272727272727,0.07556596398353577,0.9783999919891357,0.04952233284711838,0.021199999377131462,0.40595459938049316,0.4059458076953888,1.0
bfp16,16,activation,producer,3,1,3,0.05888014026988636,0.9813636363636363,0.07115987688302994,0.9791999459266663,0.03382767364382744,0.018799999728798866,0.3406679928302765,0.34063634276390076,1.0
bfp16,16,activation,producer,3,1,4,0.04850505593039773,0.9848,0.0648786872625351,0.9817999601364136,0.028245361521840096,0.0139999995008111,0.3453463912010193,0.345357209444046,1.0
bfp16,16,activation,producer,3,1,5,0.04145643643465909,0.9872363636363637,0.05238844081759453,0.986799955368042,0.024417102336883545,0.011799999512732029,0.2838253974914551,0.2838289141654968,1.0
bfp16,16,activation,producer,3,1,6,0.03684891912286932,0.9884363636363637,0.047641538083553314,0.9871999621391296,0.016182906925678253,0.010199999436736107,0.2341272532939911,0.2341092824935913,1.0
bfp16,16,activation,producer,3,1,7,0.03350752175071023,0.9895454545454545,0.045922160148620605,0.9871999621391296,0.01674542762339115,0.009599999524652958,0.23666341602802277,0.23665332794189453,1.0
bfp16,16,activation,producer,3,1,8,0.030143541370738637,0.9906363636363636,0.049115411937236786,0.9851999878883362,0.02545301429927349,0.012999999336898327,0.26427507400512695,0.2642710208892822,1.0
bfp16,16,activation,producer,3,1,9,0.027797434303977273,0.9907818181818182,0.06004296988248825,0.9839999675750732,0.02647162787616253,0.012399999424815178,0.22524568438529968,0.22523802518844604,1.0
bfp16,16,activation,producer,3,1,10,0.025554805131392046,0.9919272727272728,0.04365532845258713,0.9893999695777893,0.01827099174261093,0.009800000116229057,0.17100678384304047,0.17096392810344696,1.0
bfp16,16,activation,producer,3,1,11,0.02320756170099432,0.9926727272727273,0.05227552354335785,0.9851999878883362,0.018339497968554497,0.012000000104308128,0.16956554353237152,0.16953811049461365,1.0
bfp16,16,activation,producer,3,1,12,0.020334388316761362,0.9938,0.0511285774409771,0.986799955368042,0.0024773264303803444,0.003399999812245369,0.07190443575382233,0.07165148109197617,1.0
bfp16,16,activation,producer,3,2,1,0.22879373224431818,0.9304181818181818,0.08958286792039871,0.9741999506950378,0.052600961178541183,0.020600000396370888,0.45720618963241577,0.457193523645401,1.0
bfp16,16,activation,producer,3,2,2,0.07226741388494318,0.9770909090909091,0.06328514963388443,0.9833999872207642,0.02727331407368183,0.011599999852478504,0.3500990569591522,0.3500446379184723,1.0
bfp16,16,activation,producer,3,2,3,0.054808442826704544,0.9834363636363637,0.06851599365472794,0.9799999594688416,0.037806712090969086,0.014399999752640724,0.3770543932914734,0.3770885467529297,1.0
bfp16,16,activation,producer,3,2,4,0.04483926669034091,0.9862545454545455,0.05845482274889946,0.9837999939918518,0.023377425968647003,0.010599999688565731,0.30886179208755493,0.3088684678077698,1.0
bfp16,16,activation,producer,3,2,5,0.038888689630681816,0.9876909090909091,0.0555955246090889,0.9851999878883362,0.02300136908888817,0.009999999776482582,0.2934280335903168,0.2934533953666687,1.0
bfp16,16,activation,producer,3,2,6,0.03499137073863636,0.9887090909090909,0.0562446154654026,0.9845999479293823,0.019224608317017555,0.009399999864399433,0.24677017331123352,0.24670597910881042,1.0
bfp16,16,activation,producer,3,2,7,0.030611643288352273,0.9902727272727273,0.049820832908153534,0.9871999621391296,0.0131077254191041,0.007400000002235174,0.19899322092533112,0.19895587861537933,1.0
bfp16,16,activation,producer,3,2,8,0.02793018465909091,0.990890909090909,0.046104222536087036,0.9878000020980835,0.009748458862304688,0.00559999980032444,0.17566952109336853,0.1756153404712677,1.0
bfp16,16,activation,producer,3,2,9,0.025515462979403408,0.9916727272727273,0.044447433203458786,0.9873999953269958,0.012095066718757153,0.007599999662488699,0.18459665775299072,0.1845974177122116,1.0
bfp16,16,activation,producer,3,2,10,0.022212846235795454,0.9926,0.046019092202186584,0.9881999492645264,0.013955761678516865,0.006599999964237213,0.1636565625667572,0.16365599632263184,1.0
bfp16,16,activation,producer,3,2,11,0.02101443536931818,0.9932363636363636,0.04923059418797493,0.9875999689102173,0.010873246937990189,0.006199999712407589,0.15072037279605865,0.15065263211727142,1.0
bfp16,16,activation,producer,3,2,12,0.019566190962357954,0.9937636363636364,0.04299734905362129,0.9901999831199646,0.0016024149954319,0.002199999988079071,0.058128565549850464,0.058020416647195816,1.0
bfp16,16,activation,producer,4,0,1,0.24404957386363638,0.9259090909090909,0.0929492637515068,0.9721999764442444,0.05608351156115532,0.024799998849630356,0.47385674715042114,0.47371283173561096,1.0
bfp16,16,activation,producer,4,0,2,0.07849351029829546,0.9750545454545455,0.07268474996089935,0.9797999858856201,0.04407712444663048,0.018199998885393143,0.3922174572944641,0.3920888602733612,1.0
bfp16,16,activation,producer,4,0,3,0.06037821821732955,0.9813090909090909,0.06548158079385757,0.9825999736785889,0.026452193036675453,0.011799999512732029,0.3324417173862457,0.3323349952697754,1.0
bfp16,16,activation,producer,4,0,4,0.049753835227272725,0.9848727272727272,0.0593891479074955,0.9825999736785889,0.02118818089365959,0.013199999928474426,0.30823996663093567,0.30824294686317444,1.0
bfp16,16,activation,producer,4,0,5,0.04471810635653409,0.9863090909090909,0.058049242943525314,0.9833999872207642,0.022395925596356392,0.012199999764561653,0.28559643030166626,0.2855834364891052,1.0
bfp16,16,activation,producer,4,0,6,0.03883136541193182,0.9877454545454546,0.05064433440566063,0.9881999492645264,0.01560907531529665,0.00699999975040555,0.27266111969947815,0.2726699113845825,1.0
bfp16,16,activation,producer,4,0,7,0.03514204989346591,0.9891636363636364,0.05129874870181084,0.9855999946594238,0.014958578161895275,0.00839999970048666,0.2095089554786682,0.2094663679599762,1.0
bfp16,16,activation,producer,4,0,8,0.031250619229403406,0.9899818181818182,0.04734339565038681,0.986799955368042,0.011327971704304218,0.005799999926239252,0.21693280339241028,0.21688947081565857,1.0
bfp16,16,activation,producer,4,0,9,0.02872623623934659,0.9910545454545454,0.05445316061377525,0.9845999479293823,0.015488699078559875,0.009399999864399433,0.19048123061656952,0.19045954942703247,1.0
bfp16,16,activation,producer,4,0,10,0.02613455477627841,0.9919818181818182,0.06958698481321335,0.9807999730110168,0.037338681519031525,0.013799999840557575,0.20625345408916473,0.20625567436218262,1.0
bfp16,16,activation,producer,4,0,11,0.024001728959517046,0.9926181818181818,0.05061839148402214,0.98499995470047,0.016052592545747757,0.008999999612569809,0.17586666345596313,0.1758524626493454,1.0
bfp16,16,activation,producer,4,0,12,0.022678815252130682,0.9927454545454546,0.04885929077863693,0.9873999953269958,0.0015506955096498132,0.003999999724328518,0.059908416122198105,0.05975714698433876,1.0
bfp16,16,activation,producer,4,1,1,0.23623510298295455,0.9284363636363636,0.1039125993847847,0.968999981880188,0.06349140405654907,0.02719999849796295,0.46289291977882385,0.4628831744194031,1.0
bfp16,16,activation,producer,4,1,2,0.07603122336647727,0.9768363636363636,0.07501880824565887,0.9785999655723572,0.04969242215156555,0.020600000396370888,0.4050658643245697,0.40506651997566223,1.0
bfp16,16,activation,producer,4,1,3,0.05873940873579545,0.9814545454545455,0.06824949383735657,0.9803999662399292,0.03211125731468201,0.01719999872148037,0.3432137370109558,0.3432045876979828,1.0
bfp16,16,activation,producer,4,1,4,0.047970361328125,0.9851090909090909,0.06401068717241287,0.9811999797821045,0.026614537462592125,0.015599999576807022,0.344215452671051,0.3442309498786926,1.0
bfp16,16,activation,producer,4,1,5,0.04119493075284091,0.9872545454545455,0.0522756464779377,0.9855999946594238,0.023319289088249207,0.01119999960064888,0.280656099319458,0.28066861629486084,1.0
bfp16,16,activation,producer,4,1,6,0.03683230202414773,0.9883090909090909,0.04900242015719414,0.986799955368042,0.015923915430903435,0.009999999776482582,0.23422935605049133,0.23422841727733612,1.0
bfp16,16,activation,producer,4,1,7,0.033006776012073864,0.9897090909090909,0.04616645351052284,0.9875999689102173,0.015831710770726204,0.008999999612569809,0.23338131606578827,0.2333870381116867,1.0
bfp16,16,activation,producer,4,1,8,0.02980476962002841,0.9903636363636363,0.05080366134643555,0.9855999946594238,0.02682226523756981,0.013199999928474426,0.2636936604976654,0.26371005177497864,1.0
bfp16,16,activation,producer,4,1,9,0.027746293501420456,0.9910727272727273,0.060763612389564514,0.9837999939918518,0.025433901697397232,0.012000000104308128,0.2214123159646988,0.22143052518367767,1.0
bfp16,16,activation,producer,4,1,10,0.025334166370738636,0.9918363636363636,0.046199895441532135,0.9875999689102173,0.020246632397174835,0.010799999348819256,0.17232069373130798,0.1722867488861084,1.0
bfp16,16,activation,producer,4,1,11,0.02289789151278409,0.9926727272727273,0.053146056830883026,0.98499995470047,0.02081371657550335,0.012199999764561653,0.18216875195503235,0.18218311667442322,1.0
bfp16,16,activation,producer,4,1,12,0.020249988902698864,0.9939818181818182,0.050221558660268784,0.9863999485969543,0.0007435107254423201,0.0011999999405816197,0.04049528390169144,0.040381111204624176,1.0
bfp16,16,activation,producer,4,2,1,0.2275647549715909,0.9311090909090909,0.08899891376495361,0.9735999703407288,0.05200974643230438,0.021399999037384987,0.45585665106773376,0.4558365046977997,1.0
bfp16,16,activation,producer,4,2,2,0.07164544122869318,0.9772909090909091,0.06407403200864792,0.9824000000953674,0.027789268642663956,0.012399999424815178,0.3540971875190735,0.35402703285217285,1.0
bfp16,16,activation,producer,4,2,3,0.05450099431818182,0.9834181818181819,0.07241532951593399,0.9777999520301819,0.041793957352638245,0.016599999740719795,0.38867947459220886,0.38872548937797546,1.0
bfp16,16,activation,producer,4,2,4,0.04462424982244318,0.9860545454545454,0.058788757771253586,0.9821999669075012,0.025698436424136162,0.012600000016391277,0.3169165849685669,0.31693875789642334,1.0
bfp16,16,activation,producer,4,2,5,0.03835645862926136,0.987909090909091,0.0546853207051754,0.9857999682426453,0.02204952947795391,0.009399999864399433,0.2911018431186676,0.29113370180130005,1.0
bfp16,16,activation,producer,4,2,6,0.034271437766335226,0.9890909090909091,0.05476537346839905,0.9855999946594238,0.017932429909706116,0.00839999970048666,0.24595516920089722,0.2459040731191635,1.0
bfp16,16,activation,producer,4,2,7,0.030107457386363636,0.9904181818181819,0.04973253235220909,0.9865999817848206,0.012687626294791698,0.007999999448657036,0.19828948378562927,0.19827009737491608,1.0
bfp16,16,activation,producer,4,2,8,0.027371650834517047,0.9911454545454546,0.04569990932941437,0.9889999628067017,0.009729327633976936,0.004600000102072954,0.17678989470005035,0.17675523459911346,1.0
bfp16,16,activation,producer,4,2,9,0.02500401278409091,0.9921454545454546,0.042994365096092224,0.9887999892234802,0.010373955592513084,0.006599999964237213,0.18174126744270325,0.18175290524959564,1.0
bfp16,16,activation,producer,4,2,10,0.02213033114346591,0.9925454545454545,0.04333211109042168,0.9893999695777893,0.010923508554697037,0.005200000014156103,0.14540444314479828,0.14541135728359222,1.0
bfp16,16,activation,producer,4,2,11,0.02040958584872159,0.9934727272727273,0.04675757512450218,0.9883999824523926,0.009401025250554085,0.005799999926239252,0.1455424427986145,0.14551599323749542,1.0
bfp16,16,activation,producer,4,2,12,0.018971828391335228,0.993890909090909,0.04088322073221207,0.990399956703186,0.0004650031041819602,0.0007999999797903001,0.03488297387957573,0.03478972613811493,1.0
bfp16,16,activation,producer,5,0,1,0.2436840909090909,0.9261272727272727,0.09134507179260254,0.9735999703407288,0.05477941781282425,0.023799998685717583,0.475308895111084,0.47516441345214844,1.0
bfp16,16,activation,producer,5,0,2,0.07857783203125,0.9753090909090909,0.07291093468666077,0.9789999723434448,0.0447099506855011,0.018799999728798866,0.394602507352829,0.3945089876651764,1.0
bfp16,16,activation,producer,5,0,3,0.060294136186079546,0.9814181818181819,0.06620848923921585,0.9817999601364136,0.027129406109452248,0.012600000016391277,0.33305782079696655,0.33296874165534973,1.0
bfp16,16,activation,producer,5,0,4,0.04977010387073864,0.984890909090909,0.058330927044153214,0.9839999675750732,0.020156536251306534,0.012000000104308128,0.3077849745750427,0.30779317021369934,1.0
bfp16,16,activation,producer,5,0,5,0.04456436434659091,0.9862363636363637,0.05667027458548546,0.9835999608039856,0.02199888788163662,0.012000000104308128,0.28386062383651733,0.2838735580444336,1.0
bfp16,16,activation,producer,5,0,6,0.03870450550426136,0.9877090909090909,0.052450768649578094,0.9873999953269958,0.016427775844931602,0.008200000040233135,0.27559855580329895,0.27562862634658813,1.0
bfp16,16,activation,producer,5,0,7,0.03501283957741477,0.9892727272727273,0.05111882463097572,0.9857999682426453,0.014315173029899597,0.008200000040233135,0.20743049681186676,0.20741374790668488,1.0
bfp16,16,activation,producer,5,0,8,0.03127602095170454,0.9902545454545455,0.04775870218873024,0.9869999885559082,0.011315692216157913,0.006599999964237213,0.2178194671869278,0.21778948605060577,1.0
bfp16,16,activation,producer,5,0,9,0.028762302468039774,0.9910545454545454,0.054573506116867065,0.98499995470047,0.014948519878089428,0.009599999524652958,0.1828382909297943,0.182834193110466,1.0
bfp16,16,activation,producer,5,0,10,0.02615731534090909,0.9919454545454546,0.06696854531764984,0.9807999730110168,0.034545183181762695,0.012999999336898327,0.20095784962177277,0.20097586512565613,1.0
bfp16,16,activation,producer,5,0,11,0.02379588068181818,0.9927636363636364,0.052521925419569016,0.9851999878883362,0.01713966205716133,0.008799999952316284,0.17515668272972107,0.17515160143375397,1.0
bfp16,16,activation,producer,5,0,12,0.022743152965198864,0.9926909090909091,0.04759259521961212,0.9869999885559082,0.0010934125166386366,0.0031999999191612005,0.04926072433590889,0.04917381331324577,1.0
bfp16,16,activation,producer,5,1,1,0.23491081321022728,0.9288363636363637,0.10437023639678955,0.9669999480247498,0.06381212919950485,0.029199998825788498,0.4624587595462799,0.46245867013931274,1.0
bfp16,16,activation,producer,5,1,2,0.07581483487215909,0.9765818181818182,0.07557523250579834,0.9789999723434448,0.04978320747613907,0.019999999552965164,0.4052872359752655,0.4052959382534027,1.0
bfp16,16,activation,producer,5,1,3,0.05849096235795455,0.9815636363636364,0.06827007979154587,0.9803999662399292,0.031351566314697266,0.01679999940097332,0.33897343277931213,0.33897271752357483,1.0
bfp16,16,activation,producer,5,1,4,0.047853062855113634,0.9849818181818182,0.06388262659311295,0.9809999465942383,0.026554083451628685,0.015599999576807022,0.3440094292163849,0.3440299928188324,1.0
bfp16,16,activation,producer,5,1,5,0.040841552734375,0.9872545454545455,0.05225897207856178,0.9855999946594238,0.02379145473241806,0.012000000104308128,0.28220728039741516,0.28222590684890747,1.0
bfp16,16,activation,producer,5,1,6,0.036559665749289774,0.9881090909090909,0.04857712984085083,0.9865999817848206,0.013573963195085526,0.009800000116229057,0.22520168125629425,0.22520864009857178,1.0
bfp16,16,activation,producer,5,1,7,0.03282749467329545,0.9898,0.046407219022512436,0.9878000020980835,0.016752101480960846,0.009399999864399433,0.23593991994857788,0.23594726622104645,1.0
bfp16,16,activation,producer,5,1,8,0.029744391424005683,0.9907090909090909,0.05084595829248428,0.9853999614715576,0.025823432952165604,0.012999999336898327,0.2581014931201935,0.25812777876853943,1.0
bfp16,16,activation,producer,5,1,9,0.027398484108664772,0.9911454545454546,0.0622505359351635,0.9833999872207642,0.025599971413612366,0.012999999336898327,0.22124063968658447,0.22126273810863495,1.0
bfp16,16,activation,producer,5,1,10,0.02520173561789773,0.9920727272727272,0.04632319509983063,0.9875999689102173,0.020763225853443146,0.010799999348819256,0.1738295704126358,0.17381133139133453,1.0
bfp16,16,activation,producer,5,1,11,0.022831154563210228,0.9927454545454546,0.05465089902281761,0.9847999811172485,0.021714769303798676,0.012399999424815178,0.18190684914588928,0.18192778527736664,1.0
bfp16,16,activation,producer,5,1,12,0.020175949928977272,0.994,0.05008191615343094,0.9865999817848206,0.0004964154795743525,0.00139999995008111,0.02959262579679489,0.029499001801013947,1.0
bfp16,16,activation,producer,5,2,1,0.22696274857954546,0.9311454545454545,0.08824609965085983,0.974399983882904,0.051284484565258026,0.020600000396370888,0.4565122723579407,0.45649078488349915,1.0
bfp16,16,activation,producer,5,2,2,0.07148337624289773,0.9775818181818182,0.0643792524933815,0.9821999669075012,0.028216537088155746,0.012600000016391277,0.35371026396751404,0.35366377234458923,1.0
bfp16,16,activation,producer,5,2,3,0.054102552379261364,0.9835818181818182,0.07354849576950073,0.9777999520301819,0.04303152486681938,0.016599999740719795,0.3850392699241638,0.38509196043014526,1.0
bfp16,16,activation,producer,5,2,4,0.04432912819602273,0.9863272727272727,0.05915524810552597,0.9824000000953674,0.025495899841189384,0.011799999512732029,0.31038618087768555,0.31041306257247925,1.0
bfp16,16,activation,producer,5,2,5,0.03816719637784091,0.9880363636363636,0.055705614387989044,0.9847999811172485,0.023006785660982132,0.010799999348819256,0.2876826226711273,0.2877081632614136,1.0
bfp16,16,activation,producer,5,2,6,0.03424502840909091,0.9890363636363636,0.055394452065229416,0.9847999811172485,0.018743693828582764,0.009200000204145908,0.2475016564130783,0.24743886291980743,1.0
bfp16,16,activation,producer,5,2,7,0.02988702059659091,0.9904727272727273,0.049170833081007004,0.9869999885559082,0.012453054077923298,0.007599999662488699,0.19431747496128082,0.1942947655916214,1.0
bfp16,16,activation,producer,5,2,8,0.02714886807528409,0.9913818181818181,0.04554728418588638,0.988599956035614,0.010052909143269062,0.00559999980032444,0.17386481165885925,0.17382629215717316,1.0
bfp16,16,activation,producer,5,2,9,0.02475096990411932,0.9922,0.04255515709519386,0.9889999628067017,0.009950793348252773,0.006399999838322401,0.17519159615039825,0.1751997470855713,1.0
bfp16,16,activation,producer,5,2,10,0.02189896795099432,0.9924727272727273,0.04380698502063751,0.9883999824523926,0.011355964466929436,0.005799999926239252,0.1458292007446289,0.14584565162658691,1.0
bfp16,16,activation,producer,5,2,11,0.02023393332741477,0.9933636363636363,0.04766114428639412,0.988599956035614,0.009756254032254219,0.006000000052154064,0.1465989202260971,0.14658384025096893,1.0
bfp16,16,activation,producer,5,2,12,0.018876247336647726,0.9940363636363636,0.04108479991555214,0.9896000027656555,0.00021385228319559246,0.0007999999797903001,0.02548811212182045,0.025422755628824234,1.0
bfp16,16,activation,producer,7,0,1,0.24289710582386365,0.9264,0.09155892580747604,0.9731999635696411,0.054830700159072876,0.02459999918937683,0.4753686785697937,0.4752333462238312,1.0
bfp16,16,activation,producer,7,0,2,0.0782884765625,0.9756727272727272,0.07394269108772278,0.9783999919891357,0.046106427907943726,0.01939999870955944,0.3936057388782501,0.393520712852478,1.0
bfp16,16,activation,producer,7,0,3,0.06004218306107954,0.9813454545454545,0.06559564918279648,0.9821999669075012,0.02690945938229561,0.012199999764561653,0.3298180401325226,0.3297312557697296,1.0
bfp16,16,activation,producer,7,0,4,0.04954198330965909,0.9849272727272728,0.058090027421712875,0.9837999939918518,0.020006921142339706,0.011599999852478504,0.3036087453365326,0.30361801385879517,1.0
bfp16,16,activation,producer,7,0,5,0.04460956143465909,0.9860545454545454,0.05778512731194496,0.9843999743461609,0.022465746849775314,0.011399999260902405,0.2818533480167389,0.2818707227706909,1.0
bfp16,16,activation,producer,7,0,6,0.0384150390625,0.9878363636363636,0.05231020972132683,0.9871999621391296,0.017093593254685402,0.00839999970048666,0.2761095464229584,0.27614888548851013,1.0
bfp16,16,activation,producer,7,0,7,0.03497655140269886,0.9891818181818182,0.0507659874856472,0.9865999817848206,0.014228994026780128,0.008200000040233135,0.21004444360733032,0.2100449949502945,1.0
bfp16,16,activation,producer,7,0,8,0.031286763139204546,0.9902,0.048052527010440826,0.986799955368042,0.011450625024735928,0.006599999964237213,0.2148287296295166,0.21482880413532257,1.0
bfp16,16,activation,producer,7,0,9,0.028659889914772727,0.9911636363636364,0.05530685931444168,0.9843999743461609,0.01534513384103775,0.009999999776482582,0.18082180619239807,0.18083374202251434,1.0
bfp16,16,activation,producer,7,0,10,0.026146184747869318,0.9916181818181818,0.06793078780174255,0.9809999465942383,0.035898178815841675,0.0139999995008111,0.200641468167305,0.20067378878593445,1.0
bfp16,16,activation,producer,7,0,11,0.023682530628551135,0.9926545454545455,0.05162987485527992,0.9855999946594238,0.016544973477721214,0.007599999662488699,0.17442314326763153,0.17442919313907623,1.0
bfp16,16,activation,producer,7,0,12,0.022573253284801136,0.9928363636363636,0.04704033583402634,0.9861999750137329,0.0003857219126075506,0.001999999862164259,0.029501253738999367,0.029432877898216248,1.0
bfp16,16,activation,producer,7,1,1,0.23491615767045454,0.9289090909090909,0.10337784141302109,0.9679999947547913,0.06292010843753815,0.027799999341368675,0.46387770771980286,0.46387627720832825,1.0
bfp16,16,activation,producer,7,1,2,0.07567785866477272,0.9766363636363636,0.07535713165998459,0.9785999655723572,0.04945754259824753,0.020399998873472214,0.40232935547828674,0.4023420512676239,1.0
bfp16,16,activation,producer,7,1,3,0.05812894620028409,0.9818363636363636,0.06814192235469818,0.9801999926567078,0.0311556626111269,0.017400000244379044,0.3397323191165924,0.3397229015827179,1.0
bfp16,16,activation,producer,7,1,4,0.04760106090198864,0.9852,0.06291882693767548,0.9819999933242798,0.0255413968116045,0.0142000000923872,0.3421371281147003,0.3421524465084076,1.0
bfp16,16,activation,producer,7,1,5,0.040683442826704545,0.9874181818181819,0.05231090262532234,0.9851999878883362,0.024228917434811592,0.012399999424815178,0.2830643951892853,0.2830826938152313,1.0
bfp16,16,activation,producer,7,1,6,0.03643853648792614,0.9882909090909091,0.0493791401386261,0.9861999750137329,0.014622916467487812,0.009800000116229057,0.22730155289173126,0.22731110453605652,1.0
bfp16,16,activation,producer,7,1,7,0.03272593439275568,0.9898,0.04629714414477348,0.9869999885559082,0.01683490164577961,0.009399999864399433,0.24205967783927917,0.24207040667533875,1.0
bfp16,16,activation,producer,7,1,8,0.029639044744318183,0.9906909090909091,0.050436947494745255,0.9853999614715576,0.024896817281842232,0.012399999424815178,0.25539445877075195,0.2554233968257904,1.0
bfp16,16,activation,producer,7,1,9,0.027266621537642047,0.9912727272727273,0.06109175458550453,0.9833999872207642,0.025379057973623276,0.011799999512732029,0.21491065621376038,0.2149302363395691,1.0
bfp16,16,activation,producer,7,1,10,0.025231232244318183,0.9918545454545454,0.04568414390087128,0.9887999892234802,0.020860685035586357,0.010199999436736107,0.17709985375404358,0.17710506916046143,1.0
bfp16,16,activation,producer,7,1,11,0.02276919833096591,0.9929272727272728,0.05297796055674553,0.98499995470047,0.01926981844007969,0.011599999852478504,0.16953372955322266,0.1695532202720642,1.0
bfp16,16,activation,producer,7,1,12,0.019966499467329545,0.9941454545454546,0.04992149770259857,0.986799955368042,0.00019112224981654435,0.0009999999310821295,0.018641022965312004,0.01851421780884266,1.0
bfp16,16,activation,producer,7,2,1,0.226419140625,0.9314181818181818,0.08865214884281158,0.974399983882904,0.05165179446339607,0.020600000396370888,0.4565930962562561,0.4565650224685669,1.0
bfp16,16,activation,producer,7,2,2,0.0712870028409091,0.9775636363636364,0.06450928747653961,0.9817999601364136,0.02846596948802471,0.012999999336898327,0.35562336444854736,0.35555338859558105,1.0
bfp16,16,activation,producer,7,2,3,0.05407721058238636,0.9835636363636364,0.07334060221910477,0.9781999588012695,0.042553991079330444,0.016200000420212746,0.3844514489173889,0.3844982981681824,1.0
bfp16,16,activation,producer,7,2,4,0.04420432794744318,0.9863272727272727,0.05945976451039314,0.9815999865531921,0.025783883407711983,0.012399999424815178,0.3150990307331085,0.3151046633720398,1.0
bfp16,16,activation,producer,7,2,5,0.03806896750710227,0.988,0.055330757051706314,0.98499995470047,0.022563640028238297,0.010599999688565731,0.28952017426490784,0.28955280780792236,1.0
bfp16,16,activation,producer,7,2,6,0.03408211337002841,0.9891090909090909,0.05536464974284172,0.9847999811172485,0.018624847754836082,0.009200000204145908,0.2504868805408478,0.2504070997238159,1.0
bfp16,16,activation,producer,7,2,7,0.029667458274147726,0.9904727272727273,0.04896460846066475,0.9875999689102173,0.012211727909743786,0.007400000002235174,0.1978841871023178,0.1978493183851242,1.0
bfp16,16,activation,producer,7,2,8,0.027024889026988637,0.9915090909090909,0.045100875198841095,0.9887999892234802,0.00953233428299427,0.005200000014156103,0.17384016513824463,0.17377568781375885,1.0
bfp16,16,activation,producer,7,2,9,0.02474558771306818,0.9922363636363636,0.042848195880651474,0.9891999959945679,0.009877062402665615,0.005799999926239252,0.17462514340877533,0.17462031543254852,1.0
bfp16,16,activation,producer,7,2,10,0.021722525301846592,0.9926545454545455,0.0432545468211174,0.9891999959945679,0.010650656186044216,0.005399999674409628,0.14309081435203552,0.14310988783836365,1.0
bfp16,16,activation,producer,7,2,11,0.020176200727982953,0.9935818181818182,0.0472576767206192,0.9889999628067017,0.009249919094145298,0.005200000014156103,0.14518442749977112,0.1451781541109085,1.0
bfp16,16,activation,producer,7,2,12,0.018728835227272728,0.9938181818181818,0.0406169556081295,0.989799976348877,0.00016910793783608824,0.0005999999702908099,0.022539081051945686,0.02248910814523697,1.0
bfp16,16,activation,producer,10,0,1,0.24288657670454544,0.9263090909090909,0.09109936654567719,0.9735999703407288,0.05455039441585541,0.023799998685717583,0.4739907383918762,0.4738582968711853,1.0
bfp16,16,activation,producer,10,0,2,0.07842418323863637,0.9755636363636364,0.07358498126268387,0.9787999987602234,0.04537855088710785,0.01899999938905239,0.394450306892395,0.3943597078323364,1.0
bfp16,16,activation,producer,10,0,3,0.06019872602982954,0.9812727272727273,0.06589185446500778,0.9827999472618103,0.026923231780529022,0.011599999852478504,0.33205723762512207,0.33196866512298584,1.0
bfp16,16,activation,producer,10,0,4,0.04964509055397727,0.984890909090909,0.05867514759302139,0.9835999608039856,0.02068225108087063,0.012199999764561653,0.3090432286262512,0.30905500054359436,1.0
bfp16,16,activation,producer,10,0,5,0.04465858487215909,0.9860181818181818,0.057003315538167953,0.9843999743461609,0.021758822724223137,0.011399999260902405,0.28192609548568726,0.2819448709487915,1.0
bfp16,16,activation,producer,10,0,6,0.038402991832386366,0.9878545454545454,0.05214666575193405,0.9879999756813049,0.017041487619280815,0.007799999788403511,0.27661973237991333,0.27666205167770386,1.0
bfp16,16,activation,producer,10,0,7,0.03488218883167614,0.9894181818181819,0.051369279623031616,0.9863999485969543,0.014691322110593319,0.00839999970048666,0.21263359487056732,0.21264119446277618,1.0
bfp16,16,activation,producer,10,0,8,0.031142595880681818,0.9902,0.04759000986814499,0.9869999885559082,0.011241019703447819,0.006599999964237213,0.2165825217962265,0.21658781170845032,1.0
bfp16,16,activation,producer,10,0,9,0.028672154651988635,0.9910545454545454,0.05468231812119484,0.9853999614715576,0.014793869107961655,0.008999999612569809,0.17692339420318604,0.17694826424121857,1.0
bfp16,16,activation,producer,10,0,10,0.026080255681818182,0.991890909090909,0.06682885438203812,0.9813999533653259,0.03399944305419922,0.013199999928474426,0.19957725703716278,0.1996113359928131,1.0
bfp16,16,activation,producer,10,0,11,0.023530473188920455,0.9925454545454545,0.05162530392408371,0.9853999614715576,0.01678895577788353,0.007999999448657036,0.17739513516426086,0.17740565538406372,1.0
bfp16,16,activation,producer,10,0,12,0.022471633078835228,0.9928727272727272,0.047036491334438324,0.9871999621391296,0.0003147200040984899,0.00279999990016222,0.02761949598789215,0.027563301846385002,1.0
bfp16,16,activation,producer,10,1,1,0.23468336292613637,0.9288,0.10351543128490448,0.9685999751091003,0.06314589828252792,0.02759999968111515,0.46399375796318054,0.46399635076522827,1.0
bfp16,16,activation,producer,10,1,2,0.0756091708096591,0.9767636363636364,0.07545661926269531,0.9787999987602234,0.049627725034952164,0.02019999921321869,0.4038384258747101,0.40385228395462036,1.0
bfp16,16,activation,producer,10,1,3,0.05814154385653409,0.9819454545454546,0.06869583576917648,0.9799999594688416,0.031458109617233276,0.016999999061226845,0.3359599709510803,0.335948646068573,1.0
bfp16,16,activation,producer,10,1,4,0.047585697798295454,0.9850909090909091,0.06307453662157059,0.9821999669075012,0.025822613388299942,0.014399999752640724,0.3420494496822357,0.34206756949424744,1.0
bfp16,16,activation,producer,10,1,5,0.04062712624289773,0.9875272727272727,0.05251564830541611,0.9857999682426453,0.024400915950536728,0.011799999512732029,0.28479644656181335,0.2848144769668579,1.0
bfp16,16,activation,producer,10,1,6,0.03642544389204545,0.9884727272727273,0.04941178113222122,0.9860000014305115,0.014731436967849731,0.009599999524652958,0.22608768939971924,0.226094052195549,1.0
bfp16,16,activation,producer,10,1,7,0.03266210049715909,0.989909090909091,0.04589274153113365,0.9873999953269958,0.016200188547372818,0.009200000204145908,0.2402041256427765,0.24021612107753754,1.0
bfp16,16,activation,producer,10,1,8,0.029622560813210227,0.9906727272727273,0.050177063792943954,0.9853999614715576,0.024702172726392746,0.012399999424815178,0.2535507380962372,0.25357937812805176,1.0
bfp16,16,activation,producer,10,1,9,0.027227170632102272,0.9912727272727273,0.060735657811164856,0.9829999804496765,0.024804677814245224,0.012399999424815178,0.21653851866722107,0.2165604680776596,1.0
bfp16,16,activation,producer,10,1,10,0.025079372336647726,0.9918727272727272,0.04619502276182175,0.9881999492645264,0.021388256922364235,0.009999999776482582,0.17671915888786316,0.17671507596969604,1.0
bfp16,16,activation,producer,10,1,11,0.02270079012784091,0.9927818181818182,0.05344828590750694,0.98499995470047,0.01988958567380905,0.011599999852478504,0.17325721681118011,0.17328162491321564,1.0
bfp16,16,activation,producer,10,1,12,0.019853326970880682,0.9941454545454546,0.050267353653907776,0.9861999750137329,0.00013165167183615267,0.0005999999702908099,0.01556000392884016,0.015524502843618393,1.0
bfp16,16,activation,producer,10,2,1,0.22633773082386363,0.9313636363636364,0.08848519623279572,0.974399983882904,0.05154632404446602,0.020600000396370888,0.4568394720554352,0.4568120539188385,1.0
bfp16,16,activation,producer,10,2,2,0.07126862127130681,0.9776181818181818,0.0644034668803215,0.9817999601364136,0.028352761641144753,0.013199999928474426,0.3536073863506317,0.3535408675670624,1.0
bfp16,16,activation,producer,10,2,3,0.05414205433238636,0.9835818181818182,0.07397124171257019,0.9783999919891357,0.04324952885508537,0.01599999889731407,0.383884459733963,0.3839310109615326,1.0
bfp16,16,activation,producer,10,2,4,0.04423053089488636,0.9863636363636363,0.05965709686279297,0.9819999933242798,0.02615254372358322,0.011799999512732029,0.31620776653289795,0.3162129819393158,1.0
bfp16,16,activation,producer,10,2,5,0.03813971058238636,0.9880545454545454,0.05583687126636505,0.9851999878883362,0.0231014434248209,0.010400000028312206,0.2888685166835785,0.28889596462249756,1.0
bfp16,16,activation,producer,10,2,6,0.03407759232954546,0.9892545454545455,0.05528870224952698,0.9843999743461609,0.018480459228157997,0.009599999524652958,0.24931253492832184,0.24925734102725983,1.0
bfp16,16,activation,producer,10,2,7,0.029811421342329544,0.9905272727272727,0.04847301170229912,0.9873999953269958,0.01198506634682417,0.006799999624490738,0.1964307725429535,0.1964012235403061,1.0
bfp16,16,activation,producer,10,2,8,0.026966450639204546,0.9914909090909091,0.045342784374952316,0.9887999892234802,0.009834980592131615,0.005399999674409628,0.17620256543159485,0.1761501431465149,1.0
bfp16,16,activation,producer,10,2,9,0.024690241033380682,0.9922181818181818,0.042678579688072205,0.9896000027656555,0.009968218393623829,0.00559999980032444,0.17646704614162445,0.1764739602804184,1.0
bfp16,16,activation,producer,10,2,10,0.021684761186079544,0.9926545454545455,0.04308599978685379,0.9889999628067017,0.010649232193827629,0.00559999980032444,0.1453578770160675,0.14537981152534485,1.0
bfp16,16,activation,producer,10,2,11,0.0200833740234375,0.9935818181818182,0.04683513566851616,0.9891999959945679,0.009092867374420166,0.004799999762326479,0.14457888901233673,0.14458556473255157,1.0
bfp16,16,activation,producer,10,2,12,0.0187031494140625,0.9939454545454546,0.04045223817229271,0.9905999898910522,7.21280011930503e-05,0.00019999999494757503,0.014790222980082035,0.014764250256121159,1.0
bfp16,16,activation,producer,23,0,1,0.24289410511363638,0.9263818181818182,0.09078308194875717,0.973800003528595,0.05433988943696022,0.023599999025464058,0.4743480086326599,0.47420069575309753,1.0
bfp16,16,activation,producer,23,0,2,0.0783930575284091,0.9754363636363637,0.07432115823030472,0.9785999655723572,0.04651116952300072,0.019199999049305916,0.3953701853752136,0.3952944874763489,1.0
bfp16,16,activation,producer,23,0,3,0.060087895063920455,0.9813454545454545,0.06516753137111664,0.9829999804496765,0.02640547975897789,0.011399999260902405,0.3315952718257904,0.3315008580684662,1.0
bfp16,16,activation,producer,23,0,4,0.04955888671875,0.9847818181818182,0.05841328576207161,0.9843999743461609,0.02059525065124035,0.011399999260902405,0.30973637104034424,0.3097531795501709,1.0
bfp16,16,activation,producer,23,0,5,0.04455261896306818,0.9860545454545454,0.057578038424253464,0.9842000007629395,0.02239641733467579,0.011599999852478504,0.28429141640663147,0.28431957960128784,1.0
bfp16,16,activation,producer,23,0,6,0.038411323686079545,0.987909090909091,0.0527690127491951,0.9873999953269958,0.017425483092665672,0.007999999448657036,0.27855250239372253,0.27859699726104736,1.0
bfp16,16,activation,producer,23,0,7,0.034830286754261364,0.9893090909090909,0.05099743232131004,0.9863999485969543,0.014408030547201633,0.008200000040233135,0.21209780871868134,0.21210797131061554,1.0
bfp16,16,activation,producer,23,0,8,0.031167549272017047,0.9902,0.047560859471559525,0.9865999817848206,0.01134435273706913,0.006199999712407589,0.2166697382926941,0.21668259799480438,1.0
bfp16,16,activation,producer,23,0,9,0.028684703480113635,0.9910909090909091,0.05484670400619507,0.98499995470047,0.01575499027967453,0.010199999436736107,0.17783161997795105,0.17785362899303436,1.0
bfp16,16,activation,producer,23,0,10,0.026116508345170455,0.9917636363636364,0.06776309758424759,0.9813999533653259,0.03631383553147316,0.012799999676644802,0.20181885361671448,0.20185334980487823,1.0
bfp16,16,activation,producer,23,0,11,0.02366769353693182,0.9925272727272727,0.0512252077460289,0.9861999750137329,0.016868241131305695,0.007599999662488699,0.17797568440437317,0.17797069251537323,1.0
bfp16,16,activation,producer,23,0,12,0.02248995916193182,0.992890909090909,0.04660233110189438,0.9863999485969543,0.000276843027677387,0.003000000026077032,0.023248139768838882,0.023111673071980476,1.0
bfp16,16,activation,producer,23,1,1,0.23472769886363637,0.9287818181818182,0.10358400642871857,0.9679999947547913,0.06316650658845901,0.028199998661875725,0.4635174870491028,0.4635184705257416,1.0
bfp16,16,activation,producer,23,1,2,0.07568132990056818,0.9768727272727272,0.0752398893237114,0.9785999655723572,0.04955456405878067,0.020399998873472214,0.4028196334838867,0.4028349816799164,1.0
bfp16,16,activation,producer,23,1,3,0.05820739080255682,0.9818181818181818,0.06854253262281418,0.9797999858856201,0.0316217876970768,0.017400000244379044,0.33910006284713745,0.33908841013908386,1.0
bfp16,16,activation,producer,23,1,4,0.04762828036221591,0.9850545454545454,0.06270769983530045,0.9817999601364136,0.02550487406551838,0.014399999752640724,0.34244194626808167,0.3424576222896576,1.0
bfp16,16,activation,producer,23,1,5,0.04063728693181818,0.9874181818181819,0.052504945546388626,0.98499995470047,0.02437286078929901,0.012600000016391277,0.2845436632633209,0.28456225991249084,1.0
bfp16,16,activation,producer,23,1,6,0.036423097922585225,0.9884727272727273,0.04954935982823372,0.9863999485969543,0.014440515078604221,0.009999999776482582,0.22611717879772186,0.2261260449886322,1.0
bfp16,16,activation,producer,23,1,7,0.03270912863991477,0.9899454545454546,0.045988380908966064,0.9869999885559082,0.01664641499519348,0.009800000116229057,0.23855236172676086,0.2385643571615219,1.0
bfp16,16,activation,producer,23,1,8,0.029704145951704546,0.9905454545454545,0.050112348049879074,0.9847999811172485,0.024581002071499825,0.012199999764561653,0.25207167863845825,0.2520991265773773,1.0
bfp16,16,activation,producer,23,1,9,0.027243101917613637,0.9912727272727273,0.06123768165707588,0.9829999804496765,0.025268418714404106,0.012399999424815178,0.21591860055923462,0.21593888103961945,1.0
bfp16,16,activation,producer,23,1,10,0.025196202503551136,0.9919454545454546,0.04643348231911659,0.9883999824523926,0.021623967215418816,0.010599999688565731,0.17843443155288696,0.17841793596744537,1.0
bfp16,16,activation,producer,23,1,11,0.022816060014204546,0.9927090909090909,0.053890008479356766,0.98499995470047,0.0207599475979805,0.012000000104308128,0.17509053647518158,0.1751137375831604,1.0
bfp16,16,activation,producer,23,1,12,0.019954472212357955,0.9940545454545454,0.05026569962501526,0.9869999885559082,9.33017217903398e-05,0.0011999999405816197,0.01297913771122694,0.012950427830219269,1.0
bfp16,16,activation,producer,23,2,1,0.22634339488636362,0.9313818181818182,0.08864664286375046,0.974399983882904,0.051569193601608276,0.02019999921321869,0.45539137721061707,0.45536166429519653,1.0
bfp16,16,activation,producer,23,2,2,0.07125886896306818,0.9775454545454545,0.06436280161142349,0.9817999601364136,0.02827605791389942,0.013199999928474426,0.3542277216911316,0.354165643453598,1.0
bfp16,16,activation,producer,23,2,3,0.05407755681818182,0.9834909090909091,0.07398992031812668,0.9783999919891357,0.04327121004462242,0.01599999889731407,0.38682326674461365,0.38687369227409363,1.0
bfp16,16,activation,producer,23,2,4,0.04418273703835227,0.9863272727272727,0.0596480518579483,0.9815999865531921,0.025898419320583344,0.012399999424815178,0.3146037459373474,0.3146195113658905,1.0
bfp16,16,activation,producer,23,2,5,0.03813853426846591,0.9880181818181818,0.05608854815363884,0.9847999811172485,0.023192226886749268,0.010799999348819256,0.28728699684143066,0.2873081564903259,1.0
bfp16,16,activation,producer,23,2,6,0.03405147372159091,0.9892545454545455,0.05517921596765518,0.9845999479293823,0.018438924103975296,0.009200000204145908,0.250471293926239,0.2504219710826874,1.0
bfp16,16,activation,producer,23,2,7,0.02973145419034091,0.9905636363636363,0.04820844903588295,0.9875999689102173,0.011864236555993557,0.006599999964237213,0.19667544960975647,0.19663836061954498,1.0
bfp16,16,activation,producer,23,2,8,0.027010282759232954,0.9914545454545455,0.0451756976544857,0.9887999892234802,0.009611864574253559,0.005200000014156103,0.17232491075992584,0.1722770482301712,1.0
bfp16,16,activation,producer,23,2,9,0.024629756303267046,0.9921636363636364,0.04284075275063515,0.9891999959945679,0.010119003243744373,0.005799999926239252,0.17593911290168762,0.17594054341316223,1.0
bfp16,16,activation,producer,23,2,10,0.021738434392755683,0.9927090909090909,0.0433754026889801,0.9891999959945679,0.0105688301846385,0.005399999674409628,0.1426824927330017,0.1427004039287567,1.0
bfp16,16,activation,producer,23,2,11,0.020132415216619317,0.9935272727272727,0.047361887991428375,0.9887999892234802,0.009288452565670013,0.005200000014156103,0.14481309056282043,0.1448151022195816,1.0
bfp16,16,activation,producer,23,2,12,0.018627805397727272,0.9939636363636364,0.04090841859579086,0.990399956703186,4.9032030801754445e-05,0.0,0.010472452268004417,0.010454871691763401,1.0
bfp16,16,act_weight,producer,1,0,1,1.115609659090909,0.7326,0.7885119915008545,0.7784000039100647,0.7602766752243042,0.22179999947547913,0.8786014318466187,0.8748992681503296,0.0032231702209029158
bfp16,16,act_weight,producer,1,0,2,0.7805966619318182,0.7873636363636364,0.8110572099685669,0.7861999869346619,0.7830455899238586,0.21559999883174896,0.8816156387329102,0.8789367079734802,9.959297772759556e-05
bfp16,16,act_weight,producer,1,0,3,0.75975234375,0.7932,0.7439857125282288,0.7899999618530273,0.7147392630577087,0.20960000157356262,0.8718944191932678,0.8702402710914612,0.0002847790060279361
bfp16,16,act_weight,producer,1,0,4,0.8232102272727273,0.7690181818181818,1.3760607242584229,0.5992000102996826,1.3467329740524292,0.4025999903678894,0.9323552250862122,0.9313492178916931,0.0010532953324470507
bfp16,16,act_weight,producer,1,0,5,1.1404099431818182,0.6674181818181818,1.049039602279663,0.6926000118255615,1.022981882095337,0.3091999888420105,0.8940038084983826,0.892234206199646,2.6292546120085228e-05
bfp16,16,act_weight,producer,1,0,6,0.9870026988636363,0.7081090909090909,0.8901901245117188,0.7251999974250793,0.862659752368927,0.27559998631477356,0.8723783493041992,0.8696187734603882,0.00014090983591630093
bfp16,16,act_weight,producer,1,0,7,0.8338008522727273,0.7462,0.809992790222168,0.7411999702453613,0.7827104926109314,0.25939998030662537,0.86232590675354,0.857296347618103,8.388574238312907e-05
bfp16,16,act_weight,producer,1,0,8,0.7707862926136364,0.7607636363636363,0.7417382597923279,0.7585999965667725,0.7120946049690247,0.23999999463558197,0.8526760935783386,0.8484170436859131,0.00014045455373240333
bfp16,16,act_weight,producer,1,0,9,0.7224063920454545,0.7766545454545455,0.6976119875907898,0.7759999632835388,0.6694071888923645,0.22299998998641968,0.8493050336837769,0.8441402912139893,6.2828941377866e-05
bfp16,16,act_weight,producer,1,0,10,0.7065612215909091,0.7795272727272727,0.6976133584976196,0.7805999517440796,0.6693663001060486,0.22039999067783356,0.8498781323432922,0.8425022959709167,5.121924568847772e-05
bfp16,16,act_weight,producer,1,0,11,0.7123367897727273,0.7800363636363636,0.7102174758911133,0.7763999700546265,0.6817879676818848,0.22299998998641968,0.851321816444397,0.8423793315887451,8.878002586002804e-05
bfp16,16,act_weight,producer,1,0,12,0.9352603693181818,0.7415090909090909,0.7216726541519165,0.793999969959259,0.6933028101921082,0.20759999752044678,0.9035443663597107,0.8569899201393127,0.001260904008304347
bfp16,16,act_weight,producer,1,1,1,1.0213762073863637,0.7112,0.7748115062713623,0.762999951839447,0.7520873546600342,0.23839999735355377,0.9032638669013977,0.8799557685852051,0.002920749030248948
bfp16,16,act_weight,producer,1,1,2,0.746024502840909,0.7717090909090909,0.7312073111534119,0.7883999943733215,0.707878589630127,0.21359999477863312,0.8950297832489014,0.8673456311225891,0.00018393400229462222
bfp16,16,act_weight,producer,1,1,3,0.7300459517045454,0.7835090909090909,0.7079744935035706,0.7849999666213989,0.68491131067276,0.21599999070167542,0.8878267407417297,0.8585165739059448,0.0003595591047331136
bfp16,16,act_weight,producer,1,1,4,1.4948495738636363,0.5391818181818182,1.6772874593734741,0.5180000066757202,1.643990159034729,0.4813999831676483,0.9722377061843872,0.9680320620536804,0.0011843027808635792
bfp16,16,act_weight,producer,1,1,5,1.5427311079545454,0.5561272727272727,1.4239225387573242,0.6015999913215637,1.3952550888061523,0.3985999822616577,0.9604489803314209,0.949284017086029,0.0001480805303126878
bfp16,16,act_weight,producer,1,1,6,1.3967286931818181,0.5978545454545454,1.2058830261230469,0.6520000100135803,1.178044319152832,0.34619998931884766,0.9390296339988708,0.9323631525039673,0.0010025313689424706
bfp16,16,act_weight,producer,1,1,7,1.1712952414772728,0.6590363636363636,1.1583712100982666,0.6441999673843384,1.1277763843536377,0.3540000021457672,0.9603368639945984,0.9270482063293457,0.0002449418149368979
bfp16,16,act_weight,producer,1,1,8,1.1848942471590909,0.6429090909090909,1.0257800817489624,0.6887999773025513,0.9953335523605347,0.31139999628067017,1.031585931777954,0.912695586681366,0.0006931671249840652
bfp16,16,act_weight,producer,1,1,9,0.9845877840909091,0.6976545454545454,0.9532782435417175,0.7085999846458435,0.9263331890106201,0.2913999855518341,1.0356870889663696,0.9126293659210205,0.00014728378649086704
bfp16,16,act_weight,producer,1,1,10,0.9512166193181818,0.7077818181818182,0.9432541131973267,0.7111999988555908,0.9178786873817444,0.28779998421669006,1.0270180702209473,0.9107450842857361,3.084536795906103e-05
bfp16,16,act_weight,producer,1,1,11,0.9539833806818182,0.7078363636363636,0.9177120923995972,0.7139999866485596,0.8930732011795044,0.2857999801635742,1.0018049478530884,0.9064880013465881,3.59672925279088e-05
bfp16,16,act_weight,producer,1,1,12,0.9123539772727273,0.7188545454545454,0.8856268525123596,0.7239999771118164,0.8611400127410889,0.27559998631477356,1.0105501413345337,0.9007781744003296,6.931671249840652e-05
bfp16,16,act_weight,producer,1,2,1,1.0347130681818182,0.7102727272727273,0.7375702261924744,0.7793999910354614,0.7101215720176697,0.21939998865127563,0.8627009391784668,0.862345814704895,0.0025442306641656498
bfp16,16,act_weight,producer,1,2,2,0.7071221590909091,0.7906,0.6938442587852478,0.7967999577522278,0.6666900515556335,0.20179998874664307,0.8536006212234497,0.8530001044273376,0.00015411301924933075
bfp16,16,act_weight,producer,1,2,3,0.6779288352272728,0.7982181818181818,0.6804219484329224,0.7928000092506409,0.6537374258041382,0.20559999346733093,0.8555544018745422,0.8543581962585449,9.151171896341353e-05
bfp16,16,act_weight,producer,1,2,4,0.6416153409090909,0.8101636363636364,0.6395428776741028,0.8149999976158142,0.6112253665924072,0.1833999902009964,0.8442217707633972,0.8423373103141785,7.671504798674218e-05
bfp16,16,act_weight,producer,1,2,5,0.643957315340909,0.8091090909090909,0.6365069150924683,0.8109999895095825,0.6081898212432861,0.18679998815059662,0.8449215292930603,0.8426656126976013,4.450383347598842e-05
bfp16,16,act_weight,producer,1,2,6,0.9869975142045454,0.7025454545454546,0.8126853108406067,0.7471999526023865,0.785885214805603,0.2531999945640564,0.863702118396759,0.8596031069755554,0.0017004789568574603
bfp16,16,act_weight,producer,1,2,7,0.8243386363636364,0.738890909090909,0.7870133519172668,0.7495999932289124,0.7611534595489502,0.2491999864578247,0.8529503345489502,0.8463789820671082,0.00010892626249749594
bfp16,16,act_weight,producer,1,2,8,0.8739608664772728,0.7192,0.8028625845909119,0.7418000102043152,0.7793523073196411,0.25939998030662537,0.8620625138282776,0.8556725978851318,9.060115459561837e-05
bfp16,16,act_weight,producer,1,2,9,0.8362316051136364,0.7300909090909091,0.8063496351242065,0.743399977684021,0.7790945768356323,0.25540000200271606,0.8597691059112549,0.853236198425293,7.216222614776638e-05
bfp16,16,act_weight,producer,1,2,10,0.7889067471590909,0.7436181818181818,0.7539312243461609,0.7523999810218811,0.7262552380561829,0.24740000069141388,0.8472453355789185,0.8401811122894287,3.6536395257780774e-05
bfp16,16,act_weight,producer,1,2,11,0.7995861505681818,0.7443090909090909,0.8256586194038391,0.738599956035614,0.7992129921913147,0.26159998774528503,0.8670328855514526,0.8604297041893005,1.4796670976671341e-05
bfp16,16,act_weight,producer,1,2,12,0.8276506392045454,0.7370181818181818,0.8560599684715271,0.7313999533653259,0.8300089836120605,0.2685999870300293,0.8766208291053772,0.869662880897522,1.1837336781337073e-05
bfp16,16,act_weight,producer,2,0,1,0.6641691761363636,0.8174545454545454,0.4839184582233429,0.8697999715805054,0.4573134779930115,0.13120000064373016,0.8280680179595947,0.813457190990448,0.008044039445648413
bfp16,16,act_weight,producer,2,0,2,0.4714446377840909,0.8696545454545455,0.45785292983055115,0.876800000667572,0.4309006631374359,0.125,0.8342193961143494,0.8093364238739014,0.0008292964979694415
bfp16,16,act_weight,producer,2,0,3,0.4674883877840909,0.8775636363636363,0.44720181822776794,0.8822000026702881,0.4203749895095825,0.11939999461174011,0.8347965478897095,0.8075999617576599,0.0012420097976725975
bfp16,16,act_weight,producer,2,0,4,0.4438741122159091,0.8787636363636364,0.43721386790275574,0.8847999572753906,0.4099043309688568,0.11620000004768372,0.8447918891906738,0.803743839263916,0.0007361912913623864
bfp16,16,act_weight,producer,2,0,5,0.4316299360795455,0.8820181818181818,0.4134635627269745,0.8889999985694885,0.3855859935283661,0.1127999946475029,0.8470368385314941,0.7944851517677307,0.0011165795560088142
bfp16,16,act_weight,producer,2,0,6,0.41356381392045455,0.8869090909090909,0.3989083170890808,0.889799952507019,0.3720948398113251,0.11159999668598175,0.8558274507522583,0.7845342755317688,0.0008832474367613046
bfp16,16,act_weight,producer,2,0,7,0.3943628196022727,0.8886727272727273,0.379276841878891,0.897599995136261,0.35173484683036804,0.10419999808073044,0.8784232139587402,0.7751780152320862,0.0008059632860446905
bfp16,16,act_weight,producer,2,0,8,0.3822107599431818,0.8907454545454545,0.3679322898387909,0.8962000012397766,0.340229332447052,0.10480000078678131,0.8909375071525574,0.763500988483429,0.0007516708856149041
bfp16,16,act_weight,producer,2,0,9,0.37194517045454545,0.8958,0.35794341564178467,0.9023999571800232,0.3304004967212677,0.0997999981045723,0.901938259601593,0.761059045791626,0.00028660013476352643
bfp16,16,act_weight,producer,2,0,10,0.36806555397727275,0.8972181818181818,0.35945215821266174,0.8959999680519104,0.331956684589386,0.10520000010728836,0.9084914922714233,0.7588248252868652,0.00044264810329442187
bfp16,16,act_weight,producer,2,0,11,0.3650037286931818,0.8967818181818182,0.35579556226730347,0.8995999693870544,0.3276263177394867,0.10199999809265137,0.929478645324707,0.7596636414527893,0.0004848755258509224
bfp16,16,act_weight,producer,2,0,12,0.3932985085227273,0.8917272727272727,0.3787161409854889,0.8980000019073486,0.3516310453414917,0.10459999740123749,0.8673638701438904,0.7749629616737366,0.0008978164666460272
bfp16,16,act_weight,producer,2,1,1,0.7077850142045454,0.805509090909091,0.49663057923316956,0.8646000027656555,0.4751887023448944,0.13519999384880066,0.8649164438247681,0.8345727324485779,0.007741845896086394
bfp16,16,act_weight,producer,2,1,2,0.48536147017045456,0.8622727272727273,0.4552784264087677,0.8775999546051025,0.4346495568752289,0.12299999594688416,0.880066990852356,0.8177661895751953,0.0009193285498351879
bfp16,16,act_weight,producer,2,1,3,0.46928046875,0.8682181818181818,0.44717440009117126,0.8763999938964844,0.4232933521270752,0.12439999729394913,0.8684837818145752,0.8197944164276123,0.0016052111598768917
bfp16,16,act_weight,producer,2,1,4,0.4454426846590909,0.8737454545454545,0.4251936078071594,0.8815999627113342,0.4015006124973297,0.11859999597072601,0.8678092956542969,0.8075050115585327,0.0005799156817395422
bfp16,16,act_weight,producer,2,1,5,0.4302221590909091,0.8764545454545455,0.42548173666000366,0.8835999965667725,0.404445618391037,0.11739999800920486,0.8801073431968689,0.8076947331428528,0.0004396887690990876
bfp16,16,act_weight,producer,2,1,6,0.42593590198863635,0.8779818181818182,0.41773560643196106,0.8805999755859375,0.392506867647171,0.11939999461174011,0.8941347002983093,0.8027518391609192,0.0006752972992660852
bfp16,16,act_weight,producer,2,1,7,0.42392769886363635,0.8795636363636363,0.41750484704971313,0.8795999884605408,0.3944283723831177,0.12039999663829803,0.9075928926467896,0.8023043870925903,0.0008969059022782321
bfp16,16,act_weight,producer,2,1,8,0.4242050071022727,0.8787272727272727,0.5678264498710632,0.8258000016212463,0.5340245962142944,0.17319999635219574,0.8922790288925171,0.823127031326294,0.0008448899127679335
bfp16,16,act_weight,producer,2,1,9,0.41871722301136366,0.8789272727272728,0.4094693958759308,0.8837999701499939,0.3853146433830261,0.11639999598264694,0.9251234531402588,0.7967733144760132,0.0005601109067399975
bfp16,16,act_weight,producer,2,1,10,0.45042308238636364,0.8738,0.44931504130363464,0.875,0.42678436636924744,0.12479999661445618,0.8861239552497864,0.8118139505386353,0.0014970816412012166
bfp16,16,act_weight,producer,2,1,11,0.4362111505681818,0.8751818181818182,0.41163021326065063,0.882599949836731,0.3880142867565155,0.11779999732971191,0.9061421751976013,0.7927601933479309,0.00018279579683487825
bfp16,16,act_weight,producer,2,1,12,0.41752734375,0.8787636363636364,0.4093320071697235,0.8789999485015869,0.38688015937805176,0.12159999459981918,0.911842405796051,0.7926459908485413,0.0003296243011418477
bfp16,16,act_weight,producer,2,2,1,0.6702068181818182,0.8067272727272727,0.49872055649757385,0.863599956035614,0.47112512588500977,0.13580000400543213,0.8230919241905212,0.8197585344314575,0.010174418604651164
bfp16,16,act_weight,producer,2,2,2,0.48377155539772726,0.8631818181818182,0.4618522524833679,0.8757999539375305,0.4338201582431793,0.12459999322891235,0.8112574815750122,0.8087805509567261,0.001939615923949664
bfp16,16,act_weight,producer,2,2,3,0.5255927556818182,0.856909090909091,0.5265671014785767,0.8578000068664551,0.5003957152366638,0.14239999651908875,0.8334999680519104,0.8304994702339172,0.0010916528564404219
bfp16,16,act_weight,producer,2,2,4,0.5284936434659091,0.8597272727272727,0.5130952000617981,0.870199978351593,0.4867328107357025,0.1289999932050705,0.8336504101753235,0.832274317741394,0.0007368742146382327
bfp16,16,act_weight,producer,2,2,5,0.5070491832386363,0.8648181818181818,0.5052664279937744,0.8685999512672424,0.47872859239578247,0.1305999904870987,0.8317540287971497,0.8298960328102112,0.00024835643131612976
bfp16,16,act_weight,producer,2,2,6,0.499495703125,0.8662727272727273,0.4870729446411133,0.871999979019165,0.4603117108345032,0.12780000269412994,0.825661301612854,0.8221697807312012,0.00033975432973356885
bfp16,16,act_weight,producer,2,2,7,0.48545255681818184,0.8681090909090909,0.4769604504108429,0.8727999925613403,0.45018577575683594,0.1265999972820282,0.8261290192604065,0.8187001943588257,0.00045459926062173337
bfp16,16,act_weight,producer,2,2,8,0.46651590909090906,0.8699818181818182,0.4484412968158722,0.8769999742507935,0.4212171733379364,0.12139999866485596,0.8221958875656128,0.8092117309570312,0.0005079810966837246
bfp16,16,act_weight,producer,2,2,9,0.45605873579545453,0.8740363636363636,0.44606971740722656,0.8797999620437622,0.41817766427993774,0.11859999597072601,0.8247095942497253,0.8085494637489319,0.0002945675729817341
bfp16,16,act_weight,producer,2,2,10,0.45167095170454546,0.876109090909091,0.4402659237384796,0.8840000033378601,0.4128684997558594,0.11459999531507492,0.827722430229187,0.8072844743728638,0.0003367949955382346
bfp16,16,act_weight,producer,2,2,11,0.4460022372159091,0.8770727272727272,0.4408273994922638,0.8801999688148499,0.4127567410469055,0.11819999665021896,0.8322879672050476,0.8064420819282532,0.0002845513649359873
bfp16,16,act_weight,producer,2,2,12,0.4398770241477273,0.8782,0.43157345056533813,0.882599949836731,0.40369126200675964,0.11580000072717667,0.8338627815246582,0.8037593960762024,0.0004679162645007376
bfp16,16,act_weight,producer,3,0,1,0.3774029119318182,0.8922909090909091,0.2361362725496292,0.9332000017166138,0.20441943407058716,0.06539999693632126,0.9345781207084656,0.7005161046981812,0.027752863724936717
bfp16,16,act_weight,producer,3,0,2,0.21127553267045454,0.9393818181818182,0.18796215951442719,0.9467999935150146,0.16147199273109436,0.05379999801516533,1.1525983810424805,0.6719354391098022,0.006536600134763527
bfp16,16,act_weight,producer,3,0,3,0.19206999289772728,0.9457272727272727,0.17920395731925964,0.9490000009536743,0.14934007823467255,0.050200000405311584,1.3225911855697632,0.6667392253875732,0.004427505417857989
bfp16,16,act_weight,producer,3,0,4,0.18189753196022726,0.9494545454545454,0.17305099964141846,0.9511999487876892,0.1432560682296753,0.04859999939799309,1.509524941444397,0.6616079211235046,0.0030006510535229734
bfp16,16,act_weight,producer,3,0,5,0.17734799360795456,0.9511090909090909,0.17218632996082306,0.9523999691009521,0.14139190316200256,0.047199998050928116,1.6720644235610962,0.658937394618988,0.0025119056291089217
bfp16,16,act_weight,producer,3,0,6,0.1756632990056818,0.9517818181818182,0.16884085536003113,0.9513999819755554,0.14043641090393066,0.04899999871850014,1.8056949377059937,0.6483628153800964,0.0020680054998087815
bfp16,16,act_weight,producer,3,0,7,0.17398306107954545,0.9525272727272728,0.16567978262901306,0.9497999548912048,0.13630974292755127,0.04839999973773956,1.8263555765151978,0.6467479467391968,0.0027694815246489773
bfp16,16,act_weight,producer,3,0,8,0.16823542258522728,0.9524363636363636,0.15928030014038086,0.9545999765396118,0.1303497552871704,0.044199999421834946,1.8409159183502197,0.6456930637359619,0.0025098568592813826
bfp16,16,act_weight,producer,3,0,9,0.16056981534090908,0.9556,0.1593877673149109,0.9541999697685242,0.12886777520179749,0.044599998742341995,1.9904131889343262,0.635772705078125,0.0013818952486751288
bfp16,16,act_weight,producer,3,0,10,0.15968833451704545,0.9552545454545455,0.16365525126457214,0.9521999955177307,0.1355554312467575,0.046799998730421066,1.9751741886138916,0.6397846937179565,0.0012373431552876472
bfp16,16,act_weight,producer,3,0,11,0.16167579900568183,0.9550545454545455,0.16000455617904663,0.9562000036239624,0.12943992018699646,0.04259999841451645,2.0640416145324707,0.6400570869445801,0.0014957157946495238
bfp16,16,act_weight,producer,3,0,12,0.16104272017045454,0.9551818181818181,0.1534566432237625,0.9553999900817871,0.12456078827381134,0.04319999739527702,2.191729784011841,0.6330637335777283,0.0014605452459434357
bfp16,16,act_weight,producer,3,1,1,0.42243345170454544,0.8770545454545454,0.2521016001701355,0.9319999814033508,0.22825241088867188,0.0689999982714653,0.7992779612541199,0.7329814434051514,0.02669865782812187
bfp16,16,act_weight,producer,3,1,2,0.24381361860795456,0.933509090909091,0.2304537296295166,0.9341999888420105,0.2068747580051422,0.0674000009894371,0.8852058053016663,0.7150459885597229,0.004864803955491614
bfp16,16,act_weight,producer,3,1,3,0.217313671875,0.9397090909090909,0.20448166131973267,0.9455999732017517,0.17618027329444885,0.05480000004172325,1.011233925819397,0.6951353549957275,0.0026515634390195044
bfp16,16,act_weight,producer,3,1,4,0.20150935724431818,0.9448181818181818,0.19921134412288666,0.9435999989509583,0.1719057857990265,0.0568000003695488,1.144375205039978,0.6803416609764099,0.001457130629564204
bfp16,16,act_weight,producer,3,1,5,0.19764117542613635,0.9458,0.21338874101638794,0.937999963760376,0.19016294181346893,0.06319999694824219,1.236314296722412,0.6786779761314392,0.0015641219427801351
bfp16,16,act_weight,producer,3,1,6,0.19045738636363638,0.9473454545454545,0.2262069582939148,0.9314000010490417,0.20125553011894226,0.07079999893903732,1.3482186794281006,0.6682624816894531,0.0013785944528418713
bfp16,16,act_weight,producer,3,1,7,0.18701672585227272,0.9490727272727273,0.1792139858007431,0.9501999616622925,0.15301309525966644,0.050599999725818634,1.3990941047668457,0.6637864708900452,0.0015684471235271622
bfp16,16,act_weight,producer,3,1,8,0.1818231356534091,0.9500181818181819,0.17337387800216675,0.9505999684333801,0.14736878871917725,0.05079999938607216,1.4913370609283447,0.6532523036003113,0.0014946914097357543
bfp16,16,act_weight,producer,3,1,9,0.1779073153409091,0.9504363636363636,0.17210346460342407,0.9511999487876892,0.14411549270153046,0.04899999871850014,1.5488029718399048,0.650303065776825,0.0012503186975287284
bfp16,16,act_weight,producer,3,1,10,0.17599909446022727,0.9509454545454545,0.17307397723197937,0.9523999691009521,0.14712592959403992,0.04939999803900719,1.583962082862854,0.6517568230628967,0.0008891661051519732
bfp16,16,act_weight,producer,3,1,11,0.17595024857954544,0.9521454545454545,0.176691472530365,0.9490000009536743,0.15087071061134338,0.05260000005364418,1.5887025594711304,0.6636565327644348,0.0008590036604687586
bfp16,16,act_weight,producer,3,1,12,0.1739135653409091,0.9522545454545455,0.16788479685783386,0.9533999562263489,0.14140327274799347,0.04820000007748604,1.6935689449310303,0.6481518745422363,0.0011849857041394255
bfp16,16,act_weight,producer,3,2,1,0.41069765625,0.8801454545454546,0.25308242440223694,0.9301999807357788,0.22233915328979492,0.06960000097751617,0.877160370349884,0.7160629630088806,0.02355072298810803
bfp16,16,act_weight,producer,3,2,2,0.22830472301136365,0.9357636363636364,0.22629091143608093,0.9353999495506287,0.19538412988185883,0.06300000101327896,1.0833863019943237,0.6891834735870361,0.005040429057930105
bfp16,16,act_weight,producer,3,2,3,0.20773103693181819,0.9411272727272727,0.20085710287094116,0.9443999528884888,0.16916388273239136,0.053999997675418854,1.1810473203659058,0.6828224062919617,0.0037030376427309645
bfp16,16,act_weight,producer,3,2,4,0.1972705965909091,0.9449818181818181,0.19262374937534332,0.9451999664306641,0.16100482642650604,0.05260000005364418,1.3552600145339966,0.6740309596061707,0.0026268643805430606
bfp16,16,act_weight,producer,3,2,5,0.1910267400568182,0.9476,0.18726663291454315,0.9515999555587769,0.15614186227321625,0.04619999974966049,1.3753961324691772,0.6779845952987671,0.00253569412321757
bfp16,16,act_weight,producer,3,2,6,0.1854985262784091,0.9496363636363636,0.18474049866199493,0.9505999684333801,0.1526692658662796,0.04659999907016754,1.5072579383850098,0.6664960384368896,0.002015306587022637
bfp16,16,act_weight,producer,3,2,7,0.18196862571022726,0.9508,0.19117598235607147,0.9457999467849731,0.15757323801517487,0.05139999836683273,1.6311016082763672,0.6573321223258972,0.0023360528855784816
bfp16,16,act_weight,producer,3,2,8,0.17585198863636364,0.9514363636363636,0.17294861376285553,0.9497999548912048,0.14012446999549866,0.047199998050928116,1.7002060413360596,0.6566266417503357,0.0020622006519640875
bfp16,16,act_weight,producer,3,2,9,0.17269039417613635,0.9526727272727272,0.17231318354606628,0.9523999691009521,0.13980114459991455,0.044599998742341995,1.8048194646835327,0.655754566192627,0.0019339248966509443
bfp16,16,act_weight,producer,3,2,10,0.1722236505681818,0.9526727272727272,0.1705777794122696,0.9541999697685242,0.1377919614315033,0.04259999841451645,1.7537189722061157,0.6577133536338806,0.0017672916173444302
bfp16,16,act_weight,producer,3,2,11,0.16876173650568183,0.9548181818181818,0.17136633396148682,0.9555999636650085,0.13805727660655975,0.041999999433755875,1.8616807460784912,0.650836706161499,0.001112482016353736
bfp16,16,act_weight,producer,3,2,12,0.16904137073863637,0.9539454545454545,0.16773933172225952,0.9539999961853027,0.13555945456027985,0.04319999739527702,1.8231669664382935,0.6524772644042969,0.0011300103804337928
bfp16,16,act_weight,producer,4,0,1,0.2944590731534091,0.9123454545454546,0.14378298819065094,0.9589999914169312,0.10975275933742523,0.039799999445676804,0.9412131309509277,0.6039028167724609,0.08190560634481252
bfp16,16,act_weight,producer,4,0,2,0.12291147017045455,0.9634181818181818,0.11070103943347931,0.9655999541282654,0.08461828529834747,0.03399999812245369,1.6675782203674316,0.5497129559516907,0.033840441805831255
bfp16,16,act_weight,producer,4,0,3,0.10112183061079545,0.9700181818181818,0.09539487212896347,0.9699999690055847,0.06354998797178268,0.026999998837709427,2.3205320835113525,0.5182986259460449,0.02130948261732622
bfp16,16,act_weight,producer,4,0,4,0.09575440340909092,0.971690909090909,0.09413182735443115,0.9723999500274658,0.06104244291782379,0.026399999856948853,2.718775749206543,0.5114197134971619,0.01787665495073847
bfp16,16,act_weight,producer,4,0,5,0.08673087713068182,0.9749272727272728,0.08725816756486893,0.9751999974250793,0.056237559765577316,0.022199999541044235,3.238049030303955,0.4883596897125244,0.011755613629327456
bfp16,16,act_weight,producer,4,0,6,0.08390650745738637,0.975,0.08428670465946198,0.9775999784469604,0.05249158665537834,0.018799999728798866,3.8097071647644043,0.4780541956424713,0.010467847972173153
bfp16,16,act_weight,producer,4,0,7,0.0818252840909091,0.9755454545454545,0.0892813578248024,0.9747999906539917,0.05792417377233505,0.02239999920129776,4.032741069793701,0.4769117832183838,0.009863119411411193
bfp16,16,act_weight,producer,4,0,8,0.07844650213068181,0.9769636363636364,0.0782468244433403,0.9785999655723572,0.04761306941509247,0.019199999049305916,4.253564357757568,0.46338599920272827,0.007460822968075613
bfp16,16,act_weight,producer,4,0,9,0.07673291903409091,0.9773454545454545,0.10754239559173584,0.9648000001907349,0.07461606711149216,0.03179999813437462,4.534769535064697,0.4662822484970093,0.00640434066034128
bfp16,16,act_weight,producer,4,0,10,0.07559578302556819,0.9776545454545454,0.10961896926164627,0.965399980545044,0.08406037092208862,0.03240000084042549,4.870770454406738,0.46751710772514343,0.005775937426016645
bfp16,16,act_weight,producer,4,0,11,0.07355748845880682,0.9776727272727272,0.08131138235330582,0.9761999845504761,0.054525021463632584,0.020999999716877937,5.007127285003662,0.46463558077812195,0.005248037733787401
bfp16,16,act_weight,producer,4,0,12,0.07353499200994318,0.9777090909090909,0.07581306993961334,0.9767999649047852,0.04719953611493111,0.019999999552965164,5.629425048828125,0.4395748972892761,0.00554089799857952
bfp16,16,act_weight,producer,4,1,1,0.29115593039772725,0.9137818181818181,0.1343882530927658,0.9609999656677246,0.10500544309616089,0.03819999843835831,0.9056959748268127,0.6048112511634827,0.07353786126641293
bfp16,16,act_weight,producer,4,1,2,0.12143128551136363,0.9644545454545455,0.11679000407457352,0.9648000001907349,0.09088405221700668,0.03539999946951866,1.4307801723480225,0.5628308057785034,0.03012841233996831
bfp16,16,act_weight,producer,4,1,3,0.10021049360795455,0.9707636363636364,0.09808053076267242,0.9721999764442444,0.07181306928396225,0.028599999845027924,2.0941317081451416,0.5141022205352783,0.020440804210449637
bfp16,16,act_weight,producer,4,1,4,0.12526138139204546,0.9653272727272727,0.10925088077783585,0.97079998254776,0.08374479413032532,0.028999999165534973,2.0187532901763916,0.5741862654685974,0.017467014805776622
bfp16,16,act_weight,producer,4,1,5,0.09814052734375,0.9709090909090909,0.10945510119199753,0.967199981212616,0.09024558216333389,0.03359999880194664,2.7516872882843018,0.532042384147644,0.008422834222651198
bfp16,16,act_weight,producer,4,1,6,0.08812551491477273,0.9744181818181818,0.16090847551822662,0.946399986743927,0.1355166733264923,0.053999997675418854,3.074024200439453,0.5081791281700134,0.0071019467866183465
bfp16,16,act_weight,producer,4,1,7,0.08534229403409091,0.9755090909090909,0.08400200307369232,0.9765999913215637,0.056257687509059906,0.02239999920129776,3.6013925075531006,0.494772344827652,0.006136293274571579
bfp16,16,act_weight,producer,4,1,8,0.08327313565340909,0.9762909090909091,0.08231493830680847,0.9777999520301819,0.056106943637132645,0.02239999920129776,3.824502944946289,0.49023351073265076,0.004862869006210049
bfp16,16,act_weight,producer,4,1,9,0.08043735795454546,0.9761818181818182,0.08462971448898315,0.9759999513626099,0.05726094916462898,0.023399999365210533,4.178243637084961,0.4667285084724426,0.004380952814554461
bfp16,16,act_weight,producer,4,1,10,0.07862486683238637,0.9770181818181818,0.11713552474975586,0.9627999663352966,0.09799932688474655,0.03759999945759773,4.632795333862305,0.4675295650959015,0.0038533945839631404
bfp16,16,act_weight,producer,4,1,11,0.07877809836647727,0.976909090909091,0.08494745194911957,0.9765999913215637,0.05779678747057915,0.02319999970495701,4.891624450683594,0.4627205729484558,0.004181197756369398
bfp16,16,act_weight,producer,4,1,12,0.07682484907670455,0.9774727272727273,0.0784435048699379,0.9771999716758728,0.05242203176021576,0.02159999869763851,5.171439170837402,0.45720091462135315,0.003181739542168236
bfp16,16,act_weight,producer,4,2,1,0.28265042613636365,0.9158181818181819,0.13965509831905365,0.9581999778747559,0.10668376088142395,0.03920000046491623,0.8896997570991516,0.5878207683563232,0.07182486204949828
bfp16,16,act_weight,producer,4,2,2,0.12029343039772727,0.9654181818181818,0.11031385511159897,0.9684000015258789,0.07771512120962143,0.0284000001847744,1.5491418838500977,0.5268334150314331,0.02988984447560598
bfp16,16,act_weight,producer,4,2,3,0.10341929154829546,0.9702363636363637,0.14493347704410553,0.9549999833106995,0.11519788205623627,0.042399998754262924,1.9733575582504272,0.5508508086204529,0.020283048933729127
bfp16,16,act_weight,producer,4,2,4,0.09347459161931818,0.9728909090909091,0.0963304191827774,0.97079998254776,0.06486440449953079,0.024399999529123306,2.604755401611328,0.4989641010761261,0.01534596893154377
bfp16,16,act_weight,producer,4,2,5,0.09257325106534091,0.9730363636363636,0.09741263091564178,0.9709999561309814,0.06656019389629364,0.024799998849630356,2.260072946548462,0.5489099025726318,0.012359659266813572
bfp16,16,act_weight,producer,4,2,6,0.08513353160511364,0.9758727272727272,0.0919698029756546,0.9735999703407288,0.058855313807725906,0.01979999989271164,2.9499166011810303,0.49548599123954773,0.0064538525978401415
bfp16,16,act_weight,producer,4,2,7,0.08162734375,0.976690909090909,0.09270171821117401,0.9721999764442444,0.05969938635826111,0.02319999970495701,3.4430735111236572,0.4812627136707306,0.006671591302289159
bfp16,16,act_weight,producer,4,2,8,0.07894344815340909,0.9768545454545454,0.08460713922977448,0.9741999506950378,0.05204075202345848,0.021199999377131462,4.009658336639404,0.4667834937572479,0.006571998324561563
bfp16,16,act_weight,producer,4,2,9,0.07772080965909091,0.9764909090909091,0.07907868921756744,0.9753999710083008,0.04737401008605957,0.01979999989271164,4.160214900970459,0.45922544598579407,0.006693786308754166
bfp16,16,act_weight,producer,4,2,10,0.07544299538352273,0.9772363636363637,0.08358277380466461,0.9731999635696411,0.05034259334206581,0.02279999852180481,4.622509956359863,0.4428707957267761,0.00587757917357178
bfp16,16,act_weight,producer,4,2,11,0.07471043146306819,0.9772363636363637,0.08370601385831833,0.9745999574661255,0.050188273191452026,0.02199999988079071,4.9454264640808105,0.445587694644928,0.005361402997577899
bfp16,16,act_weight,producer,4,2,12,0.07425137606534091,0.9774909090909091,0.07843320816755295,0.9777999520301819,0.04440547153353691,0.017999999225139618,5.357913017272949,0.4358920156955719,0.0050050308681320686
bfp16,16,act_weight,producer,5,0,1,0.2618454012784091,0.9216545454545455,0.11430106312036514,0.9651999473571777,0.07849538326263428,0.032999999821186066,0.7383692264556885,0.5356791615486145,0.16725086958897126
bfp16,16,act_weight,producer,5,0,2,0.09539775390625,0.9701090909090909,0.08863474428653717,0.9727999567985535,0.06022994965314865,0.02499999850988388,1.3578910827636719,0.4580758213996887,0.0883076705942343
bfp16,16,act_weight,producer,5,0,3,0.07607026811079545,0.9768181818181818,0.07789019495248795,0.9769999980926514,0.043883807957172394,0.019199999049305916,2.034013271331787,0.4205693006515503,0.06722434940175921
bfp16,16,act_weight,producer,5,0,4,0.06610652077414773,0.9803636363636363,0.07425104081630707,0.9765999913215637,0.03932023048400879,0.018799999728798866,2.611572027206421,0.4045989513397217,0.05290344830726084
bfp16,16,act_weight,producer,5,0,5,0.06086792436079545,0.9812181818181818,0.06635206937789917,0.9801999926567078,0.03360343724489212,0.015399999916553497,3.265057325363159,0.36399927735328674,0.04482036841434321
bfp16,16,act_weight,producer,5,0,6,0.05607040571732955,0.9827818181818182,0.06220686063170433,0.983199954032898,0.02874058485031128,0.012199999764561653,3.7657246589660645,0.36822202801704407,0.036616752563238694
bfp16,16,act_weight,producer,5,0,7,0.05254056729403409,0.9837818181818182,0.07173654437065125,0.9795999526977539,0.0387510284781456,0.01640000008046627,4.587895393371582,0.34437447786331177,0.031129236400721166
bfp16,16,act_weight,producer,5,0,8,0.049574072265625,0.9850545454545454,0.05803452059626579,0.9825999736785889,0.02664896473288536,0.013799999840557575,5.206233501434326,0.31742507219314575,0.02866843619675475
bfp16,16,act_weight,producer,5,0,9,0.04754198330965909,0.9856545454545454,0.08481626957654953,0.972000002861023,0.046972546726465225,0.022599998861551285,5.475149631500244,0.31750282645225525,0.02627285516563166
bfp16,16,act_weight,producer,5,0,10,0.04639647105823864,0.9861090909090909,0.09255877882242203,0.9715999960899353,0.0644620731472969,0.025599999353289604,6.323328018188477,0.3322528302669525,0.022516321866292727
bfp16,16,act_weight,producer,5,0,11,0.044936328125,0.9859272727272728,0.0566287487745285,0.983199954032898,0.024171607568860054,0.012399999424815178,6.666571617126465,0.29858729243278503,0.020573632787601756
bfp16,16,act_weight,producer,5,0,12,0.04327302024147727,0.9860727272727273,0.05797628313302994,0.9842000007629395,0.020788375288248062,0.011399999260902405,7.460772514343262,0.2851164638996124,0.018659398845404383
bfp16,16,act_weight,producer,5,1,1,0.2576705255681818,0.9221636363636364,0.12194658070802689,0.9627999663352966,0.08402912318706512,0.033399999141693115,0.7329351902008057,0.5142444968223572,0.15711833694523866
bfp16,16,act_weight,producer,5,1,2,0.09258091264204546,0.9723818181818182,0.0976555347442627,0.9705999493598938,0.0734129399061203,0.029600000008940697,1.2882416248321533,0.4791882038116455,0.08480950993425725
bfp16,16,act_weight,producer,5,1,3,0.07731391157670454,0.9763090909090909,0.0816643014550209,0.9745999574661255,0.049105048179626465,0.023399999365210533,1.7816420793533325,0.41461461782455444,0.06384262716031397
bfp16,16,act_weight,producer,5,1,4,0.065076904296875,0.9805454545454545,0.07375369966030121,0.9793999791145325,0.03955032676458359,0.016999999061226845,2.3936264514923096,0.39423516392707825,0.05129448106936679
bfp16,16,act_weight,producer,5,1,5,0.057408718039772724,0.9821818181818182,0.07520502060651779,0.9775999784469604,0.05283243954181671,0.02239999920129776,3.050710678100586,0.38362348079681396,0.04216994318078345
bfp16,16,act_weight,producer,5,1,6,0.05401340997869318,0.9836545454545454,0.08472353219985962,0.9747999906539917,0.053217895328998566,0.02159999869763851,3.638528823852539,0.3632708787918091,0.036768930633206465
bfp16,16,act_weight,producer,5,1,7,0.05039962269176136,0.9849454545454546,0.058742769062519073,0.9845999479293823,0.026024548336863518,0.012000000104308128,4.014364719390869,0.34290996193885803,0.030673612755185663
bfp16,16,act_weight,producer,5,1,8,0.04801162997159091,0.9852181818181818,0.06068175658583641,0.983199954032898,0.03139733523130417,0.014800000004470348,4.754683971405029,0.3411497473716736,0.027098395585583943
bfp16,16,act_weight,producer,5,1,9,0.04600115411931818,0.9856909090909091,0.08166998624801636,0.9763999581336975,0.05087278038263321,0.02019999921321869,5.061989784240723,0.33875468373298645,0.024620180838083445
bfp16,16,act_weight,producer,5,1,10,0.04401486150568182,0.9864,0.0639590471982956,0.9809999465942383,0.0360100157558918,0.016599999740719795,5.940516948699951,0.3159860670566559,0.02147031104878804
bfp16,16,act_weight,producer,5,1,11,0.041973157848011367,0.9869454545454546,0.06583408266305923,0.9829999804496765,0.03194267675280571,0.014599999412894249,6.394312858581543,0.30369797348976135,0.018898308171404636
bfp16,16,act_weight,producer,5,1,12,0.04015124289772727,0.9876909090909091,0.057510603219270706,0.9842000007629395,0.019969886168837547,0.012799999676644802,6.85548210144043,0.2911258339881897,0.016156598859973413
bfp16,16,act_weight,producer,5,2,1,0.24432436079545455,0.926509090909091,0.10588808357715607,0.9684000015258789,0.07093453407287598,0.027400000020861626,0.7258956432342529,0.5265070796012878,0.15582704285115914
bfp16,16,act_weight,producer,5,2,2,0.08778000710227273,0.9736,0.07645026594400406,0.9761999845504761,0.042859774082899094,0.018400000408291817,1.2788842916488647,0.4384259283542633,0.08089510753765183
bfp16,16,act_weight,producer,5,2,3,0.07087799183238637,0.9787272727272728,0.10634638369083405,0.9685999751091003,0.07540515065193176,0.026799999177455902,1.7848671674728394,0.4676685333251953,0.060275718890568375
bfp16,16,act_weight,producer,5,2,4,0.06148606178977273,0.9812909090909091,0.07493268698453903,0.9767999649047852,0.04106571525335312,0.01719999872148037,2.4774348735809326,0.3984302580356598,0.046711838247345705
bfp16,16,act_weight,producer,5,2,5,0.05518124556107955,0.9836,0.06862661242485046,0.9789999723434448,0.03731365129351616,0.01599999889731407,2.9078919887542725,0.3941122591495514,0.03756795086594671
bfp16,16,act_weight,producer,5,2,6,0.051191863458806816,0.9842,0.07579431682825089,0.9789999723434448,0.03944578766822815,0.015399999916553497,3.336402654647827,0.368093341588974,0.03211867840687658
bfp16,16,act_weight,producer,5,2,7,0.04837800071022727,0.9856,0.06241787597537041,0.9815999865531921,0.02842484414577484,0.013399999588727951,4.182548522949219,0.3396664261817932,0.030301191928757444
bfp16,16,act_weight,producer,5,2,8,0.046276158558238634,0.9856363636363636,0.0659041628241539,0.9819999933242798,0.03186764940619469,0.013199999928474426,4.634853363037109,0.3398507237434387,0.02738852415727268
bfp16,16,act_weight,producer,5,2,9,0.04425416814630682,0.9862363636363637,0.05730072036385536,0.9847999811172485,0.024113891646265984,0.010999999940395355,5.1638641357421875,0.32494574785232544,0.024219873977891496
bfp16,16,act_weight,producer,5,2,10,0.04174519264914773,0.9866363636363636,0.060499805957078934,0.9819999933242798,0.029654009267687798,0.013799999840557575,5.885153293609619,0.32000595331192017,0.020960736464460672
bfp16,16,act_weight,producer,5,2,11,0.04094755415482954,0.9870363636363636,0.060155369341373444,0.9824000000953674,0.024284329265356064,0.012399999424815178,5.81019401550293,0.3204618990421295,0.019993261823678315
bfp16,16,act_weight,producer,5,2,12,0.03956817737926136,0.9873090909090909,0.054346807301044464,0.9863999485969543,0.01822837069630623,0.00839999970048666,6.5525617599487305,0.2942049503326416,0.017617599388100744
bfp16,16,act_weight,producer,7,0,1,0.24485001775568183,0.9259272727272727,0.09370774775743484,0.9721999764442444,0.056850455701351166,0.024799998849630356,0.4937976002693176,0.48451513051986694,0.39115466391069187
bfp16,16,act_weight,producer,7,0,2,0.08060728870738636,0.9748363636363636,0.0762765109539032,0.9777999520301819,0.0480080246925354,0.01979999989271164,0.5053621530532837,0.412203311920166,0.26318349237857624
bfp16,16,act_weight,producer,7,0,3,0.06264967595880681,0.9804363636363637,0.06863114982843399,0.9797999858856201,0.03004661202430725,0.0142000000923872,0.6361697316169739,0.3501994013786316,0.2212188814627306
bfp16,16,act_weight,producer,7,0,4,0.052741930042613634,0.9840181818181818,0.05970688536763191,0.9815999865531921,0.02157524600625038,0.012799999676644802,0.807919442653656,0.33605295419692993,0.19318397042486934
bfp16,16,act_weight,producer,7,0,5,0.04789608931107955,0.9851636363636364,0.060162462294101715,0.9835999608039856,0.02436014637351036,0.011799999512732029,0.9929758906364441,0.29941707849502563,0.17901467829760886
bfp16,16,act_weight,producer,7,0,6,0.04185702681107954,0.9868545454545454,0.053335558623075485,0.9869999885559082,0.01808616891503334,0.00839999970048666,1.197226643562317,0.2981748580932617,0.16115748666023202
bfp16,16,act_weight,producer,7,0,7,0.03799014115767045,0.9884181818181819,0.05388679355382919,0.98499995470047,0.01814212277531624,0.009599999524652958,1.4704142808914185,0.25075143575668335,0.15082360547067072
bfp16,16,act_weight,producer,7,0,8,0.03444916548295455,0.9892545454545455,0.05019504204392433,0.9865999817848206,0.013320502825081348,0.00699999975040555,1.7023720741271973,0.2403765469789505,0.14111414379632498
bfp16,16,act_weight,producer,7,0,9,0.03168041104403409,0.9905272727272727,0.06010839343070984,0.9827999472618103,0.018990639597177505,0.010400000028312206,1.923730492591858,0.2085653692483902,0.12901877583726393
bfp16,16,act_weight,producer,7,0,10,0.029378722034801137,0.9910545454545454,0.08088580518960953,0.9759999513626099,0.04743210971355438,0.018799999728798866,2.278723955154419,0.23675937950611115,0.1233352606945785
bfp16,16,act_weight,producer,7,0,11,0.026810031960227274,0.9917454545454546,0.04935147240757942,0.9853999614715576,0.013045298866927624,0.007599999662488699,2.5532729625701904,0.17415812611579895,0.11372470907468449
bfp16,16,act_weight,producer,7,0,12,0.025831154563210227,0.991909090909091,0.04978582262992859,0.9853999614715576,0.0031773243099451065,0.004999999888241291,2.7522895336151123,0.11866991966962814,0.11041549052102494
bfp16,16,act_weight,producer,7,1,1,0.2360512606534091,0.9285454545454546,0.10831506550312042,0.9675999879837036,0.06692172586917877,0.028599999845027924,0.4813830554485321,0.4712432324886322,0.3760372466354647
bfp16,16,act_weight,producer,7,1,2,0.07756799538352273,0.976,0.07822877168655396,0.9771999716758728,0.05262500420212746,0.02159999869763851,0.5086545348167419,0.41536006331443787,0.25378578517965433
bfp16,16,act_weight,producer,7,1,3,0.06078965731534091,0.9808181818181818,0.07089150696992874,0.9789999723434448,0.033691730350255966,0.017999999225139618,0.58561772108078,0.3589058816432953,0.21093234962029467
bfp16,16,act_weight,producer,7,1,4,0.04951693448153409,0.9847090909090909,0.06558533012866974,0.9807999730110168,0.028549157083034515,0.016200000420212746,0.7685979604721069,0.36013489961624146,0.17984556828322193
bfp16,16,act_weight,producer,7,1,5,0.042987571022727274,0.9867090909090909,0.05823208764195442,0.9833999872207642,0.03385532647371292,0.015599999576807022,0.986960768699646,0.3223128318786621,0.15906580648686056
bfp16,16,act_weight,producer,7,1,6,0.03870856711647727,0.9876181818181818,0.051866304129362106,0.9845999479293823,0.01624136045575142,0.010400000028312206,1.217552900314331,0.2553417384624481,0.14786245014660088
bfp16,16,act_weight,producer,7,1,7,0.03500669833096591,0.9895272727272727,0.04705806449055672,0.9861999750137329,0.017638925462961197,0.010400000028312206,1.4023005962371826,0.263698548078537,0.13460064923239423
bfp16,16,act_weight,producer,7,1,8,0.0318478759765625,0.9904727272727273,0.05063175782561302,0.9855999946594238,0.023268869146704674,0.012199999764561653,1.6717597246170044,0.26196691393852234,0.1271345905192038
bfp16,16,act_weight,producer,7,1,9,0.029801922052556818,0.9904545454545455,0.06525033712387085,0.9817999601364136,0.028059685602784157,0.013799999840557575,1.828277349472046,0.24294795095920563,0.11854216368305076
bfp16,16,act_weight,producer,7,1,10,0.0276606201171875,0.9912727272727273,0.047388676553964615,0.9871999621391296,0.02077990211546421,0.010999999940395355,2.2485978603363037,0.20222990214824677,0.11258900766695197
bfp16,16,act_weight,producer,7,1,11,0.025192689098011364,0.9920727272727272,0.05940158665180206,0.983199954032898,0.02538427710533142,0.013199999928474426,2.3761119842529297,0.2075166553258896,0.10307645553714193
bfp16,16,act_weight,producer,7,1,12,0.022987253639914773,0.9932,0.050345517694950104,0.9861999750137329,0.0027727701235562563,0.003599999938160181,2.7171168327331543,0.1095442846417427,0.09423999745041978
bfp16,16,act_weight,producer,7,2,1,0.22799296875,0.9309636363636363,0.0893586277961731,0.9741999506950378,0.05280270799994469,0.021199999377131462,0.47902441024780273,0.47038692235946655,0.3734625120649779
bfp16,16,act_weight,producer,7,2,2,0.07330592151988637,0.9772363636363637,0.06544747203588486,0.9807999730110168,0.029694445431232452,0.013599999248981476,0.45833688974380493,0.37597987055778503,0.25198366447524173
bfp16,16,act_weight,producer,7,2,3,0.05636611328125,0.9828363636363636,0.07591602951288223,0.9771999716758728,0.045299727469682693,0.01719999872148037,0.6005017757415771,0.4031009376049042,0.20442909890550162
bfp16,16,act_weight,producer,7,2,4,0.046599547230113635,0.9853818181818181,0.06220031902194023,0.9803999662399292,0.028983579948544502,0.013799999840557575,0.7615767121315002,0.3283595144748688,0.17894433720019667
bfp16,16,act_weight,producer,7,2,5,0.04051970880681818,0.9874181818181819,0.057419341057538986,0.9851999878883362,0.02489306591451168,0.010599999688565731,0.9060402512550354,0.30772241950035095,0.16034992988654367
bfp16,16,act_weight,producer,7,2,6,0.03652392800071023,0.9881272727272727,0.05743192136287689,0.9843999743461609,0.020785510540008545,0.009999999776482582,1.053967833518982,0.273926317691803,0.14746111890149516
bfp16,16,act_weight,producer,7,2,7,0.03222782093394887,0.99,0.04950341954827309,0.9871999621391296,0.0135885551571846,0.00699999975040555,1.340359091758728,0.23181769251823425,0.13440226002076086
bfp16,16,act_weight,producer,7,2,8,0.029676964222301136,0.9904,0.045740414410829544,0.9875999689102173,0.010531377047300339,0.006000000052154064,1.552823543548584,0.2174149751663208,0.12582292254739488
bfp16,16,act_weight,producer,7,2,9,0.027064992453835226,0.9912909090909091,0.04440222308039665,0.9878000020980835,0.010912382043898106,0.007199999876320362,1.764679193496704,0.21240666508674622,0.1127675921035858
bfp16,16,act_weight,producer,7,2,10,0.024544673295454546,0.9921454545454546,0.043426647782325745,0.988599956035614,0.012488444335758686,0.005799999926239252,2.0717053413391113,0.1922713965177536,0.10605229371164247
bfp16,16,act_weight,producer,7,2,11,0.022652634499289774,0.9928545454545454,0.047316472977399826,0.9878000020980835,0.010535894893109798,0.005200000014156103,2.313566207885742,0.1758807748556137,0.10064741126550236
bfp16,16,act_weight,producer,7,2,12,0.0212866943359375,0.9930909090909091,0.042285870760679245,0.9891999959945679,0.0026372114662081003,0.003000000026077032,2.572559118270874,0.12596610188484192,0.09855880424687222
bfp16,16,act_weight,producer,10,0,1,0.24275067471590908,0.9263272727272728,0.0911187157034874,0.9729999899864197,0.05452800914645195,0.024799998849630356,0.4753044545650482,0.47524964809417725,0.708539272641183
bfp16,16,act_weight,producer,10,0,2,0.07841118607954546,0.9753272727272727,0.073627769947052,0.9787999987602234,0.04563510790467262,0.01899999938905239,0.39589980244636536,0.3957938849925995,0.5926780380980131
bfp16,16,act_weight,producer,10,0,3,0.060080450994318184,0.9811818181818182,0.06551510095596313,0.9827999472618103,0.026722710579633713,0.011599999852478504,0.33453309535980225,0.33337292075157166,0.5413829879259164
bfp16,16,act_weight,producer,10,0,4,0.04962468039772727,0.9848,0.057343292981386185,0.9839999675750732,0.019598545506596565,0.011799999512732029,0.3106119930744171,0.3061010241508484,0.5030065697219136
bfp16,16,act_weight,producer,10,0,5,0.04464482421875,0.9859818181818182,0.057504210621118546,0.9839999675750732,0.02200186997652054,0.011399999260902405,0.29698994755744934,0.28636664152145386,0.47716862286245015
bfp16,16,act_weight,producer,10,0,6,0.038445197088068185,0.9877454545454546,0.052984416484832764,0.9873999953269958,0.017581280320882797,0.008599999360740185,0.3017541170120239,0.28170427680015564,0.45617100854109377
bfp16,16,act_weight,producer,10,0,7,0.03504864169034091,0.9891818181818182,0.05163963511586189,0.9863999485969543,0.01499853003770113,0.007999999448657036,0.25890064239501953,0.21637795865535736,0.43586940685837083
bfp16,16,act_weight,producer,10,0,8,0.031285926402698866,0.9902545454545455,0.04803958162665367,0.9869999885559082,0.01140914112329483,0.006399999838322401,0.27607864141464233,0.21832886338233948,0.42358782848609566
bfp16,16,act_weight,producer,10,0,9,0.02879081365411932,0.9910181818181818,0.05593882501125336,0.9847999811172485,0.015787240117788315,0.009999999776482582,0.272554486989975,0.17644137144088745,0.4038614758427273
bfp16,16,act_weight,producer,10,0,10,0.02620548650568182,0.9916363636363636,0.0686068907380104,0.9809999465942383,0.03617944195866585,0.013199999928474426,0.3283712565898895,0.20006418228149414,0.3944710531587478
bfp16,16,act_weight,producer,10,0,11,0.023907939009232954,0.9923818181818181,0.05103917419910431,0.9855999946594238,0.015502916648983955,0.007799999788403511,0.3515890836715698,0.1658233255147934,0.3748601145489975
bfp16,16,act_weight,producer,10,0,12,0.022616148792613637,0.9927454545454546,0.04718022421002388,0.9865999817848206,0.0004987039719708264,0.0023999998811632395,0.35275065898895264,0.037946686148643494,0.3646594033982262
bfp16,16,act_weight,producer,10,1,1,0.23450827414772726,0.9289272727272727,0.1033938005566597,0.967799961566925,0.06301715970039368,0.02879999950528145,0.46394872665405273,0.46394264698028564,0.662988973065506
bfp16,16,act_weight,producer,10,1,2,0.07567042791193182,0.9766363636363636,0.07492887228727341,0.9789999723434448,0.04898451268672943,0.019999999552965164,0.40466687083244324,0.40441814064979553,0.5540042068073792
bfp16,16,act_weight,producer,10,1,3,0.058330579723011367,0.9815272727272727,0.06878499686717987,0.9797999858856201,0.032128605991601944,0.017799999564886093,0.34113460779190063,0.33965277671813965,0.5030602930196135
bfp16,16,act_weight,producer,10,1,4,0.04764217862215909,0.9852181818181818,0.06298521161079407,0.9817999601364136,0.02573457546532154,0.014999999664723873,0.348346471786499,0.3441580533981323,0.46517671777967984
bfp16,16,act_weight,producer,10,1,5,0.040774347478693185,0.9874,0.05298611521720886,0.9853999614715576,0.02533053606748581,0.012199999764561653,0.30106496810913086,0.29047614336013794,0.4388620904736756
bfp16,16,act_weight,producer,10,1,6,0.03654789373224432,0.9884181818181819,0.04925699904561043,0.9863999485969543,0.014418627135455608,0.009599999524652958,0.25196248292922974,0.2270677238702774,0.41775031414470687
bfp16,16,act_weight,producer,10,1,7,0.032795578835227275,0.9898,0.0463654100894928,0.9871999621391296,0.01692098379135132,0.009399999864399433,0.2763071060180664,0.2415175586938858,0.3973466154322449
bfp16,16,act_weight,producer,10,1,8,0.029707856889204545,0.9907090909090909,0.0510045550763607,0.9845999479293823,0.025336602702736855,0.012399999424815178,0.3058197498321533,0.2544926404953003,0.38621109613738597
bfp16,16,act_weight,producer,10,1,9,0.027303171608664772,0.9913818181818181,0.06165555492043495,0.9827999472618103,0.02586551196873188,0.012600000016391277,0.29592466354370117,0.21773119270801544,0.3711131421755204
bfp16,16,act_weight,producer,10,1,10,0.025135693359375,0.9919636363636364,0.046037498861551285,0.9883999824523926,0.020399080589413643,0.010199999436736107,0.30705633759498596,0.17418096959590912,0.3569042404982608
bfp16,16,act_weight,producer,10,1,11,0.022845856267755683,0.9928727272727272,0.055563636124134064,0.9843999743461609,0.021555116400122643,0.012399999424815178,0.3342496156692505,0.17861104011535645,0.34329187230245306
bfp16,16,act_weight,producer,10,1,12,0.019943037553267047,0.9940909090909091,0.051346685737371445,0.9863999485969543,0.00029070896562188864,0.0011999999405816197,0.3399088680744171,0.025482160970568657,0.3289966946513449
bfp16,16,act_weight,producer,10,2,1,0.22636184303977272,0.9313818181818182,0.08859646320343018,0.9745999574661255,0.0514998659491539,0.020399998873472214,0.45707768201828003,0.45710402727127075,0.6677901513357979
bfp16,16,act_weight,producer,10,2,2,0.071283203125,0.9776727272727272,0.06428936868906021,0.9819999933242798,0.02818557620048523,0.012999999336898327,0.3556351959705353,0.35549217462539673,0.5599709074684489
bfp16,16,act_weight,producer,10,2,3,0.05410705788352273,0.9835818181818182,0.07336674630641937,0.9785999655723572,0.042619381099939346,0.015799999237060547,0.38892731070518494,0.3878543972969055,0.5016161379322904
bfp16,16,act_weight,producer,10,2,4,0.04419135298295455,0.9862363636363637,0.05981191247701645,0.9819999933242798,0.026427913457155228,0.012199999764561653,0.3206906020641327,0.3166916072368622,0.4669928384112473
bfp16,16,act_weight,producer,10,2,5,0.038133447265625,0.9881454545454545,0.05617360770702362,0.98499995470047,0.023537475615739822,0.010599999688565731,0.299672931432724,0.291216641664505,0.44101557520351115
bfp16,16,act_weight,producer,10,2,6,0.03402660466974432,0.9893090909090909,0.05481429398059845,0.9845999479293823,0.01820257492363453,0.009399999864399433,0.26793619990348816,0.25238510966300964,0.41872928466063264
bfp16,16,act_weight,producer,10,2,7,0.029677947443181817,0.9907090909090909,0.04872395098209381,0.9871999621391296,0.01237593311816454,0.00699999975040555,0.2392951101064682,0.19769203662872314,0.4014584964761159
bfp16,16,act_weight,producer,10,2,8,0.02703991033380682,0.9916545454545455,0.044948432594537735,0.988599956035614,0.009741087444126606,0.00559999980032444,0.23994921147823334,0.1758238524198532,0.3799703156016099
bfp16,16,act_weight,producer,10,2,9,0.024625346235795455,0.9922,0.04264547675848007,0.9893999695777893,0.009865985251963139,0.005799999926239252,0.26547738909721375,0.17477767169475555,0.3610157800804939
bfp16,16,act_weight,producer,10,2,10,0.021683640358664772,0.9927818181818182,0.04321034625172615,0.9891999959945679,0.010957220569252968,0.005399999674409628,0.2920284867286682,0.14394523203372955,0.3454476334432081
bfp16,16,act_weight,producer,10,2,11,0.020134894353693183,0.9934909090909091,0.04701096937060356,0.9887999892234802,0.009305182844400406,0.005399999674409628,0.32821953296661377,0.14543695747852325,0.33734190326164154
bfp16,16,act_weight,producer,10,2,12,0.018669901899857955,0.9941090909090909,0.040507905185222626,0.9901999831199646,0.00012029887147946283,0.0005999999702908099,0.32303059101104736,0.02432619407773018,0.3251472837864909
bfp16,16,act_weight,producer,23,0,1,0.24289343039772726,0.9264,0.09045222401618958,0.9739999771118164,0.05403146892786026,0.02319999970495701,0.47300371527671814,0.47286197543144226,1.0
bfp16,16,act_weight,producer,23,0,2,0.07846754261363637,0.9754181818181819,0.07460584491491318,0.9783999919891357,0.04672926664352417,0.01939999870955944,0.3953394591808319,0.3952672779560089,1.0
bfp16,16,act_weight,producer,23,0,3,0.060107466264204545,0.9812545454545455,0.0654013529419899,0.9829999804496765,0.02656376361846924,0.011399999260902405,0.3314971625804901,0.33139005303382874,1.0
bfp16,16,act_weight,producer,23,0,4,0.049574161044034094,0.984909090909091,0.05792480334639549,0.9842000007629395,0.02041795291006565,0.011599999852478504,0.30934005975723267,0.30935055017471313,1.0
bfp16,16,act_weight,producer,23,0,5,0.044581946910511365,0.9861090909090909,0.057823218405246735,0.9839999675750732,0.02252083830535412,0.011799999512732029,0.2840438783168793,0.2840633988380432,1.0
bfp16,16,act_weight,producer,23,0,6,0.038466335227272726,0.9877272727272727,0.052602238953113556,0.9878000020980835,0.017427200451493263,0.007999999448657036,0.27932602167129517,0.27936798334121704,1.0
bfp16,16,act_weight,producer,23,0,7,0.03480445445667613,0.9894363636363637,0.051570825278759,0.9865999817848206,0.015079746954143047,0.007999999448657036,0.21253173053264618,0.21252989768981934,1.0
bfp16,16,act_weight,producer,23,0,8,0.031262375710227275,0.9901454545454546,0.04732910916209221,0.9865999817848206,0.01116147916764021,0.006199999712407589,0.21444064378738403,0.21445304155349731,1.0
bfp16,16,act_weight,producer,23,0,9,0.028686119495738637,0.9909818181818182,0.054728515446186066,0.9842000007629395,0.01542854867875576,0.010400000028312206,0.17685669660568237,0.17687804996967316,1.0
bfp16,16,act_weight,producer,23,0,10,0.0261583251953125,0.9918363636363636,0.06844351440668106,0.9811999797821045,0.03681759536266327,0.013399999588727951,0.20027855038642883,0.2003096491098404,1.0
bfp16,16,act_weight,producer,23,0,11,0.02368141202059659,0.9924909090909091,0.051249828189611435,0.9857999682426453,0.017048867419362068,0.007599999662488699,0.17653243243694305,0.17651981115341187,1.0
bfp16,16,act_weight,producer,23,0,12,0.022552170632102273,0.9928181818181818,0.04626389592885971,0.9878000020980835,0.00022622894903179258,0.0009999999310821295,0.022507069632411003,0.022443464025855064,1.0
bfp16,16,act_weight,producer,23,1,1,0.2347512606534091,0.9287454545454545,0.10304008424282074,0.9684000015258789,0.06274247169494629,0.027799999341368675,0.4640760123729706,0.46407702565193176,1.0
bfp16,16,act_weight,producer,23,1,2,0.07575411044034092,0.9766181818181818,0.07506286352872849,0.9785999655723572,0.04933731630444527,0.020399998873472214,0.402836412191391,0.402849942445755,1.0
bfp16,16,act_weight,producer,23,1,3,0.058136328125,0.9816909090909091,0.06821850687265396,0.9805999994277954,0.030929075554013252,0.016599999740719795,0.3368455469608307,0.33684125542640686,1.0
bfp16,16,act_weight,producer,23,1,4,0.04761922052556818,0.9851272727272727,0.06341613084077835,0.9824000000953674,0.025880374014377594,0.0142000000923872,0.34386152029037476,0.34388062357902527,1.0
bfp16,16,act_weight,producer,23,1,5,0.040688938210227274,0.9874363636363637,0.05298847705125809,0.9853999614715576,0.025226030498743057,0.012600000016391277,0.2867756485939026,0.2867959439754486,1.0
bfp16,16,act_weight,producer,23,1,6,0.036425341796875,0.9883090909090909,0.04976606369018555,0.9860000014305115,0.014877056702971458,0.009599999524652958,0.2263159304857254,0.22632578015327454,1.0
bfp16,16,act_weight,producer,23,1,7,0.03262942116477273,0.9899454545454546,0.046391334384679794,0.9871999621391296,0.0170397087931633,0.009399999864399433,0.24151228368282318,0.2415260672569275,1.0
bfp16,16,act_weight,producer,23,1,8,0.029642291814630684,0.9906181818181818,0.05039612948894501,0.9853999614715576,0.025260142982006073,0.012600000016391277,0.25114500522613525,0.25117728114128113,1.0
bfp16,16,act_weight,producer,23,1,9,0.027278615500710226,0.9914,0.06061646714806557,0.983199954032898,0.025034543126821518,0.012199999764561653,0.21815462410449982,0.21818017959594727,1.0
bfp16,16,act_weight,producer,23,1,10,0.0250575927734375,0.9918181818181818,0.04630964994430542,0.9887999892234802,0.02112479880452156,0.009800000116229057,0.1768728345632553,0.176861971616745,1.0
bfp16,16,act_weight,producer,23,1,11,0.022675628107244317,0.992890909090909,0.05352817475795746,0.9853999614715576,0.020620903000235558,0.011599999852478504,0.17461173236370087,0.174635648727417,1.0
bfp16,16,act_weight,producer,23,1,12,0.0198551513671875,0.9941090909090909,0.04958782717585564,0.9863999485969543,9.819395199883729e-05,0.0009999999310821295,0.014619311317801476,0.01459092553704977,1.0
bfp16,16,act_weight,producer,23,2,1,0.2263258877840909,0.9313636363636364,0.08868780732154846,0.974399983882904,0.05155596882104874,0.02019999921321869,0.45481473207473755,0.45478978753089905,1.0
bfp16,16,act_weight,producer,23,2,2,0.07123337180397728,0.9775272727272727,0.06427884846925735,0.9817999601364136,0.028204845264554024,0.013199999928474426,0.35469865798950195,0.35463106632232666,1.0
bfp16,16,act_weight,producer,23,2,3,0.05404569424715909,0.9835272727272727,0.07434327155351639,0.9783999919891357,0.04358278214931488,0.01599999889731407,0.387166827917099,0.38721761107444763,1.0
bfp16,16,act_weight,producer,23,2,4,0.04417691317471591,0.9863818181818181,0.059610456228256226,0.9817999601364136,0.026053564622998238,0.012600000016391277,0.3156091272830963,0.3156237006187439,1.0
bfp16,16,act_weight,producer,23,2,5,0.03809360795454545,0.9880727272727273,0.0555211678147316,0.98499995470047,0.02271369658410549,0.010799999348819256,0.2887931168079376,0.28881919384002686,1.0
bfp16,16,act_weight,producer,23,2,6,0.034076444868607954,0.9892363636363637,0.05562498793005943,0.9843999743461609,0.018808668479323387,0.009599999524652958,0.2482338845729828,0.24817943572998047,1.0
bfp16,16,act_weight,producer,23,2,7,0.02971056241122159,0.9907454545454546,0.04840628802776337,0.9869999885559082,0.011897030286490917,0.007199999876320362,0.19730910658836365,0.19727203249931335,1.0
bfp16,16,act_weight,producer,23,2,8,0.026955067027698863,0.9915090909090909,0.04560123756527901,0.9883999824523926,0.010093048214912415,0.00559999980032444,0.17634542286396027,0.17630958557128906,1.0
bfp16,16,act_weight,producer,23,2,9,0.024628759765625,0.9922181818181818,0.04288021847605705,0.9893999695777893,0.009881088510155678,0.005799999926239252,0.17264096438884735,0.1726444810628891,1.0
bfp16,16,act_weight,producer,23,2,10,0.021661192737926136,0.9927818181818182,0.04352264851331711,0.988599956035614,0.011197352781891823,0.006000000052154064,0.14751631021499634,0.14754150807857513,1.0
bfp16,16,act_weight,producer,23,2,11,0.02005263006036932,0.9935636363636363,0.04701761528849602,0.9889999628067017,0.009226109832525253,0.004999999888241291,0.14536893367767334,0.1453753262758255,1.0
bfp16,16,act_weight,producer,23,2,12,0.018592236328125,0.993909090909091,0.04081236571073532,0.9905999898910522,5.5827436881372705e-05,0.00019999999494757503,0.011897008866071701,0.01186771783977747,1.0
