format,block,target,act_at,bits,seed,epoch,train_loss,train_acc,val_loss,val_acc,kl,disagree,logit_rel_err,logit_rel_err_c,upd_survive,grad_survive,grad_cos,epochs_to_90,epochs_to_95,epochs_to_98
elementwise,1,grad,producer,1,0,1,0.243636328125,0.9261090909090909,0.09198565036058426,0.9731999635696411,0.05599069595336914,0.02459999918937683,0.4795490503311157,0.4792662560939789,1.0,1.0,0.9946327386900436,0.2,0.4,2.4
elementwise,1,grad,producer,1,0,2,0.07892075639204546,0.9752909090909091,0.07339256256818771,0.9793999791145325,0.045205313712358475,0.01899999938905239,0.3957170248031616,0.3952042758464813,1.0,1.0,0.994640261627907,0.2,0.4,2.4
elementwise,1,grad,producer,1,0,3,0.06032058771306818,0.9810909090909091,0.06722281128168106,0.9815999865531921,0.029123786836862564,0.013399999588727951,0.3329520523548126,0.3322811424732208,1.0,1.0,0.9946206736010175,0.2,0.4,2.4
elementwise,1,grad,producer,1,0,4,0.04977939009232955,0.9849272727272728,0.05751791223883629,0.9835999608039856,0.02059199847280979,0.012399999424815178,0.3112718462944031,0.3108985722064972,1.0,1.0,0.994642887559048,0.2,0.4,2.4
elementwise,1,grad,producer,1,0,5,0.044792458274147726,0.9860545454545454,0.058583445847034454,0.9835999608039856,0.02420853264629841,0.012199999764561653,0.28876662254333496,0.28833600878715515,1.0,1.0,0.9946343000545058,0.2,0.4,2.4
elementwise,1,grad,producer,1,0,6,0.03847034357244318,0.9877090909090909,0.051448095589876175,0.9878000020980835,0.0170144010335207,0.007400000002235174,0.27251461148262024,0.27210888266563416,1.0,1.0,0.9946389131767805,0.2,0.4,2.4
elementwise,1,grad,producer,1,0,7,0.03488514515269887,0.9893454545454545,0.05075620859861374,0.9865999817848206,0.014912414364516735,0.00839999970048666,0.21853309869766235,0.21771878004074097,1.0,1.0,0.9946305385855742,0.2,0.4,2.4
elementwise,1,grad,producer,1,0,8,0.031201589133522726,0.9901454545454546,0.04713672772049904,0.986799955368042,0.011553131975233555,0.00559999980032444,0.2168857902288437,0.21619658172130585,1.0,1.0,0.9946465070857559,0.2,0.4,2.4
elementwise,1,grad,producer,1,0,9,0.0286437744140625,0.9912727272727273,0.05498185381293297,0.9860000014305115,0.015368975698947906,0.009599999524652958,0.17647221684455872,0.17555533349514008,1.0,1.0,0.9946239382721657,0.2,0.4,2.4
elementwise,1,grad,producer,1,0,10,0.02614344149502841,0.9917636363636364,0.06872938573360443,0.9807999730110168,0.03765251860022545,0.0142000000923872,0.20634004473686218,0.20538854598999023,1.0,1.0,0.9946406874545785,0.2,0.4,2.4
elementwise,1,grad,producer,1,0,11,0.023758784623579547,0.9924181818181819,0.05348338186740875,0.9851999878883362,0.018856624141335487,0.008999999612569809,0.1813884973526001,0.180375337600708,1.0,1.0,0.9946316741233648,0.2,0.4,2.4
elementwise,1,grad,producer,1,0,12,0.02256066006747159,0.9928,0.04599158465862274,0.9869999885559082,0.0005243096384219825,0.001999999862164259,0.041159629821777344,0.0335799939930439,1.0,1.0,0.994654171965843,0.2,0.4,2.4
elementwise,1,grad,producer,1,1,1,0.23609572088068181,0.9282181818181818,0.10272578150033951,0.968999981880188,0.06276893615722656,0.02719999849796295,0.4655304551124573,0.4655132591724396,1.0,1.0,0.9946391970612282,0.1,0.3,2.3
elementwise,1,grad,producer,1,1,2,0.07586898970170454,0.9765818181818182,0.0752437487244606,0.9781999588012695,0.051427196711301804,0.020399998873472214,0.40910330414772034,0.4090859889984131,1.0,1.0,0.9946188993232195,0.1,0.3,2.3
elementwise,1,grad,producer,1,1,3,0.05861998845880682,0.9813818181818181,0.06898733973503113,0.9789999723434448,0.03294480964541435,0.01719999872148037,0.34005415439605713,0.3399467468261719,1.0,1.0,0.9946206736010175,0.1,0.3,2.3
elementwise,1,grad,producer,1,1,4,0.047879820667613635,0.985,0.06359337270259857,0.9815999865531921,0.02714516781270504,0.0142000000923872,0.34692808985710144,0.34678414463996887,1.0,1.0,0.9946230866188227,0.1,0.3,2.3
elementwise,1,grad,producer,1,1,5,0.04090002219460227,0.9871454545454545,0.05241301283240318,0.9855999946594238,0.026800487190485,0.012799999676644802,0.2892070710659027,0.28909358382225037,1.0,1.0,0.9946213123410247,0.1,0.3,2.3
elementwise,1,grad,producer,1,1,6,0.03671000532670454,0.9883636363636363,0.05020654574036598,0.9860000014305115,0.01681223139166832,0.009599999524652958,0.23416534066200256,0.23390306532382965,1.0,1.0,0.9946327386900436,0.1,0.3,2.3
elementwise,1,grad,producer,1,1,7,0.033015500710227276,0.9898545454545454,0.04644383117556572,0.9871999621391296,0.018168898299336433,0.009999999776482582,0.23852820694446564,0.2381507009267807,1.0,1.0,0.9946008726607921,0.1,0.3,2.3
elementwise,1,grad,producer,1,1,8,0.029892695756392047,0.9907818181818182,0.05018807202577591,0.9851999878883362,0.02719247154891491,0.011799999512732029,0.26133936643600464,0.26086583733558655,1.0,1.0,0.994624506041061,0.1,0.3,2.3
elementwise,1,grad,producer,1,1,9,0.02739642001065341,0.9912,0.06240092217922211,0.9829999804496765,0.02712678723037243,0.013399999588727951,0.2174154371023178,0.21690703928470612,1.0,1.0,0.9946290481922239,0.1,0.3,2.3
elementwise,1,grad,producer,1,1,10,0.025422121360085228,0.9918545454545454,0.046123094856739044,0.9875999689102173,0.023699162527918816,0.009800000116229057,0.1875143200159073,0.18705692887306213,1.0,1.0,0.9946357904478561,0.1,0.3,2.3
elementwise,1,grad,producer,1,1,11,0.02301087313565341,0.9926363636363637,0.05441572144627571,0.9853999614715576,0.02176854759454727,0.01119999960064888,0.18435700237751007,0.18382272124290466,1.0,1.0,0.9946224478788154,0.1,0.3,2.3
elementwise,1,grad,producer,1,1,12,0.02032948552911932,0.9939636363636364,0.05021284148097038,0.9865999817848206,0.000735861889552325,0.002199999988079071,0.04169807583093643,0.03896799683570862,1.0,1.0,0.9946527525436046,0.1,0.3,2.3
elementwise,1,grad,producer,1,2,1,0.22740621448863638,0.9310545454545455,0.08953271806240082,0.9751999974250793,0.05249180644750595,0.01979999989271164,0.45500344038009644,0.4549384117126465,1.0,1.0,0.9946165572765262,0.1,0.3,1.9
elementwise,1,grad,producer,1,2,2,0.07177014382102273,0.9775090909090909,0.06465558707714081,0.9811999797821045,0.02829231508076191,0.013399999588727951,0.35437914729118347,0.35428622364997864,1.0,1.0,0.9946302547011264,0.1,0.3,1.9
elementwise,1,grad,producer,1,2,3,0.054509765625,0.9833636363636363,0.07459855824708939,0.9781999588012695,0.04364432021975517,0.01599999889731407,0.38832327723503113,0.38828760385513306,1.0,1.0,0.9946099569631177,0.1,0.3,1.9
elementwise,1,grad,producer,1,2,4,0.04459639115767045,0.9862545454545455,0.06059456616640091,0.9817999601364136,0.026409432291984558,0.012999999336898327,0.31394848227500916,0.3138813078403473,1.0,1.0,0.9946296869322311,0.1,0.3,1.9
elementwise,1,grad,producer,1,2,5,0.038561545632102276,0.9880909090909091,0.055477142333984375,0.9847999811172485,0.022429829463362694,0.010199999436736107,0.2884109318256378,0.2883165776729584,1.0,1.0,0.9946395519167878,0.1,0.3,1.9
elementwise,1,grad,producer,1,2,6,0.03441691228693182,0.989,0.05667959153652191,0.9843999743461609,0.019525345414876938,0.009800000116229057,0.24568259716033936,0.24548496305942535,1.0,1.0,0.9946222349654796,0.1,0.3,1.9
elementwise,1,grad,producer,1,2,7,0.030149662642045456,0.9904181818181819,0.049031954258680344,0.986799955368042,0.012448075227439404,0.007599999662488699,0.19539126753807068,0.19511501491069794,1.0,1.0,0.9946090343386628,0.1,0.3,1.9
elementwise,1,grad,producer,1,2,8,0.027406181196732955,0.9914545454545455,0.04582434520125389,0.9883999824523926,0.010155717842280865,0.005799999926239252,0.17785146832466125,0.17755581438541412,1.0,1.0,0.9946171960165334,0.1,0.3,1.9
elementwise,1,grad,producer,1,2,9,0.0250716552734375,0.9920181818181818,0.04280836880207062,0.9893999695777893,0.009934088215231895,0.006000000052154064,0.17584212124347687,0.1754826456308365,1.0,1.0,0.9946475006813227,0.1,0.3,1.9
elementwise,1,grad,producer,1,2,10,0.0220536376953125,0.9926,0.043819040060043335,0.9887999892234802,0.010905460454523563,0.00559999980032444,0.1444825530052185,0.14398230612277985,1.0,1.0,0.9946338032567223,0.1,0.3,1.9
elementwise,1,grad,producer,1,2,11,0.020484916548295453,0.9933636363636363,0.04728543013334274,0.9887999892234802,0.009251142852008343,0.004799999762326479,0.1449567973613739,0.14448875188827515,1.0,1.0,0.9946217381676962,0.1,0.3,1.9
elementwise,1,grad,producer,1,2,12,0.018934241832386362,0.9938,0.04106525704264641,0.9901999831199646,0.00031292258063331246,0.0007999999797903001,0.03082655742764473,0.028209062293171883,1.0,1.0,0.9946365001589753,0.1,0.3,1.9
elementwise,1,grad,producer,2,0,1,0.24287588778409092,0.9261272727272727,0.09149293601512909,0.9729999899864197,0.05515456572175026,0.02459999918937683,0.47742053866386414,0.4774198532104492,1.0,1.0,0.9986064112463663,0.2,0.4,2.4
elementwise,1,grad,producer,2,0,2,0.07856921164772727,0.9752909090909091,0.07448592782020569,0.9785999655723572,0.04703545570373535,0.01979999989271164,0.39856207370758057,0.39854896068573,1.0,1.0,0.9986174117687137,0.2,0.4,2.4
elementwise,1,grad,producer,2,0,3,0.06023065962357955,0.9812181818181818,0.0654090940952301,0.9819999933242798,0.027216557413339615,0.012600000016391277,0.33407264947891235,0.33407852053642273,1.0,1.0,0.9986121599064317,0.2,0.4,2.4
elementwise,1,grad,producer,2,0,4,0.04968924893465909,0.9848181818181818,0.05828028544783592,0.9839999675750732,0.020754316821694374,0.012000000104308128,0.31278982758522034,0.3127112090587616,1.0,1.0,0.9986161342886991,0.2,0.4,2.4
elementwise,1,grad,producer,2,0,5,0.044707066761363635,0.9861454545454545,0.05727832019329071,0.9842000007629395,0.022714626044034958,0.011599999852478504,0.2881813943386078,0.2881495952606201,1.0,1.0,0.9986131535019985,0.2,0.4,2.4
elementwise,1,grad,producer,2,0,6,0.03852817826704545,0.9878,0.052487049251794815,0.9873999953269958,0.01798282191157341,0.007199999876320362,0.27892419695854187,0.27882492542266846,1.0,1.0,0.9986159213753634,0.2,0.4,2.4
elementwise,1,grad,producer,2,0,7,0.034974906782670456,0.9894,0.051030050963163376,0.9861999750137329,0.014727612026035786,0.008200000040233135,0.21997132897377014,0.21989145874977112,1.0,1.0,0.9986083274663881,0.2,0.4,2.4
elementwise,1,grad,producer,2,0,8,0.03125266557173295,0.9902727272727273,0.047620780766010284,0.9865999817848206,0.011572614312171936,0.006199999712407589,0.22094300389289856,0.2208232581615448,1.0,1.0,0.9986095339752907,0.2,0.4,2.4
elementwise,1,grad,producer,2,0,9,0.0287862060546875,0.9910181818181818,0.054739825427532196,0.9851999878883362,0.014506420120596886,0.009599999524652958,0.1784043312072754,0.17818346619606018,1.0,1.0,0.9986154955486919,0.2,0.4,2.4
elementwise,1,grad,producer,2,0,10,0.026252701083096592,0.9917454545454546,0.06666780263185501,0.9809999465942383,0.03448270633816719,0.013199999928474426,0.20228658616542816,0.20210587978363037,1.0,1.0,0.9986115921375364,0.2,0.4,2.4
elementwise,1,grad,producer,2,0,11,0.023714106889204545,0.9926727272727273,0.05099445953965187,0.9863999485969543,0.01766020990908146,0.007400000002235174,0.17891672253608704,0.17840273678302765,1.0,1.0,0.9986163472020348,0.2,0.4,2.4
elementwise,1,grad,producer,2,0,12,0.0225406005859375,0.9928181818181818,0.0467272624373436,0.9871999621391296,0.00023921846877783537,0.001999999862164259,0.02827228046953678,0.023129085078835487,1.0,1.0,0.9986149987509084,0.2,0.4,2.4
elementwise,1,grad,producer,2,1,1,0.23521937144886362,0.9287636363636363,0.1031099259853363,0.9684000015258789,0.06288211792707443,0.027400000020861626,0.46406370401382446,0.46405476331710815,1.0,1.0,0.9986067661019259,0.1,0.3,1.5
elementwise,1,grad,producer,2,1,2,0.07577330433238637,0.9768363636363636,0.07387764006853104,0.9789999723434448,0.05007239431142807,0.019600000232458115,0.40376803278923035,0.4037594497203827,1.0,1.0,0.9986132954442224,0.1,0.3,1.5
elementwise,1,grad,producer,2,1,3,0.05829670188210227,0.9816727272727273,0.06843671947717667,0.9797999858856201,0.03202471137046814,0.01640000008046627,0.33999893069267273,0.33995330333709717,1.0,1.0,0.9986047079396803,0.1,0.3,1.5
elementwise,1,grad,producer,2,1,4,0.04766677024147727,0.9851454545454545,0.06272058933973312,0.9819999933242798,0.026949791237711906,0.0142000000923872,0.3470029830932617,0.346987783908844,1.0,1.0,0.9986097468886265,0.1,0.3,1.5
elementwise,1,grad,producer,2,1,5,0.040708083274147724,0.9871818181818182,0.052820440381765366,0.9857999682426453,0.026474913582205772,0.012399999424815178,0.28608420491218567,0.2860419750213623,1.0,1.0,0.9986071209574855,0.1,0.3,1.5
elementwise,1,grad,producer,2,1,6,0.036413749556107954,0.9883454545454545,0.048914458602666855,0.9861999750137329,0.014920010231435299,0.009200000204145908,0.23054303228855133,0.2304506152868271,1.0,1.0,0.9986122308775436,0.1,0.3,1.5
elementwise,1,grad,producer,2,1,7,0.03276317471590909,0.9898363636363636,0.04600996524095535,0.9873999953269958,0.018458226695656776,0.009800000116229057,0.2437462955713272,0.2436467409133911,1.0,1.0,0.9986116631086482,0.1,0.3,1.5
elementwise,1,grad,producer,2,1,8,0.02961064453125,0.9906363636363636,0.049298521131277084,0.9853999614715576,0.02603810653090477,0.01119999960064888,0.2569720447063446,0.2568584680557251,1.0,1.0,0.9986100307730741,0.1,0.3,1.5
elementwise,1,grad,producer,2,1,9,0.027205928178267044,0.9912181818181818,0.061244163662195206,0.9835999608039856,0.02696404419839382,0.012199999764561653,0.21631744503974915,0.21622318029403687,1.0,1.0,0.9986097468886265,0.1,0.3,1.5
elementwise,1,grad,producer,2,1,10,0.025127565696022727,0.9917818181818182,0.04674684628844261,0.9881999492645264,0.025366144254803658,0.010199999436736107,0.1896233856678009,0.18930931389331818,1.0,1.0,0.9986104565997457,0.1,0.3,1.5
elementwise,1,grad,producer,2,1,11,0.022660471413352274,0.9927636363636364,0.05357174575328827,0.9853999614715576,0.022045733407139778,0.011599999852478504,0.18150466680526733,0.18130487203598022,1.0,1.0,0.9986115211664244,0.1,0.3,1.5
elementwise,1,grad,producer,2,1,12,0.019929310191761362,0.9940181818181818,0.05076256021857262,0.9865999817848206,0.00036552120582200587,0.0011999999405816197,0.030804628506302834,0.028957678005099297,1.0,1.0,0.9986124437908793,0.1,0.3,1.5
elementwise,1,grad,producer,2,2,1,0.22660774147727272,0.9314,0.08844739943742752,0.9741999506950378,0.051468029618263245,0.02019999921321869,0.4562753736972809,0.45625734329223633,1.0,1.0,0.9986063402752544,0.1,0.3,1.9
elementwise,1,grad,producer,2,2,2,0.07138281693892046,0.9776363636363636,0.06470677256584167,0.9813999533653259,0.02847842313349247,0.013199999928474426,0.3553565442562103,0.35529670119285583,1.0,1.0,0.99861357932867,0.1,0.3,1.9
elementwise,1,grad,producer,2,2,3,0.054227388139204545,0.9834363636363637,0.07297433912754059,0.9781999588012695,0.042200516909360886,0.01599999889731407,0.3861008882522583,0.3861522972583771,1.0,1.0,0.9986147148664608,0.1,0.3,1.9
elementwise,1,grad,producer,2,2,4,0.04426185635653409,0.9863454545454545,0.05972381681203842,0.9817999601364136,0.025763927027583122,0.012600000016391277,0.31489962339401245,0.3149239718914032,1.0,1.0,0.9986076887263808,0.1,0.3,1.9
elementwise,1,grad,producer,2,2,5,0.038134099786931816,0.9882727272727273,0.054737389087677,0.9851999878883362,0.021640753373503685,0.010199999436736107,0.2868345081806183,0.2868598401546478,1.0,1.0,0.998607546784157,0.1,0.3,1.9
elementwise,1,grad,producer,2,2,6,0.03416053799715909,0.9891818181818182,0.05544852837920189,0.9845999479293823,0.01876312494277954,0.009599999524652958,0.24689194560050964,0.2468913495540619,1.0,1.0,0.9986099598019622,0.1,0.3,1.9
elementwise,1,grad,producer,2,2,7,0.029808061079545454,0.9905090909090909,0.04837493225932121,0.9871999621391296,0.011941569857299328,0.007199999876320362,0.19471442699432373,0.1946777105331421,1.0,1.0,0.9986059144485828,0.1,0.3,1.9
elementwise,1,grad,producer,2,2,8,0.027142451615767046,0.9916,0.045195337384939194,0.9887999892234802,0.009481191635131836,0.005399999674409628,0.1716746687889099,0.17161177098751068,1.0,1.0,0.9986074048419331,0.1,0.3,1.9
elementwise,1,grad,producer,2,2,9,0.024705322265625,0.9922727272727273,0.04260104149580002,0.9896000027656555,0.00980361271649599,0.00559999980032444,0.1731378734111786,0.1730746328830719,1.0,1.0,0.9986169149709302,0.1,0.3,1.9
elementwise,1,grad,producer,2,2,10,0.02173677645596591,0.9926545454545455,0.04362255334854126,0.9889999628067017,0.010825431905686855,0.005399999674409628,0.14418253302574158,0.14391610026359558,1.0,1.0,0.9986108114553053,0.1,0.3,1.9
elementwise,1,grad,producer,2,2,11,0.020257599431818183,0.9934181818181819,0.04792561009526253,0.988599956035614,0.009846482425928116,0.005200000014156103,0.1481163650751114,0.14770735800266266,1.0,1.0,0.9986123728197674,0.1,0.3,1.9
elementwise,1,grad,producer,2,2,12,0.018850148703835227,0.9938181818181818,0.04078657925128937,0.990399956703186,0.0002014559431700036,0.0007999999797903001,0.023262521252036095,0.021280795335769653,1.0,1.0,0.9986154955486919,0.1,0.3,1.9
elementwise,1,grad,producer,3,0,1,0.24291358309659092,0.9262181818181818,0.09145931899547577,0.9731999635696411,0.05519812926650047,0.024799998849630356,0.47608649730682373,0.4759702682495117,1.0,1.0,0.999651247956032,0.2,0.4,2.4
elementwise,1,grad,producer,3,0,2,0.07842237215909091,0.9753818181818181,0.07451705634593964,0.9783999919891357,0.04696764424443245,0.019600000232458115,0.3975748121738434,0.3974936902523041,1.0,1.0,0.9996506801871367,0.2,0.4,2.4
elementwise,1,grad,producer,3,0,3,0.060107182173295456,0.9812181818181818,0.06569909304380417,0.9824000000953674,0.0274159237742424,0.012199999764561653,0.3321708142757416,0.3320915400981903,1.0,1.0,0.9996502543604651,0.2,0.4,2.4
elementwise,1,grad,producer,3,0,4,0.04957394353693182,0.9848727272727272,0.058806367218494415,0.9833999872207642,0.021210405975580215,0.012000000104308128,0.3133077621459961,0.3133178651332855,1.0,1.0,0.9996503963026889,0.2,0.4,2.4
elementwise,1,grad,producer,3,0,5,0.04464920987215909,0.9860727272727273,0.058144696056842804,0.9839999675750732,0.02315511740744114,0.011799999512732029,0.2846524119377136,0.2846587300300598,1.0,1.0,0.9996496156204578,0.2,0.4,2.4
elementwise,1,grad,producer,3,0,6,0.038475377308238634,0.9878181818181818,0.0524585098028183,0.9879999756813049,0.01781032420694828,0.007999999448657036,0.2781224250793457,0.2781484127044678,1.0,1.0,0.9996490478515625,0.2,0.4,2.4
elementwise,1,grad,producer,3,0,7,0.03498282137784091,0.9893454545454545,0.050979577004909515,0.9857999682426453,0.014752328395843506,0.007999999448657036,0.2132692039012909,0.21325886249542236,1.0,1.0,0.9996503963026889,0.2,0.4,2.4
elementwise,1,grad,producer,3,0,8,0.03128491876775568,0.9901636363636364,0.04756094515323639,0.9863999485969543,0.011657210066914558,0.006199999712407589,0.22007013857364655,0.22007478773593903,1.0,1.0,0.999649544649346,0.2,0.4,2.4
elementwise,1,grad,producer,3,0,9,0.028728533380681816,0.9911636363636364,0.05533686652779579,0.9853999614715576,0.015221701934933662,0.008999999612569809,0.1783265769481659,0.17830978333950043,1.0,1.0,0.9996496156204578,0.2,0.4,2.4
elementwise,1,grad,producer,3,0,10,0.026194908558238635,0.9917818181818182,0.07049560546875,0.9799999594688416,0.03823840245604515,0.014599999412894249,0.2030669003725052,0.20307695865631104,1.0,1.0,0.99965117698492,0.2,0.4,2.4
elementwise,1,grad,producer,3,0,11,0.023744764293323863,0.9925090909090909,0.0511217825114727,0.9861999750137329,0.0171192679554224,0.006599999964237213,0.17611010372638702,0.17606517672538757,1.0,1.0,0.9996497575626817,0.2,0.4,2.4
elementwise,1,grad,producer,3,0,12,0.02257526189630682,0.9928363636363636,0.04732779040932655,0.986799955368042,0.00025611318415030837,0.0017999999690800905,0.02378009632229805,0.023135771974921227,1.0,1.0,0.9996505382449128,0.2,0.4,2.4
elementwise,1,grad,producer,3,1,1,0.2349166193181818,0.9287090909090909,0.10326242446899414,0.968999981880188,0.06342742592096329,0.026799999177455902,0.46543386578559875,0.46542996168136597,1.0,1.0,0.999649544649346,0.1,0.3,2.3
elementwise,1,grad,producer,3,1,2,0.07570441228693182,0.9766545454545454,0.07467492669820786,0.9783999919891357,0.05123729258775711,0.02019999921321869,0.40751373767852783,0.4075188934803009,1.0,1.0,0.9996491188226744,0.1,0.3,2.3
elementwise,1,grad,producer,3,1,3,0.05826057350852273,0.9816545454545454,0.0685264989733696,0.9799999594688416,0.032635100185871124,0.01679999940097332,0.34157276153564453,0.3415676951408386,1.0,1.0,0.9996488349382268,0.1,0.3,2.3
elementwise,1,grad,producer,3,1,4,0.047709370561079545,0.9853090909090909,0.06314801424741745,0.9821999669075012,0.027195781469345093,0.0139999995008111,0.344201922416687,0.344213604927063,1.0,1.0,0.999647770371548,0.1,0.3,2.3
elementwise,1,grad,producer,3,1,5,0.04072346857244318,0.9872181818181818,0.05270717293024063,0.9857999682426453,0.0265429075807333,0.012000000104308128,0.29020819067955017,0.2902255356311798,1.0,1.0,0.9996479123137718,0.1,0.3,2.3
elementwise,1,grad,producer,3,1,6,0.03654227849786932,0.9883818181818181,0.049431588500738144,0.9863999485969543,0.015857189893722534,0.009599999524652958,0.2299184799194336,0.22991631925106049,1.0,1.0,0.9996498285337936,0.1,0.3,2.3
elementwise,1,grad,producer,3,1,7,0.03280415926846591,0.989909090909091,0.04615011438727379,0.9875999689102173,0.01815425418317318,0.009399999864399433,0.24146999418735504,0.24145564436912537,1.0,1.0,0.9996489768804506,0.1,0.3,2.3
elementwise,1,grad,producer,3,1,8,0.029696879438920454,0.9906909090909091,0.049888357520103455,0.98499995470047,0.026486143469810486,0.011799999512732029,0.25298774242401123,0.25299906730651855,1.0,1.0,0.999649473678234,0.1,0.3,2.3
elementwise,1,grad,producer,3,1,9,0.02736009854403409,0.9910909090909091,0.06173646077513695,0.983199954032898,0.0272358488291502,0.012600000016391277,0.2196485996246338,0.2196609526872635,1.0,1.0,0.9996514608693677,0.1,0.3,2.3
elementwise,1,grad,producer,3,1,10,0.0251789306640625,0.9918363636363636,0.045980848371982574,0.9879999756813049,0.02316383644938469,0.009999999776482582,0.1834007203578949,0.18336842954158783,1.0,1.0,0.9996496156204578,0.1,0.3,2.3
elementwise,1,grad,producer,3,1,11,0.022750801225142045,0.9928,0.053805213421583176,0.9855999946594238,0.02199106477200985,0.01119999960064888,0.17841969430446625,0.17843012511730194,1.0,1.0,0.999648551053779,0.1,0.3,2.3
elementwise,1,grad,producer,3,1,12,0.019962078302556818,0.9939636363636364,0.050677139312028885,0.986799955368042,0.0001444745867047459,0.00139999995008111,0.016939640045166016,0.016681555658578873,1.0,1.0,0.9996493317360102,0.1,0.3,2.3
elementwise,1,grad,producer,3,2,1,0.2264211825284091,0.931490909090909,0.08842368423938751,0.9741999506950378,0.05140190199017525,0.020800000056624413,0.45666101574897766,0.4566459655761719,1.0,1.0,0.9996483381404433,0.1,0.3,1.9
elementwise,1,grad,producer,3,2,2,0.07131108842329545,0.9775818181818182,0.06435682624578476,0.9817999601364136,0.02795177511870861,0.012999999336898327,0.3529011905193329,0.3528665006160736,1.0,1.0,0.9996491188226744,0.1,0.3,1.9
elementwise,1,grad,producer,3,2,3,0.05413836115056818,0.9834363636363637,0.07225669175386429,0.9787999987602234,0.04138597100973129,0.015399999916553497,0.38322827219963074,0.38327276706695557,1.0,1.0,0.9996516737827035,0.1,0.3,1.9
elementwise,1,grad,producer,3,2,4,0.04426971768465909,0.9863454545454545,0.060007933527231216,0.9819999933242798,0.026150764897465706,0.012399999424815178,0.3126908242702484,0.31271523237228394,1.0,1.0,0.999649544649346,0.1,0.3,1.9
elementwise,1,grad,producer,3,2,5,0.03816367631392045,0.9880727272727273,0.0553593747317791,0.98499995470047,0.022379251196980476,0.010400000028312206,0.28770583868026733,0.2877233624458313,1.0,1.0,0.9996497575626817,0.1,0.3,1.9
elementwise,1,grad,producer,3,2,6,0.03408874289772727,0.9892727272727273,0.05584164336323738,0.9843999743461609,0.01887528970837593,0.009599999524652958,0.24522294104099274,0.24519118666648865,1.0,1.0,0.9996497575626817,0.1,0.3,1.9
elementwise,1,grad,producer,3,2,7,0.02978960848721591,0.9905272727272727,0.048868075013160706,0.986799955368042,0.012466363608837128,0.007199999876320362,0.19348584115505219,0.19346265494823456,1.0,1.0,0.999649544649346,0.1,0.3,1.9
elementwise,1,grad,producer,3,2,8,0.027154172585227274,0.9914909090909091,0.04512839391827583,0.9887999892234802,0.009593221358954906,0.00559999980032444,0.17334246635437012,0.17331428825855255,1.0,1.0,0.9996493317360102,0.1,0.3,1.9
elementwise,1,grad,producer,3,2,9,0.02467172629616477,0.9921818181818182,0.04273261874914169,0.9893999695777893,0.009993537329137325,0.00559999980032444,0.17335329949855804,0.1733413189649582,1.0,1.0,0.9996498995049056,0.1,0.3,1.9
elementwise,1,grad,producer,3,2,10,0.021741157670454547,0.9926909090909091,0.04332934319972992,0.9889999628067017,0.010943396016955376,0.005399999674409628,0.14434732496738434,0.14433036744594574,1.0,1.0,0.9996501124182413,0.1,0.3,1.9
elementwise,1,grad,producer,3,2,11,0.020161882990056817,0.9936363636363637,0.046851471066474915,0.9889999628067017,0.009226142428815365,0.004799999762326479,0.14357227087020874,0.14351481199264526,1.0,1.0,0.999649544649346,0.1,0.3,1.9
elementwise,1,grad,producer,3,2,12,0.018788847212357955,0.9939818181818182,0.04049360379576683,0.990399956703186,0.00010500007920200005,0.00019999999494757503,0.017463332042098045,0.017077120020985603,1.0,1.0,0.9996503963026889,0.1,0.3,1.9
elementwise,1,grad,producer,4,0,1,0.24272095170454547,0.9263818181818182,0.09122242778539658,0.9731999635696411,0.054956432431936264,0.024799998849630356,0.4757007658481598,0.4754985272884369,1.0,1.0,0.9999102925145349,0.2,0.3,2.4
elementwise,1,grad,producer,4,0,2,0.07829455788352273,0.9754909090909091,0.0741569921374321,0.9787999987602234,0.046477194875478745,0.019199999049305916,0.3966846764087677,0.39650583267211914,1.0,1.0,0.9999102925145349,0.2,0.3,2.4
elementwise,1,grad,producer,4,0,3,0.060067529296875,0.9813636363636363,0.06592020392417908,0.9827999472618103,0.027478082105517387,0.011799999512732029,0.33470818400382996,0.33451783657073975,1.0,1.0,0.9999103634856468,0.2,0.3,2.4
elementwise,1,grad,producer,4,0,4,0.04961944247159091,0.9847454545454546,0.05817689374089241,0.9839999675750732,0.020759493112564087,0.011799999512732029,0.3122834265232086,0.31224432587623596,1.0,1.0,0.9999105054278706,0.2,0.3,2.4
elementwise,1,grad,producer,4,0,5,0.04464569424715909,0.9860727272727273,0.05721244588494301,0.9842000007629395,0.022609839215874672,0.011599999852478504,0.2833267152309418,0.2832970917224884,1.0,1.0,0.999910221543423,0.2,0.3,2.4
elementwise,1,grad,producer,4,0,6,0.03841122602982955,0.9877636363636364,0.05254736915230751,0.9878000020980835,0.017667366191744804,0.007599999662488699,0.27634620666503906,0.27638161182403564,1.0,1.0,0.9999104344567588,0.2,0.3,2.4
elementwise,1,grad,producer,4,0,7,0.034965451882102275,0.9893272727272727,0.05121409893035889,0.9857999682426453,0.01468268409371376,0.007999999448657036,0.21330484747886658,0.21327777206897736,1.0,1.0,0.9999102925145349,0.2,0.3,2.4
elementwise,1,grad,producer,4,0,8,0.03119661532315341,0.9901818181818182,0.04780998080968857,0.9869999885559082,0.011540337465703487,0.006399999838322401,0.21883907914161682,0.2188088297843933,1.0,1.0,0.999910221543423,0.2,0.3,2.4
elementwise,1,grad,producer,4,0,9,0.028649411843039773,0.9911818181818182,0.05559896305203438,0.98499995470047,0.015056747011840343,0.009800000116229057,0.17372873425483704,0.17373020946979523,1.0,1.0,0.9999105054278706,0.2,0.3,2.4
elementwise,1,grad,producer,4,0,10,0.026119766512784092,0.9918,0.07052686810493469,0.9801999926567078,0.03794597089290619,0.0139999995008111,0.2050657719373703,0.20509189367294312,1.0,1.0,0.9999105054278706,0.2,0.3,2.4
elementwise,1,grad,producer,4,0,11,0.023634093128551137,0.9926545454545455,0.05217573419213295,0.9855999946594238,0.01839834824204445,0.007400000002235174,0.18260249495506287,0.1826205998659134,1.0,1.0,0.9999105763989825,0.2,0.3,2.4
elementwise,1,grad,producer,4,0,12,0.022502858664772727,0.9928545454545454,0.04737547039985657,0.9861999750137329,0.0001399101020069793,0.0011999999405816197,0.015996435657143593,0.015877997502684593,1.0,1.0,0.9999105054278706,0.2,0.3,2.4
elementwise,1,grad,producer,4,1,1,0.23453172940340908,0.9289454545454545,0.10346669703722,0.9684000015258789,0.06339617818593979,0.027799999341368675,0.4651888608932495,0.4651879072189331,1.0,1.0,0.9999097957167514,0.1,0.3,1.7
elementwise,1,grad,producer,4,1,2,0.07557858664772728,0.9768,0.07595997303724289,0.9785999655723572,0.05255870148539543,0.019999999552965164,0.4083617031574249,0.4083738327026367,1.0,1.0,0.999910221543423,0.1,0.3,1.7
elementwise,1,grad,producer,4,1,3,0.058182111150568185,0.9817272727272728,0.06851422041654587,0.9803999662399292,0.03240903094410896,0.01640000008046627,0.3404167890548706,0.3404054641723633,1.0,1.0,0.9999100796011992,0.1,0.3,1.7
elementwise,1,grad,producer,4,1,4,0.04759898348721591,0.9851636363636364,0.06300581246614456,0.9819999933242798,0.027406804263591766,0.014999999664723873,0.3463640511035919,0.3463785648345947,1.0,1.0,0.999910221543423,0.1,0.3,1.7
elementwise,1,grad,producer,4,1,5,0.04065631214488637,0.9873636363636363,0.052920226007699966,0.9853999614715576,0.026346977800130844,0.012399999424815178,0.28618067502975464,0.28619810938835144,1.0,1.0,0.9999100796011992,0.1,0.3,1.7
elementwise,1,grad,producer,4,1,6,0.0364134521484375,0.9883636363636363,0.04938724637031555,0.9861999750137329,0.015340789221227169,0.009399999864399433,0.22734631597995758,0.2273464798927307,1.0,1.0,0.9999102925145349,0.1,0.3,1.7
elementwise,1,grad,producer,4,1,7,0.032651744495738634,0.989909090909091,0.046162910759449005,0.9871999621391296,0.01786118373274803,0.009800000116229057,0.23992612957954407,0.23993264138698578,1.0,1.0,0.9999100796011992,0.1,0.3,1.7
elementwise,1,grad,producer,4,1,8,0.029610862038352274,0.9907272727272727,0.050367504358291626,0.9851999878883362,0.027639614418148994,0.011799999512732029,0.26120853424072266,0.2612316310405731,1.0,1.0,0.9999100086300872,0.1,0.3,1.7
elementwise,1,grad,producer,4,1,9,0.027257630504261363,0.9911636363636364,0.06066260486841202,0.9833999872207642,0.026201870292425156,0.012199999764561653,0.21917763352394104,0.21919293701648712,1.0,1.0,0.9999102925145349,0.1,0.3,1.7
elementwise,1,grad,producer,4,1,10,0.0250409423828125,0.992,0.04585307464003563,0.9881999492645264,0.02288440242409706,0.009800000116229057,0.18206748366355896,0.1820208579301834,1.0,1.0,0.9999102925145349,0.1,0.3,1.7
elementwise,1,grad,producer,4,1,11,0.022639002574573863,0.992890909090909,0.053666431456804276,0.9851999878883362,0.022543102502822876,0.011599999852478504,0.18010397255420685,0.18009860813617706,1.0,1.0,0.9999104344567588,0.1,0.3,1.7
elementwise,1,grad,producer,4,1,12,0.01987708407315341,0.9941454545454546,0.05038343742489815,0.9863999485969543,0.00016397517174482346,0.0015999999595806003,0.017693763598799706,0.01752886362373829,1.0,1.0,0.9999105054278706,0.1,0.3,1.7
elementwise,1,grad,producer,4,2,1,0.226305078125,0.9314,0.08838881552219391,0.9739999771118164,0.051448747515678406,0.020800000056624413,0.4566000699996948,0.4565713703632355,1.0,1.0,0.999910150572311,0.1,0.3,1.9
elementwise,1,grad,producer,4,2,2,0.07125901544744319,0.9776545454545454,0.06454969197511673,0.9815999865531921,0.028208568692207336,0.012999999336898327,0.35204216837882996,0.3519642651081085,1.0,1.0,0.9999102925145349,0.1,0.3,1.9
elementwise,1,grad,producer,4,2,3,0.05415266335227273,0.9834909090909091,0.07348071038722992,0.9783999919891357,0.04268459975719452,0.015799999237060547,0.3847406208515167,0.38479194045066833,1.0,1.0,0.9999105054278706,0.1,0.3,1.9
elementwise,1,grad,producer,4,2,4,0.04424578302556818,0.9864181818181819,0.059654321521520615,0.9815999865531921,0.025533512234687805,0.012799999676644802,0.312836229801178,0.31283649802207947,1.0,1.0,0.999910150572311,0.1,0.3,1.9
elementwise,1,grad,producer,4,2,5,0.03811361416903409,0.9881636363636364,0.05555698275566101,0.98499995470047,0.02258813939988613,0.010400000028312206,0.28735607862472534,0.28737396001815796,1.0,1.0,0.9999100796011992,0.1,0.3,1.9
elementwise,1,grad,producer,4,2,6,0.03409185458096591,0.9892727272727273,0.05589667335152626,0.9845999479293823,0.018936362117528915,0.009599999524652958,0.2498360425233841,0.24975082278251648,1.0,1.0,0.999910221543423,0.1,0.3,1.9
elementwise,1,grad,producer,4,2,7,0.02966437766335227,0.9905636363636363,0.048967670649290085,0.9865999817848206,0.012206431478261948,0.007799999788403511,0.1967262178659439,0.19666264951229095,1.0,1.0,0.999910221543423,0.1,0.3,1.9
elementwise,1,grad,producer,4,2,8,0.027016457297585228,0.9915636363636363,0.04502769187092781,0.9889999628067017,0.00933078769594431,0.005399999674409628,0.17359349131584167,0.1734943836927414,1.0,1.0,0.9999103634856468,0.1,0.3,1.9
elementwise,1,grad,producer,4,2,9,0.02463811922940341,0.9922545454545455,0.04300391674041748,0.9891999959945679,0.00988865364342928,0.00559999980032444,0.173359677195549,0.17333544790744781,1.0,1.0,0.9999100796011992,0.1,0.3,1.9
elementwise,1,grad,producer,4,2,10,0.021717236328125,0.9927272727272727,0.04315610229969025,0.9891999959945679,0.010103416629135609,0.005200000014156103,0.13864018023014069,0.13861843943595886,1.0,1.0,0.9999103634856468,0.1,0.3,1.9
elementwise,1,grad,producer,4,2,11,0.020157239879261362,0.9936727272727273,0.0473206602036953,0.9887999892234802,0.00942662451416254,0.005399999674409628,0.14289548993110657,0.14289490878582,1.0,1.0,0.9999102925145349,0.1,0.3,1.9
elementwise,1,grad,producer,4,2,12,0.01863009588068182,0.9939818181818182,0.040741145610809326,0.989799976348877,0.00015194308070931584,0.00039999998989515007,0.01849636435508728,0.01826893910765648,1.0,1.0,0.9999102925145349,0.1,0.3,1.9
elementwise,1,grad,producer,5,0,1,0.2427701349431818,0.9262363636363636,0.09125810861587524,0.9733999967575073,0.05501461774110794,0.02459999918937683,0.4754548668861389,0.4753046929836273,1.0,1.0,0.9999756569086119,0.2,0.4,2.4
elementwise,1,grad,producer,5,0,2,0.0783759765625,0.9754909090909091,0.07410223037004471,0.9789999723434448,0.04649805650115013,0.01899999938905239,0.39779308438301086,0.3976587653160095,1.0,1.0,0.9999757988508358,0.2,0.4,2.4
elementwise,1,grad,producer,5,0,3,0.060012468927556815,0.9814545454545455,0.06587136536836624,0.9825999736785889,0.027492869645357132,0.012000000104308128,0.33437299728393555,0.33423155546188354,1.0,1.0,0.9999757988508358,0.2,0.4,2.4
elementwise,1,grad,producer,5,0,4,0.04954394975142046,0.984909090909091,0.057768505066633224,0.9842000007629395,0.020359935238957405,0.012000000104308128,0.30830293893814087,0.3082900941371918,1.0,1.0,0.9999757988508358,0.2,0.4,2.4
elementwise,1,grad,producer,5,0,5,0.044626171875,0.9860545454545454,0.05765547975897789,0.9837999939918518,0.02285224013030529,0.012000000104308128,0.2881088852882385,0.28811341524124146,1.0,1.0,0.9999757988508358,0.2,0.4,2.4
elementwise,1,grad,producer,5,0,6,0.03832655806107955,0.9878181818181818,0.051913630217313766,0.9879999756813049,0.017063109204173088,0.007400000002235174,0.27490997314453125,0.27494511008262634,1.0,1.0,0.9999760117641715,0.2,0.4,2.4
elementwise,1,grad,producer,5,0,7,0.03489815118963068,0.9893818181818181,0.05085475370287895,0.9861999750137329,0.014529759995639324,0.008799999952316284,0.21495887637138367,0.21495293080806732,1.0,1.0,0.9999757988508358,0.2,0.4,2.4
elementwise,1,grad,producer,5,0,8,0.031134794477982956,0.9901818181818182,0.04774943366646767,0.9865999817848206,0.011667906306684017,0.006399999838322401,0.218960702419281,0.21894632279872894,1.0,1.0,0.9999755859375,0.2,0.4,2.4
elementwise,1,grad,producer,5,0,9,0.0286810302734375,0.9910181818181818,0.05523151904344559,0.9847999811172485,0.015065586194396019,0.010400000028312206,0.17707321047782898,0.1770835518836975,1.0,1.0,0.9999760117641715,0.2,0.4,2.4
elementwise,1,grad,producer,5,0,10,0.02609674405184659,0.9917272727272727,0.06606800854206085,0.9817999601364136,0.03333277627825737,0.012799999676644802,0.19814865291118622,0.1981693059206009,1.0,1.0,0.9999755859375,0.2,0.4,2.4
elementwise,1,grad,producer,5,0,11,0.023649043412642047,0.9925818181818182,0.051336754113435745,0.9857999682426453,0.017266105860471725,0.007599999662488699,0.1737312376499176,0.17375591397285461,1.0,1.0,0.9999757988508358,0.2,0.4,2.4
elementwise,1,grad,producer,5,0,12,0.02247276056463068,0.9928363636363636,0.04693979397416115,0.9865999817848206,0.00020807124383281916,0.0009999999310821295,0.02005305141210556,0.019955607131123543,1.0,1.0,0.9999753730241643,0.2,0.4,2.4
elementwise,1,grad,producer,5,1,1,0.23471042258522729,0.9288,0.10317933559417725,0.9684000015258789,0.06319460272789001,0.027799999341368675,0.4649558961391449,0.46495506167411804,1.0,1.0,0.9999761537063954,0.1,0.3,2.3
elementwise,1,grad,producer,5,1,2,0.07577359730113636,0.9765818181818182,0.07546693831682205,0.9787999987602234,0.0517893061041832,0.01979999989271164,0.4073372483253479,0.4073495864868164,1.0,1.0,0.9999758698219476,0.1,0.3,2.3
elementwise,1,grad,producer,5,1,3,0.05813684747869318,0.9817090909090909,0.06834393739700317,0.9803999662399292,0.032049085944890976,0.01640000008046627,0.33992311358451843,0.33991682529449463,1.0,1.0,0.9999757988508358,0.1,0.3,2.3
elementwise,1,grad,producer,5,1,4,0.047719260475852274,0.9851454545454545,0.06288366764783859,0.9817999601364136,0.026867961511015892,0.014599999412894249,0.3441414535045624,0.34415608644485474,1.0,1.0,0.9999759407930596,0.1,0.3,2.3
elementwise,1,grad,producer,5,1,5,0.04068332741477273,0.9874,0.05209403857588768,0.9855999946594238,0.0255285631865263,0.012199999764561653,0.2898380160331726,0.2898545265197754,1.0,1.0,0.9999758698219476,0.1,0.3,2.3
elementwise,1,grad,producer,5,1,6,0.03646871226917613,0.9884545454545455,0.04920487850904465,0.9861999750137329,0.015068222768604755,0.008999999612569809,0.2289845496416092,0.22898444533348083,1.0,1.0,0.9999757988508358,0.1,0.3,2.3
elementwise,1,grad,producer,5,1,7,0.03270676491477273,0.989909090909091,0.045741740614175797,0.9875999689102173,0.017602702602744102,0.009599999524652958,0.24047093093395233,0.2404783070087433,1.0,1.0,0.9999756569086119,0.1,0.3,2.3
elementwise,1,grad,producer,5,1,8,0.02967808504971591,0.9907454545454546,0.050055645406246185,0.9847999811172485,0.02641245909035206,0.012000000104308128,0.25736215710639954,0.2573869526386261,1.0,1.0,0.9999757988508358,0.1,0.3,2.3
elementwise,1,grad,producer,5,1,9,0.02728348721590909,0.9912545454545455,0.06129714474081993,0.9829999804496765,0.025888772681355476,0.012399999424815178,0.21456167101860046,0.2145771086215973,1.0,1.0,0.999975514966388,0.1,0.3,2.3
elementwise,1,grad,producer,5,1,10,0.025156159002130682,0.9918181818181818,0.04610438644886017,0.9887999892234802,0.022888874635100365,0.009200000204145908,0.181123748421669,0.181118443608284,1.0,1.0,0.9999758698219476,0.1,0.3,2.3
elementwise,1,grad,producer,5,1,11,0.022776460404829547,0.9927636363636364,0.0540076307952404,0.98499995470047,0.022369524464011192,0.011799999512732029,0.18018664419651031,0.18020901083946228,1.0,1.0,0.9999757278797239,0.1,0.3,2.3
elementwise,1,grad,producer,5,1,12,0.019952576793323865,0.9942181818181818,0.050656359642744064,0.9869999885559082,0.0001815136638469994,0.0009999999310821295,0.01815294288098812,0.018052319064736366,1.0,1.0,0.9999757278797239,0.1,0.3,2.3
elementwise,1,grad,producer,5,2,1,0.22627757457386363,0.9312909090909091,0.08856125175952911,0.9745999574661255,0.05158604681491852,0.02019999921321869,0.4547690749168396,0.4547353684902191,1.0,1.0,0.9999760117641715,0.1,0.3,1.9
elementwise,1,grad,producer,5,2,2,0.07123928000710228,0.9776,0.06446059048175812,0.9817999601364136,0.028150903061032295,0.012799999676644802,0.35266584157943726,0.35259509086608887,1.0,1.0,0.9999753730241643,0.1,0.3,1.9
elementwise,1,grad,producer,5,2,3,0.05407330877130682,0.9835454545454545,0.07253003865480423,0.9781999588012695,0.041736993938684464,0.01599999889731407,0.3841325044631958,0.3841724395751953,1.0,1.0,0.9999759407930596,0.1,0.3,1.9
elementwise,1,grad,producer,5,2,4,0.044194908558238634,0.9863636363636363,0.05984054133296013,0.9817999601364136,0.02606709487736225,0.012600000016391277,0.3140689730644226,0.3140770494937897,1.0,1.0,0.9999757278797239,0.1,0.3,1.9
elementwise,1,grad,producer,5,2,5,0.038123921342329545,0.9879454545454546,0.05537150427699089,0.9847999811172485,0.022474734112620354,0.010400000028312206,0.2871066629886627,0.2871244251728058,1.0,1.0,0.9999758698219476,0.1,0.3,1.9
elementwise,1,grad,producer,5,2,6,0.034037471147017044,0.9892181818181818,0.05522381514310837,0.9845999479293823,0.01844342239201069,0.009399999864399433,0.24810676276683807,0.24803313612937927,1.0,1.0,0.9999756569086119,0.1,0.3,1.9
elementwise,1,grad,producer,5,2,7,0.029758387340198863,0.9903454545454545,0.04886080324649811,0.9869999885559082,0.012413457036018372,0.00699999975040555,0.19687315821647644,0.19682307541370392,1.0,1.0,0.9999757988508358,0.1,0.3,1.9
elementwise,1,grad,producer,5,2,8,0.02696315030184659,0.9916363636363636,0.04512467607855797,0.988599956035614,0.00962169747799635,0.00559999980032444,0.1726021021604538,0.17251969873905182,1.0,1.0,0.999975514966388,0.1,0.3,1.9
elementwise,1,grad,producer,5,2,9,0.024637331321022728,0.9922363636363636,0.04261090233922005,0.9896000027656555,0.009850304573774338,0.005399999674409628,0.17415252327919006,0.17414739727973938,1.0,1.0,0.9999754439952762,0.1,0.3,1.9
elementwise,1,grad,producer,5,2,10,0.02168662775213068,0.9926363636363637,0.04289920628070831,0.9893999695777893,0.010336064733564854,0.004799999762326479,0.14161141216754913,0.14162662625312805,1.0,1.0,0.9999758698219476,0.1,0.3,1.9
elementwise,1,grad,producer,5,2,11,0.020124460671164773,0.9935636363636363,0.046699464321136475,0.9887999892234802,0.009004817344248295,0.005200000014156103,0.1413440704345703,0.14136150479316711,1.0,1.0,0.9999754439952762,0.1,0.3,1.9
elementwise,1,grad,producer,5,2,12,0.018646253551136364,0.994,0.04052838310599327,0.9899999499320984,0.00010684778681024909,0.00019999999494757503,0.015187222510576248,0.015102669596672058,1.0,1.0,0.9999756569086119,0.1,0.3,1.9
elementwise,1,grad,producer,7,0,1,0.24284030539772727,0.9263272727272728,0.09124776721000671,0.9727999567985535,0.05505058914422989,0.025200000032782555,0.4769461750984192,0.47678425908088684,1.0,1.0,0.9999998580577761,0.2,0.3,2.4
elementwise,1,grad,producer,7,0,2,0.07838902698863637,0.9753636363636363,0.07367758452892303,0.9787999987602234,0.04585449770092964,0.019199999049305916,0.3961886763572693,0.39607858657836914,1.0,1.0,0.9999998580577761,0.2,0.3,2.4
elementwise,1,grad,producer,7,0,3,0.06008765092329545,0.9811454545454545,0.06587815284729004,0.9819999933242798,0.027790648862719536,0.012600000016391277,0.33244195580482483,0.3323368728160858,1.0,1.0,0.9999998580577761,0.2,0.3,2.4
elementwise,1,grad,producer,7,0,4,0.04958638583096591,0.984890909090909,0.0579417422413826,0.9839999675750732,0.02042323723435402,0.012000000104308128,0.31010526418685913,0.31010767817497253,1.0,1.0,0.9999998580577761,0.2,0.3,2.4
elementwise,1,grad,producer,7,0,5,0.044597412109375,0.9860727272727273,0.05845822021365166,0.9837999939918518,0.02368985302746296,0.012000000104308128,0.28453168272972107,0.2845398187637329,1.0,1.0,0.9999998580577761,0.2,0.3,2.4
elementwise,1,grad,producer,7,0,6,0.03838369584517046,0.9877454545454546,0.0518624447286129,0.9878000020980835,0.016834447160363197,0.007799999788403511,0.27553802728652954,0.2755785584449768,1.0,1.0,0.9999998580577761,0.2,0.3,2.4
elementwise,1,grad,producer,7,0,7,0.034881400923295454,0.9893090909090909,0.050881437957286835,0.9861999750137329,0.014398345723748207,0.00839999970048666,0.21582059562206268,0.21581199765205383,1.0,1.0,0.9999998580577761,0.2,0.3,2.4
elementwise,1,grad,producer,7,0,8,0.031161079545454544,0.9902909090909091,0.0477718710899353,0.986799955368042,0.011544086039066315,0.005799999926239252,0.21728616952896118,0.21728381514549255,1.0,1.0,0.9999998580577761,0.2,0.3,2.4
elementwise,1,grad,producer,7,0,9,0.028582659357244317,0.9911272727272727,0.05540213733911514,0.9851999878883362,0.015021862462162971,0.009599999524652958,0.18016980588436127,0.1801823228597641,1.0,1.0,0.9999998580577761,0.2,0.3,2.4
elementwise,1,grad,producer,7,0,10,0.026085453657670454,0.9917272727272727,0.06946932524442673,0.9805999994277954,0.03695749491453171,0.0139999995008111,0.2043410986661911,0.20437417924404144,1.0,1.0,0.9999998580577761,0.2,0.3,2.4
elementwise,1,grad,producer,7,0,11,0.023641859019886365,0.9925090909090909,0.05217893049120903,0.9853999614715576,0.01803029514849186,0.007999999448657036,0.17970937490463257,0.17973491549491882,1.0,1.0,0.9999998580577761,0.2,0.3,2.4
elementwise,1,grad,producer,7,0,12,0.022505271218039774,0.9928727272727272,0.04707811772823334,0.9871999621391296,0.00014112924691289663,0.0015999999595806003,0.017734624445438385,0.01770607940852642,1.0,1.0,0.9999998580577761,0.2,0.3,2.4
elementwise,1,grad,producer,7,1,1,0.2346732599431818,0.9287454545454545,0.10297317057847977,0.9687999486923218,0.06300406157970428,0.027400000020861626,0.46537259221076965,0.4653775095939636,1.0,1.0,0.9999998580577761,0.1,0.3,2.3
elementwise,1,grad,producer,7,1,2,0.07567365944602272,0.9766727272727272,0.07502114772796631,0.9781999588012695,0.051343828439712524,0.020399998873472214,0.40528085827827454,0.4052979648113251,1.0,1.0,0.9999998580577761,0.1,0.3,2.3
elementwise,1,grad,producer,7,1,3,0.05814268022017045,0.9817090909090909,0.0688931867480278,0.9799999594688416,0.032593805342912674,0.01679999940097332,0.3399987816810608,0.3399963974952698,1.0,1.0,0.9999998580577761,0.1,0.3,2.3
elementwise,1,grad,producer,7,1,4,0.047588072620738636,0.9850909090909091,0.06329665333032608,0.9819999933242798,0.02712414227426052,0.0142000000923872,0.3448590636253357,0.34487730264663696,1.0,1.0,0.9999998580577761,0.1,0.3,2.3
elementwise,1,grad,producer,7,1,5,0.04063950639204546,0.9873454545454545,0.05287054926156998,0.9857999682426453,0.026134219020605087,0.012199999764561653,0.289569616317749,0.28958913683891296,1.0,1.0,0.9999998580577761,0.1,0.3,2.3
elementwise,1,grad,producer,7,1,6,0.03646173650568182,0.9883090909090909,0.04943350702524185,0.9863999485969543,0.015660693868994713,0.009599999524652958,0.22880348563194275,0.22881363332271576,1.0,1.0,0.9999998580577761,0.1,0.3,2.3
elementwise,1,grad,producer,7,1,7,0.032683740234375,0.9898727272727272,0.046236563473939896,0.9875999689102173,0.018019333481788635,0.009599999524652958,0.24086008965969086,0.2408747524023056,1.0,1.0,0.9999998580577761,0.1,0.3,2.3
elementwise,1,grad,producer,7,1,8,0.029600688032670453,0.9907090909090909,0.05016445741057396,0.9847999811172485,0.026969317346811295,0.012000000104308128,0.2574172616004944,0.25744909048080444,1.0,1.0,0.9999998580577761,0.1,0.3,2.3
elementwise,1,grad,producer,7,1,9,0.027206587357954545,0.9913454545454545,0.06178825721144676,0.983199954032898,0.026930874213576317,0.012399999424815178,0.21762995421886444,0.21765537559986115,1.0,1.0,0.9999998580577761,0.1,0.3,2.3
elementwise,1,grad,producer,7,1,10,0.025118008700284092,0.9919636363636364,0.04601156711578369,0.988599956035614,0.02297241985797882,0.009800000116229057,0.1837182641029358,0.18372105062007904,1.0,1.0,0.9999998580577761,0.1,0.3,2.3
elementwise,1,grad,producer,7,1,11,0.022697569691051137,0.9928727272727272,0.05368258059024811,0.9847999811172485,0.022169144824147224,0.012000000104308128,0.18100538849830627,0.181033194065094,1.0,1.0,0.9999998580577761,0.1,0.3,2.3
elementwise,1,grad,producer,7,1,12,0.01987839577414773,0.9940727272727272,0.050411805510520935,0.9863999485969543,8.712912676855922e-05,0.0009999999310821295,0.013258413411676884,0.01323150284588337,1.0,1.0,0.9999998580577761,0.1,0.3,2.3
elementwise,1,grad,producer,7,2,1,0.2262765447443182,0.9313272727272728,0.08843255788087845,0.9745999574661255,0.0514797605574131,0.020399998873472214,0.45597150921821594,0.4559389054775238,1.0,1.0,0.9999998580577761,0.1,0.3,1.9
elementwise,1,grad,producer,7,2,2,0.07120962357954545,0.9776727272727272,0.06426960229873657,0.9817999601364136,0.028025789186358452,0.012999999336898327,0.353036493062973,0.352972149848938,1.0,1.0,0.9999998580577761,0.1,0.3,1.9
elementwise,1,grad,producer,7,2,3,0.05404475319602273,0.9835636363636364,0.07396390289068222,0.9787999987602234,0.04320615902543068,0.015799999237060547,0.3856235146522522,0.3856702148914337,1.0,1.0,0.9999998580577761,0.1,0.3,1.9
elementwise,1,grad,producer,7,2,4,0.04421593572443182,0.9864,0.05975627526640892,0.9817999601364136,0.025781426578760147,0.012600000016391277,0.31325218081474304,0.3132670819759369,1.0,1.0,0.9999998580577761,0.1,0.3,1.9
elementwise,1,grad,producer,7,2,5,0.038112096058238634,0.9880909090909091,0.055527906864881516,0.98499995470047,0.022454524412751198,0.010400000028312206,0.2858821153640747,0.28590402007102966,1.0,1.0,0.9999998580577761,0.1,0.3,1.9
elementwise,1,grad,producer,7,2,6,0.03402207475142045,0.9891454545454545,0.05522318184375763,0.9842000007629395,0.01855219155550003,0.009999999776482582,0.2470223307609558,0.24696356058120728,1.0,1.0,0.9999998580577761,0.1,0.3,1.9
elementwise,1,grad,producer,7,2,7,0.029696384499289772,0.9907272727272727,0.048681873828172684,0.9869999885559082,0.012218396179378033,0.00699999975040555,0.1952628195285797,0.19522060453891754,1.0,1.0,0.9999998580577761,0.1,0.3,1.9
elementwise,1,grad,producer,7,2,8,0.027022392134232954,0.9915090909090909,0.044662944972515106,0.9887999892234802,0.009186564944684505,0.005799999926239252,0.1742912381887436,0.17424312233924866,1.0,1.0,0.9999998580577761,0.1,0.3,1.9
elementwise,1,grad,producer,7,2,9,0.0246573486328125,0.9922363636363636,0.04279857873916626,0.9891999959945679,0.009914539754390717,0.00559999980032444,0.17321275174617767,0.1732141673564911,1.0,1.0,0.9999998580577761,0.1,0.3,1.9
elementwise,1,grad,producer,7,2,10,0.021679780717329546,0.9927090909090909,0.04357265681028366,0.9887999892234802,0.011079623363912106,0.005799999926239252,0.14538893103599548,0.14540904760360718,1.0,1.0,0.9999998580577761,0.1,0.3,1.9
elementwise,1,grad,producer,7,2,11,0.020068059747869318,0.9936363636363637,0.047262415289878845,0.9889999628067017,0.009393736720085144,0.004799999762326479,0.14545786380767822,0.14545749127864838,1.0,1.0,0.9999998580577761,0.1,0.3,1.9
elementwise,1,grad,producer,7,2,12,0.01862334872159091,0.9940727272727272,0.040770649909973145,0.9901999831199646,0.00012023379531456158,0.00039999998989515007,0.016667045652866364,0.01663225330412388,1.0,1.0,0.9999998580577761,0.1,0.3,1.9
elementwise,1,grad,producer,10,0,1,0.24279888139204545,0.9263272727272728,0.09129142016172409,0.9729999899864197,0.055106207728385925,0.02499999850988388,0.47670844197273254,0.4765598773956299,1.0,1.0,1.0,0.2,0.4,2.4
elementwise,1,grad,producer,10,0,2,0.07835906427556819,0.9754909090909091,0.07410534471273422,0.9785999655723572,0.046336229890584946,0.01939999870955944,0.39749452471733093,0.3973965048789978,1.0,1.0,1.0,0.2,0.4,2.4
elementwise,1,grad,producer,10,0,3,0.06005341352982955,0.9813090909090909,0.06547067314386368,0.9825999736785889,0.027210362255573273,0.012000000104308128,0.33238255977630615,0.33226409554481506,1.0,1.0,1.0,0.2,0.4,2.4
elementwise,1,grad,producer,10,0,4,0.04957962091619318,0.984890909090909,0.05826258659362793,0.9839999675750732,0.020917272195219994,0.012199999764561653,0.30965930223464966,0.30965712666511536,1.0,1.0,1.0,0.2,0.4,2.4
elementwise,1,grad,producer,10,0,5,0.044634406072443185,0.9860909090909091,0.05758560821413994,0.9839999675750732,0.022928716614842415,0.011799999512732029,0.28479185700416565,0.2848030626773834,1.0,1.0,1.0,0.2,0.4,2.4
elementwise,1,grad,producer,10,0,6,0.03841013405539773,0.9877636363636364,0.05249977856874466,0.9873999953269958,0.01797768846154213,0.008200000040233135,0.2773817181587219,0.2774227261543274,1.0,1.0,1.0,0.2,0.4,2.4
elementwise,1,grad,producer,10,0,7,0.03493895596590909,0.9892727272727273,0.05120845511555672,0.9857999682426453,0.014941784553229809,0.00839999970048666,0.21382910013198853,0.21382379531860352,1.0,1.0,1.0,0.2,0.4,2.4
elementwise,1,grad,producer,10,0,8,0.031218809925426135,0.9902,0.04764514043927193,0.986799955368042,0.01162871066480875,0.006000000052154064,0.21898382902145386,0.2189849466085434,1.0,1.0,1.0,0.2,0.4,2.4
elementwise,1,grad,producer,10,0,9,0.028684534801136363,0.9909818181818182,0.05520017072558403,0.98499995470047,0.01506891567260027,0.009800000116229057,0.1741843968629837,0.1742011308670044,1.0,1.0,1.0,0.2,0.4,2.4
elementwise,1,grad,producer,10,0,10,0.026174449573863636,0.9916545454545455,0.06864944100379944,0.9803999662399292,0.03665517643094063,0.013799999840557575,0.20379719138145447,0.20383502542972565,1.0,1.0,1.0,0.2,0.4,2.4
elementwise,1,grad,producer,10,0,11,0.02371406915838068,0.9925272727272727,0.05196788161993027,0.9853999614715576,0.018215371295809746,0.007599999662488699,0.17984086275100708,0.179857075214386,1.0,1.0,1.0,0.2,0.4,2.4
elementwise,1,grad,producer,10,0,12,0.02253829678622159,0.9928545454545454,0.047002747654914856,0.9863999485969543,9.4460257969331e-05,0.0015999999595806003,0.013868406414985657,0.013808397576212883,1.0,1.0,1.0,0.2,0.4,2.4
elementwise,1,grad,producer,10,1,1,0.23472475142045454,0.9289090909090909,0.1036621555685997,0.9684000015258789,0.06351984292268753,0.027799999341368675,0.46470025181770325,0.4647044241428375,1.0,1.0,1.0,0.1,0.3,2.3
elementwise,1,grad,producer,10,1,2,0.0756379971590909,0.9768727272727272,0.07497017830610275,0.9785999655723572,0.05131006985902786,0.019999999552965164,0.404434472322464,0.40445274114608765,1.0,1.0,1.0,0.1,0.3,2.3
elementwise,1,grad,producer,10,1,3,0.058089936967329545,0.9818545454545454,0.06823526322841644,0.9799999594688416,0.031945258378982544,0.016200000420212746,0.3388831615447998,0.33888041973114014,1.0,1.0,1.0,0.1,0.3,2.3
elementwise,1,grad,producer,10,1,4,0.04763822354403409,0.9853090909090909,0.063229501247406,0.9817999601364136,0.027363469824194908,0.014399999752640724,0.34412169456481934,0.3441399335861206,1.0,1.0,1.0,0.1,0.3,2.3
elementwise,1,grad,producer,10,1,5,0.040656019176136364,0.9875090909090909,0.052803825587034225,0.9851999878883362,0.026424041017889977,0.012600000016391277,0.2896841764450073,0.2897060215473175,1.0,1.0,1.0,0.1,0.3,2.3
elementwise,1,grad,producer,10,1,6,0.03647696866122159,0.9884181818181819,0.04937092214822769,0.9861999750137329,0.015260075218975544,0.009399999864399433,0.22706934809684753,0.22707925736904144,1.0,1.0,1.0,0.1,0.3,2.3
elementwise,1,grad,producer,10,1,7,0.03269001020951705,0.9899454545454546,0.04589267820119858,0.9875999689102173,0.017912505194544792,0.009399999864399433,0.24323514103889465,0.2432444840669632,1.0,1.0,1.0,0.1,0.3,2.3
elementwise,1,grad,producer,10,1,8,0.029707215465198864,0.9905454545454545,0.05034936964511871,0.98499995470047,0.027365688234567642,0.011799999512732029,0.25914812088012695,0.25918078422546387,1.0,1.0,1.0,0.1,0.3,2.3
elementwise,1,grad,producer,10,1,9,0.027330999200994317,0.9911818181818182,0.06272177398204803,0.983199954032898,0.027958396822214127,0.012999999336898327,0.2216462343931198,0.22167211771011353,1.0,1.0,1.0,0.1,0.3,2.3
elementwise,1,grad,producer,10,1,10,0.025108163174715908,0.991909090909091,0.04697185754776001,0.9879999756813049,0.024074900895357132,0.009999999776482582,0.18472331762313843,0.18470904231071472,1.0,1.0,1.0,0.1,0.3,2.3
elementwise,1,grad,producer,10,1,11,0.022772878196022726,0.9928,0.053220201283693314,0.9851999878883362,0.02231408655643463,0.011599999852478504,0.18056653439998627,0.18059521913528442,1.0,1.0,1.0,0.1,0.3,2.3
elementwise,1,grad,producer,10,1,12,0.019923375355113637,0.9941272727272727,0.05015016347169876,0.9863999485969543,0.00013437225425150245,0.0009999999310821295,0.01553018856793642,0.015502641908824444,1.0,1.0,1.0,0.1,0.3,2.3
elementwise,1,grad,producer,10,2,1,0.22632535511363636,0.9313818181818182,0.08837073296308517,0.974399983882904,0.051409054547548294,0.019999999552965164,0.4553605914115906,0.45533424615859985,1.0,1.0,1.0,0.1,0.3,1.9
elementwise,1,grad,producer,10,2,2,0.07125730202414773,0.9775272727272727,0.064315065741539,0.9817999601364136,0.028033696115016937,0.012999999336898327,0.355107843875885,0.35504350066185,1.0,1.0,1.0,0.1,0.3,1.9
elementwise,1,grad,producer,10,2,3,0.05408184925426136,0.9836363636363636,0.0742267444729805,0.9785999655723572,0.04341094195842743,0.015599999576807022,0.3843289613723755,0.38437777757644653,1.0,1.0,1.0,0.1,0.3,1.9
elementwise,1,grad,producer,10,2,4,0.04421658380681818,0.9863636363636363,0.059595655649900436,0.9815999865531921,0.025615444406867027,0.012399999424815178,0.3133789896965027,0.31339389085769653,1.0,1.0,1.0,0.1,0.3,1.9
elementwise,1,grad,producer,10,2,5,0.03813065518465909,0.9881636363636364,0.05618355795741081,0.9847999811172485,0.02310781553387642,0.010199999436736107,0.2853703200817108,0.28539323806762695,1.0,1.0,1.0,0.1,0.3,1.9
elementwise,1,grad,producer,10,2,6,0.034056582919034094,0.9892727272727273,0.0552104189991951,0.9845999479293823,0.018363479524850845,0.009599999524652958,0.24560992419719696,0.2455458790063858,1.0,1.0,1.0,0.1,0.3,1.9
elementwise,1,grad,producer,10,2,7,0.0297213623046875,0.9906545454545455,0.04876009747385979,0.9871999621391296,0.012046949937939644,0.006799999624490738,0.1945755034685135,0.19453065097332,1.0,1.0,1.0,0.1,0.3,1.9
elementwise,1,grad,producer,10,2,8,0.02698894930752841,0.9915818181818182,0.045676201581954956,0.9883999824523926,0.009840943850576878,0.006199999712407589,0.17396201193332672,0.17390719056129456,1.0,1.0,1.0,0.1,0.3,1.9
elementwise,1,grad,producer,10,2,9,0.024658351828835228,0.9922181818181818,0.04245980829000473,0.989799976348877,0.009528117254376411,0.00559999980032444,0.17368914186954498,0.17368938028812408,1.0,1.0,1.0,0.1,0.3,1.9
elementwise,1,grad,producer,10,2,10,0.021684437144886364,0.9927454545454546,0.04361290484666824,0.9887999892234802,0.010907744988799095,0.00559999980032444,0.1440078169107437,0.1440250128507614,1.0,1.0,1.0,0.1,0.3,1.9
elementwise,1,grad,producer,10,2,11,0.02012113370028409,0.9935272727272727,0.04737032577395439,0.9887999892234802,0.009410066530108452,0.004999999888241291,0.1450469046831131,0.1450500786304474,1.0,1.0,1.0,0.1,0.3,1.9
elementwise,1,grad,producer,10,2,12,0.018614293323863638,0.9940363636363636,0.040777791291475296,0.990399956703186,6.0615697293542325e-05,0.00019999999494757503,0.013389271683990955,0.013366238214075565,1.0,1.0,1.0,0.1,0.3,1.9
elementwise,1,grad,producer,23,0,1,0.24279543678977272,0.926290909090909,0.09098941832780838,0.9731999635696411,0.05494857206940651,0.024799998849630356,0.47688430547714233,0.4767392575740814,1.0,1.0,1.0,0.2,0.3,2.4
elementwise,1,grad,producer,23,0,2,0.07834891690340909,0.9755090909090909,0.07430369406938553,0.9787999987602234,0.04638376832008362,0.019199999049305916,0.39516106247901917,0.3950497508049011,1.0,1.0,1.0,0.2,0.3,2.4
elementwise,1,grad,producer,23,0,3,0.060093030894886365,0.9813272727272727,0.06550169736146927,0.9824000000953674,0.027246279641985893,0.012199999764561653,0.33351895213127136,0.3334009647369385,1.0,1.0,1.0,0.2,0.3,2.4
elementwise,1,grad,producer,23,0,4,0.04954299094460227,0.9848545454545454,0.057986851781606674,0.9835999608039856,0.02063082903623581,0.012000000104308128,0.31243082880973816,0.312446266412735,1.0,1.0,1.0,0.2,0.3,2.4
elementwise,1,grad,producer,23,0,5,0.044585356001420454,0.9860181818181818,0.057850487530231476,0.9833999872207642,0.023181693628430367,0.012399999424815178,0.28630152344703674,0.2863234877586365,1.0,1.0,1.0,0.2,0.3,2.4
elementwise,1,grad,producer,23,0,6,0.038495654296875,0.9877272727272727,0.05159774050116539,0.9881999492645264,0.01712120696902275,0.007400000002235174,0.2784571051597595,0.27850183844566345,1.0,1.0,1.0,0.2,0.3,2.4
elementwise,1,grad,producer,23,0,7,0.03484585626775568,0.9892909090909091,0.0510367751121521,0.9865999817848206,0.015040697529911995,0.008599999360740185,0.2191409021615982,0.2191525399684906,1.0,1.0,1.0,0.2,0.3,2.4
elementwise,1,grad,producer,23,0,8,0.03124533469460227,0.9902363636363636,0.0476309135556221,0.9871999621391296,0.011443489231169224,0.006799999624490738,0.21934625506401062,0.21935099363327026,1.0,1.0,1.0,0.2,0.3,2.4
elementwise,1,grad,producer,23,0,9,0.02873413307883523,0.9909818181818182,0.05430981516838074,0.98499995470047,0.014270269311964512,0.009800000116229057,0.17849823832511902,0.1785237193107605,1.0,1.0,1.0,0.2,0.3,2.4
elementwise,1,grad,producer,23,0,10,0.026109215198863635,0.9917272727272727,0.06647597253322601,0.9819999933242798,0.03426511213183403,0.012999999336898327,0.19892874360084534,0.1989632248878479,1.0,1.0,1.0,0.2,0.3,2.4
elementwise,1,grad,producer,23,0,11,0.02363060857599432,0.9926909090909091,0.051768116652965546,0.9855999946594238,0.017675718292593956,0.007400000002235174,0.17530295252799988,0.17531487345695496,1.0,1.0,1.0,0.2,0.3,2.4
elementwise,1,grad,producer,23,0,12,0.022548643909801137,0.9929272727272728,0.046964116394519806,0.9865999817848206,0.00024279019271489233,0.0011999999405816197,0.021830445155501366,0.021782154217362404,1.0,1.0,1.0,0.2,0.3,2.4
elementwise,1,grad,producer,23,1,1,0.23475172230113636,0.9287090909090909,0.1031269058585167,0.968999981880188,0.06318885087966919,0.026799999177455902,0.46510419249534607,0.46510618925094604,1.0,1.0,1.0,0.1,0.3,2.3
elementwise,1,grad,producer,23,1,2,0.07573748224431819,0.9767818181818182,0.07550634443759918,0.9787999987602234,0.05191975086927414,0.01979999989271164,0.4061805009841919,0.40620043873786926,1.0,1.0,1.0,0.1,0.3,2.3
elementwise,1,grad,producer,23,1,3,0.05819909002130682,0.9818545454545454,0.06810859590768814,0.9799999594688416,0.03161861002445221,0.01640000008046627,0.3392191529273987,0.3392135798931122,1.0,1.0,1.0,0.1,0.3,2.3
elementwise,1,grad,producer,23,1,4,0.047602024147727275,0.9850909090909091,0.06344182044267654,0.9817999601364136,0.027317602187395096,0.014800000004470348,0.3482205867767334,0.34823814034461975,1.0,1.0,1.0,0.1,0.3,2.3
elementwise,1,grad,producer,23,1,5,0.04067156871448863,0.9874181818181819,0.05273039638996124,0.9853999614715576,0.026531493291258812,0.012399999424815178,0.28868210315704346,0.28870171308517456,1.0,1.0,1.0,0.1,0.3,2.3
elementwise,1,grad,producer,23,1,6,0.03646129261363636,0.9884727272727273,0.049671873450279236,0.9863999485969543,0.015402615070343018,0.009200000204145908,0.2297530174255371,0.22976168990135193,1.0,1.0,1.0,0.1,0.3,2.3
elementwise,1,grad,producer,23,1,7,0.03266570268110795,0.9899818181818182,0.04611596837639809,0.9873999953269958,0.01808301731944084,0.009800000116229057,0.24351783096790314,0.24353018403053284,1.0,1.0,1.0,0.1,0.3,2.3
elementwise,1,grad,producer,23,1,8,0.029642702414772727,0.9907818181818182,0.050136204808950424,0.9851999878883362,0.02704034000635147,0.011599999852478504,0.25677838921546936,0.25681161880493164,1.0,1.0,1.0,0.1,0.3,2.3
elementwise,1,grad,producer,23,1,9,0.027252004172585227,0.9911454545454546,0.061096370220184326,0.9829999804496765,0.02632375806570053,0.012799999676644802,0.21953624486923218,0.21956022083759308,1.0,1.0,1.0,0.1,0.3,2.3
elementwise,1,grad,producer,23,1,10,0.0251424560546875,0.9918727272727272,0.04674224928021431,0.9887999892234802,0.023860249668359756,0.009599999524652958,0.18160095810890198,0.18159529566764832,1.0,1.0,1.0,0.1,0.3,2.3
elementwise,1,grad,producer,23,1,11,0.02269921875,0.9928363636363636,0.05352494493126869,0.9851999878883362,0.021796565502882004,0.011599999852478504,0.17750246822834015,0.17752836644649506,1.0,1.0,1.0,0.1,0.3,2.3
elementwise,1,grad,producer,23,1,12,0.019908744673295453,0.9941454545454546,0.05044422298669815,0.986799955368042,8.063450513873249e-05,0.00139999995008111,0.011509830132126808,0.011460169218480587,1.0,1.0,1.0,0.1,0.3,2.3
elementwise,1,grad,producer,23,2,1,0.2263377663352273,0.9313636363636364,0.08870182186365128,0.974399983882904,0.05167033523321152,0.019999999552965164,0.45513758063316345,0.45510634779930115,1.0,1.0,1.0,0.1,0.3,1.9
elementwise,1,grad,producer,23,2,2,0.07124758078835228,0.9775090909090909,0.06453507393598557,0.9815999865531921,0.028209472075104713,0.013199999928474426,0.3521974980831146,0.3521330952644348,1.0,1.0,1.0,0.1,0.3,1.9
elementwise,1,grad,producer,23,2,3,0.054091033380681816,0.9836363636363636,0.07360751926898956,0.9783999919891357,0.04285778850317001,0.015799999237060547,0.3849543035030365,0.3850040137767792,1.0,1.0,1.0,0.1,0.3,1.9
elementwise,1,grad,producer,23,2,4,0.044168923117897725,0.9864,0.05967593938112259,0.9813999533653259,0.025698283687233925,0.012600000016391277,0.3146362900733948,0.3146379590034485,1.0,1.0,1.0,0.1,0.3,1.9
elementwise,1,grad,producer,23,2,5,0.038099658203125,0.9881454545454545,0.05535862594842911,0.9851999878883362,0.022277016192674637,0.010400000028312206,0.28484728932380676,0.2848663032054901,1.0,1.0,1.0,0.1,0.3,1.9
elementwise,1,grad,producer,23,2,6,0.034061115056818185,0.9892181818181818,0.055180348455905914,0.9845999479293823,0.018416861072182655,0.009599999524652958,0.24936069548130035,0.2493005394935608,1.0,1.0,1.0,0.1,0.3,1.9
elementwise,1,grad,producer,23,2,7,0.029780351118607953,0.9905818181818182,0.04854176193475723,0.9871999621391296,0.012003208510577679,0.006799999624490738,0.19498349726200104,0.19494058191776276,1.0,1.0,1.0,0.1,0.3,1.9
elementwise,1,grad,producer,23,2,8,0.02701556951349432,0.9915090909090909,0.04554424062371254,0.9883999824523926,0.009802581742405891,0.005799999926239252,0.17198215425014496,0.17191623151302338,1.0,1.0,1.0,0.1,0.3,1.9
elementwise,1,grad,producer,23,2,9,0.02464606045809659,0.9922181818181818,0.04255618155002594,0.989799976348877,0.009641043841838837,0.005200000014156103,0.17472495138645172,0.174724742770195,1.0,1.0,1.0,0.1,0.3,1.9
elementwise,1,grad,producer,23,2,10,0.02169897238991477,0.9926727272727273,0.043284833431243896,0.9887999892234802,0.01073016133159399,0.00559999980032444,0.14410769939422607,0.14413069188594818,1.0,1.0,1.0,0.1,0.3,1.9
elementwise,1,grad,producer,23,2,11,0.020124116654829546,0.9935090909090909,0.047032907605171204,0.9887999892234802,0.009181159548461437,0.004999999888241291,0.14423315227031708,0.1442490667104721,1.0,1.0,1.0,0.1,0.3,1.9
elementwise,1,grad,producer,23,2,12,0.0186303955078125,0.9940727272727272,0.04053852707147598,0.9905999898910522,6.0359350754879415e-05,0.00039999998989515007,0.011616455391049385,0.011594255454838276,1.0,1.0,1.0,0.1,0.3,1.9
elementwise,1,grad_sr,producer,1,0,1,0.2438051846590909,0.9264363636363636,0.0920863151550293,0.9731999635696411,0.05570478364825249,0.024399999529123306,0.4763197600841522,0.4761470556259155,1.0,1.0,0.9892793167469114,0.2,0.3,2.4
elementwise,1,grad_sr,producer,1,0,2,0.07845408380681818,0.9749818181818182,0.07279294729232788,0.9789999723434448,0.04474060237407684,0.01939999870955944,0.39554905891418457,0.3953469395637512,1.0,1.0,0.9892749875090843,0.2,0.3,2.4
elementwise,1,grad_sr,producer,1,0,3,0.060352436967329545,0.9811272727272727,0.06655849516391754,0.9821999669075012,0.02807224728167057,0.012799999676644802,0.33060306310653687,0.33051884174346924,1.0,1.0,0.9892222559729288,0.2,0.3,2.4
elementwise,1,grad_sr,producer,1,0,4,0.049728089488636364,0.9849454545454546,0.05913325771689415,0.9833999872207642,0.021341383457183838,0.012999999336898327,0.3143867254257202,0.31425127387046814,1.0,1.0,0.9892549026844113,0.2,0.3,2.4
elementwise,1,grad_sr,producer,1,0,5,0.04472210138494318,0.9859636363636364,0.05737517774105072,0.9835999608039856,0.022388219833374023,0.012199999764561653,0.28124359250068665,0.2811010479927063,1.0,1.0,0.9892593738644622,0.2,0.3,2.4
elementwise,1,grad_sr,producer,1,0,6,0.038579088245738635,0.9877818181818182,0.052810899913311005,0.986799955368042,0.01849745400249958,0.007999999448657036,0.28063732385635376,0.2804676592350006,1.0,1.0,0.9892529864643895,0.2,0.3,2.4
elementwise,1,grad_sr,producer,1,0,7,0.034947722833806816,0.9892727272727273,0.05220562592148781,0.9851999878883362,0.015665723010897636,0.009200000204145908,0.2210371494293213,0.2207285463809967,1.0,1.0,0.9892566059910974,0.2,0.3,2.4
elementwise,1,grad_sr,producer,1,0,8,0.03125663840553977,0.9902363636363636,0.04800765961408615,0.9865999817848206,0.011522834189236164,0.005799999926239252,0.21964149177074432,0.21932841837406158,1.0,1.0,0.9892837879269623,0.2,0.3,2.4
elementwise,1,grad_sr,producer,1,0,9,0.0285417236328125,0.9911636363636364,0.05726223811507225,0.9845999479293823,0.016743279993534088,0.009800000116229057,0.18797889351844788,0.187656432390213,1.0,1.0,0.989278748978016,0.2,0.3,2.4
elementwise,1,grad_sr,producer,1,0,10,0.02621067560369318,0.9916545454545455,0.07299309968948364,0.9803999662399292,0.04056160897016525,0.014999999664723873,0.21166254580020905,0.21137428283691406,1.0,1.0,0.9892192042151163,0.2,0.3,2.4
elementwise,1,grad_sr,producer,1,0,11,0.023782368607954546,0.9926,0.053437549620866776,0.9861999750137329,0.019050542265176773,0.007999999448657036,0.18608345091342926,0.18564373254776,1.0,1.0,0.9891996161882267,0.2,0.3,2.4
elementwise,1,grad_sr,producer,1,0,12,0.022677394797585227,0.9927636363636364,0.04705680534243584,0.9869999885559082,0.0006521029281429946,0.0026000000070780516,0.041552405804395676,0.038675207644701004,1.0,1.0,0.9892409923464753,0.2,0.3,2.4
elementwise,1,grad_sr,producer,1,1,1,0.2342605291193182,0.9297090909090909,0.10346264392137527,0.9687999486923218,0.06348264962434769,0.026799999177455902,0.46310415863990784,0.4630313515663147,1.0,1.0,0.9891992613326671,0.1,0.3,1.7
elementwise,1,grad_sr,producer,1,1,2,0.07585315163352273,0.9768363636363636,0.07483372092247009,0.9791999459266663,0.05172199010848999,0.019999999552965164,0.41077154874801636,0.41062742471694946,1.0,1.0,0.9892156556595203,0.1,0.3,1.7
elementwise,1,grad_sr,producer,1,1,3,0.05844955166903409,0.9816,0.06767822057008743,0.9803999662399292,0.03236166760325432,0.01679999940097332,0.3484778106212616,0.34815147519111633,1.0,1.0,0.989209906999455,0.1,0.3,1.7
elementwise,1,grad_sr,producer,1,1,4,0.04781317471590909,0.9849272727272728,0.06182568520307541,0.9813999533653259,0.026442190632224083,0.014399999752640724,0.34784048795700073,0.34747904539108276,1.0,1.0,0.9892340371775072,0.1,0.3,1.7
elementwise,1,grad_sr,producer,1,1,5,0.040865380859375,0.9872727272727273,0.05412115529179573,0.9847999811172485,0.029122546315193176,0.013599999248981476,0.2951779067516327,0.2948249876499176,1.0,1.0,0.9892250238462936,0.1,0.3,1.7
elementwise,1,grad_sr,producer,1,1,6,0.03648548916903409,0.9886909090909091,0.04780595004558563,0.9871999621391296,0.014997630380094051,0.008200000040233135,0.23342907428741455,0.23285284638404846,1.0,1.0,0.9892667548601017,0.1,0.3,1.7
elementwise,1,grad_sr,producer,1,1,7,0.03279638893821023,0.9899272727272728,0.04626188054680824,0.986799955368042,0.0189039409160614,0.010199999436736107,0.24406731128692627,0.2434854656457901,1.0,1.0,0.9891774732013081,0.1,0.3,1.7
elementwise,1,grad_sr,producer,1,1,8,0.029603284801136363,0.9907636363636364,0.05070284381508827,0.9853999614715576,0.02670164965093136,0.011599999852478504,0.2495051622390747,0.24890325963497162,1.0,1.0,0.9892568189044332,0.1,0.3,1.7
elementwise,1,grad_sr,producer,1,1,9,0.027290620561079545,0.9913454545454545,0.05818989872932434,0.983199954032898,0.024312175810337067,0.012600000016391277,0.21547991037368774,0.21475815773010254,1.0,1.0,0.9891825831213663,0.1,0.3,1.7
elementwise,1,grad_sr,producer,1,1,10,0.025189075816761365,0.9918,0.04496992006897926,0.9889999628067017,0.021223604679107666,0.008599999360740185,0.18346114456653595,0.1828765720129013,1.0,1.0,0.9892574576444404,0.1,0.3,1.7
elementwise,1,grad_sr,producer,1,1,11,0.022614082475142044,0.9930363636363636,0.05211276933550835,0.9860000014305115,0.022168975323438644,0.010599999688565731,0.17916959524154663,0.1786453276872635,1.0,1.0,0.9892092682594477,0.1,0.3,1.7
elementwise,1,grad_sr,producer,1,1,12,0.020149831321022726,0.993890909090909,0.05001063272356987,0.9860000014305115,0.001266961102373898,0.0026000000070780516,0.053681809455156326,0.050481464713811874,1.0,1.0,0.9892259464707486,0.1,0.3,1.7
elementwise,1,grad_sr,producer,1,2,1,0.22694309303977273,0.9312909090909091,0.08940283954143524,0.974399983882904,0.05216960236430168,0.019999999552965164,0.4534192383289337,0.4532807767391205,1.0,1.0,0.9892574576444404,0.1,0.3,1.9
elementwise,1,grad_sr,producer,1,2,2,0.07150695134943182,0.9772181818181818,0.06449372321367264,0.9817999601364136,0.028016766533255577,0.012600000016391277,0.3535374104976654,0.35325297713279724,1.0,1.0,0.9892265142396439,0.1,0.3,1.9
elementwise,1,grad_sr,producer,1,2,3,0.05423329634232955,0.9836181818181818,0.07477816194295883,0.977400004863739,0.04401330649852753,0.01679999940097332,0.3859398663043976,0.38588768243789673,1.0,1.0,0.9891805959302326,0.1,0.3,1.9
elementwise,1,grad_sr,producer,1,2,4,0.04436015625,0.9862363636363637,0.059196799993515015,0.9815999865531921,0.025110365822911263,0.012600000016391277,0.31036481261253357,0.31021595001220703,1.0,1.0,0.9892443279887355,0.1,0.3,1.9
elementwise,1,grad_sr,producer,1,2,5,0.03824276899857955,0.9879272727272728,0.055744897574186325,0.9851999878883362,0.02248876355588436,0.009999999776482582,0.2868858575820923,0.28671446442604065,1.0,1.0,0.9892402826353561,0.1,0.3,1.9
elementwise,1,grad_sr,producer,1,2,6,0.03424423828125,0.9892,0.057819366455078125,0.9835999608039856,0.020761623978614807,0.010599999688565731,0.2457265406847,0.2451283186674118,1.0,1.0,0.9892333984375,0.1,0.3,1.9
elementwise,1,grad_sr,producer,1,2,7,0.029983629261363637,0.9905454545454545,0.04853161424398422,0.9875999689102173,0.01232997514307499,0.007199999876320362,0.20198167860507965,0.20138758420944214,1.0,1.0,0.9891930158748183,0.1,0.3,1.9
elementwise,1,grad_sr,producer,1,2,8,0.027315052379261365,0.9914545454545455,0.045591503381729126,0.9879999756813049,0.009869664907455444,0.006199999712407589,0.17293941974639893,0.17250840365886688,1.0,1.0,0.9891859897347384,0.1,0.3,1.9
elementwise,1,grad_sr,producer,1,2,9,0.024957978959517044,0.9921090909090909,0.0433349646627903,0.9887999892234802,0.01063947007060051,0.006199999712407589,0.17964011430740356,0.17919397354125977,1.0,1.0,0.989191525481468,0.1,0.3,1.9
elementwise,1,grad_sr,producer,1,2,10,0.022029381214488636,0.9924909090909091,0.04282408580183983,0.9889999628067017,0.009915411472320557,0.004799999762326479,0.14058423042297363,0.13978666067123413,1.0,1.0,0.9892563930777616,0.1,0.3,1.9
elementwise,1,grad_sr,producer,1,2,11,0.02029675514914773,0.9933818181818181,0.047987498342990875,0.9879999756813049,0.009909157641232014,0.005200000014156103,0.14558859169483185,0.14474742114543915,1.0,1.0,0.989224668990734,0.1,0.3,1.9
elementwise,1,grad_sr,producer,1,2,12,0.018721495472301137,0.9939636363636364,0.04110437631607056,0.9901999831199646,0.0005886387079954147,0.00039999998989515007,0.042313553392887115,0.03962886705994606,1.0,1.0,0.9892930141715116,0.1,0.3,1.9
elementwise,1,grad_sr,producer,2,0,1,0.2428689275568182,0.9262,0.0904744565486908,0.9733999967575073,0.05435331165790558,0.02419999986886978,0.4767266809940338,0.47632503509521484,1.0,1.0,0.9972226165061773,0.2,0.4,2.1
elementwise,1,grad_sr,producer,2,0,2,0.07831681463068182,0.9757272727272728,0.07341644167900085,0.9783999919891357,0.045486729592084885,0.019600000232458115,0.3970966339111328,0.3967568576335907,1.0,1.0,0.9972228294195131,0.2,0.4,2.1
elementwise,1,grad_sr,producer,2,0,3,0.060077414772727274,0.9810909090909091,0.0663890615105629,0.9819999933242798,0.027890171855688095,0.012600000016391277,0.3370484411716461,0.33677059412002563,1.0,1.0,0.9972182872683503,0.2,0.4,2.1
elementwise,1,grad_sr,producer,2,0,4,0.049630362215909093,0.9847454545454546,0.05851838365197182,0.9839999675750732,0.020763816311955452,0.012399999424815178,0.311373233795166,0.311106413602829,1.0,1.0,0.9972280103106831,0.2,0.4,2.1
elementwise,1,grad_sr,producer,2,0,5,0.04457478693181818,0.9860727272727273,0.05602995678782463,0.9842000007629395,0.021674325689673424,0.011599999852478504,0.28730452060699463,0.2871156632900238,1.0,1.0,0.9972326234329578,0.2,0.4,2.1
elementwise,1,grad_sr,producer,2,0,6,0.03841327681107955,0.9879272727272728,0.05333968997001648,0.9865999817848206,0.01789012923836708,0.00839999970048666,0.2824798822402954,0.2822818458080292,1.0,1.0,0.9972206293150436,0.2,0.4,2.1
elementwise,1,grad_sr,producer,2,0,7,0.034840671608664775,0.9894545454545455,0.05141154304146767,0.9857999682426453,0.014766024425625801,0.00839999970048666,0.21492324769496918,0.21459782123565674,1.0,1.0,0.997232481490734,0.2,0.4,2.1
elementwise,1,grad_sr,producer,2,0,8,0.031096979314630683,0.9902545454545455,0.04780649393796921,0.9873999953269958,0.011663160286843777,0.006199999712407589,0.2200922966003418,0.21973614394664764,1.0,1.0,0.9972409980241642,0.2,0.4,2.1
elementwise,1,grad_sr,producer,2,0,9,0.0285169921875,0.9912181818181818,0.05545107275247574,0.9843999743461609,0.01522008329629898,0.010400000028312206,0.18238258361816406,0.18180599808692932,1.0,1.0,0.9972207002861555,0.2,0.4,2.1
elementwise,1,grad_sr,producer,2,0,10,0.0261640380859375,0.9918545454545454,0.06720521301031113,0.9805999994277954,0.034329600632190704,0.013199999928474426,0.20206758379936218,0.20135167241096497,1.0,1.0,0.9972260940906613,0.2,0.4,2.1
elementwise,1,grad_sr,producer,2,0,11,0.023544770951704545,0.9927090909090909,0.051391296088695526,0.9857999682426453,0.017333585768938065,0.007599999662488699,0.1738670915365219,0.1731550693511963,1.0,1.0,0.9971985572992369,0.2,0.4,2.1
elementwise,1,grad_sr,producer,2,0,12,0.02254918545809659,0.9927636363636364,0.047950610518455505,0.9860000014305115,0.0007237191312015057,0.0026000000070780516,0.04201687499880791,0.03699444979429245,1.0,1.0,0.9972260231195494,0.2,0.4,2.1
elementwise,1,grad_sr,producer,2,1,1,0.23445147372159092,0.9289818181818181,0.10347525775432587,0.9685999751091003,0.06327871978282928,0.02719999849796295,0.4651970863342285,0.46519094705581665,1.0,1.0,0.9972128224927326,0.1,0.3,2.3
elementwise,1,grad_sr,producer,2,1,2,0.07575836292613636,0.9767454545454546,0.07422785460948944,0.9785999655723572,0.05076313018798828,0.019999999552965164,0.40560242533683777,0.40561363101005554,1.0,1.0,0.9972103385038154,0.1,0.3,2.3
elementwise,1,grad_sr,producer,2,1,3,0.05818029563210227,0.9815818181818182,0.06895211338996887,0.9795999526977539,0.03282957151532173,0.016999999061226845,0.33747825026512146,0.3374297618865967,1.0,1.0,0.9972143128860829,0.1,0.3,2.3
elementwise,1,grad_sr,producer,2,1,4,0.047574853515625,0.9852727272727273,0.06267617642879486,0.9819999933242798,0.02663925662636757,0.0142000000923872,0.3438664674758911,0.3438216745853424,1.0,1.0,0.9972208422283794,0.1,0.3,2.3
elementwise,1,grad_sr,producer,2,1,5,0.040660094105113634,0.9872545454545455,0.052520524710416794,0.9860000014305115,0.025495605543255806,0.011599999852478504,0.2841610610485077,0.2841337025165558,1.0,1.0,0.9972196357194767,0.1,0.3,2.3
elementwise,1,grad_sr,producer,2,1,6,0.03647190163352273,0.9886363636363636,0.04939647018909454,0.9863999485969543,0.01482565887272358,0.008799999952316284,0.22937145829200745,0.229279026389122,1.0,1.0,0.997219422806141,0.1,0.3,2.3
elementwise,1,grad_sr,producer,2,1,7,0.032714060280539775,0.9896909090909091,0.046583276242017746,0.9875999689102173,0.01875554397702217,0.009599999524652958,0.24014084041118622,0.24003498256206512,1.0,1.0,0.9972126805505087,0.1,0.3,2.3
elementwise,1,grad_sr,producer,2,1,8,0.029616921164772728,0.9905818181818182,0.05032161995768547,0.98499995470047,0.027143120765686035,0.012000000104308128,0.2577371299266815,0.257639616727829,1.0,1.0,0.9972204164017079,0.1,0.3,2.3
elementwise,1,grad_sr,producer,2,1,9,0.027263097034801138,0.9911636363636364,0.06132723391056061,0.9835999608039856,0.02597416378557682,0.012600000016391277,0.21844308078289032,0.2182675302028656,1.0,1.0,0.9972242488417514,0.1,0.3,2.3
elementwise,1,grad_sr,producer,2,1,10,0.02529002130681818,0.9917636363636364,0.04575017839670181,0.9878000020980835,0.022590747103095055,0.010199999436736107,0.180233895778656,0.17996688187122345,1.0,1.0,0.9972147387127543,0.1,0.3,2.3
elementwise,1,grad_sr,producer,2,1,11,0.02267921697443182,0.993,0.05321093276143074,0.9853999614715576,0.0206356979906559,0.010999999940395355,0.175897017121315,0.1757245510816574,1.0,1.0,0.9972249585528706,0.1,0.3,2.3
elementwise,1,grad_sr,producer,2,1,12,0.02000276100852273,0.9941454545454546,0.049946486949920654,0.9869999885559082,0.0003657836059574038,0.0011999999405816197,0.026671625673770905,0.025158777832984924,1.0,1.0,0.9972286490506904,0.1,0.3,2.3
elementwise,1,grad_sr,producer,2,2,1,0.22648469460227272,0.9312,0.08877220749855042,0.9749999642372131,0.051628585904836655,0.01979999989271164,0.4545254409313202,0.4544519782066345,1.0,1.0,0.9972070738326672,0.1,0.3,1.9
elementwise,1,grad_sr,producer,2,2,2,0.071374462890625,0.9774181818181819,0.06470467895269394,0.9819999933242798,0.028225796297192574,0.012799999676644802,0.3518201410770416,0.3516311049461365,1.0,1.0,0.9972297136173692,0.1,0.3,1.9
elementwise,1,grad_sr,producer,2,2,3,0.05420362659801136,0.9834,0.07566257566213608,0.9771999716758728,0.044908978044986725,0.016999999061226845,0.389594167470932,0.389615535736084,1.0,1.0,0.9972218358239462,0.1,0.3,1.9
elementwise,1,grad_sr,producer,2,2,4,0.04428912020596591,0.9863818181818181,0.058973316103219986,0.9824000000953674,0.024748077616095543,0.012199999764561653,0.311274915933609,0.3111811578273773,1.0,1.0,0.9972201325172602,0.1,0.3,1.9
elementwise,1,grad_sr,producer,2,2,5,0.03828571111505682,0.9880545454545454,0.05652280151844025,0.98499995470047,0.023517662659287453,0.011399999260902405,0.29221218824386597,0.29214516282081604,1.0,1.0,0.9972224745639535,0.1,0.3,1.9
elementwise,1,grad_sr,producer,2,2,6,0.034135453657670456,0.9892909090909091,0.05655660480260849,0.9847999811172485,0.01958710514008999,0.009399999864399433,0.2467808872461319,0.2466336041688919,1.0,1.0,0.9972199196039244,0.1,0.3,1.9
elementwise,1,grad_sr,producer,2,2,7,0.029900197531960226,0.9905636363636363,0.04928305372595787,0.9869999885559082,0.012592446990311146,0.007400000002235174,0.19809724390506744,0.19797326624393463,1.0,1.0,0.9972110482149346,0.1,0.3,1.9
elementwise,1,grad_sr,producer,2,2,8,0.027064599609375,0.9915636363636363,0.04486214742064476,0.9887999892234802,0.009316004812717438,0.005399999674409628,0.1731656938791275,0.17298561334609985,1.0,1.0,0.9972155193949854,0.1,0.3,1.9
elementwise,1,grad_sr,producer,2,2,9,0.024800579279119318,0.9920727272727272,0.042542554438114166,0.9891999959945679,0.009533393196761608,0.005799999926239252,0.17269834876060486,0.17258381843566895,1.0,1.0,0.9972117579260538,0.1,0.3,1.9
elementwise,1,grad_sr,producer,2,2,10,0.021826873224431817,0.9926909090909091,0.04319456219673157,0.9891999959945679,0.01024689618498087,0.005399999674409628,0.13764183223247528,0.1373353749513626,1.0,1.0,0.9972265908884448,0.1,0.3,1.9
elementwise,1,grad_sr,producer,2,2,11,0.020307468483664774,0.9935090909090909,0.046919625252485275,0.9889999628067017,0.009102631360292435,0.00419999985024333,0.14372403919696808,0.14324113726615906,1.0,1.0,0.997220274459484,0.1,0.3,1.9
elementwise,1,grad_sr,producer,2,2,12,0.018722081409801136,0.9939454545454546,0.041253406554460526,0.9901999831199646,0.00037107671960256994,0.00039999998989515007,0.030579758808016777,0.029361706227064133,1.0,1.0,0.9972313459529433,0.1,0.3,1.9
elementwise,1,grad_sr,producer,3,0,1,0.2428674715909091,0.9263272727272728,0.09102825075387955,0.9729999899864197,0.05484534800052643,0.02499999850988388,0.4764275848865509,0.4761771261692047,1.0,1.0,0.9992978118186773,0.2,0.4,2.4
elementwise,1,grad_sr,producer,3,0,2,0.07834235617897728,0.9753454545454545,0.0736934170126915,0.9787999987602234,0.045949388295412064,0.019199999049305916,0.39701107144355774,0.396801233291626,1.0,1.0,0.9993005087209302,0.2,0.4,2.4
elementwise,1,grad_sr,producer,3,0,3,0.06009538352272727,0.9809818181818182,0.06619174033403397,0.9824000000953674,0.02799806371331215,0.012600000016391277,0.3326413035392761,0.3324712812900543,1.0,1.0,0.9993027088253997,0.2,0.4,2.4
elementwise,1,grad_sr,producer,3,0,4,0.04957125355113636,0.9850727272727273,0.05836113169789314,0.9842000007629395,0.020582137629389763,0.011399999260902405,0.31127724051475525,0.31114625930786133,1.0,1.0,0.9992995151253634,0.2,0.4,2.4
elementwise,1,grad_sr,producer,3,0,5,0.04460414151278409,0.9860181818181818,0.05839011073112488,0.9835999608039856,0.023935463279485703,0.012199999764561653,0.2856560945510864,0.28559258580207825,1.0,1.0,0.9993012184320494,0.2,0.4,2.4
elementwise,1,grad_sr,producer,3,0,6,0.03843796608664773,0.9875818181818182,0.05222104489803314,0.9878000020980835,0.017623886466026306,0.008200000040233135,0.27863410115242004,0.27862846851348877,1.0,1.0,0.999301573287609,0.2,0.4,2.4
elementwise,1,grad_sr,producer,3,0,7,0.03487106711647727,0.9892363636363637,0.051360130310058594,0.9861999750137329,0.015273054130375385,0.008599999360740185,0.21567000448703766,0.21547095477581024,1.0,1.0,0.9992979537609011,0.2,0.4,2.4
elementwise,1,grad_sr,producer,3,0,8,0.03115619229403409,0.9903636363636363,0.047981638461351395,0.9865999817848206,0.01146452035754919,0.006000000052154064,0.21673010289669037,0.21654978394508362,1.0,1.0,0.9993012184320494,0.2,0.4,2.4
elementwise,1,grad_sr,producer,3,0,9,0.028619062943892045,0.9910909090909091,0.05732171609997749,0.9847999811172485,0.016410458832979202,0.009999999776482582,0.17606699466705322,0.17588728666305542,1.0,1.0,0.9992994441542514,0.2,0.4,2.4
elementwise,1,grad_sr,producer,3,0,10,0.026249356356534092,0.9917454545454546,0.06962653249502182,0.9805999994277954,0.03706596419215202,0.0139999995008111,0.20489513874053955,0.2047303020954132,1.0,1.0,0.9993022120276163,0.2,0.4,2.4
elementwise,1,grad_sr,producer,3,0,11,0.023602601207386362,0.9925636363636363,0.052667103707790375,0.9860000014305115,0.018332049250602722,0.007599999662488699,0.1802654266357422,0.1801222711801529,1.0,1.0,0.9992961794831032,0.2,0.4,2.4
elementwise,1,grad_sr,producer,3,0,12,0.022510127397017046,0.9927454545454546,0.0464545302093029,0.9873999953269958,0.0004072425654157996,0.0007999999797903001,0.02984711155295372,0.028659207746386528,1.0,1.0,0.9992996570675872,0.2,0.4,2.4
elementwise,1,grad_sr,producer,3,1,1,0.2348139559659091,0.9290727272727273,0.10311125218868256,0.9684000015258789,0.0631246343255043,0.027400000020861626,0.46408092975616455,0.4640786051750183,1.0,1.0,0.9992993731831395,0.1,0.3,2.3
elementwise,1,grad_sr,producer,3,1,2,0.07568471235795454,0.9766181818181818,0.07476240396499634,0.9779999852180481,0.051181234419345856,0.020600000396370888,0.40559741854667664,0.4056081175804138,1.0,1.0,0.9992995860964753,0.1,0.3,2.3
elementwise,1,grad_sr,producer,3,1,3,0.05832281161221591,0.9814727272727273,0.06895024329423904,0.9795999526977539,0.03283768147230148,0.01679999940097332,0.33836129307746887,0.3383537828922272,1.0,1.0,0.9992978118186773,0.1,0.3,2.3
elementwise,1,grad_sr,producer,3,1,4,0.047644136186079544,0.9851818181818182,0.06301423162221909,0.9815999865531921,0.026920922100543976,0.014599999412894249,0.35000285506248474,0.3500233292579651,1.0,1.0,0.9992986634720203,0.1,0.3,2.3
elementwise,1,grad_sr,producer,3,1,5,0.04074983575994318,0.9872545454545455,0.05292508378624916,0.98499995470047,0.026724547147750854,0.012799999676644802,0.2885265648365021,0.28853219747543335,1.0,1.0,0.9992994441542514,0.1,0.3,2.3
elementwise,1,grad_sr,producer,3,1,6,0.036559030983664774,0.9883636363636363,0.0493236668407917,0.9860000014305115,0.015885168686509132,0.008999999612569809,0.23230981826782227,0.23227664828300476,1.0,1.0,0.999296321425327,0.1,0.3,2.3
elementwise,1,grad_sr,producer,3,1,7,0.03276189186789773,0.9898545454545454,0.046518854796886444,0.9873999953269958,0.018165413290262222,0.009599999524652958,0.239649698138237,0.23963414132595062,1.0,1.0,0.9992982376453489,0.1,0.3,2.3
elementwise,1,grad_sr,producer,3,1,8,0.029723959073153408,0.9907090909090909,0.04994483292102814,0.9851999878883362,0.027140719816088676,0.011799999512732029,0.25828632712364197,0.258281409740448,1.0,1.0,0.9992993022120276,0.1,0.3,2.3
elementwise,1,grad_sr,producer,3,1,9,0.027387047230113638,0.9911090909090909,0.06078413128852844,0.9833999872207642,0.025904858484864235,0.012199999764561653,0.22113977372646332,0.22107934951782227,1.0,1.0,0.9993019281431686,0.1,0.3,2.3
elementwise,1,grad_sr,producer,3,1,10,0.025213105912642045,0.9918545454545454,0.04618418961763382,0.9881999492645264,0.022682439535856247,0.009800000116229057,0.1835622787475586,0.1833259016275406,1.0,1.0,0.9993043411609739,0.1,0.3,2.3
elementwise,1,grad_sr,producer,3,1,11,0.02280912420099432,0.9927818181818182,0.05348604917526245,0.9851999878883362,0.021611060947179794,0.011599999852478504,0.18027563393115997,0.18022911250591278,1.0,1.0,0.9993008635764898,0.1,0.3,2.3
elementwise,1,grad_sr,producer,3,1,12,0.01999799138849432,0.9941090909090909,0.0511779822409153,0.9860000014305115,0.0003021538723260164,0.00139999995008111,0.024153949692845345,0.023426039144396782,1.0,1.0,0.9992981666742369,0.1,0.3,2.3
elementwise,1,grad_sr,producer,3,2,1,0.22636161221590909,0.9312545454545454,0.08844655752182007,0.9745999574661255,0.05138438567519188,0.019999999552965164,0.4555049538612366,0.4553990662097931,1.0,1.0,0.9992951149164244,0.1,0.3,1.9
elementwise,1,grad_sr,producer,3,2,2,0.0712302157315341,0.9776181818181818,0.0643964633345604,0.9817999601364136,0.028136998414993286,0.012999999336898327,0.3536100685596466,0.35350504517555237,1.0,1.0,0.9992971021075582,0.1,0.3,1.9
elementwise,1,grad_sr,producer,3,2,3,0.05409814009232954,0.9834545454545455,0.07487432658672333,0.9779999852180481,0.04408382996916771,0.016200000420212746,0.38239243626594543,0.3824390769004822,1.0,1.0,0.9993002248364825,0.1,0.3,1.9
elementwise,1,grad_sr,producer,3,2,4,0.044189293323863635,0.9863818181818181,0.05954606458544731,0.9819999933242798,0.025581715628504753,0.012600000016391277,0.3129463493824005,0.3129173815250397,1.0,1.0,0.9992982376453489,0.1,0.3,1.9
elementwise,1,grad_sr,producer,3,2,5,0.03816887872869318,0.9880727272727273,0.05565831437706947,0.9853999614715576,0.022614357993006706,0.010199999436736107,0.2875865697860718,0.28757667541503906,1.0,1.0,0.9993002958075945,0.1,0.3,1.9
elementwise,1,grad_sr,producer,3,2,6,0.03405668723366477,0.9893454545454545,0.05514267459511757,0.9843999743461609,0.01843729056417942,0.009800000116229057,0.24761387705802917,0.2475227415561676,1.0,1.0,0.9992981666742369,0.1,0.3,1.9
elementwise,1,grad_sr,producer,3,2,7,0.029795439009232955,0.9906363636363636,0.0489286333322525,0.986799955368042,0.012333053164184093,0.007199999876320362,0.19332775473594666,0.1931878626346588,1.0,1.0,0.9992990892986918,0.1,0.3,1.9
elementwise,1,grad_sr,producer,3,2,8,0.027005342240767047,0.9915272727272727,0.04524586349725723,0.9887999892234802,0.009513935074210167,0.005399999674409628,0.17145369946956635,0.17127625644207,1.0,1.0,0.9992994441542514,0.1,0.3,1.9
elementwise,1,grad_sr,producer,3,2,9,0.024667706853693183,0.9922363636363636,0.04242256283760071,0.989799976348877,0.009728594683110714,0.005200000014156103,0.1758280247449875,0.17574910819530487,1.0,1.0,0.99929901832758,0.1,0.3,1.9
elementwise,1,grad_sr,producer,3,2,10,0.021698435280539774,0.9926727272727273,0.043449126183986664,0.9889999628067017,0.010725217871367931,0.005200000014156103,0.14126501977443695,0.14115400612354279,1.0,1.0,0.9992973859920058,0.1,0.3,1.9
elementwise,1,grad_sr,producer,3,2,11,0.020184541459517046,0.9935090909090909,0.046717021614313126,0.9891999959945679,0.009138009510934353,0.004600000102072954,0.14331583678722382,0.14323373138904572,1.0,1.0,0.9993002958075945,0.1,0.3,1.9
elementwise,1,grad_sr,producer,3,2,12,0.0186543701171875,0.994,0.04072347283363342,0.9901999831199646,0.0001587963488418609,0.00039999998989515007,0.02034507505595684,0.019264310598373413,1.0,1.0,0.9992984505586846,0.1,0.3,1.9
elementwise,1,grad_sr,producer,4,0,1,0.24279334161931818,0.9262727272727272,0.09114577621221542,0.9731999635696411,0.05498209223151207,0.024799998849630356,0.47723841667175293,0.477019727230072,1.0,1.0,0.9998237077579942,0.2,0.3,2.4
elementwise,1,grad_sr,producer,4,0,2,0.078376953125,0.9753636363636363,0.07434144616127014,0.9789999723434448,0.04677707329392433,0.01899999938905239,0.3978184759616852,0.3976752758026123,1.0,1.0,0.9998237787291061,0.2,0.3,2.4
elementwise,1,grad_sr,producer,4,0,3,0.060049906782670456,0.9811636363636363,0.0656234472990036,0.9819999933242798,0.02749762497842312,0.012199999764561653,0.33212390542030334,0.33197593688964844,1.0,1.0,0.9998242045557776,0.2,0.3,2.4
elementwise,1,grad_sr,producer,4,0,4,0.04957346857244318,0.9849454545454546,0.058457281440496445,0.983199954032898,0.02083466202020645,0.012399999424815178,0.31113627552986145,0.3111068606376648,1.0,1.0,0.999822998046875,0.2,0.3,2.4
elementwise,1,grad_sr,producer,4,0,5,0.04451764470880682,0.9861090909090909,0.05793978273868561,0.9839999675750732,0.023338673636317253,0.011799999512732029,0.2855452597141266,0.28554391860961914,1.0,1.0,0.9998242755268896,0.2,0.3,2.4
elementwise,1,grad_sr,producer,4,0,6,0.03829024325284091,0.9876727272727273,0.052913110703229904,0.9875999689102173,0.01809062995016575,0.007799999788403511,0.27793288230895996,0.2779739797115326,1.0,1.0,0.9998246303824492,0.2,0.3,2.4
elementwise,1,grad_sr,producer,4,0,7,0.03490038174715909,0.9891272727272727,0.05138573423027992,0.9865999817848206,0.015310414135456085,0.007999999448657036,0.21857737004756927,0.21855974197387695,1.0,1.0,0.9998231399890989,0.2,0.3,2.4
elementwise,1,grad_sr,producer,4,0,8,0.03119172141335227,0.9902727272727273,0.047549713402986526,0.9865999817848206,0.011509221978485584,0.006000000052154064,0.21748512983322144,0.21749305725097656,1.0,1.0,0.9998237787291061,0.2,0.3,2.4
elementwise,1,grad_sr,producer,4,0,9,0.028525506036931818,0.9912545454545455,0.055338673293590546,0.9845999479293823,0.015623168088495731,0.009800000116229057,0.18078072369098663,0.1807674616575241,1.0,1.0,0.999823849700218,0.2,0.3,2.4
elementwise,1,grad_sr,producer,4,0,10,0.02613271706321023,0.9916363636363636,0.0694323405623436,0.9803999662399292,0.037728264927864075,0.013799999840557575,0.2059655636548996,0.2059773951768875,1.0,1.0,0.9998237787291061,0.2,0.3,2.4
elementwise,1,grad_sr,producer,4,0,11,0.023690130060369317,0.9924727272727273,0.05214874446392059,0.9857999682426453,0.018760615959763527,0.007799999788403511,0.1832323968410492,0.1832527369260788,1.0,1.0,0.9998237077579942,0.2,0.3,2.4
elementwise,1,grad_sr,producer,4,0,12,0.02253255060369318,0.992890909090909,0.04663527384400368,0.9873999953269958,0.00030931970104575157,0.0011999999405816197,0.026513587683439255,0.02634185180068016,1.0,1.0,0.9998244884402253,0.2,0.3,2.4
elementwise,1,grad_sr,producer,4,1,1,0.2346528231534091,0.9288,0.10348818451166153,0.9685999751091003,0.06341076642274857,0.02759999968111515,0.46548891067504883,0.46549320220947266,1.0,1.0,0.999822927075763,0.1,0.3,2.3
elementwise,1,grad_sr,producer,4,1,2,0.07566906960227272,0.9768545454545454,0.07572928816080093,0.9783999919891357,0.05222281813621521,0.02019999921321869,0.40723350644111633,0.40724977850914,1.0,1.0,0.9998237787291061,0.1,0.3,2.3
elementwise,1,grad_sr,producer,4,1,3,0.05808971502130682,0.9817454545454546,0.0685197189450264,0.9799999594688416,0.03218954801559448,0.01640000008046627,0.3393165171146393,0.3393080234527588,1.0,1.0,0.9998231399890989,0.1,0.3,2.3
elementwise,1,grad_sr,producer,4,1,4,0.04759718128551137,0.9852,0.06323622167110443,0.9815999865531921,0.027544328942894936,0.014999999664723873,0.34592047333717346,0.345939576625824,1.0,1.0,0.9998217915379723,0.1,0.3,2.3
elementwise,1,grad_sr,producer,4,1,5,0.040630832741477274,0.9874,0.05315374210476875,0.9851999878883362,0.02671949751675129,0.012600000016391277,0.28802525997161865,0.2880402207374573,1.0,1.0,0.9998232109602108,0.1,0.3,2.3
elementwise,1,grad_sr,producer,4,1,6,0.036453677645596594,0.9884181818181819,0.049336690455675125,0.9863999485969543,0.0153502207249403,0.009599999524652958,0.22798725962638855,0.22798842191696167,1.0,1.0,0.9998233529024346,0.1,0.3,2.3
elementwise,1,grad_sr,producer,4,1,7,0.03270725985440341,0.9900181818181818,0.04619288817048073,0.9873999953269958,0.01796778477728367,0.009599999524652958,0.2406727373600006,0.24068693816661835,1.0,1.0,0.999822998046875,0.1,0.3,2.3
elementwise,1,grad_sr,producer,4,1,8,0.029637082741477274,0.9907818181818182,0.050561945885419846,0.9845999479293823,0.02718973346054554,0.012000000104308128,0.2579936385154724,0.2580263018608093,1.0,1.0,0.999823849700218,0.1,0.3,2.3
elementwise,1,grad_sr,producer,4,1,9,0.027275719105113637,0.9913636363636363,0.06103740260004997,0.983199954032898,0.025882216170430183,0.012399999424815178,0.2174546867609024,0.2174692302942276,1.0,1.0,0.9998232819313226,0.1,0.3,2.3
elementwise,1,grad_sr,producer,4,1,10,0.025095558860085226,0.992,0.04640941694378853,0.9881999492645264,0.023288216441869736,0.009800000116229057,0.1816476583480835,0.1816357970237732,1.0,1.0,0.999822927075763,0.1,0.3,2.3
elementwise,1,grad_sr,producer,4,1,11,0.022747507546164773,0.9928363636363636,0.05391356721520424,0.9851999878883362,0.022089486941695213,0.011599999852478504,0.17998270690441132,0.1800009161233902,1.0,1.0,0.9998232819313226,0.1,0.3,2.3
elementwise,1,grad_sr,producer,4,1,12,0.01992682217684659,0.9940909090909091,0.050032809376716614,0.9863999485969543,0.00016412105469498783,0.00139999995008111,0.018504809588193893,0.018350761383771896,1.0,1.0,0.99982392067133,0.1,0.3,2.3
elementwise,1,grad_sr,producer,4,2,1,0.22629753196022728,0.9313636363636364,0.08859740197658539,0.974399983882904,0.051576171070337296,0.020399998873472214,0.4555954337120056,0.4555705785751343,1.0,1.0,0.9998234948446584,0.1,0.3,1.9
elementwise,1,grad_sr,producer,4,2,2,0.07128857421875,0.9775818181818182,0.06425167620182037,0.9821999669075012,0.027949495241045952,0.012600000016391277,0.3548510670661926,0.3548089563846588,1.0,1.0,0.9998232819313226,0.1,0.3,1.9
elementwise,1,grad_sr,producer,4,2,3,0.05406784889914773,0.9835818181818182,0.07346764206886292,0.9787999987602234,0.04267117753624916,0.015399999916553497,0.3856481611728668,0.3857087194919586,1.0,1.0,0.999823849700218,0.1,0.3,1.9
elementwise,1,grad_sr,producer,4,2,4,0.04414153941761364,0.9864181818181819,0.060133226215839386,0.9811999797821045,0.026106970384716988,0.013199999928474426,0.31592240929603577,0.31594982743263245,1.0,1.0,0.9998227851335393,0.1,0.3,1.9
elementwise,1,grad_sr,producer,4,2,5,0.03808483220880682,0.9880545454545454,0.05552682653069496,0.9855999946594238,0.02255963161587715,0.009999999776482582,0.28635773062705994,0.2863923907279968,1.0,1.0,0.999823849700218,0.1,0.3,1.9
elementwise,1,grad_sr,producer,4,2,6,0.03408873845880682,0.9891454545454545,0.05548294633626938,0.9845999479293823,0.01859363168478012,0.009399999864399433,0.24910764396190643,0.249062642455101,1.0,1.0,0.9998242755268896,0.1,0.3,1.9
elementwise,1,grad_sr,producer,4,2,7,0.02978144753196023,0.9906727272727273,0.04910629242658615,0.9871999621391296,0.012378135696053505,0.006799999624490738,0.1975460797548294,0.19753888249397278,1.0,1.0,0.9998240626135538,0.1,0.3,1.9
elementwise,1,grad_sr,producer,4,2,8,0.027033598188920455,0.9914909090909091,0.04520474746823311,0.9887999892234802,0.0093684745952487,0.005399999674409628,0.17427270114421844,0.17424681782722473,1.0,1.0,0.999823849700218,0.1,0.3,1.9
elementwise,1,grad_sr,producer,4,2,9,0.024635140713778408,0.9922,0.04244527220726013,0.9896000027656555,0.009592056274414062,0.005399999674409628,0.17003564536571503,0.17004774510860443,1.0,1.0,0.9998226431913154,0.1,0.3,1.9
elementwise,1,grad_sr,producer,4,2,10,0.02163936434659091,0.9927272727272727,0.04364943504333496,0.9889999628067017,0.010764203034341335,0.005200000014156103,0.1430952101945877,0.14311765134334564,1.0,1.0,0.9998239916424418,0.1,0.3,1.9
elementwise,1,grad_sr,producer,4,2,11,0.020138034889914773,0.9936,0.0476565882563591,0.988599956035614,0.009625382721424103,0.004799999762326479,0.14445656538009644,0.14445719122886658,1.0,1.0,0.9998247723246729,0.1,0.3,1.9
elementwise,1,grad_sr,producer,4,2,12,0.018686772017045456,0.993890909090909,0.040269989520311356,0.9901999831199646,9.477021376369521e-05,0.00039999998989515007,0.01579168252646923,0.015624829567968845,1.0,1.0,0.999822927075763,0.1,0.3,1.9
elementwise,1,grad_sr,producer,5,0,1,0.2429048650568182,0.9262181818181818,0.09093128144741058,0.9735999703407288,0.054748520255088806,0.024399999529123306,0.47596049308776855,0.47579699754714966,1.0,1.0,0.9999579851017442,0.2,0.4,2.4
elementwise,1,grad_sr,producer,5,0,2,0.0784217862215909,0.9754181818181819,0.07431794703006744,0.9785999655723572,0.04658142104744911,0.01939999870955944,0.3981764316558838,0.3980591297149658,1.0,1.0,0.999959049668423,0.2,0.4,2.4
elementwise,1,grad_sr,producer,5,0,3,0.06010178000710227,0.9812909090909091,0.06564153730869293,0.9824000000953674,0.027426356449723244,0.012199999764561653,0.3333168625831604,0.333190381526947,1.0,1.0,0.9999583399573038,0.2,0.4,2.4
elementwise,1,grad_sr,producer,5,0,4,0.049561820845170454,0.9848181818181818,0.058172497898340225,0.983199954032898,0.020685989409685135,0.012000000104308128,0.3114839792251587,0.3114900290966034,1.0,1.0,0.9999582689861919,0.2,0.4,2.4
elementwise,1,grad_sr,producer,5,0,5,0.04460333362926136,0.9860909090909091,0.057674162089824677,0.9842000007629395,0.02274593524634838,0.011599999852478504,0.2861492931842804,0.2861465513706207,1.0,1.0,0.9999586238417515,0.2,0.4,2.4
elementwise,1,grad_sr,producer,5,0,6,0.03837894620028409,0.9877454545454546,0.05280672758817673,0.9878000020980835,0.017723293974995613,0.007799999788403511,0.27878132462501526,0.2788192331790924,1.0,1.0,0.9999585528706395,0.2,0.4,2.4
elementwise,1,grad_sr,producer,5,0,7,0.03491822176846591,0.9894363636363637,0.051242828369140625,0.9861999750137329,0.015071114525198936,0.008999999612569809,0.2192808836698532,0.2192811667919159,1.0,1.0,0.9999586238417515,0.2,0.4,2.4
elementwise,1,grad_sr,producer,5,0,8,0.031133438387784092,0.9901818181818182,0.047611821442842484,0.9863999485969543,0.011611951515078545,0.006399999838322401,0.21963819861412048,0.219636470079422,1.0,1.0,0.9999586948128634,0.2,0.4,2.4
elementwise,1,grad_sr,producer,5,0,9,0.028641597123579547,0.9911272727272727,0.05544256418943405,0.9847999811172485,0.015103591606020927,0.009999999776482582,0.17761799693107605,0.17762787640094757,1.0,1.0,0.9999584818995276,0.2,0.4,2.4
elementwise,1,grad_sr,producer,5,0,10,0.026041259765625,0.9918,0.06605592370033264,0.9815999865531921,0.03332315757870674,0.012999999336898327,0.19954834878444672,0.19957342743873596,1.0,1.0,0.9999584818995276,0.2,0.4,2.4
elementwise,1,grad_sr,producer,5,0,11,0.023568275035511364,0.9926545454545455,0.05154009908437729,0.9861999750137329,0.017787598073482513,0.00699999975040555,0.17982926964759827,0.1798435002565384,1.0,1.0,0.9999588367550872,0.2,0.4,2.4
elementwise,1,grad_sr,producer,5,0,12,0.02243288796164773,0.992890909090909,0.047561872750520706,0.986799955368042,0.00017945094441529363,0.0015999999595806003,0.017672237008810043,0.017562594264745712,1.0,1.0,0.9999582689861919,0.2,0.4,2.4
elementwise,1,grad_sr,producer,5,1,1,0.23463545809659092,0.9287636363636363,0.1030423566699028,0.9687999486923218,0.06302814930677414,0.026999998837709427,0.46466633677482605,0.4646650552749634,1.0,1.0,0.9999586948128634,0.1,0.3,1.7
elementwise,1,grad_sr,producer,5,1,2,0.07562756569602273,0.9768181818181818,0.07505838572978973,0.9787999987602234,0.051432054489851,0.01979999989271164,0.4056408107280731,0.4056544899940491,1.0,1.0,0.999959049668423,0.1,0.3,1.7
elementwise,1,grad_sr,producer,5,1,3,0.058076802201704546,0.9818363636363636,0.06848636269569397,0.9799999594688416,0.03225532919168472,0.016200000420212746,0.34000274538993835,0.3399948477745056,1.0,1.0,0.9999581980150799,0.1,0.3,1.7
elementwise,1,grad_sr,producer,5,1,4,0.047559095348011365,0.9852181818181818,0.06308717280626297,0.9821999669075012,0.02725573070347309,0.0139999995008111,0.3452380299568176,0.34525641798973083,1.0,1.0,0.9999583399573038,0.1,0.3,1.7
elementwise,1,grad_sr,producer,5,1,5,0.04064794921875,0.9874181818181819,0.05279011279344559,0.9853999614715576,0.02619961090385914,0.012600000016391277,0.2901725172996521,0.2901899218559265,1.0,1.0,0.9999577012172965,0.1,0.3,1.7
elementwise,1,grad_sr,producer,5,1,6,0.036410944158380684,0.9884181818181819,0.04944236949086189,0.9863999485969543,0.01519907359033823,0.009200000204145908,0.2284502238035202,0.2284531146287918,1.0,1.0,0.999958127043968,0.1,0.3,1.7
elementwise,1,grad_sr,producer,5,1,7,0.03260346013849432,0.9898,0.04604601860046387,0.9873999953269958,0.017902648076415062,0.009800000116229057,0.24247005581855774,0.24248410761356354,1.0,1.0,0.9999582689861919,0.1,0.3,1.7
elementwise,1,grad_sr,producer,5,1,8,0.02963032004616477,0.9906909090909091,0.050088778138160706,0.9847999811172485,0.026857225224375725,0.011799999512732029,0.25592562556266785,0.2559531629085541,1.0,1.0,0.9999578431595203,0.1,0.3,1.7
elementwise,1,grad_sr,producer,5,1,9,0.027209428267045456,0.9913090909090909,0.06150457635521889,0.983199954032898,0.026691943407058716,0.012600000016391277,0.21776831150054932,0.217792347073555,1.0,1.0,0.9999580560728561,0.1,0.3,1.7
elementwise,1,grad_sr,producer,5,1,10,0.025035267223011363,0.9919454545454546,0.04636898264288902,0.988599956035614,0.023356320336461067,0.009399999864399433,0.18354195356369019,0.18351472914218903,1.0,1.0,0.9999578431595203,0.1,0.3,1.7
elementwise,1,grad_sr,producer,5,1,11,0.022641548295454547,0.9928181818181818,0.05334093049168587,0.9851999878883362,0.021531112492084503,0.011599999852478504,0.1763763576745987,0.17639757692813873,1.0,1.0,0.9999586238417515,0.1,0.3,1.7
elementwise,1,grad_sr,producer,5,1,12,0.01980834073153409,0.9940909090909091,0.049727488309144974,0.9863999485969543,0.00015252482262440026,0.0007999999797903001,0.014336321502923965,0.014305053278803825,1.0,1.0,0.9999586948128634,0.1,0.3,1.7
elementwise,1,grad_sr,producer,5,2,1,0.22628362926136364,0.9313272727272728,0.08857092261314392,0.9739999771118164,0.05159437283873558,0.020800000056624413,0.45562615990638733,0.45559850335121155,1.0,1.0,0.999958127043968,0.1,0.3,1.9
elementwise,1,grad_sr,producer,5,2,2,0.07128026012073864,0.9776181818181818,0.06425647437572479,0.9817999601364136,0.028018077835440636,0.012999999336898327,0.35319283604621887,0.3531322181224823,1.0,1.0,0.9999584818995276,0.1,0.3,1.9
elementwise,1,grad_sr,producer,5,2,3,0.05406815074573864,0.9834727272727273,0.07412566989660263,0.9787999987602234,0.04327204450964928,0.015399999916553497,0.3843800723552704,0.38442957401275635,1.0,1.0,0.9999592625817587,0.1,0.3,1.9
elementwise,1,grad_sr,producer,5,2,4,0.04420357333096591,0.9862909090909091,0.059737421572208405,0.9821999669075012,0.02594282105565071,0.012199999764561653,0.314576119184494,0.31459319591522217,1.0,1.0,0.9999584109284158,0.1,0.3,1.9
elementwise,1,grad_sr,producer,5,2,5,0.03812418323863637,0.9880727272727273,0.05539093166589737,0.98499995470047,0.02240307629108429,0.010400000028312206,0.2873164415359497,0.2873355448246002,1.0,1.0,0.9999586948128634,0.1,0.3,1.9
elementwise,1,grad_sr,producer,5,2,6,0.034032188831676136,0.9891454545454545,0.05473710969090462,0.9847999811172485,0.018050305545330048,0.009200000204145908,0.24795633554458618,0.2478712648153305,1.0,1.0,0.9999586238417515,0.1,0.3,1.9
elementwise,1,grad_sr,producer,5,2,7,0.029782816938920455,0.9906181818181818,0.04837462678551674,0.9871999621391296,0.011815103702247143,0.006799999624490738,0.19263142347335815,0.1925666779279709,1.0,1.0,0.9999574883039608,0.1,0.3,1.9
elementwise,1,grad_sr,producer,5,2,8,0.02702610085227273,0.9914727272727273,0.04538189619779587,0.988599956035614,0.009790139272809029,0.005799999926239252,0.17195415496826172,0.17188651859760284,1.0,1.0,0.9999582689861919,0.1,0.3,1.9
elementwise,1,grad_sr,producer,5,2,9,0.024701191850142044,0.9921090909090909,0.04266513139009476,0.9893999695777893,0.00976826436817646,0.00559999980032444,0.1721661239862442,0.17216378450393677,1.0,1.0,0.999959049668423,0.1,0.3,1.9
elementwise,1,grad_sr,producer,5,2,10,0.021630546431107955,0.9928,0.04362202808260918,0.9889999628067017,0.011236583814024925,0.00559999980032444,0.1455008089542389,0.1455240249633789,1.0,1.0,0.9999578431595203,0.1,0.3,1.9
elementwise,1,grad_sr,producer,5,2,11,0.020081056906960226,0.9935818181818182,0.04708285257220268,0.9887999892234802,0.009288227185606956,0.004999999888241291,0.1443270444869995,0.1443404108285904,1.0,1.0,0.9999579141306323,0.1,0.3,1.9
elementwise,1,grad_sr,producer,5,2,12,0.0186287841796875,0.9941454545454546,0.04070056974887848,0.9901999831199646,0.00010108173592016101,0.0,0.014893118292093277,0.014845265075564384,1.0,1.0,0.9999576302461846,0.1,0.3,1.9
elementwise,1,grad_sr,producer,7,0,1,0.24276770241477272,0.9263090909090909,0.09115946292877197,0.9727999567985535,0.05495484545826912,0.024799998849630356,0.4766729176044464,0.4765314757823944,1.0,1.0,0.9999995032022165,0.2,0.4,2.4
elementwise,1,grad_sr,producer,7,0,2,0.07835831853693181,0.9754727272727273,0.07392378896474838,0.9789999723434448,0.04619987681508064,0.01899999938905239,0.3971281349658966,0.3970384895801544,1.0,1.0,0.9999995032022165,0.2,0.4,2.4
elementwise,1,grad_sr,producer,7,0,3,0.06003675426136364,0.9814,0.06556747108697891,0.9825999736785889,0.027192430570721626,0.012000000104308128,0.3339604437351227,0.33384406566619873,1.0,1.0,0.9999995032022165,0.2,0.4,2.4
elementwise,1,grad_sr,producer,7,0,4,0.04958097478693182,0.9847090909090909,0.05788533389568329,0.9837999939918518,0.020448043942451477,0.012000000104308128,0.3122638761997223,0.3122744560241699,1.0,1.0,0.9999995032022165,0.2,0.4,2.4
elementwise,1,grad_sr,producer,7,0,5,0.04462420987215909,0.9860181818181818,0.05743539333343506,0.9839999675750732,0.02266848087310791,0.011799999512732029,0.2855583429336548,0.2855716347694397,1.0,1.0,0.9999995032022165,0.2,0.4,2.4
elementwise,1,grad_sr,producer,7,0,6,0.03841031161221591,0.9878,0.052167754620313644,0.9881999492645264,0.016981100663542747,0.007799999788403511,0.27771565318107605,0.27775612473487854,1.0,1.0,0.9999995032022165,0.2,0.4,2.4
elementwise,1,grad_sr,producer,7,0,7,0.03489487082741477,0.9893272727272727,0.05116170644760132,0.9865999817848206,0.014898751862347126,0.00839999970048666,0.21259920299053192,0.21259208023548126,1.0,1.0,0.9999995032022165,0.2,0.4,2.4
elementwise,1,grad_sr,producer,7,0,8,0.031212684215198863,0.9903272727272727,0.047969404608011246,0.986799955368042,0.011648212559521198,0.006399999838322401,0.2186281830072403,0.21863506734371185,1.0,1.0,0.9999995032022165,0.2,0.4,2.4
elementwise,1,grad_sr,producer,7,0,9,0.028668195134943182,0.9910909090909091,0.055745262652635574,0.9847999811172485,0.015338514000177383,0.009599999524652958,0.17678986489772797,0.17681041359901428,1.0,1.0,0.9999995032022165,0.2,0.4,2.4
elementwise,1,grad_sr,producer,7,0,10,0.026091419566761365,0.9918181818181818,0.06715162098407745,0.9813999533653259,0.034778740257024765,0.012799999676644802,0.20053184032440186,0.20056556165218353,1.0,1.0,0.9999995032022165,0.2,0.4,2.4
elementwise,1,grad_sr,producer,7,0,11,0.023667782315340908,0.9924909090909091,0.05148395523428917,0.9861999750137329,0.017492270097136497,0.007199999876320362,0.17792513966560364,0.1779383271932602,1.0,1.0,0.9999995032022165,0.2,0.4,2.4
elementwise,1,grad_sr,producer,7,0,12,0.02255807883522727,0.9928727272727272,0.04689674824476242,0.9871999621391296,0.00023766250524204224,0.0011999999405816197,0.02178000845015049,0.02173212729394436,1.0,1.0,0.9999995032022165,0.2,0.4,2.4
elementwise,1,grad_sr,producer,7,1,1,0.23472629616477272,0.9288181818181818,0.1035303920507431,0.9679999947547913,0.06334734708070755,0.028199998661875725,0.46369653940200806,0.46369874477386475,1.0,1.0,0.9999995032022165,0.1,0.3,2.3
elementwise,1,grad_sr,producer,7,1,2,0.07569047407670454,0.9767818181818182,0.0750577375292778,0.9785999655723572,0.05146878585219383,0.019999999552965164,0.40539148449897766,0.4054059386253357,1.0,1.0,0.9999995032022165,0.1,0.3,2.3
elementwise,1,grad_sr,producer,7,1,3,0.05821227361505682,0.9816181818181818,0.06835662573575974,0.9801999926567078,0.03208881989121437,0.016200000420212746,0.34166938066482544,0.34166547656059265,1.0,1.0,0.9999995032022165,0.1,0.3,2.3
elementwise,1,grad_sr,producer,7,1,4,0.04767070756392045,0.9850727272727273,0.06300587207078934,0.9821999669075012,0.027081582695245743,0.0139999995008111,0.34401819109916687,0.34403276443481445,1.0,1.0,0.9999995032022165,0.1,0.3,2.3
elementwise,1,grad_sr,producer,7,1,5,0.040725679154829546,0.9873090909090909,0.052789781242609024,0.9855999946594238,0.026426158845424652,0.012199999764561653,0.285766065120697,0.2857849597930908,1.0,1.0,0.9999995032022165,0.1,0.3,2.3
elementwise,1,grad_sr,producer,7,1,6,0.03651458851207386,0.9883454545454545,0.04982057213783264,0.9860000014305115,0.015724284574389458,0.009200000204145908,0.22919303178787231,0.22920387983322144,1.0,1.0,0.9999995032022165,0.1,0.3,2.3
elementwise,1,grad_sr,producer,7,1,7,0.032733393998579545,0.9898545454545454,0.04597874730825424,0.9875999689102173,0.0174885094165802,0.009399999864399433,0.24102643132209778,0.24103471636772156,1.0,1.0,0.9999995032022165,0.1,0.3,2.3
elementwise,1,grad_sr,producer,7,1,8,0.029727783203125,0.9907818181818182,0.05030157417058945,0.9847999811172485,0.026652254164218903,0.011599999852478504,0.2575158476829529,0.25754687190055847,1.0,1.0,0.9999995032022165,0.1,0.3,2.3
elementwise,1,grad_sr,producer,7,1,9,0.0272682861328125,0.9912727272727273,0.06144694983959198,0.9827999472618103,0.026616070419549942,0.012600000016391277,0.21952304244041443,0.21954753994941711,1.0,1.0,0.9999995032022165,0.1,0.3,2.3
elementwise,1,grad_sr,producer,7,1,10,0.025209596946022726,0.9918727272727272,0.04668781906366348,0.9887999892234802,0.02367999777197838,0.009599999524652958,0.18519707024097443,0.1851842701435089,1.0,1.0,0.9999995032022165,0.1,0.3,2.3
elementwise,1,grad_sr,producer,7,1,11,0.022819207208806817,0.9927272727272727,0.053494732826948166,0.9851999878883362,0.021370718255639076,0.011599999852478504,0.17838500440120697,0.17841197550296783,1.0,1.0,0.9999995032022165,0.1,0.3,2.3
elementwise,1,grad_sr,producer,7,1,12,0.019938527610085226,0.9942,0.05047629773616791,0.9869999885559082,0.0002181841991841793,0.0009999999310821295,0.020784594118595123,0.020746806636452675,1.0,1.0,0.9999995032022165,0.1,0.3,2.3
elementwise,1,grad_sr,producer,7,2,1,0.22631141690340909,0.9313272727272728,0.08849694579839706,0.9745999574661255,0.051497116684913635,0.02019999921321869,0.45531272888183594,0.455279678106308,1.0,1.0,0.9999995032022165,0.1,0.3,1.9
elementwise,1,grad_sr,producer,7,2,2,0.07122149769176137,0.9777272727272728,0.06402920186519623,0.9817999601364136,0.027597051113843918,0.012999999336898327,0.35255759954452515,0.352481484413147,1.0,1.0,0.9999995032022165,0.1,0.3,1.9
elementwise,1,grad_sr,producer,7,2,3,0.054086008522727276,0.9834727272727273,0.07368821650743484,0.9785999655723572,0.042815592139959335,0.015599999576807022,0.38640937209129333,0.3864562511444092,1.0,1.0,0.9999995032022165,0.1,0.3,1.9
elementwise,1,grad_sr,producer,7,2,4,0.044219091796875,0.9862909090909091,0.05951884761452675,0.9815999865531921,0.02559826709330082,0.012799999676644802,0.31386134028434753,0.3138618469238281,1.0,1.0,0.9999995032022165,0.1,0.3,1.9
elementwise,1,grad_sr,producer,7,2,5,0.038118834339488636,0.9882545454545455,0.055685997009277344,0.9843999743461609,0.022728966549038887,0.010599999688565731,0.2883000373840332,0.28831738233566284,1.0,1.0,0.9999995032022165,0.1,0.3,1.9
elementwise,1,grad_sr,producer,7,2,6,0.03402998934659091,0.9892727272727273,0.05542894825339317,0.9845999479293823,0.018654275685548782,0.009599999524652958,0.2459687739610672,0.24591487646102905,1.0,1.0,0.9999995032022165,0.1,0.3,1.9
elementwise,1,grad_sr,producer,7,2,7,0.02969303533380682,0.9905818181818182,0.04833247512578964,0.9871999621391296,0.011961967684328556,0.006799999624490738,0.19565178453922272,0.19561699032783508,1.0,1.0,0.9999995032022165,0.1,0.3,1.9
elementwise,1,grad_sr,producer,7,2,8,0.02700494051846591,0.9915454545454545,0.045355621725320816,0.9887999892234802,0.009689299389719963,0.00559999980032444,0.1736835241317749,0.17363645136356354,1.0,1.0,0.9999995032022165,0.1,0.3,1.9
elementwise,1,grad_sr,producer,7,2,9,0.024557912375710228,0.9922727272727273,0.04235726222395897,0.9896000027656555,0.009607183746993542,0.005399999674409628,0.17308460175991058,0.17308646440505981,1.0,1.0,0.9999995032022165,0.1,0.3,1.9
elementwise,1,grad_sr,producer,7,2,10,0.021667542613636362,0.9926727272727273,0.04342708736658096,0.9891999959945679,0.010822556912899017,0.005200000014156103,0.14323218166828156,0.1432523876428604,1.0,1.0,0.9999995032022165,0.1,0.3,1.9
elementwise,1,grad_sr,producer,7,2,11,0.020058928888494316,0.9935454545454545,0.0466449037194252,0.9887999892234802,0.008832924999296665,0.004600000102072954,0.14241786301136017,0.14243009686470032,1.0,1.0,0.9999995032022165,0.1,0.3,1.9
elementwise,1,grad_sr,producer,7,2,12,0.01858224431818182,0.9940545454545454,0.04045333340764046,0.990399956703186,7.218168320832774e-05,0.0005999999702908099,0.01398796308785677,0.013955170288681984,1.0,1.0,0.9999995032022165,0.1,0.3,1.9
elementwise,1,grad_sr,producer,10,0,1,0.2429866122159091,0.9263272727272728,0.09115595370531082,0.9735999703407288,0.0550197996199131,0.024399999529123306,0.47703009843826294,0.4768889546394348,1.0,1.0,1.0,0.2,0.3,2.5
elementwise,1,grad_sr,producer,10,0,2,0.07846166548295455,0.9753090909090909,0.07391669601202011,0.9791999459266663,0.04632742702960968,0.018799999728798866,0.3978845179080963,0.3977774381637573,1.0,1.0,1.0,0.2,0.3,2.5
elementwise,1,grad_sr,producer,10,0,3,0.06004040305397727,0.9811272727272727,0.06604868173599243,0.9825999736785889,0.027734622359275818,0.012399999424815178,0.3313303589820862,0.331211656332016,1.0,1.0,1.0,0.2,0.3,2.5
elementwise,1,grad_sr,producer,10,0,4,0.049614763849431816,0.9849636363636364,0.058381788432598114,0.9833999872207642,0.020875686779618263,0.012199999764561653,0.3129942715167999,0.3129969537258148,1.0,1.0,1.0,0.2,0.3,2.5
elementwise,1,grad_sr,producer,10,0,5,0.04453347833806818,0.9861454545454545,0.05802808329463005,0.9835999608039856,0.023172996938228607,0.012199999764561653,0.28530898690223694,0.28532227873802185,1.0,1.0,1.0,0.2,0.3,2.5
elementwise,1,grad_sr,producer,10,0,6,0.038322789417613634,0.9877272727272727,0.05236351490020752,0.9871999621391296,0.01789773255586624,0.007999999448657036,0.280851274728775,0.2808915674686432,1.0,1.0,1.0,0.2,0.3,2.5
elementwise,1,grad_sr,producer,10,0,7,0.034819289328835226,0.9891636363636364,0.05097632110118866,0.9863999485969543,0.014888223260641098,0.008599999360740185,0.21758273243904114,0.21757838129997253,1.0,1.0,1.0,0.2,0.3,2.5
elementwise,1,grad_sr,producer,10,0,8,0.031119393643465908,0.9902,0.0477619394659996,0.9865999817848206,0.011509309522807598,0.006000000052154064,0.21652698516845703,0.21652638912200928,1.0,1.0,1.0,0.2,0.3,2.5
elementwise,1,grad_sr,producer,10,0,9,0.028570698686079546,0.9910727272727273,0.05462101474404335,0.9847999811172485,0.014575394801795483,0.009599999524652958,0.17886623740196228,0.1788821816444397,1.0,1.0,1.0,0.2,0.3,2.5
elementwise,1,grad_sr,producer,10,0,10,0.02609528586647727,0.9918181818181818,0.06761377304792404,0.9809999465942383,0.03528498485684395,0.013599999248981476,0.20334164798259735,0.20337246358394623,1.0,1.0,1.0,0.2,0.3,2.5
elementwise,1,grad_sr,producer,10,0,11,0.02349990900213068,0.9926,0.051610853523015976,0.9860000014305115,0.017932720482349396,0.007400000002235174,0.17934420704841614,0.1793653666973114,1.0,1.0,1.0,0.2,0.3,2.5
elementwise,1,grad_sr,producer,10,0,12,0.022315973455255683,0.9930727272727272,0.046639006584882736,0.9869999885559082,0.0001958811772055924,0.0015999999595806003,0.021303685382008553,0.02127925120294094,1.0,1.0,1.0,0.2,0.3,2.5
elementwise,1,grad_sr,producer,10,1,1,0.23473098366477274,0.9287636363636363,0.1034255251288414,0.9687999486923218,0.0632764995098114,0.027400000020861626,0.46460577845573425,0.4646090865135193,1.0,1.0,1.0,0.1,0.3,1.7
elementwise,1,grad_sr,producer,10,1,2,0.07568812144886364,0.9767454545454546,0.07553104311227798,0.9785999655723572,0.05190198868513107,0.019999999552965164,0.4063316881656647,0.4063498377799988,1.0,1.0,1.0,0.1,0.3,1.7
elementwise,1,grad_sr,producer,10,1,3,0.05808979048295455,0.9816727272727273,0.06847211718559265,0.9801999926567078,0.03200293332338333,0.016200000420212746,0.33951929211616516,0.3395181894302368,1.0,1.0,1.0,0.1,0.3,1.7
elementwise,1,grad_sr,producer,10,1,4,0.04760552201704545,0.9850909090909091,0.06332665681838989,0.9819999933242798,0.027263887226581573,0.014599999412894249,0.3460680842399597,0.3460859954357147,1.0,1.0,1.0,0.1,0.3,1.7
elementwise,1,grad_sr,producer,10,1,5,0.04068143643465909,0.9875090909090909,0.05294354259967804,0.98499995470047,0.02633300982415676,0.012799999676644802,0.28886210918426514,0.2888824939727783,1.0,1.0,1.0,0.1,0.3,1.7
elementwise,1,grad_sr,producer,10,1,6,0.03648367808948864,0.9883272727272727,0.04977387189865112,0.9861999750137329,0.01565207727253437,0.009399999864399433,0.22881579399108887,0.22882720828056335,1.0,1.0,1.0,0.1,0.3,1.7
elementwise,1,grad_sr,producer,10,1,7,0.03267532848011364,0.9898181818181818,0.046183060854673386,0.9871999621391296,0.01765262335538864,0.009800000116229057,0.2430829107761383,0.24309806525707245,1.0,1.0,1.0,0.1,0.3,1.7
elementwise,1,grad_sr,producer,10,1,8,0.0295982177734375,0.9907272727272727,0.04997463524341583,0.98499995470047,0.026349540799856186,0.012000000104308128,0.25484076142311096,0.2548738121986389,1.0,1.0,1.0,0.1,0.3,1.7
elementwise,1,grad_sr,producer,10,1,9,0.027207947887073862,0.9913454545454545,0.06134090572595596,0.983199954032898,0.0263997670263052,0.012399999424815178,0.22140167653560638,0.22142626345157623,1.0,1.0,1.0,0.1,0.3,1.7
elementwise,1,grad_sr,producer,10,1,10,0.02507358176491477,0.991909090909091,0.046692680567502975,0.9883999824523926,0.023787859827280045,0.009999999776482582,0.18409664928913116,0.1840868592262268,1.0,1.0,1.0,0.1,0.3,1.7
elementwise,1,grad_sr,producer,10,1,11,0.022704356800426137,0.9928181818181818,0.05386216565966606,0.9847999811172485,0.022561881691217422,0.012000000104308128,0.1805339753627777,0.18056216835975647,1.0,1.0,1.0,0.1,0.3,1.7
elementwise,1,grad_sr,producer,10,1,12,0.01985975674715909,0.9942,0.050067756325006485,0.9861999750137329,0.00010449462570250034,0.0009999999310821295,0.01302477065473795,0.01299057062715292,1.0,1.0,1.0,0.1,0.3,1.7
elementwise,1,grad_sr,producer,10,2,1,0.2262827059659091,0.9314,0.08837805688381195,0.974399983882904,0.05136381834745407,0.019999999552965164,0.45588451623916626,0.4558550715446472,1.0,1.0,1.0,0.1,0.3,1.9
elementwise,1,grad_sr,producer,10,2,2,0.07115370649857955,0.9777454545454546,0.06422942131757736,0.9817999601364136,0.027901271358132362,0.012999999336898327,0.35254397988319397,0.3524725139141083,1.0,1.0,1.0,0.1,0.3,1.9
elementwise,1,grad_sr,producer,10,2,3,0.05402912819602273,0.9834909090909091,0.07442553341388702,0.9781999588012695,0.04362071305513382,0.01599999889731407,0.3851354122161865,0.3851858079433441,1.0,1.0,1.0,0.1,0.3,1.9
elementwise,1,grad_sr,producer,10,2,4,0.04422072088068182,0.9863272727272727,0.06000809371471405,0.9815999865531921,0.026093414053320885,0.012399999424815178,0.3155992329120636,0.3156073987483978,1.0,1.0,1.0,0.1,0.3,1.9
elementwise,1,grad_sr,producer,10,2,5,0.03806169211647727,0.9880727272727273,0.05576711520552635,0.98499995470047,0.022866951301693916,0.010400000028312206,0.2867306172847748,0.28675389289855957,1.0,1.0,1.0,0.1,0.3,1.9
elementwise,1,grad_sr,producer,10,2,6,0.0340257568359375,0.9893090909090909,0.05526871234178543,0.9845999479293823,0.01847805455327034,0.009399999864399433,0.24809062480926514,0.24804137647151947,1.0,1.0,1.0,0.1,0.3,1.9
elementwise,1,grad_sr,producer,10,2,7,0.029733540482954547,0.9906545454545455,0.04819726198911667,0.9871999621391296,0.011702857911586761,0.006799999624490738,0.194581538438797,0.19454669952392578,1.0,1.0,1.0,0.1,0.3,1.9
elementwise,1,grad_sr,producer,10,2,8,0.026995552201704544,0.9915454545454545,0.045979853719472885,0.9881999492645264,0.010241618379950523,0.006399999838322401,0.1740233600139618,0.173965185880661,1.0,1.0,1.0,0.1,0.3,1.9
elementwise,1,grad_sr,producer,10,2,9,0.024651853249289774,0.9922909090909091,0.042375050485134125,0.9896000027656555,0.009633178822696209,0.005399999674409628,0.17361567914485931,0.17362083494663239,1.0,1.0,1.0,0.1,0.3,1.9
elementwise,1,grad_sr,producer,10,2,10,0.021639404296875,0.9928363636363636,0.04357553645968437,0.9887999892234802,0.011145264841616154,0.00559999980032444,0.14592541754245758,0.14594833552837372,1.0,1.0,1.0,0.1,0.3,1.9
elementwise,1,grad_sr,producer,10,2,11,0.020058098810369317,0.9936181818181818,0.046593889594078064,0.9891999959945679,0.008996945805847645,0.004600000102072954,0.14348512887954712,0.14348146319389343,1.0,1.0,1.0,0.1,0.3,1.9
elementwise,1,grad_sr,producer,10,2,12,0.018608255282315342,0.9941272727272727,0.040669023990631104,0.9899999499320984,0.00011046564031857997,0.00019999999494757503,0.01594364643096924,0.015913760289549828,1.0,1.0,1.0,0.1,0.3,1.9
elementwise,1,grad_sr,producer,23,0,1,0.24279087357954546,0.926290909090909,0.09104888886213303,0.9733999967575073,0.054975736886262894,0.02459999918937683,0.47678670287132263,0.4766339659690857,1.0,1.0,1.0,0.2,0.3,2.4
elementwise,1,grad_sr,producer,23,0,2,0.07839109552556818,0.9754909090909091,0.07411063462495804,0.9785999655723572,0.046382877975702286,0.01939999870955944,0.3956352472305298,0.3955242335796356,1.0,1.0,1.0,0.2,0.3,2.4
elementwise,1,grad_sr,producer,23,0,3,0.06022111150568182,0.9814,0.06592316925525665,0.9827999472618103,0.027727223932743073,0.011799999512732029,0.3340640962123871,0.3339316248893738,1.0,1.0,1.0,0.2,0.3,2.4
elementwise,1,grad_sr,producer,23,0,4,0.04967657137784091,0.9847636363636364,0.05815333127975464,0.9837999939918518,0.020699014887213707,0.012000000104308128,0.31300538778305054,0.31301480531692505,1.0,1.0,1.0,0.2,0.3,2.4
elementwise,1,grad_sr,producer,23,0,5,0.044657279829545454,0.9859818181818182,0.057606518268585205,0.9845999479293823,0.022836050018668175,0.01119999960064888,0.287652850151062,0.2876591384410858,1.0,1.0,1.0,0.2,0.3,2.4
elementwise,1,grad_sr,producer,23,0,6,0.038530393288352276,0.9877636363636364,0.05192922428250313,0.9879999756813049,0.0172484889626503,0.007799999788403511,0.2744560241699219,0.2744985818862915,1.0,1.0,1.0,0.2,0.3,2.4
elementwise,1,grad_sr,producer,23,0,7,0.03489679287997159,0.9894181818181819,0.05129345878958702,0.9863999485969543,0.015187972225248814,0.008599999360740185,0.21747435629367828,0.21747121214866638,1.0,1.0,1.0,0.2,0.3,2.4
elementwise,1,grad_sr,producer,23,0,8,0.03124254705255682,0.9901636363636364,0.047414060682058334,0.9869999885559082,0.011494502425193787,0.006399999838322401,0.21884582936763763,0.21883845329284668,1.0,1.0,1.0,0.2,0.3,2.4
elementwise,1,grad_sr,producer,23,0,9,0.02870164462002841,0.9910181818181818,0.05488388612866402,0.9853999614715576,0.014680327847599983,0.009399999864399433,0.17456839978694916,0.17458410561084747,1.0,1.0,1.0,0.2,0.3,2.4
elementwise,1,grad_sr,producer,23,0,10,0.02612626287286932,0.9918181818181818,0.0682424008846283,0.9805999994277954,0.03636794909834862,0.013599999248981476,0.2021649330854416,0.20220082998275757,1.0,1.0,1.0,0.2,0.3,2.4
elementwise,1,grad_sr,producer,23,0,11,0.023744520152698862,0.9925636363636363,0.05056910216808319,0.9860000014305115,0.017246142029762268,0.007400000002235174,0.17456211149692535,0.17458070814609528,1.0,1.0,1.0,0.2,0.3,2.4
elementwise,1,grad_sr,producer,23,0,12,0.022572305575284092,0.9927636363636364,0.0467003732919693,0.9873999953269958,0.00018609959806781262,0.0005999999702908099,0.021354572847485542,0.021333366632461548,1.0,1.0,1.0,0.2,0.3,2.4
elementwise,1,grad_sr,producer,23,1,1,0.23472766335227271,0.9287818181818182,0.10358403623104095,0.9679999947547913,0.06348545104265213,0.027799999341368675,0.46475735306739807,0.4647602438926697,1.0,1.0,1.0,0.1,0.3,2.3
elementwise,1,grad_sr,producer,23,1,2,0.07567571910511364,0.9767818181818182,0.07536973059177399,0.9789999723434448,0.05173640698194504,0.019600000232458115,0.4056701958179474,0.40569016337394714,1.0,1.0,1.0,0.1,0.3,2.3
elementwise,1,grad_sr,producer,23,1,3,0.05815554421164773,0.9817818181818182,0.0690113827586174,0.9797999858856201,0.03275756910443306,0.016599999740719795,0.3404915928840637,0.3404864966869354,1.0,1.0,1.0,0.1,0.3,2.3
elementwise,1,grad_sr,producer,23,1,4,0.04760846946022727,0.9851636363636364,0.06333445012569427,0.9819999933242798,0.027468865737318993,0.014599999412894249,0.34598278999328613,0.34599629044532776,1.0,1.0,1.0,0.1,0.3,2.3
elementwise,1,grad_sr,producer,23,1,5,0.04066138583096591,0.9874,0.052744969725608826,0.9857999682426453,0.026359636336565018,0.012000000104308128,0.2872355580329895,0.287255197763443,1.0,1.0,1.0,0.1,0.3,2.3
elementwise,1,grad_sr,producer,23,1,6,0.03647085182883523,0.9884545454545455,0.049793414771556854,0.9861999750137329,0.015764517709612846,0.009399999864399433,0.231285959482193,0.23129670321941376,1.0,1.0,1.0,0.1,0.3,2.3
elementwise,1,grad_sr,producer,23,1,7,0.03272301580255682,0.9898545454545454,0.046252571046352386,0.9869999885559082,0.018574748188257217,0.009999999776482582,0.24481156468391418,0.2448209673166275,1.0,1.0,1.0,0.1,0.3,2.3
elementwise,1,grad_sr,producer,23,1,8,0.029702601207386364,0.9906363636363636,0.05004454404115677,0.9845999479293823,0.026573875918984413,0.011799999512732029,0.25760355591773987,0.25763240456581116,1.0,1.0,1.0,0.1,0.3,2.3
elementwise,1,grad_sr,producer,23,1,9,0.02725804776278409,0.9912545454545455,0.061343543231487274,0.983199954032898,0.026620391756296158,0.012399999424815178,0.22054961323738098,0.22057464718818665,1.0,1.0,1.0,0.1,0.3,2.3
elementwise,1,grad_sr,producer,23,1,10,0.025164000355113635,0.9918727272727272,0.046092841774225235,0.988599956035614,0.023427261039614677,0.009800000116229057,0.18424710631370544,0.18426185846328735,1.0,1.0,1.0,0.1,0.3,2.3
elementwise,1,grad_sr,producer,23,1,11,0.022780559747869317,0.992890909090909,0.05394579470157623,0.9851999878883362,0.02263975515961647,0.011599999852478504,0.18043576180934906,0.18046271800994873,1.0,1.0,1.0,0.1,0.3,2.3
elementwise,1,grad_sr,producer,23,1,12,0.020002177290482953,0.9939818181818182,0.0502614788711071,0.9869999885559082,8.891832840163261e-05,0.0009999999310821295,0.013494962826371193,0.013452484272420406,1.0,1.0,1.0,0.1,0.3,2.3
elementwise,1,grad_sr,producer,23,2,1,0.2262667791193182,0.9313272727272728,0.08861000835895538,0.974399983882904,0.051625169813632965,0.020399998873472214,0.45489609241485596,0.4548678398132324,1.0,1.0,1.0,0.1,0.3,1.9
elementwise,1,grad_sr,producer,23,2,2,0.07126974875710228,0.9776545454545454,0.06437402218580246,0.9815999865531921,0.028023211285471916,0.013199999928474426,0.35200244188308716,0.3519337475299835,1.0,1.0,1.0,0.1,0.3,1.9
elementwise,1,grad_sr,producer,23,2,3,0.05411271306818182,0.9834363636363637,0.07411114871501923,0.9779999852180481,0.04332229495048523,0.016200000420212746,0.3869631886482239,0.38701021671295166,1.0,1.0,1.0,0.1,0.3,1.9
elementwise,1,grad_sr,producer,23,2,4,0.044200377308238635,0.9863090909090909,0.05923782289028168,0.9813999533653259,0.02521120198071003,0.012600000016391277,0.31440824270248413,0.3144170343875885,1.0,1.0,1.0,0.1,0.3,1.9
elementwise,1,grad_sr,producer,23,2,5,0.03809634232954545,0.9881454545454545,0.05501165613532066,0.9853999614715576,0.02183276042342186,0.009999999776482582,0.28762686252593994,0.28764617443084717,1.0,1.0,1.0,0.1,0.3,1.9
elementwise,1,grad_sr,producer,23,2,6,0.03403180708451704,0.9892727272727273,0.05516614392399788,0.9845999479293823,0.018097300082445145,0.009399999864399433,0.24962158501148224,0.24955235421657562,1.0,1.0,1.0,0.1,0.3,1.9
elementwise,1,grad_sr,producer,23,2,7,0.029753415749289774,0.9906363636363636,0.04885365068912506,0.9865999817848206,0.012196364812552929,0.007400000002235174,0.1965777575969696,0.19652926921844482,1.0,1.0,1.0,0.1,0.3,1.9
elementwise,1,grad_sr,producer,23,2,8,0.02699844637784091,0.9916181818181818,0.045133624225854874,0.9887999892234802,0.00946635752916336,0.00559999980032444,0.1735244244337082,0.17343419790267944,1.0,1.0,1.0,0.1,0.3,1.9
elementwise,1,grad_sr,producer,23,2,9,0.024640387517755682,0.9921636363636364,0.04273555800318718,0.9893999695777893,0.009566793218255043,0.005399999674409628,0.17162004113197327,0.1716071516275406,1.0,1.0,1.0,0.1,0.3,1.9
elementwise,1,grad_sr,producer,23,2,10,0.02166503240411932,0.9926545454545455,0.04362289607524872,0.9887999892234802,0.01066643837839365,0.005200000014156103,0.14360681176185608,0.1436178833246231,1.0,1.0,1.0,0.1,0.3,1.9
elementwise,1,grad_sr,producer,23,2,11,0.020097836026278407,0.9936363636363637,0.047903984785079956,0.9879999756813049,0.009741828776896,0.005399999674409628,0.14599059522151947,0.14599266648292542,1.0,1.0,1.0,0.1,0.3,1.9
elementwise,1,grad_sr,producer,23,2,12,0.018698575106534093,0.9938545454545454,0.04063088819384575,0.9901999831199646,9.348047751700506e-05,0.00039999998989515007,0.015399944968521595,0.015326717868447304,1.0,1.0,1.0,0.1,0.3,1.9
bfp16,16,grad,producer,1,0,1,0.24389378551136365,0.9266,0.09104754030704498,0.9727999567985535,0.05508985370397568,0.02419999986886978,0.4868440628051758,0.4795289635658264,1.0,0.4786796535099091,0.9778996667196584,0.2,0.3,2.4
bfp16,16,grad,producer,1,0,2,0.07887219460227272,0.9752363636363637,0.07498297840356827,0.9777999520301819,0.04761939495801926,0.019999999552965164,0.4338783025741577,0.3962739109992981,1.0,0.4386060066332024,0.9786318756813227,0.2,0.3,2.4
bfp16,16,grad,producer,1,0,3,0.060903382457386364,0.9809272727272728,0.06685751676559448,0.9821999669075012,0.02923331782221794,0.012999999336898327,0.4257517457008362,0.3326363265514374,1.0,0.4263342182169567,0.9789194506268168,0.2,0.3,2.4
bfp16,16,grad,producer,1,0,4,0.05023142311789773,0.9850181818181818,0.0590398795902729,0.9837999939918518,0.021745068952441216,0.012199999764561653,0.4417903423309326,0.30616000294685364,1.0,0.4198681521799372,0.9791496809138808,0.2,0.3,2.4
bfp16,16,grad,producer,1,0,5,0.045184157492897725,0.9860909090909091,0.056753650307655334,0.9839999675750732,0.02287677302956581,0.011599999852478504,0.479716420173645,0.28277626633644104,1.0,0.41692036715443304,0.9792797709620276,0.2,0.3,2.4
bfp16,16,grad,producer,1,0,6,0.038930104758522724,0.9877090909090909,0.053255580365657806,0.9863999485969543,0.018571926280856133,0.007999999448657036,0.5366882681846619,0.2757715880870819,1.0,0.4177004758214412,0.9793026946311774,0.2,0.3,2.4
bfp16,16,grad,producer,1,0,7,0.03538861416903409,0.9888727272727272,0.052215129137039185,0.9857999682426453,0.016373712569475174,0.008999999612569809,0.5706042051315308,0.21662837266921997,1.0,0.4162319543270696,0.9793735238008721,0.2,0.3,2.4
bfp16,16,grad,producer,1,0,8,0.03144831321022727,0.9901636363636364,0.048025354743003845,0.9865999817848206,0.011935192160308361,0.005399999674409628,0.5989676117897034,0.2064976990222931,1.0,0.4136171915195108,0.9796363298283067,0.2,0.3,2.4
bfp16,16,grad,producer,1,0,9,0.028761756480823863,0.9910545454545454,0.05587996914982796,0.9853999614715576,0.016171462833881378,0.008799999952316284,0.6527153849601746,0.18169385194778442,1.0,0.4111105133985971,0.9796557759129724,0.2,0.3,2.4
bfp16,16,grad,producer,1,0,10,0.026209341708096592,0.9917454545454546,0.07596848905086517,0.9777999520301819,0.044808294624090195,0.01640000008046627,0.7507993578910828,0.2192849963903427,1.0,0.41111418826025253,0.9797080816224564,0.2,0.3,2.4
bfp16,16,grad,producer,1,0,11,0.023803293678977273,0.9924181818181819,0.0513097420334816,0.98499995470047,0.01679639331996441,0.007400000002235174,0.8061483502388,0.17357543110847473,1.0,0.4087525503342179,0.9797906919967296,0.2,0.3,2.4
bfp16,16,grad,producer,1,0,12,0.02257123135653409,0.9928727272727272,0.04694938659667969,0.9875999689102173,0.0015753631014376879,0.003000000026077032,0.8336929082870483,0.06691578030586243,1.0,0.40659983452031007,0.9799305760583212,0.2,0.3,2.4
bfp16,16,grad,producer,1,1,1,0.23551086647727273,0.9275636363636364,0.10788834095001221,0.967199981212616,0.06707679480314255,0.028599999845027924,0.4726170599460602,0.466686874628067,1.0,0.46198737677878976,0.9783719794694767,0.1,0.3,2.3
bfp16,16,grad,producer,1,1,2,0.07653383345170454,0.9761818181818182,0.07379905134439468,0.9779999852180481,0.0510069765150547,0.020600000396370888,0.436936616897583,0.40697982907295227,1.0,0.4258093299811455,0.9786347854969113,0.1,0.3,2.3
bfp16,16,grad,producer,1,1,3,0.05923810813210227,0.9814,0.06964997947216034,0.9791999459266663,0.0334145613014698,0.01679999940097332,0.39952290058135986,0.34011557698249817,1.0,0.4128554082831137,0.9790420887082122,0.1,0.3,2.3
bfp16,16,grad,producer,1,1,4,0.048480042613636365,0.9851272727272727,0.06433414667844772,0.9805999994277954,0.02941335365176201,0.015799999237060547,0.44820529222488403,0.35110020637512207,1.0,0.40382514487888754,0.979301275208939,0.1,0.3,2.3
bfp16,16,grad,producer,1,1,5,0.04155683149857955,0.9867090909090909,0.05299597233533859,0.9853999614715576,0.02933802455663681,0.013199999928474426,0.4529852569103241,0.29765379428863525,1.0,0.3992650909382937,0.9795290215070858,0.1,0.3,2.3
bfp16,16,grad,producer,1,1,6,0.03750681818181818,0.9878545454545454,0.050404734909534454,0.9865999817848206,0.016115590929985046,0.009599999524652958,0.47303134202957153,0.23263798654079437,1.0,0.3943845823249671,0.9799173044603925,0.1,0.3,2.3
bfp16,16,grad,producer,1,1,7,0.03345998979048295,0.9897818181818182,0.04646533355116844,0.9875999689102173,0.01934376172721386,0.009800000116229057,0.5239093899726868,0.24044571816921234,1.0,0.39070003036699535,0.979915956009266,0.1,0.3,2.3
bfp16,16,grad,producer,1,1,8,0.030186538973721592,0.9904727272727273,0.05052638426423073,0.986799955368042,0.026188824325799942,0.009599999524652958,0.5939381718635559,0.2491369992494583,1.0,0.38818299450444205,0.9800811767578125,0.1,0.3,2.3
bfp16,16,grad,producer,1,1,9,0.028002390358664773,0.9909636363636364,0.06305307894945145,0.9829999804496765,0.026663975790143013,0.013199999928474426,0.5992152690887451,0.21591433882713318,1.0,0.385198880045364,0.9802368873773619,0.1,0.3,2.3
bfp16,16,grad,producer,1,1,10,0.025797780539772726,0.9916,0.045386482030153275,0.988599956035614,0.024827593937516212,0.009599999524652958,0.6877771615982056,0.187923401594162,1.0,0.38176853068803585,0.9803665515988372,0.1,0.3,2.3
bfp16,16,grad,producer,1,1,11,0.02333889382102273,0.9924727272727273,0.055897656828165054,0.9845999479293823,0.026443837210536003,0.012399999424815178,0.7053683400154114,0.1971392184495926,1.0,0.3818502692175648,0.9803869912790698,0.1,0.3,2.3
bfp16,16,grad,producer,1,1,12,0.020360338245738636,0.9938181818181818,0.05158226191997528,0.9869999885559082,0.0017769914120435715,0.003000000026077032,0.7658177018165588,0.06884463876485825,1.0,0.38060854042809267,0.9804397937863372,0.1,0.3,2.3
bfp16,16,grad,producer,1,2,1,0.2269336825284091,0.9311636363636364,0.08857177942991257,0.9745999574661255,0.05156533047556877,0.02019999921321869,0.46393975615501404,0.458595871925354,1.0,0.4647527502371919,0.9781140704487645,0.1,0.3,1.9
bfp16,16,grad,producer,1,2,2,0.07193975053267046,0.9775090909090909,0.06593392044305801,0.9801999926567078,0.030107036232948303,0.014399999752640724,0.39035528898239136,0.35799115896224976,1.0,0.4266113418016334,0.9782855366551599,0.1,0.3,1.9
bfp16,16,grad,producer,1,2,3,0.05464113991477273,0.9832727272727273,0.07499243319034576,0.9777999520301819,0.044729046523571014,0.016599999740719795,0.44498300552368164,0.3855595588684082,1.0,0.41468749850505193,0.9788246332212936,0.1,0.3,1.9
bfp16,16,grad,producer,1,2,4,0.04453221324573864,0.9861636363636364,0.05951270833611488,0.9821999669075012,0.02556690201163292,0.011799999512732029,0.43326136469841003,0.306387335062027,1.0,0.4048709118019462,0.9791144792423692,0.1,0.3,1.9
bfp16,16,grad,producer,1,2,5,0.03813426846590909,0.9881090909090909,0.05622454732656479,0.9851999878883362,0.024042697623372078,0.010199999436736107,0.4585335850715637,0.28469207882881165,1.0,0.3980500494100579,0.9793056754178779,0.1,0.3,1.9
bfp16,16,grad,producer,1,2,6,0.03412968084161932,0.9892727272727273,0.05583891645073891,0.9853999614715576,0.019345175474882126,0.008799999952316284,0.4635920822620392,0.2426801323890686,1.0,0.3923433887539606,0.9796698991642442,0.1,0.3,1.9
bfp16,16,grad,producer,1,2,7,0.029628813032670454,0.9904545454545455,0.04929209500551224,0.9863999485969543,0.012551330029964447,0.007599999662488699,0.5384824872016907,0.18903207778930664,1.0,0.39178306452366424,0.9795981473700944,0.1,0.3,1.9
bfp16,16,grad,producer,1,2,8,0.027221251331676136,0.9912909090909091,0.04516860470175743,0.9881999492645264,0.010031774640083313,0.005799999926239252,0.5580142736434937,0.17030587792396545,1.0,0.3871088909288922,0.9799100654069768,0.1,0.3,1.9
bfp16,16,grad,producer,1,2,9,0.024731842595880682,0.9924545454545455,0.04370664060115814,0.9878000020980835,0.011205140501260757,0.006599999964237213,0.6220735907554626,0.17098334431648254,1.0,0.38619991126650755,0.9801153848337573,0.1,0.3,1.9
bfp16,16,grad,producer,1,2,10,0.021821155894886365,0.9927090909090909,0.04323182255029678,0.988599956035614,0.012039060704410076,0.00559999980032444,0.720206081867218,0.14901427924633026,1.0,0.3844878559505738,0.9799092137536337,0.1,0.3,1.9
bfp16,16,grad,producer,1,2,11,0.020144673295454545,0.9934545454545455,0.047360438853502274,0.9878000020980835,0.010383539833128452,0.005799999926239252,0.7559282183647156,0.1543361246585846,1.0,0.382724238024518,0.980214176621548,0.1,0.3,1.9
bfp16,16,grad,producer,1,2,12,0.018596748490767045,0.9938181818181818,0.04085904359817505,0.989799976348877,0.0009547023801133037,0.0007999999797903001,0.7736290097236633,0.06966399401426315,1.0,0.37838285163498875,0.9804424197174783,0.1,0.3,1.9
bfp16,16,grad,producer,2,0,1,0.2438814453125,0.9266545454545455,0.09155585616827011,0.9735999703407288,0.05525980144739151,0.023599999025464058,0.478866845369339,0.4783679246902466,1.0,0.6152741862041406,0.9938627730968387,0.2,0.3,2.4
bfp16,16,grad,producer,2,0,2,0.07888475674715908,0.9753636363636363,0.0748443529009819,0.9785999655723572,0.04703384265303612,0.019999999552965164,0.40233734250068665,0.39682894945144653,1.0,0.5640661226157595,0.9940347361010174,0.2,0.3,2.4
bfp16,16,grad,producer,2,0,3,0.060453098366477276,0.9812727272727273,0.06723098456859589,0.9817999601364136,0.02903486229479313,0.013199999928474426,0.35114648938179016,0.33416905999183655,1.0,0.5501613980892549,0.9940764671148256,0.2,0.3,2.4
bfp16,16,grad,producer,2,0,4,0.04995122958096591,0.9848,0.05929930880665779,0.9833999872207642,0.02153089828789234,0.012799999676644802,0.3417116105556488,0.31295281648635864,1.0,0.5414059375006398,0.9941389926644258,0.2,0.3,2.4
bfp16,16,grad,producer,2,0,5,0.04491242453835227,0.9860909090909091,0.05752893164753914,0.9842000007629395,0.023245714604854584,0.012399999424815178,0.3342491388320923,0.2864987254142761,1.0,0.536582072261241,0.9941751169603924,0.2,0.3,2.4
bfp16,16,grad,producer,2,0,6,0.038698002485795455,0.9878181818181818,0.051379017531871796,0.9875999689102173,0.016545725986361504,0.007599999662488699,0.3434135615825653,0.2757532596588135,1.0,0.5353600952757654,0.9941625550735829,0.2,0.3,2.4
bfp16,16,grad,producer,2,0,7,0.034812764115767045,0.9896,0.05217772722244263,0.9855999946594238,0.016235442832112312,0.00839999970048666,0.32588058710098267,0.21615615487098694,1.0,0.5319583573650464,0.9941993181095566,0.2,0.3,2.4
bfp16,16,grad,producer,2,0,8,0.031182302024147728,0.9904909090909091,0.047425005584955215,0.9871999621391296,0.01139047835022211,0.006199999712407589,0.3378049433231354,0.21472689509391785,1.0,0.5281031111235676,0.9942525464434956,0.2,0.3,2.4
bfp16,16,grad,producer,2,0,9,0.028491743607954544,0.9912363636363636,0.05676715821027756,0.9845999479293823,0.015841543674468994,0.009599999524652958,0.3484767973423004,0.1733931601047516,1.0,0.5246718017912679,0.9942751862281977,0.2,0.3,2.4
bfp16,16,grad,producer,2,0,10,0.026237584339488636,0.9918,0.06969213485717773,0.9801999926567078,0.03730807825922966,0.0139999995008111,0.40920746326446533,0.2059786021709442,1.0,0.5239895868458699,0.9942533271257268,0.2,0.3,2.4
bfp16,16,grad,producer,2,0,11,0.023666956676136365,0.9926181818181818,0.050399456173181534,0.9861999750137329,0.01606382057070732,0.007599999662488699,0.42235082387924194,0.16359785199165344,1.0,0.5222188826275861,0.994293212890625,0.2,0.3,2.4
bfp16,16,grad,producer,2,0,12,0.022561155007102273,0.9930181818181818,0.04754307121038437,0.9860000014305115,0.0010817775037139654,0.0031999999191612005,0.40945735573768616,0.04796623811125755,1.0,0.5187329078038054,0.994337711777798,0.2,0.3,2.4
bfp16,16,grad,producer,2,1,1,0.23587688210227273,0.9286545454545454,0.10444096475839615,0.9673999547958374,0.06385436654090881,0.0284000001847744,0.4652579128742218,0.46419161558151245,1.0,0.588187198518341,0.9939303375953852,0.1,0.3,2.3
bfp16,16,grad,producer,2,1,2,0.07583150745738636,0.9765636363636364,0.07485784590244293,0.9787999987602234,0.05083071067929268,0.019999999552965164,0.41223251819610596,0.4058607518672943,1.0,0.5459734291891032,0.9939528354378634,0.1,0.3,2.3
bfp16,16,grad,producer,2,1,3,0.05876109286221591,0.9814181818181819,0.0688086599111557,0.9793999791145325,0.03261471539735794,0.01679999940097332,0.35925355553627014,0.34405407309532166,1.0,0.5295968540942568,0.994025509856468,0.1,0.3,2.3
bfp16,16,grad,producer,2,1,4,0.047934770063920454,0.985,0.06400614231824875,0.9815999865531921,0.02756490744650364,0.014800000004470348,0.37719908356666565,0.3494794964790344,1.0,0.5202191088609084,0.9940751186636991,0.1,0.3,2.3
bfp16,16,grad,producer,2,1,5,0.04106516335227273,0.9872,0.052732568234205246,0.9851999878883362,0.026521483436226845,0.012399999424815178,0.33840999007225037,0.2884896993637085,1.0,0.5149315031511986,0.9940999585528706,0.1,0.3,2.3
bfp16,16,grad,producer,2,1,6,0.03671205610795455,0.9881818181818182,0.04990477114915848,0.9860000014305115,0.016482392325997353,0.009200000204145908,0.3176364600658417,0.23073571920394897,1.0,0.5093219861755697,0.9941916532294695,0.1,0.3,2.3
bfp16,16,grad,producer,2,1,7,0.03297435857599432,0.9898,0.0460495725274086,0.986799955368042,0.019231166690587997,0.010400000028312206,0.3426220118999481,0.2407839000225067,1.0,0.5063113872531478,0.9941723490870276,0.1,0.3,2.3
bfp16,16,grad,producer,2,1,8,0.029732723721590908,0.9905272727272727,0.050490643829107285,0.9853999614715576,0.026868529617786407,0.011799999512732029,0.3809525668621063,0.2565404176712036,1.0,0.5023743982529918,0.9942310421965843,0.1,0.3,2.3
bfp16,16,grad,producer,2,1,9,0.02742943448153409,0.9913272727272727,0.06112378090620041,0.9835999608039856,0.02658103033900261,0.012000000104308128,0.3639211058616638,0.21549230813980103,1.0,0.49940835170996234,0.9942247967387354,0.1,0.3,2.3
bfp16,16,grad,producer,2,1,10,0.02509434259588068,0.9918727272727272,0.04600868374109268,0.9883999824523926,0.023755313828587532,0.009599999524652958,0.39426159858703613,0.18158188462257385,1.0,0.4962463087874935,0.9942560949990916,0.1,0.3,2.3
bfp16,16,grad,producer,2,1,11,0.022700896661931817,0.9928727272727272,0.055137135088443756,0.98499995470047,0.02331562526524067,0.011599999852478504,0.40701401233673096,0.18033306300640106,1.0,0.49608875957734,0.9942577983057777,0.1,0.3,2.3
bfp16,16,grad,producer,2,1,12,0.01999625577059659,0.9941818181818182,0.049899835139513016,0.9861999750137329,0.0005529177142307162,0.0015999999595806003,0.40677306056022644,0.03709104284644127,1.0,0.4944634121583371,0.9942602822946948,0.1,0.3,2.3
bfp16,16,grad,producer,2,2,1,0.22636711647727273,0.9316363636363636,0.08843577653169632,0.9741999506950378,0.05141675844788551,0.02019999921321869,0.4575936794281006,0.4570011496543884,1.0,0.5908584428558794,0.9938421205032704,0.1,0.3,2.0
bfp16,16,grad,producer,2,2,2,0.07148478338068182,0.9777454545454546,0.06454376131296158,0.9813999533653259,0.028273675590753555,0.013199999928474426,0.3591323792934418,0.3537854850292206,1.0,0.5468144000264261,0.9939185563908067,0.1,0.3,2.0
bfp16,16,grad,producer,2,2,3,0.054388099254261364,0.9832909090909091,0.07629895210266113,0.977400004863739,0.045604411512613297,0.01679999940097332,0.4025105834007263,0.3915252983570099,1.0,0.5324833899674278,0.9940541112145712,0.1,0.3,2.0
bfp16,16,grad,producer,2,2,4,0.044396457741477276,0.9864,0.059662479907274246,0.9817999601364136,0.02551947347819805,0.012799999676644802,0.33702847361564636,0.310868501663208,1.0,0.5202797274641021,0.9941297664198765,0.1,0.3,2.0
bfp16,16,grad,producer,2,2,5,0.03821474165482955,0.9880909090909091,0.05584879592061043,0.98499995470047,0.023276112973690033,0.010799999348819256,0.3268512487411499,0.2888910472393036,1.0,0.5143289639658978,0.994177175122638,0.1,0.3,2.0
bfp16,16,grad,producer,2,2,6,0.03424175248579545,0.9890363636363636,0.056441474705934525,0.98499995470047,0.019713180139660835,0.009200000204145908,0.3013674020767212,0.24670706689357758,1.0,0.5072994521167437,0.9942666696947674,0.1,0.3,2.0
bfp16,16,grad,producer,2,2,7,0.029912848455255683,0.9905272727272727,0.04876299574971199,0.9869999885559082,0.012531462125480175,0.007799999788403511,0.3025776445865631,0.19299863278865814,1.0,0.5055250064114605,0.9942626243413881,0.1,0.3,2.0
bfp16,16,grad,producer,2,2,8,0.02713466574928977,0.9914727272727273,0.04486067593097687,0.9887999892234802,0.009549161419272423,0.005399999674409628,0.3049347698688507,0.17362475395202637,1.0,0.4994269574760854,0.9943744748137718,0.1,0.3,2.0
bfp16,16,grad,producer,2,2,9,0.024768796608664774,0.9922545454545455,0.04295406490564346,0.9889999628067017,0.01026229653507471,0.006599999964237213,0.33045685291290283,0.17305603623390198,1.0,0.4964487061934063,0.9944083990052689,0.1,0.3,2.0
bfp16,16,grad,producer,2,2,10,0.02189100008877841,0.9926,0.042821820825338364,0.9893999695777893,0.010692864656448364,0.004999999888241291,0.36333945393562317,0.1428956687450409,1.0,0.4929451624190183,0.9943808622138445,0.1,0.3,2.0
bfp16,16,grad,producer,2,2,11,0.02030431463068182,0.9934909090909091,0.04745130613446236,0.988599956035614,0.009724641218781471,0.004999999888241291,0.39446374773979187,0.1455283910036087,1.0,0.4897044817445862,0.9944638984147892,0.1,0.3,2.0
bfp16,16,grad,producer,2,2,12,0.018796280184659092,0.9938181818181818,0.04087885469198227,0.9901999831199646,0.0004031750140711665,0.0011999999405816197,0.3747367858886719,0.03482137992978096,1.0,0.4844314248716275,0.9945110232331033,0.1,0.3,2.0
bfp16,16,grad,producer,3,0,1,0.24295381747159092,0.9264,0.09056871384382248,0.9739999771118164,0.05434311553835869,0.023399999365210533,0.47629424929618835,0.4762696325778961,1.0,0.720036809667381,0.9983599995457849,0.2,0.4,2.4
bfp16,16,grad,producer,3,0,2,0.07857650923295455,0.9755636363636364,0.07381211221218109,0.9783999919891357,0.04596354439854622,0.019600000232458115,0.39700305461883545,0.3961089551448822,1.0,0.6646419669608431,0.9983875363372093,0.2,0.4,2.4
bfp16,16,grad,producer,3,0,3,0.06026771573153409,0.9811272727272727,0.06585556268692017,0.9824000000953674,0.027489546686410904,0.012199999764561653,0.3380371332168579,0.33492332696914673,1.0,0.647467575049996,0.9983889557594476,0.2,0.4,2.4
bfp16,16,grad,producer,3,0,4,0.04976796431107955,0.9849454545454546,0.058539025485515594,0.9839999675750732,0.020928679034113884,0.011599999852478504,0.3215886056423187,0.3145824074745178,1.0,0.6371744882604808,0.9984052081440771,0.2,0.4,2.4
bfp16,16,grad,producer,3,0,5,0.04475221058238636,0.9860363636363636,0.0580894835293293,0.9837999939918518,0.02320638671517372,0.011599999852478504,0.29993316531181335,0.2870544493198395,1.0,0.6308805013354607,0.9984039306640625,0.2,0.4,2.4
bfp16,16,grad,producer,3,0,6,0.03855797230113636,0.9876727272727273,0.05284351110458374,0.986799955368042,0.018562136217951775,0.008799999952316284,0.3017333745956421,0.28249597549438477,1.0,0.6285737170884786,0.9984100341796875,0.2,0.4,2.4
bfp16,16,grad,producer,3,0,7,0.035043858753551135,0.9892909090909091,0.05166541785001755,0.986799955368042,0.01561721134930849,0.00839999970048666,0.24938493967056274,0.21743158996105194,1.0,0.6251798711711074,0.9984260736509811,0.2,0.4,2.4
bfp16,16,grad,producer,3,0,8,0.03130238591974432,0.9902,0.04793912172317505,0.986799955368042,0.01151784136891365,0.006000000052154064,0.25202077627182007,0.21524783968925476,1.0,0.6216391088148577,0.9984370741733285,0.2,0.4,2.4
bfp16,16,grad,producer,3,0,9,0.028751398259943182,0.9910181818181818,0.05651985481381416,0.9843999743461609,0.01599700003862381,0.010400000028312206,0.23255598545074463,0.1770002394914627,1.0,0.6179995455032031,0.9984387774800145,0.2,0.4,2.4
bfp16,16,grad,producer,3,0,10,0.026378950639204545,0.9917636363636364,0.07243398576974869,0.9789999723434448,0.04074499383568764,0.015599999576807022,0.27261459827423096,0.20992544293403625,1.0,0.6167081798780094,0.9984560234602108,0.2,0.4,2.4
bfp16,16,grad,producer,3,0,11,0.023845576615767045,0.9924909090909091,0.051864221692085266,0.9853999614715576,0.01854517124593258,0.008200000040233135,0.26780498027801514,0.18047210574150085,1.0,0.6138744443069568,0.9984585074491279,0.2,0.4,2.4
bfp16,16,grad,producer,3,0,12,0.022740891335227272,0.9927454545454546,0.04682920500636101,0.9873999953269958,0.0002856225473806262,0.0011999999405816197,0.20725885033607483,0.02400520257651806,1.0,0.6091833238397587,0.9984722048737282,0.2,0.4,2.4
bfp16,16,grad,producer,3,1,1,0.23487521306818182,0.9289818181818181,0.10384184867143631,0.9679999947547913,0.06345044076442719,0.028199998661875725,0.4643907845020294,0.46423327922821045,1.0,0.6868918505109187,0.998359857603561,0.1,0.3,2.3
bfp16,16,grad,producer,3,1,2,0.07566492365056818,0.9767454545454546,0.07517421245574951,0.9785999655723572,0.0515139140188694,0.019999999552965164,0.40716034173965454,0.4060036242008209,1.0,0.6408360208949568,0.9983636190724927,0.1,0.3,2.3
bfp16,16,grad,producer,3,1,3,0.05834679953835227,0.9815818181818182,0.06866108626127243,0.9799999594688416,0.03229290246963501,0.01640000008046627,0.3465725779533386,0.34367138147354126,1.0,0.6222080093545409,0.9983817876771439,0.1,0.3,2.3
bfp16,16,grad,producer,3,1,4,0.04769658647017046,0.9851454545454545,0.06344187259674072,0.9817999601364136,0.026923933997750282,0.0142000000923872,0.35122188925743103,0.34565269947052,1.0,0.6108582367844196,0.9983941366506177,0.1,0.3,2.3
bfp16,16,grad,producer,3,1,5,0.040781773792613635,0.9873636363636363,0.05286033824086189,0.9857999682426453,0.026759032160043716,0.012600000016391277,0.29777175188064575,0.28669822216033936,1.0,0.6054289740084019,0.9984027241551598,0.1,0.3,2.3
bfp16,16,grad,producer,3,1,6,0.03650255681818182,0.9882545454545455,0.04902084171772003,0.9863999485969543,0.014841948635876179,0.008799999952316284,0.2493092566728592,0.2285304069519043,1.0,0.5972663123412429,0.9984213185864825,0.1,0.3,2.3
bfp16,16,grad,producer,3,1,7,0.032684876598011364,0.989909090909091,0.045896176248788834,0.9871999621391296,0.018100716173648834,0.009999999776482582,0.26476719975471497,0.23936592042446136,1.0,0.5928647953052208,0.9984188345975654,0.1,0.3,2.3
bfp16,16,grad,producer,3,1,8,0.0296935302734375,0.9908545454545454,0.04993950203061104,0.9853999614715576,0.027557265013456345,0.012199999764561653,0.29095879197120667,0.2576712369918823,1.0,0.5875124076289868,0.9984342353288518,0.1,0.3,2.3
bfp16,16,grad,producer,3,1,9,0.027273801491477272,0.9912545454545455,0.061731696128845215,0.9829999804496765,0.02658756636083126,0.012999999336898327,0.2590087652206421,0.21497739851474762,1.0,0.5847020202817449,0.9984335965888445,0.1,0.3,2.3
bfp16,16,grad,producer,3,1,10,0.025105333362926138,0.9919636363636364,0.04655730724334717,0.9881999492645264,0.023432360962033272,0.009800000116229057,0.2468385398387909,0.1787063181400299,1.0,0.5823598193967727,0.9984475778978924,0.1,0.3,2.3
bfp16,16,grad,producer,3,1,11,0.022821244673295455,0.9927818181818182,0.053135521709918976,0.9851999878883362,0.021150048822164536,0.011399999260902405,0.24958503246307373,0.17474523186683655,1.0,0.5820266442145754,0.9984466552734375,0.1,0.3,2.3
bfp16,16,grad,producer,3,1,12,0.019977632279829547,0.9940181818181818,0.05208476632833481,0.9863999485969543,0.00039572158129885793,0.0007999999797903001,0.20658789575099945,0.029841871932148933,1.0,0.5787399407349839,0.998441829237827,0.1,0.3,2.3
bfp16,16,grad,producer,3,2,1,0.22629943181818182,0.9315272727272728,0.0883849635720253,0.9745999574661255,0.05130986124277115,0.02019999921321869,0.45583879947662354,0.45582422614097595,1.0,0.688264016785972,0.9983514830123547,0.1,0.3,1.9
bfp16,16,grad,producer,3,2,2,0.07133303888494318,0.9777090909090909,0.06425390392541885,0.9817999601364136,0.027856377884745598,0.012999999336898327,0.3525262773036957,0.3514971137046814,1.0,0.6426720653528959,0.9983545347701671,0.1,0.3,1.9
bfp16,16,grad,producer,3,2,3,0.05413363370028409,0.9834727272727273,0.07329469174146652,0.9785999655723572,0.042539458721876144,0.015599999576807022,0.38983049988746643,0.38717448711395264,1.0,0.6236266526483857,0.9983920784883721,0.1,0.3,1.9
bfp16,16,grad,producer,3,2,4,0.044206702769886363,0.9862181818181818,0.0595228411257267,0.9815999865531921,0.02549161948263645,0.012399999424815178,0.3188551962375641,0.31232860684394836,1.0,0.6106031095081261,0.9984108148619186,0.1,0.3,1.9
bfp16,16,grad,producer,3,2,5,0.038116011186079546,0.9881272727272727,0.05547912418842316,0.98499995470047,0.02277887612581253,0.010199999436736107,0.3011453151702881,0.29095906019210815,1.0,0.6029088509972537,0.9984134407930596,0.1,0.3,1.9
bfp16,16,grad,producer,3,2,6,0.034062970525568184,0.9893454545454545,0.05636288598179817,0.9843999743461609,0.01943979784846306,0.009800000116229057,0.26188722252845764,0.2478453367948532,1.0,0.594938134580757,0.9984318932821584,0.1,0.3,1.9
bfp16,16,grad,producer,3,2,7,0.029668789950284092,0.9905272727272727,0.04886865243315697,0.9869999885559082,0.012517035007476807,0.007799999788403511,0.22955253720283508,0.2003440111875534,1.0,0.5929868764447827,0.9984303319176963,0.1,0.3,1.9
bfp16,16,grad,producer,3,2,8,0.027046240234375,0.9915636363636363,0.04505692794919014,0.988599956035614,0.009581332094967365,0.00559999980032444,0.21404142677783966,0.17404283583164215,1.0,0.5855278967703758,0.9984526168468386,0.1,0.3,1.9
bfp16,16,grad,producer,3,2,9,0.024723313210227273,0.9922,0.04243386164307594,0.9896000027656555,0.009643150493502617,0.005399999674409628,0.22493556141853333,0.17455065250396729,1.0,0.5832326212803014,0.9984621269758358,0.1,0.3,1.9
bfp16,16,grad,producer,3,2,10,0.02169509943181818,0.9926181818181818,0.04317324236035347,0.9896000027656555,0.010737881064414978,0.004799999762326479,0.2237059623003006,0.1436275690793991,1.0,0.5802788264657308,0.9984526168468386,0.1,0.3,1.9
bfp16,16,grad,producer,3,2,11,0.020212131569602273,0.9934545454545455,0.047515641897916794,0.9887999892234802,0.009785531088709831,0.004799999762326479,0.23972858488559723,0.14653140306472778,1.0,0.576298812628087,0.9984797987827035,0.1,0.3,1.9
bfp16,16,grad,producer,3,2,12,0.018690616122159092,0.9939636363636364,0.041096366941928864,0.989799976348877,0.00022572645684704185,0.00039999998989515007,0.19514599442481995,0.023900941014289856,1.0,0.5686093603365253,0.9984868249227834,0.1,0.3,1.9
bfp16,16,grad,producer,4,0,1,0.24284177911931817,0.926509090909091,0.09073357284069061,0.973800003528595,0.054620444774627686,0.023599999025464058,0.47694382071495056,0.47685691714286804,1.0,0.7962865594119266,0.9995694892351017,0.2,0.4,2.4
bfp16,16,grad,producer,4,0,2,0.07848060191761363,0.9754,0.07383817434310913,0.9787999987602234,0.04590010270476341,0.019199999049305916,0.3975282609462738,0.3975012004375458,1.0,0.7397205058394493,0.9995732507040335,0.2,0.4,2.4
bfp16,16,grad,producer,4,0,3,0.060212850674715906,0.9810727272727273,0.06622906774282455,0.9819999933242798,0.028056621551513672,0.012600000016391277,0.3342462182044983,0.3340168297290802,1.0,0.7205773742628646,0.9995715473973474,0.2,0.4,2.4
bfp16,16,grad,producer,4,0,4,0.04958002485795455,0.9848545454545454,0.058401599526405334,0.9839999675750732,0.02083779312670231,0.011599999852478504,0.312813401222229,0.3118874728679657,1.0,0.7086916247140469,0.9995755927507267,0.2,0.4,2.4
bfp16,16,grad,producer,4,0,5,0.04468405095880682,0.9860727272727273,0.05708745867013931,0.9839999675750732,0.022405778989195824,0.011399999260902405,0.28917407989501953,0.2874543070793152,1.0,0.701722912589434,0.9995760895485102,0.2,0.4,2.4
bfp16,16,grad,producer,4,0,6,0.03845152698863637,0.9877454545454546,0.05253808572888374,0.9873999953269958,0.01797596365213394,0.008799999952316284,0.28409212827682495,0.28086549043655396,1.0,0.6977294152173268,0.9995767282885174,0.2,0.4,2.4
bfp16,16,grad,producer,4,0,7,0.03492653364701705,0.9894,0.051497187465429306,0.9863999485969543,0.015529138036072254,0.008799999952316284,0.225470632314682,0.22020883858203888,1.0,0.6940050530346891,0.999579709075218,0.2,0.4,2.4
bfp16,16,grad,producer,4,0,8,0.031121650834517046,0.9903090909090909,0.04766642302274704,0.986799955368042,0.011332415975630283,0.006399999838322401,0.22590067982673645,0.21969683468341827,1.0,0.6885138722584248,0.9995838253997092,0.2,0.4,2.4
bfp16,16,grad,producer,4,0,9,0.028598726029829546,0.9910545454545454,0.05519101396203041,0.9843999743461609,0.015258428640663624,0.010400000028312206,0.18961773812770844,0.17880481481552124,1.0,0.6850172734777087,0.9995849609375,0.2,0.4,2.4
bfp16,16,grad,producer,4,0,10,0.026050153142755682,0.9918727272727272,0.06574875116348267,0.9805999994277954,0.03290972486138344,0.012799999676644802,0.21200330555438995,0.1978040337562561,1.0,0.6833608156002677,0.9995862384175145,0.2,0.4,2.4
bfp16,16,grad,producer,4,0,11,0.023567096502130683,0.9927636363636364,0.05144854635000229,0.9860000014305115,0.017495866864919662,0.007400000002235174,0.19654111564159393,0.17532312870025635,1.0,0.6801344933639765,0.9995904966842296,0.2,0.4,2.4
bfp16,16,grad,producer,4,0,12,0.0225029052734375,0.9927454545454546,0.047009922564029694,0.986799955368042,0.0003339258546475321,0.0015999999595806003,0.0947238951921463,0.023996025323867798,1.0,0.6754278273449754,0.9995931226153706,0.2,0.4,2.4
bfp16,16,grad,producer,4,1,1,0.23497732599431817,0.9287636363636363,0.10399899631738663,0.9681999683380127,0.06375690549612045,0.02759999968111515,0.46402838826179504,0.46400052309036255,1.0,0.7615556001692044,0.9995697731195494,0.1,0.3,2.3
bfp16,16,grad,producer,4,1,2,0.07568851207386364,0.9767454545454546,0.07524751871824265,0.9781999588012695,0.05150233209133148,0.020399998873472214,0.40700921416282654,0.4068615734577179,1.0,0.7133197158585608,0.9995671471884084,0.1,0.3,2.3
bfp16,16,grad,producer,4,1,3,0.05830419921875,0.9816,0.06910395622253418,0.9795999526977539,0.03292124718427658,0.01679999940097332,0.34038448333740234,0.33991527557373047,1.0,0.6940058315134513,0.9995695602062137,0.1,0.3,2.3
bfp16,16,grad,producer,4,1,4,0.047630078125,0.9851272727272727,0.06347361207008362,0.9813999533653259,0.027807414531707764,0.015199999324977398,0.3475629687309265,0.34643471240997314,1.0,0.6823599231994848,0.9995704118595566,0.1,0.3,2.3
bfp16,16,grad,producer,4,1,5,0.04072659357244318,0.9873454545454545,0.05335679277777672,0.9855999946594238,0.0269806869328022,0.012799999676644802,0.2928220331668854,0.290707528591156,1.0,0.6749709563404165,0.9995707667151162,0.1,0.3,2.3
bfp16,16,grad,producer,4,1,6,0.036567021040482955,0.9883454545454545,0.04910430684685707,0.9860000014305115,0.01528836041688919,0.009200000204145908,0.2331324815750122,0.22913451492786407,1.0,0.6662737268608888,0.9995746701262718,0.1,0.3,2.3
bfp16,16,grad,producer,4,1,7,0.032736376953125,0.9897454545454546,0.045916732400655746,0.9873999953269958,0.01811937615275383,0.009599999524652958,0.24547900259494781,0.2404600828886032,1.0,0.663020629932966,0.9995755927507267,0.1,0.3,2.3
bfp16,16,grad,producer,4,1,8,0.0296783447265625,0.9907090909090909,0.05002308264374733,0.9853999614715576,0.026871953159570694,0.011399999260902405,0.26238226890563965,0.25536099076271057,1.0,0.6568243950950818,0.9995818382085756,0.1,0.3,2.3
bfp16,16,grad,producer,4,1,9,0.027314244495738636,0.9912,0.061584703624248505,0.983199954032898,0.02604415826499462,0.012399999424815178,0.22584392130374908,0.21668632328510284,1.0,0.6537139826079634,0.9995828318041424,0.1,0.3,2.3
bfp16,16,grad,producer,4,1,10,0.0251701416015625,0.991890909090909,0.04651763662695885,0.9878000020980835,0.023246437311172485,0.010199999436736107,0.1954987794160843,0.18033410608768463,1.0,0.6502181591777305,0.9995860255041787,0.1,0.3,2.3
bfp16,16,grad,producer,4,1,11,0.022801191850142045,0.9927272727272727,0.05425317957997322,0.9851999878883362,0.02218587137758732,0.011599999852478504,0.19889304041862488,0.1803583800792694,1.0,0.6501562481327171,0.9995878707530886,0.1,0.3,2.3
bfp16,16,grad,producer,4,1,12,0.019946775124289773,0.9940909090909091,0.05063268169760704,0.9863999485969543,0.00019893707940354943,0.0007999999797903001,0.09852465987205505,0.019579874351620674,1.0,0.6477939609617327,0.9995852448219477,0.1,0.3,2.3
bfp16,16,grad,producer,4,2,1,0.2263344637784091,0.9313636363636364,0.08856336772441864,0.9745999574661255,0.05158606916666031,0.02019999921321869,0.4563504755496979,0.45638471841812134,1.0,0.7639068993835363,0.9995671471884084,0.1,0.3,1.9
bfp16,16,grad,producer,4,2,2,0.07128443714488636,0.9776,0.06442087143659592,0.9815999865531921,0.028157133609056473,0.012999999336898327,0.3534252643585205,0.35337167978286743,1.0,0.7177499032753377,0.9995616824127908,0.1,0.3,1.9
bfp16,16,grad,producer,4,2,3,0.054036186079545453,0.9834909090909091,0.07463708519935608,0.9781999588012695,0.04379773512482643,0.01599999889731407,0.3866225481033325,0.3862755000591278,1.0,0.6962561367785767,0.9995678568995277,0.1,0.3,1.9
bfp16,16,grad,producer,4,2,4,0.044156591796875,0.9864,0.06016671285033226,0.9815999865531921,0.026229802519083023,0.012600000016391277,0.31497639417648315,0.3140704035758972,1.0,0.682816464283416,0.9995713344840116,0.1,0.3,1.9
bfp16,16,grad,producer,4,2,5,0.03808838778409091,0.9880545454545454,0.056112781167030334,0.9847999811172485,0.023070162162184715,0.010599999688565731,0.2873215973377228,0.2857704758644104,1.0,0.6752457924677855,0.9995706957440044,0.1,0.3,1.9
bfp16,16,grad,producer,4,2,6,0.034004066051136365,0.9891818181818182,0.05513453483581543,0.9845999479293823,0.01849234662950039,0.009599999524652958,0.2504074275493622,0.2484039068222046,1.0,0.667560765065999,0.9995732507040335,0.1,0.3,1.9
bfp16,16,grad,producer,4,2,7,0.029749467329545455,0.9906181818181818,0.048839204013347626,0.9869999885559082,0.012297870591282845,0.00699999975040555,0.20239467918872833,0.19678106904029846,1.0,0.6653516271484935,0.9995734636173692,0.1,0.3,1.9
bfp16,16,grad,producer,4,2,8,0.026875517134232956,0.9915636363636363,0.04519911855459213,0.9887999892234802,0.009620249271392822,0.00559999980032444,0.18315918743610382,0.17512981593608856,1.0,0.656659475762988,0.9995789283929869,0.1,0.3,1.9
bfp16,16,grad,producer,4,2,9,0.02466121493252841,0.9922727272727273,0.04260177165269852,0.9896000027656555,0.009816105477511883,0.005399999674409628,0.18521472811698914,0.17348814010620117,1.0,0.6535379791106728,0.9995782896529797,0.1,0.3,1.9
bfp16,16,grad,producer,4,2,10,0.021655743963068182,0.9925636363636363,0.042933110147714615,0.989799976348877,0.010462041944265366,0.005200000014156103,0.16297252476215363,0.142629012465477,1.0,0.6503495199124805,0.9995794251907704,0.1,0.3,1.9
bfp16,16,grad,producer,4,2,11,0.020127601207386363,0.9935636363636363,0.04686712101101875,0.9889999628067017,0.009171411395072937,0.004600000102072954,0.16896522045135498,0.14349579811096191,1.0,0.6464024679103972,0.999585883561955,0.1,0.3,1.9
bfp16,16,grad,producer,4,2,12,0.01863907803622159,0.9940181818181818,0.04107656702399254,0.990399956703186,0.00010835876310011372,0.00019999999494757503,0.09316293150186539,0.017575260251760483,1.0,0.6374690420419532,0.9995878707530886,0.1,0.3,1.9
bfp16,16,grad,producer,5,0,1,0.24275328480113637,0.9262363636363636,0.09146983921527863,0.9729999899864197,0.05512465536594391,0.02499999850988388,0.47638922929763794,0.4763019382953644,1.0,0.8514796718433082,0.9998870139898256,0.2,0.3,2.4
bfp16,16,grad,producer,5,0,2,0.07839246271306818,0.9754909090909091,0.07419468462467194,0.9785999655723572,0.04652249440550804,0.01939999870955944,0.397444486618042,0.39743688702583313,1.0,0.7986945437107972,0.9998870139898256,0.2,0.3,2.4
bfp16,16,grad,producer,5,0,3,0.060077308238636364,0.9812181818181818,0.0657774806022644,0.9827999472618103,0.027562791481614113,0.011799999512732029,0.33355870842933655,0.3335528075695038,1.0,0.7798358262176904,0.9998861623364825,0.2,0.3,2.4
bfp16,16,grad,producer,5,0,4,0.04962327325994318,0.9847818181818182,0.05823209136724472,0.9837999939918518,0.0210365429520607,0.012199999764561653,0.3136209547519684,0.3135282099246979,1.0,0.7677502424446562,0.9998869430187136,0.2,0.3,2.4
bfp16,16,grad,producer,5,0,5,0.04464287997159091,0.986,0.05829179659485817,0.9837999939918518,0.02353019081056118,0.012000000104308128,0.2866398096084595,0.2864055037498474,1.0,0.7614928216749445,0.999887581758721,0.2,0.3,2.4
bfp16,16,grad,producer,5,0,6,0.03840439897017046,0.9878181818181818,0.05235065892338753,0.9875999689102173,0.017550967633724213,0.007999999448657036,0.27413901686668396,0.2734963595867157,1.0,0.7564447085844529,0.9998880785565044,0.2,0.3,2.4
bfp16,16,grad,producer,5,0,7,0.03504404296875,0.9892727272727273,0.05156392976641655,0.9863999485969543,0.015215649269521236,0.008799999952316284,0.21757164597511292,0.21662867069244385,1.0,0.7526151781767234,0.9998897818631904,0.2,0.3,2.4
bfp16,16,grad,producer,5,0,8,0.031205450994318183,0.9902545454545455,0.047929368913173676,0.986799955368042,0.011449329555034637,0.006399999838322401,0.21912696957588196,0.21794821321964264,1.0,0.746605710772602,0.9998899238054142,0.2,0.3,2.4
bfp16,16,grad,producer,5,0,9,0.02863719815340909,0.9911090909090909,0.05616550147533417,0.9845999479293823,0.01585010625422001,0.010199999436736107,0.17656460404396057,0.17419502139091492,1.0,0.742636077653045,0.9998912722565407,0.2,0.3,2.4
bfp16,16,grad,producer,5,0,10,0.02616987970525568,0.9917454545454546,0.07026037573814392,0.9801999926567078,0.0381755530834198,0.014399999752640724,0.20664583146572113,0.20374596118927002,1.0,0.7400007071392465,0.9998916980832122,0.2,0.3,2.4
bfp16,16,grad,producer,5,0,11,0.023667198597301136,0.9925454545454545,0.051609888672828674,0.9860000014305115,0.017889030277729034,0.007999999448657036,0.18374496698379517,0.17902271449565887,1.0,0.7368445900967915,0.9998926207076672,0.2,0.3,2.4
bfp16,16,grad,producer,5,0,12,0.022477208362926136,0.9927454545454546,0.04693050682544708,0.9865999817848206,0.00010395752906333655,0.0015999999595806003,0.04511469602584839,0.013806038536131382,1.0,0.7321978304998915,0.9998935433321221,0.2,0.3,2.4
bfp16,16,grad,producer,5,1,1,0.2345455078125,0.9285636363636364,0.10348913818597794,0.9684000015258789,0.06342289596796036,0.027799999341368675,0.4646575152873993,0.46465981006622314,1.0,0.817492259015166,0.999888362440952,0.1,0.3,2.3
bfp16,16,grad,producer,5,1,2,0.07572776100852273,0.976909090909091,0.07504869252443314,0.9787999987602234,0.051465366035699844,0.01979999989271164,0.40597933530807495,0.4059850871562958,1.0,0.7696647122874716,0.9998860203942587,0.1,0.3,2.3
bfp16,16,grad,producer,5,1,3,0.05817287819602273,0.9816545454545454,0.06828875839710236,0.9797999858856201,0.03191044554114342,0.016599999740719795,0.34076207876205444,0.34069356322288513,1.0,0.7499387658436805,0.9998855945675872,0.1,0.3,2.3
bfp16,16,grad,producer,5,1,4,0.047583962180397725,0.9850909090909091,0.06288345158100128,0.9821999669075012,0.026953887194395065,0.0139999995008111,0.3484809994697571,0.34829339385032654,1.0,0.7396984646145629,0.9998859494231468,0.1,0.3,2.3
bfp16,16,grad,producer,5,1,5,0.04068349609375,0.9874727272727273,0.05250987410545349,0.98499995470047,0.02635004185140133,0.012799999676644802,0.2893328368663788,0.2889402210712433,1.0,0.7325892841107644,0.9998872978742732,0.1,0.3,2.3
bfp16,16,grad,producer,5,1,6,0.036458644797585225,0.9883636363636363,0.049691397696733475,0.9860000014305115,0.015667535364627838,0.009200000204145908,0.22933724522590637,0.22856687009334564,1.0,0.7233041311307643,0.9998884334120639,0.1,0.3,2.3
bfp16,16,grad,producer,5,1,7,0.032688008256392044,0.9897818181818182,0.046283453702926636,0.9873999953269958,0.018236273899674416,0.009800000116229057,0.24138081073760986,0.2404453307390213,1.0,0.7163779144626895,0.9998888592387355,0.1,0.3,2.3
bfp16,16,grad,producer,5,1,8,0.029667258522727273,0.9908363636363636,0.0499834306538105,0.98499995470047,0.02635064721107483,0.011799999512732029,0.2569710612297058,0.25578567385673523,1.0,0.7097796901701394,0.9998895689498547,0.1,0.3,2.3
bfp16,16,grad,producer,5,1,9,0.027213068181818182,0.9912,0.061715587973594666,0.9827999472618103,0.026964064687490463,0.012999999336898327,0.2195715606212616,0.2177596390247345,1.0,0.7067519867513635,0.9998888592387355,0.1,0.3,2.3
bfp16,16,grad,producer,5,1,10,0.025127372602982954,0.9919636363636364,0.046208105981349945,0.988599956035614,0.023008033633232117,0.009800000116229057,0.18377377092838287,0.18108364939689636,1.0,0.7017834034872569,0.9998921239098837,0.1,0.3,2.3
bfp16,16,grad,producer,5,1,11,0.0227083740234375,0.9927454545454546,0.05349745973944664,0.9851999878883362,0.021947288885712624,0.011599999852478504,0.18308988213539124,0.17942847311496735,1.0,0.7022529695605044,0.9998914141987645,0.1,0.3,2.3
bfp16,16,grad,producer,5,1,12,0.01992389248934659,0.9942545454545455,0.049743134528398514,0.9865999817848206,0.0001412155106663704,0.0005999999702908099,0.044946346431970596,0.015491166152060032,1.0,0.698519645668759,0.9998914851698765,0.1,0.3,2.3
bfp16,16,grad,producer,5,2,1,0.22629215198863636,0.9313272727272728,0.0885302945971489,0.9741999506950378,0.05156274884939194,0.020600000396370888,0.4558120369911194,0.4558163583278656,1.0,0.8191761776431524,0.9998873688453852,0.1,0.3,1.9
bfp16,16,grad,producer,5,2,2,0.07124533469460227,0.9775818181818182,0.0644340068101883,0.9815999865531921,0.02812415175139904,0.012999999336898327,0.3511652648448944,0.3511661887168884,1.0,0.7746485495264264,0.9998843880586846,0.1,0.3,1.9
bfp16,16,grad,producer,5,2,3,0.054115522904829544,0.9835454545454545,0.07314698398113251,0.9781999588012695,0.042410362511873245,0.01599999889731407,0.3842140734195709,0.38424649834632874,1.0,0.7525497363294309,0.999885736509811,0.1,0.3,1.9
bfp16,16,grad,producer,5,2,4,0.04419515713778409,0.9863090909090909,0.05934813246130943,0.9817999601364136,0.025479385629296303,0.012199999764561653,0.3123493790626526,0.3122800886631012,1.0,0.7386922082901338,0.9998861623364825,0.1,0.3,1.9
bfp16,16,grad,producer,5,2,5,0.03806808416193182,0.9881818181818182,0.05460790917277336,0.9851999878883362,0.021606892347335815,0.009599999524652958,0.2895734906196594,0.28941279649734497,1.0,0.7318712906708458,0.9998862333075945,0.1,0.3,1.9
bfp16,16,grad,producer,5,2,6,0.034050732421875,0.9891636363636364,0.05544860661029816,0.9839999675750732,0.018681924790143967,0.010199999436736107,0.24763856828212738,0.24743439257144928,1.0,0.7228056594658288,0.9998870139898256,0.1,0.3,1.9
bfp16,16,grad,producer,5,2,7,0.029720805220170454,0.9906,0.04880237206816673,0.9873999953269958,0.012301454320549965,0.006599999964237213,0.195624440908432,0.1947726011276245,1.0,0.7221577709883249,0.9998868720476017,0.1,0.3,1.9
bfp16,16,grad,producer,5,2,8,0.02700986328125,0.9914363636363637,0.04517262801527977,0.988599956035614,0.009595165960490704,0.00559999980032444,0.17466987669467926,0.17342638969421387,1.0,0.7123248213050143,0.9998898528343023,0.1,0.3,1.9
bfp16,16,grad,producer,5,2,9,0.024642567027698865,0.9921818181818182,0.042666032910346985,0.9896000027656555,0.009830327704548836,0.005399999674409628,0.17384274303913116,0.1716504544019699,1.0,0.7087919213492594,0.999890988372093,0.1,0.3,1.9
bfp16,16,grad,producer,5,2,10,0.021652976296164774,0.9928363636363636,0.04353269189596176,0.9887999892234802,0.011494101025164127,0.00559999980032444,0.15180054306983948,0.14751355350017548,1.0,0.705285489590034,0.9998913432276526,0.1,0.3,1.9
bfp16,16,grad,producer,5,2,11,0.020059765625,0.9935454545454545,0.04665042832493782,0.9889999628067017,0.00911120604723692,0.004799999762326479,0.1507447212934494,0.1452123522758484,1.0,0.7001767071187375,0.9998941820721293,0.1,0.3,1.9
bfp16,16,grad,producer,5,2,12,0.018576295055042612,0.9940727272727272,0.04042644053697586,0.9905999898910522,7.834005373297259e-05,0.00039999998989515007,0.04218965396285057,0.013203777372837067,1.0,0.6902721580067815,0.9998941820721293,0.1,0.3,1.9
bfp16,16,grad,producer,7,0,1,0.2427594637784091,0.9262545454545454,0.09118049591779709,0.9731999635696411,0.05497054383158684,0.024799998849630356,0.47625449299812317,0.47611477971076965,1.0,0.916939542121629,0.9999966643577398,0.2,0.3,2.4
bfp16,16,grad,producer,7,0,2,0.07838044211647727,0.9754727272727273,0.0737726092338562,0.9787999987602234,0.045974329113960266,0.019199999049305916,0.3967743515968323,0.39668625593185425,1.0,0.8744652812633206,0.9999964514444041,0.2,0.3,2.4
bfp16,16,grad,producer,7,0,3,0.06008469904119318,0.9814181818181819,0.06578397005796432,0.9821999669075012,0.027560586109757423,0.012399999424815178,0.33337274193763733,0.33326953649520874,1.0,0.858441171342251,0.9999958127043967,0.2,0.3,2.4
bfp16,16,grad,producer,7,0,4,0.049631072443181816,0.9848545454545454,0.05825859308242798,0.9835999608039856,0.020870016887784004,0.012399999424815178,0.31237488985061646,0.3123897910118103,1.0,0.8486716719624631,0.9999958127043967,0.2,0.3,2.4
bfp16,16,grad,producer,7,0,5,0.04458963955965909,0.9860909090909091,0.057659558951854706,0.9835999608039856,0.022896694019436836,0.011799999512732029,0.28283947706222534,0.28286340832710266,1.0,0.8423492405414331,0.9999960965888445,0.2,0.3,2.4
bfp16,16,grad,producer,7,0,6,0.03838744673295454,0.9876727272727273,0.05236722528934479,0.9878000020980835,0.01760650984942913,0.007799999788403511,0.2784733474254608,0.27850258350372314,1.0,0.8344977015238542,0.9999961675599564,0.2,0.3,2.4
bfp16,16,grad,producer,7,0,7,0.034906103515625,0.9892909090909091,0.05082472413778305,0.9860000014305115,0.014532811008393764,0.008999999612569809,0.2159319370985031,0.21593345701694489,1.0,0.8276850307371906,0.9999965933866279,0.2,0.3,2.4
bfp16,16,grad,producer,7,0,8,0.031146730735085226,0.9902545454545455,0.04750821366906166,0.986799955368042,0.011403553187847137,0.006599999964237213,0.2196047157049179,0.21960300207138062,1.0,0.8215834964093189,0.9999963095021802,0.2,0.3,2.4
bfp16,16,grad,producer,7,0,9,0.028584128639914774,0.9910363636363636,0.05541734769940376,0.9845999479293823,0.015403554774820805,0.010199999436736107,0.1814166158437729,0.1813981831073761,1.0,0.8179163631395185,0.9999963804732922,0.2,0.3,2.4
bfp16,16,grad,producer,7,0,10,0.026014539683948863,0.9919272727272728,0.06829074025154114,0.9809999465942383,0.035830412060022354,0.013199999928474426,0.203057199716568,0.20301495492458344,1.0,0.8160811185162701,0.9999964514444041,0.2,0.3,2.4
bfp16,16,grad,producer,7,0,11,0.023605619673295455,0.9926,0.051199257373809814,0.9857999682426453,0.01757323555648327,0.007599999662488699,0.17908799648284912,0.17889901995658875,1.0,0.8124904884756833,0.9999965933866279,0.2,0.3,2.4
bfp16,16,grad,producer,7,0,12,0.022514513050426135,0.9929272727272728,0.04752865061163902,0.9869999885559082,0.0001362167386105284,0.00139999995008111,0.019131937995553017,0.01741974614560604,1.0,0.8069339356159555,0.9999966643577398,0.2,0.3,2.4
bfp16,16,grad,producer,7,1,1,0.23471186079545456,0.9289454545454545,0.10332271456718445,0.9684000015258789,0.06340281665325165,0.027799999341368675,0.4662887454032898,0.4662932753562927,1.0,0.8896047080227476,0.9999970192132994,0.1,0.3,1.7
bfp16,16,grad,producer,7,1,2,0.07565848721590909,0.9768,0.07522149384021759,0.9787999987602234,0.05153309181332588,0.01979999989271164,0.40702521800994873,0.4070451855659485,1.0,0.8483960374079502,0.9999962385310683,0.1,0.3,1.7
bfp16,16,grad,producer,7,1,3,0.05810787464488636,0.9816,0.06835463643074036,0.9799999594688416,0.03198186308145523,0.016200000420212746,0.33856916427612305,0.338564932346344,1.0,0.8276844589268,0.9999961675599564,0.1,0.3,1.7
bfp16,16,grad,producer,7,1,4,0.04759709250710227,0.9851272727272727,0.06283162534236908,0.9817999601364136,0.026658497750759125,0.014399999752640724,0.344289094209671,0.3443012535572052,1.0,0.8179720231690286,0.9999960965888445,0.1,0.3,1.7
bfp16,16,grad,producer,7,1,5,0.040691206498579546,0.9874363636363637,0.05249149352312088,0.9851999878883362,0.025943240150809288,0.012600000016391277,0.28610244393348694,0.28611186146736145,1.0,0.8109439336481041,0.9999960256177326,0.1,0.3,1.7
bfp16,16,grad,producer,7,1,6,0.03645025523792614,0.9883636363636363,0.04950479045510292,0.9860000014305115,0.015460820868611336,0.009200000204145908,0.22872808575630188,0.22871768474578857,1.0,0.8000677745177726,0.9999961675599564,0.1,0.3,1.7
bfp16,16,grad,producer,7,1,7,0.03268460804332386,0.9897818181818182,0.04596199840307236,0.9873999953269958,0.018203778192400932,0.009800000116229057,0.24223048985004425,0.24220480024814606,1.0,0.7931066455657471,0.9999964514444041,0.1,0.3,1.7
bfp16,16,grad,producer,7,1,8,0.029632761452414773,0.9906363636363636,0.050036411732435226,0.9851999878883362,0.026465829461812973,0.011599999852478504,0.25623875856399536,0.2562561631202698,1.0,0.7846376693662709,0.9999965933866279,0.1,0.3,1.7
bfp16,16,grad,producer,7,1,9,0.027214222301136362,0.9912727272727273,0.061596691608428955,0.9829999804496765,0.026871291920542717,0.012600000016391277,0.21797791123390198,0.21794955432415009,1.0,0.78179103182117,0.9999964514444041,0.1,0.3,1.7
bfp16,16,grad,producer,7,1,10,0.02510562411221591,0.9919454545454546,0.0462932325899601,0.988599956035614,0.02330920100212097,0.009800000116229057,0.18294742703437805,0.18294638395309448,1.0,0.7765972882259247,0.9999968062999637,0.1,0.3,1.7
bfp16,16,grad,producer,7,1,11,0.022737595436789774,0.9927272727272727,0.053447362035512924,0.9851999878883362,0.021836241707205772,0.011599999852478504,0.1780311018228531,0.17794005572795868,1.0,0.7762774032890406,0.9999965933866279,0.1,0.3,1.7
bfp16,16,grad,producer,7,1,12,0.0199218017578125,0.9940727272727272,0.05027458816766739,0.9869999885559082,9.676023910287768e-05,0.0009999999310821295,0.014872269704937935,0.012809958308935165,1.0,0.7712240253399933,0.999996522415516,0.1,0.3,1.7
bfp16,16,grad,producer,7,2,1,0.2262874112215909,0.9313090909090909,0.0885692834854126,0.974399983882904,0.05154281482100487,0.019999999552965164,0.45586520433425903,0.4558414816856384,1.0,0.8886202439580888,0.9999968062999637,0.1,0.3,1.9
bfp16,16,grad,producer,7,2,2,0.071274609375,0.9775090909090909,0.06447307020425797,0.9813999533653259,0.028099974617362022,0.013399999588727951,0.35271090269088745,0.352660208940506,1.0,0.8506632442610861,0.9999958127043967,0.1,0.3,1.9
bfp16,16,grad,producer,7,2,3,0.05407321111505682,0.9834909090909091,0.0737638771533966,0.9783999919891357,0.04286002740263939,0.015799999237060547,0.3850525915622711,0.3851080536842346,1.0,0.8300962350800756,0.9999960256177326,0.1,0.3,1.9
bfp16,16,grad,producer,7,2,4,0.04415981001420455,0.9862727272727273,0.05924394354224205,0.9817999601364136,0.02519836090505123,0.012199999764561653,0.3122141659259796,0.31223955750465393,1.0,0.8181078474619579,0.999995670762173,0.1,0.3,1.9
bfp16,16,grad,producer,7,2,5,0.03808399325284091,0.9881636363636364,0.055834971368312836,0.98499995470047,0.022774094715714455,0.009999999776482582,0.287547767162323,0.2875884473323822,1.0,0.8106206758384792,0.9999959546466206,0.1,0.3,1.9
bfp16,16,grad,producer,7,2,6,0.03404012562144886,0.9892363636363637,0.05548681691288948,0.9845999479293823,0.01862548105418682,0.009599999524652958,0.24937394261360168,0.2493748664855957,1.0,0.801673083807976,0.9999962385310683,0.1,0.3,1.9
bfp16,16,grad,producer,7,2,7,0.02974633123224432,0.9905636363636363,0.04888897389173508,0.9871999621391296,0.01225938368588686,0.006799999624490738,0.19687946140766144,0.1968878209590912,1.0,0.8005331874204084,0.9999960965888445,0.1,0.3,1.9
bfp16,16,grad,producer,7,2,8,0.027044096235795456,0.9914909090909091,0.04544276371598244,0.988599956035614,0.009642968885600567,0.005799999926239252,0.1719965636730194,0.17198579013347626,1.0,0.7895170911622049,0.9999965933866279,0.1,0.3,1.9
bfp16,16,grad,producer,7,2,9,0.024659989790482954,0.9920909090909091,0.04247502237558365,0.9896000027656555,0.009348303079605103,0.005200000014156103,0.17283883690834045,0.17280924320220947,1.0,0.7869829303686942,0.9999964514444041,0.1,0.3,1.9
bfp16,16,grad,producer,7,2,10,0.021673326526988636,0.9927636363636364,0.04361012205481529,0.9887999892234802,0.01053684949874878,0.00559999980032444,0.14183811843395233,0.14169180393218994,1.0,0.7835324346231635,0.999996522415516,0.1,0.3,1.9
bfp16,16,grad,producer,7,2,11,0.020147050337357954,0.9936363636363637,0.04728914797306061,0.9891999959945679,0.009228873997926712,0.004999999888241291,0.1448824256658554,0.14461304247379303,1.0,0.7778891735578993,0.9999968062999637,0.1,0.3,1.9
bfp16,16,grad,producer,7,2,12,0.01870094327059659,0.994,0.04078467935323715,0.990399956703186,8.997366967378184e-05,0.00019999999494757503,0.0164947509765625,0.014661291614174843,1.0,0.7709796531609013,0.9999968062999637,0.1,0.3,1.9
bfp16,16,grad,producer,10,0,1,0.24283334517045455,0.926290909090909,0.09106950461864471,0.9733999967575073,0.054980698972940445,0.02459999918937683,0.47728231549263,0.47712576389312744,1.0,0.9589049389803618,1.0,0.2,0.3,2.4
bfp16,16,grad,producer,10,0,2,0.07840693359375,0.9754363636363637,0.07450415939092636,0.9785999655723572,0.04684453457593918,0.01939999870955944,0.39735838770866394,0.3972574770450592,1.0,0.9308540324878196,0.9999999290288881,0.2,0.3,2.4
bfp16,16,grad,producer,10,0,3,0.06007869318181818,0.9813272727272727,0.06555355340242386,0.9825999736785889,0.027303820475935936,0.012000000104308128,0.33465495705604553,0.3345448076725006,1.0,0.9183215500750281,1.0,0.2,0.3,2.4
bfp16,16,grad,producer,10,0,4,0.04957508877840909,0.9848727272727272,0.058081530034542084,0.9837999939918518,0.020886464044451714,0.012399999424815178,0.3124582767486572,0.31246381998062134,1.0,0.9108934292293657,0.9999999290288881,0.2,0.3,2.4
bfp16,16,grad,producer,10,0,5,0.04458560458096591,0.9859272727272728,0.05724351853132248,0.9839999675750732,0.022485489025712013,0.011399999260902405,0.28538480401039124,0.285399466753006,1.0,0.9064215480858001,0.9999999290288881,0.2,0.3,2.4
bfp16,16,grad,producer,10,0,6,0.03843921786221591,0.9877090909090909,0.05218411982059479,0.9878000020980835,0.017510054633021355,0.007799999788403511,0.2779340147972107,0.2779768407344818,1.0,0.9001082508244476,1.0,0.2,0.3,2.4
bfp16,16,grad,producer,10,0,7,0.034825696910511364,0.9893818181818181,0.050898872315883636,0.9863999485969543,0.014825170859694481,0.008599999360740185,0.21445301175117493,0.21444883942604065,1.0,0.8948116774305804,0.9999999290288881,0.2,0.3,2.4
bfp16,16,grad,producer,10,0,8,0.031184550337357956,0.9901818181818182,0.04744657129049301,0.9871999621391296,0.011516251601278782,0.006199999712407589,0.21866047382354736,0.21865445375442505,1.0,0.8888342440713654,0.9999999290288881,0.2,0.3,2.4
bfp16,16,grad,producer,10,0,9,0.028603167169744318,0.9911272727272727,0.05483492463827133,0.9851999878883362,0.014992578886449337,0.009599999524652958,0.17775583267211914,0.1777709424495697,1.0,0.8875876087522092,0.9999999290288881,0.2,0.3,2.4
bfp16,16,grad,producer,10,0,10,0.026059787819602272,0.9917636363636364,0.0668119341135025,0.9813999533653259,0.03451278433203697,0.012799999676644802,0.19900277256965637,0.19903630018234253,1.0,0.8847049777507905,0.9999999290288881,0.2,0.3,2.4
bfp16,16,grad,producer,10,0,11,0.023652552379261362,0.9926,0.050999321043491364,0.9857999682426453,0.017574328929185867,0.007599999662488699,0.17727825045585632,0.1772899329662323,1.0,0.8800394310163766,1.0,0.2,0.3,2.4
bfp16,16,grad,producer,10,0,12,0.02246582919034091,0.9928,0.04658178240060806,0.986799955368042,0.00018410202756058425,0.0015999999595806003,0.019740669056773186,0.019693974405527115,1.0,0.8750425825897022,1.0,0.2,0.3,2.4
bfp16,16,grad,producer,10,1,1,0.2347748934659091,0.9288,0.10349338501691818,0.9685999751091003,0.06338022649288177,0.02759999968111515,0.4657915234565735,0.4657959043979645,1.0,0.9411106244100768,0.9999999290288881,0.1,0.3,2.3
bfp16,16,grad,producer,10,1,2,0.07569157492897727,0.9768,0.07489714026451111,0.9783999919891357,0.05123000219464302,0.02019999921321869,0.40588605403900146,0.4059015214443207,1.0,0.9111451381625071,1.0,0.1,0.3,2.3
bfp16,16,grad,producer,10,1,3,0.058131640625,0.9817090909090909,0.06903388351202011,0.9803999662399292,0.03245416656136513,0.01599999889731407,0.3382680416107178,0.3382677435874939,1.0,0.8936984569821348,0.9999999290288881,0.1,0.3,2.3
bfp16,16,grad,producer,10,1,4,0.047626851029829546,0.9850909090909091,0.06297093629837036,0.9821999669075012,0.027075929567217827,0.0139999995008111,0.34553298354148865,0.3455502986907959,1.0,0.8861825507965598,0.9999999290288881,0.1,0.3,2.3
bfp16,16,grad,producer,10,1,5,0.040658979936079545,0.9874727272727273,0.05248771980404854,0.9855999946594238,0.026164932176470757,0.012199999764561653,0.2875116467475891,0.2875302731990814,1.0,0.8806685211348115,0.9999999290288881,0.1,0.3,2.3
bfp16,16,grad,producer,10,1,6,0.036514719460227274,0.9884363636363637,0.04942703619599342,0.9860000014305115,0.01569324918091297,0.009200000204145908,0.22813430428504944,0.2281421422958374,1.0,0.8708284157552314,0.9999999290288881,0.1,0.3,2.3
bfp16,16,grad,producer,10,1,7,0.032713489879261363,0.989909090909091,0.046101972460746765,0.9871999621391296,0.017882438376545906,0.009999999776482582,0.2405719757080078,0.24057769775390625,1.0,0.8654006786562017,0.9999999290288881,0.1,0.3,2.3
bfp16,16,grad,producer,10,1,8,0.029669040749289773,0.9905818181818182,0.04982573911547661,0.9851999878883362,0.026449525728821754,0.01119999960064888,0.2569187581539154,0.25695154070854187,1.0,0.8583847195588562,0.9999999290288881,0.1,0.3,2.3
bfp16,16,grad,producer,10,1,9,0.027246693004261364,0.9912545454545455,0.0612417608499527,0.983199954032898,0.025972746312618256,0.012199999764561653,0.21700772643089294,0.21703200042247772,1.0,0.8555433856789275,1.0,0.1,0.3,2.3
bfp16,16,grad,producer,10,1,10,0.02517494895241477,0.991909090909091,0.04636795073747635,0.9883999824523926,0.023371748626232147,0.009599999524652958,0.1846068799495697,0.18460603058338165,1.0,0.8501309347842558,0.9999999290288881,0.1,0.3,2.3
bfp16,16,grad,producer,10,1,11,0.02271446200284091,0.9928,0.05341913551092148,0.98499995470047,0.021842924878001213,0.011799999512732029,0.18089868128299713,0.18092724680900574,1.0,0.8493974820963048,1.0,0.1,0.3,2.3
bfp16,16,grad,producer,10,1,12,0.01989270907315341,0.9941636363636364,0.05061250180006027,0.986799955368042,9.69793982221745e-05,0.0007999999797903001,0.013576426543295383,0.013531262055039406,1.0,0.8457387289566578,0.9999999290288881,0.1,0.3,2.3
bfp16,16,grad,producer,10,2,1,0.22631109730113635,0.9313454545454546,0.088770791888237,0.9745999574661255,0.05177253112196922,0.02019999921321869,0.4553326666355133,0.4553012251853943,1.0,0.938507807088936,1.0,0.1,0.3,1.9
bfp16,16,grad,producer,10,2,2,0.07125068359375,0.9775454545454545,0.0646190419793129,0.9813999533653259,0.028346136212348938,0.013399999588727951,0.3529795706272125,0.3529079556465149,1.0,0.9115629487320784,0.9999999290288881,0.1,0.3,1.9
bfp16,16,grad,producer,10,2,3,0.0540822265625,0.9835636363636364,0.07396481931209564,0.9783999919891357,0.04313300549983978,0.015799999237060547,0.38496166467666626,0.3850075602531433,1.0,0.8956590726113222,0.9999999290288881,0.1,0.3,1.9
bfp16,16,grad,producer,10,2,4,0.044257004616477275,0.9862545454545455,0.05979013815522194,0.9815999865531921,0.025933360680937767,0.012399999424815178,0.316040575504303,0.31604450941085815,1.0,0.8868492658789094,0.9999999290288881,0.1,0.3,1.9
bfp16,16,grad,producer,10,2,5,0.03808955078125,0.9881090909090909,0.055226415395736694,0.9853999614715576,0.0222826786339283,0.009999999776482582,0.2892616093158722,0.28928110003471375,1.0,0.8788183510192561,0.9999999290288881,0.1,0.3,1.9
bfp16,16,grad,producer,10,2,6,0.03410356889204545,0.9892181818181818,0.055298253893852234,0.9843999743461609,0.01845684088766575,0.009599999524652958,0.24745142459869385,0.24738727509975433,1.0,0.8710293552376239,0.9999999290288881,0.1,0.3,1.9
bfp16,16,grad,producer,10,2,7,0.029784918767755682,0.9906,0.04845241829752922,0.9873999953269958,0.01210998184978962,0.006599999964237213,0.1956149786710739,0.19558152556419373,1.0,0.8683459283067939,0.9999999290288881,0.1,0.3,1.9
bfp16,16,grad,producer,10,2,8,0.027030138050426138,0.9915818181818182,0.045483268797397614,0.9889999628067017,0.009927977807819843,0.005399999674409628,0.174964040517807,0.17491105198860168,1.0,0.8596820016064696,0.9999999290288881,0.1,0.3,1.9
bfp16,16,grad,producer,10,2,9,0.024668590198863638,0.9922,0.04271366074681282,0.9893999695777893,0.009915977716445923,0.005399999674409628,0.17405636608600616,0.1740582138299942,1.0,0.8553836557008618,1.0,0.1,0.3,1.9
bfp16,16,grad,producer,10,2,10,0.021756736061789773,0.9926,0.0433364063501358,0.9889999628067017,0.010714412666857243,0.005399999674409628,0.14264461398124695,0.14266370236873627,1.0,0.8528659253482114,0.9999999290288881,0.1,0.3,1.9
bfp16,16,grad,producer,10,2,11,0.02012427423650568,0.9934909090909091,0.047194477170705795,0.988599956035614,0.009333105757832527,0.00559999980032444,0.14416314661502838,0.14416854083538055,1.0,0.8463317610244434,0.9999999290288881,0.1,0.3,1.9
bfp16,16,grad,producer,10,2,12,0.018647958096590908,0.9941454545454546,0.04083271324634552,0.9901999831199646,0.00010023779759649187,0.00039999998989515007,0.014301568269729614,0.014271453954279423,1.0,0.8398403748669299,1.0,0.1,0.3,1.9
bfp16,16,grad,producer,23,0,1,0.24283109019886365,0.9264181818181818,0.09120900928974152,0.9733999967575073,0.05510430783033371,0.02459999918937683,0.4766186475753784,0.476477712392807,1.0,1.0,1.0,0.2,0.3,2.4
bfp16,16,grad,producer,23,0,2,0.07846086647727273,0.9753090909090909,0.07300394028425217,0.9791999459266663,0.04512765258550644,0.018799999728798866,0.39912256598472595,0.3990183472633362,1.0,1.0,1.0,0.2,0.3,2.4
bfp16,16,grad,producer,23,0,3,0.06004430486505682,0.9813090909090909,0.06616856902837753,0.9819999933242798,0.028006773442029953,0.012600000016391277,0.3328981101512909,0.332785964012146,1.0,1.0,1.0,0.2,0.3,2.4
bfp16,16,grad,producer,23,0,4,0.04959545454545455,0.985,0.05842560529708862,0.9833999872207642,0.020992040634155273,0.012600000016391277,0.312664657831192,0.31267115473747253,1.0,1.0,1.0,0.2,0.3,2.4
bfp16,16,grad,producer,23,0,5,0.04455856711647727,0.9860909090909091,0.05841490626335144,0.9835999608039856,0.023774925619363785,0.012199999764561653,0.28561538457870483,0.2856258153915405,1.0,1.0,1.0,0.2,0.3,2.4
bfp16,16,grad,producer,23,0,6,0.038285542436079546,0.9877272727272727,0.051876477897167206,0.9879999756813049,0.017308136448264122,0.007599999662488699,0.27836108207702637,0.27840542793273926,1.0,1.0,1.0,0.2,0.3,2.4
bfp16,16,grad,producer,23,0,7,0.03472699307528409,0.9894,0.05119755119085312,0.986799955368042,0.014873496256768703,0.00839999970048666,0.21735429763793945,0.21734124422073364,1.0,1.0,1.0,0.2,0.3,2.4
bfp16,16,grad,producer,23,0,8,0.031181740500710226,0.9902,0.04757312685251236,0.9865999817848206,0.011680129915475845,0.005799999926239252,0.21685121953487396,0.21685051918029785,1.0,1.0,1.0,0.2,0.3,2.4
bfp16,16,grad,producer,23,0,9,0.02855105868252841,0.9911090909090909,0.055171556770801544,0.9855999946594238,0.015299712307751179,0.009599999524652958,0.1785118728876114,0.1785346418619156,1.0,1.0,1.0,0.2,0.3,2.4
bfp16,16,grad,producer,23,0,10,0.026069968483664774,0.9918,0.07065045088529587,0.9797999858856201,0.039036985486745834,0.014800000004470348,0.2058480679988861,0.20587585866451263,1.0,1.0,1.0,0.2,0.3,2.4
bfp16,16,grad,producer,23,0,11,0.023574132191051138,0.9925636363636363,0.051333826035261154,0.9861999750137329,0.01755663752555847,0.007199999876320362,0.1766272336244583,0.17664292454719543,1.0,1.0,1.0,0.2,0.3,2.4
bfp16,16,grad,producer,23,0,12,0.022408762428977273,0.992890909090909,0.046171728521585464,0.9873999953269958,0.00019253705977462232,0.0015999999595806003,0.021165547892451286,0.02113192528486252,1.0,1.0,1.0,0.2,0.3,2.4
bfp16,16,grad,producer,23,1,1,0.23474920099431817,0.9287454545454545,0.1030176505446434,0.968999981880188,0.06308533996343613,0.02719999849796295,0.4657555818557739,0.46575793623924255,1.0,1.0,1.0,0.1,0.3,2.3
bfp16,16,grad,producer,23,1,2,0.07578221768465909,0.9766545454545454,0.07502312958240509,0.9781999588012695,0.051258739084005356,0.020399998873472214,0.4065483510494232,0.40656182169914246,1.0,1.0,1.0,0.1,0.3,2.3
bfp16,16,grad,producer,23,1,3,0.05819650656960227,0.9816181818181818,0.06870440393686295,0.9799999594688416,0.03245025500655174,0.01679999940097332,0.33720308542251587,0.33719754219055176,1.0,1.0,1.0,0.1,0.3,2.3
bfp16,16,grad,producer,23,1,4,0.04767345969460227,0.9851090909090909,0.0629524290561676,0.9815999865531921,0.027086637914180756,0.014800000004470348,0.3465554416179657,0.3465721607208252,1.0,1.0,1.0,0.1,0.3,2.3
bfp16,16,grad,producer,23,1,5,0.04076198064630682,0.9873636363636363,0.05268370360136032,0.9855999946594238,0.026317168027162552,0.012199999764561653,0.288597047328949,0.28861725330352783,1.0,1.0,1.0,0.1,0.3,2.3
bfp16,16,grad,producer,23,1,6,0.03645108531605114,0.9884727272727273,0.04981207102537155,0.9861999750137329,0.015339773148298264,0.009399999864399433,0.22846029698848724,0.22846895456314087,1.0,1.0,1.0,0.1,0.3,2.3
bfp16,16,grad,producer,23,1,7,0.03272625399502841,0.989890909090909,0.04597192257642746,0.9873999953269958,0.01777343451976776,0.009599999524652958,0.24178582429885864,0.24179905652999878,1.0,1.0,1.0,0.1,0.3,2.3
bfp16,16,grad,producer,23,1,8,0.029694926313920456,0.9905454545454545,0.049997441470623016,0.98499995470047,0.026264479383826256,0.011799999512732029,0.25607064366340637,0.25610193610191345,1.0,1.0,1.0,0.1,0.3,2.3
bfp16,16,grad,producer,23,1,9,0.027241124378551137,0.9912727272727273,0.060838282108306885,0.9833999872207642,0.025287490338087082,0.012199999764561653,0.21369922161102295,0.21372132003307343,1.0,1.0,1.0,0.1,0.3,2.3
bfp16,16,grad,producer,23,1,10,0.025148566228693183,0.9918727272727272,0.04609882831573486,0.9887999892234802,0.022827904671430588,0.009599999524652958,0.18061348795890808,0.18061088025569916,1.0,1.0,1.0,0.1,0.3,2.3
bfp16,16,grad,producer,23,1,11,0.022743767755681817,0.9928727272727272,0.05364859476685524,0.9851999878883362,0.022023219615221024,0.01119999960064888,0.179009348154068,0.17903751134872437,1.0,1.0,1.0,0.1,0.3,2.3
bfp16,16,grad,producer,23,1,12,0.019917744584517047,0.9940363636363636,0.050293996930122375,0.9865999817848206,6.483449396910146e-05,0.0011999999405816197,0.011374374851584435,0.011338373646140099,1.0,1.0,1.0,0.1,0.3,2.3
bfp16,16,grad,producer,23,2,1,0.226296484375,0.9313818181818182,0.08853617310523987,0.9745999574661255,0.05155671387910843,0.02019999921321869,0.4556432068347931,0.4556124806404114,1.0,1.0,1.0,0.1,0.3,1.9
bfp16,16,grad,producer,23,2,2,0.07124643110795455,0.9776181818181818,0.06438728421926498,0.9817999601364136,0.028127824887633324,0.012999999336898327,0.35341528058052063,0.3533431887626648,1.0,1.0,1.0,0.1,0.3,1.9
bfp16,16,grad,producer,23,2,3,0.05406630415482955,0.9834545454545455,0.07390952855348587,0.9787999987602234,0.043130967766046524,0.015399999916553497,0.38701748847961426,0.3870670795440674,1.0,1.0,1.0,0.1,0.3,1.9
bfp16,16,grad,producer,23,2,4,0.04420711115056818,0.9863454545454545,0.05994013696908951,0.9811999797821045,0.02602643333375454,0.012799999676644802,0.3130066394805908,0.31302160024642944,1.0,1.0,1.0,0.1,0.3,1.9
bfp16,16,grad,producer,23,2,5,0.03813160511363636,0.9881090909090909,0.055449485778808594,0.9845999479293823,0.022421175613999367,0.010400000028312206,0.2868994176387787,0.2869223952293396,1.0,1.0,1.0,0.1,0.3,1.9
bfp16,16,grad,producer,23,2,6,0.03409660422585227,0.9892363636363637,0.05561285465955734,0.9845999479293823,0.018825707957148552,0.009399999864399433,0.24775950610637665,0.2477087676525116,1.0,1.0,1.0,0.1,0.3,1.9
bfp16,16,grad,producer,23,2,7,0.029717879971590908,0.9905818181818182,0.048523448407649994,0.9873999953269958,0.01211004238575697,0.006599999964237213,0.1967139095067978,0.1966625303030014,1.0,1.0,1.0,0.1,0.3,1.9
bfp16,16,grad,producer,23,2,8,0.026970583274147728,0.9915454545454545,0.045116737484931946,0.988599956035614,0.009644231759011745,0.006000000052154064,0.1733759045600891,0.17331840097904205,1.0,1.0,1.0,0.1,0.3,1.9
bfp16,16,grad,producer,23,2,9,0.024617311789772726,0.9922909090909091,0.0424150712788105,0.989799976348877,0.009640473872423172,0.00559999980032444,0.17497365176677704,0.17497718334197998,1.0,1.0,1.0,0.1,0.3,1.9
bfp16,16,grad,producer,23,2,10,0.02164490633877841,0.9927090909090909,0.04346747323870659,0.9889999628067017,0.010813300497829914,0.005399999674409628,0.1427370309829712,0.1427578330039978,1.0,1.0,1.0,0.1,0.3,1.9
bfp16,16,grad,producer,23,2,11,0.020103515625,0.9936,0.04708836227655411,0.9889999628067017,0.009181606583297253,0.004799999762326479,0.14422351121902466,0.14423108100891113,1.0,1.0,1.0,0.1,0.3,1.9
bfp16,16,grad,producer,23,2,12,0.01867456942471591,0.994,0.04037269949913025,0.9905999898910522,5.387382407207042e-05,0.00039999998989515007,0.01213412918150425,0.012099836952984333,1.0,1.0,1.0,0.1,0.3,1.9
bfp16,16,grad_sr,producer,1,0,1,0.24457610085227272,0.9266181818181818,0.09263081848621368,0.9731999635696411,0.05618686228990555,0.024000000208616257,0.47523728013038635,0.4749714732170105,1.0,0.5122466122811453,0.9546059541924056,0.2,0.4,2.4
bfp16,16,grad_sr,producer,1,0,2,0.07927936789772727,0.9750909090909091,0.07524372637271881,0.9783999919891357,0.04744672030210495,0.01979999989271164,0.40069180727005005,0.3996875584125519,1.0,0.4735324794996303,0.9557768355968387,0.2,0.4,2.4
bfp16,16,grad_sr,producer,1,0,3,0.06066743607954545,0.9809272727272728,0.06866755336523056,0.9803999662399292,0.029925597831606865,0.014999999664723873,0.3393319547176361,0.3357878029346466,1.0,0.4637701705868896,0.9560485130132631,0.2,0.4,2.4
bfp16,16,grad_sr,producer,1,0,4,0.04973744673295455,0.984909090909091,0.06024676561355591,0.9825999736785889,0.02299479953944683,0.013599999248981476,0.31227126717567444,0.3091844320297241,1.0,0.4573120756099094,0.9564334603243096,0.2,0.4,2.4
bfp16,16,grad_sr,producer,1,0,5,0.04467618075284091,0.9858,0.058273863047361374,0.9843999743461609,0.023260042071342468,0.011599999852478504,0.29029005765914917,0.28682833909988403,1.0,0.45244271048527523,0.9568639710892078,0.2,0.4,2.4
bfp16,16,grad_sr,producer,1,0,6,0.03892318892045454,0.9876363636363636,0.051989588886499405,0.9881999492645264,0.01663844846189022,0.007599999662488699,0.2714473009109497,0.26706886291503906,1.0,0.44939843209572705,0.9570222366687864,0.2,0.4,2.4
bfp16,16,grad_sr,producer,1,0,7,0.035181942471590906,0.9890363636363636,0.05296248942613602,0.9853999614715576,0.016943790018558502,0.009200000204145908,0.2247019112110138,0.2185489684343338,1.0,0.4448499669099208,0.9571912188862646,0.2,0.4,2.4
bfp16,16,grad_sr,producer,1,0,8,0.03136927379261364,0.9901272727272727,0.04820000007748604,0.9871999621391296,0.01227480173110962,0.006399999838322401,0.21892395615577698,0.21408317983150482,1.0,0.44243154065700907,0.9575240024300509,0.2,0.4,2.4
bfp16,16,grad_sr,producer,1,0,9,0.028943428178267047,0.9907454545454546,0.060401275753974915,0.9827999472618103,0.02072208561003208,0.012199999764561653,0.1992855817079544,0.19280387461185455,1.0,0.4400886290765341,0.9576618283293968,0.2,0.4,2.4
bfp16,16,grad_sr,producer,1,0,10,0.026355399946732954,0.9914363636363637,0.07337675988674164,0.9793999791145325,0.04207528382539749,0.016200000420212746,0.21500013768672943,0.20935606956481934,1.0,0.43790452299683125,0.9577100886855014,0.2,0.4,2.4
bfp16,16,grad_sr,producer,1,0,11,0.0239259521484375,0.9926727272727273,0.054210033267736435,0.9842000007629395,0.02049124985933304,0.009399999864399433,0.1978311985731125,0.1924763172864914,1.0,0.43642451719031483,0.9577621814816497,0.2,0.4,2.4
bfp16,16,grad_sr,producer,1,0,12,0.022689457563920455,0.9929454545454546,0.0468064546585083,0.9863999485969543,0.0018090737285092473,0.003399999812245369,0.07732344418764114,0.06549430638551712,1.0,0.43318730875647127,0.9581646586573401,0.2,0.4,2.4
bfp16,16,grad_sr,producer,1,1,1,0.23488803267045455,0.9286545454545454,0.10210917145013809,0.9691999554634094,0.06286361813545227,0.026200000196695328,0.47152987122535706,0.47149795293807983,1.0,0.4968128905566618,0.9553897591524346,0.1,0.3,1.5
bfp16,16,grad_sr,producer,1,1,2,0.0759100674715909,0.9766181818181818,0.07749412953853607,0.9775999784469604,0.05404600873589516,0.020800000056624413,0.41041088104248047,0.41021257638931274,1.0,0.4611957366921352,0.9554793246956759,0.1,0.3,1.5
bfp16,16,grad_sr,producer,1,1,3,0.05831825727982955,0.9817636363636364,0.06906512379646301,0.9791999459266663,0.03307965397834778,0.01640000008046627,0.3462243378162384,0.3458273410797119,1.0,0.4461905968259434,0.9558538392532704,0.1,0.3,1.5
bfp16,16,grad_sr,producer,1,1,4,0.04805868252840909,0.9851818181818182,0.06326308101415634,0.9815999865531921,0.02627815492451191,0.014599999412894249,0.34874093532562256,0.3479679822921753,1.0,0.4365908561173166,0.9561370139898255,0.1,0.3,1.5
bfp16,16,grad_sr,producer,1,1,5,0.04106999733664773,0.9869454545454546,0.05075182020664215,0.9857999682426453,0.024700026959180832,0.012199999764561653,0.28391650319099426,0.28300371766090393,1.0,0.4317501426053454,0.9565846997638081,0.1,0.3,1.5
bfp16,16,grad_sr,producer,1,1,6,0.036984517045454544,0.9883636363636363,0.04986046627163887,0.9871999621391296,0.017336197197437286,0.009399999864399433,0.2369714230298996,0.23589050769805908,1.0,0.4267025482016776,0.9566805107648982,0.1,0.3,1.5
bfp16,16,grad_sr,producer,1,1,7,0.033078682084517044,0.9900181818181818,0.04668497294187546,0.9878000020980835,0.018220333382487297,0.008999999612569809,0.23442943394184113,0.23336774110794067,1.0,0.42354280169749875,0.9568822816360828,0.1,0.3,1.5
bfp16,16,grad_sr,producer,1,1,8,0.030008012251420454,0.9904181818181819,0.04941099137067795,0.986799955368042,0.027177726849913597,0.010599999688565731,0.254507452249527,0.25319233536720276,1.0,0.4214911100468453,0.9574204555777617,0.1,0.3,1.5
bfp16,16,grad_sr,producer,1,1,9,0.0274063232421875,0.9911090909090909,0.05968723073601723,0.9837999939918518,0.025681639090180397,0.013399999588727951,0.22157293558120728,0.2203618884086609,1.0,0.4192638876625507,0.9573054823764535,0.1,0.3,1.5
bfp16,16,grad_sr,producer,1,1,10,0.0252440185546875,0.9918727272727272,0.044083043932914734,0.9881999492645264,0.0228478591889143,0.009999999776482582,0.1846049278974533,0.18219996988773346,1.0,0.41597961200293354,0.9575494810592297,0.1,0.3,1.5
bfp16,16,grad_sr,producer,1,1,11,0.0228145263671875,0.9926,0.052079472690820694,0.9853999614715576,0.02162797376513481,0.01119999960064888,0.18660806119441986,0.18458208441734314,1.0,0.4173146722681737,0.9574379144712936,0.1,0.3,1.5
bfp16,16,grad_sr,producer,1,1,12,0.02009766512784091,0.993909090909091,0.04890364781022072,0.9873999953269958,0.002207571640610695,0.002199999988079071,0.07456514984369278,0.06795033812522888,1.0,0.4148214226642971,0.9574391919513081,0.1,0.3,1.5
bfp16,16,grad_sr,producer,1,2,1,0.22724682173295455,0.9307818181818182,0.08844248950481415,0.9733999967575073,0.052003610879182816,0.02159999869763851,0.46007686853408813,0.45950794219970703,1.0,0.4974511269381057,0.9548332746638808,0.1,0.3,1.4
bfp16,16,grad_sr,producer,1,2,2,0.07095153142755682,0.9778,0.06342047452926636,0.9817999601364136,0.027366749942302704,0.012999999336898327,0.3563374876976013,0.35575366020202637,1.0,0.45847777203001144,0.9547678392986919,0.1,0.3,1.4
bfp16,16,grad_sr,producer,1,2,3,0.05391447531960227,0.9835272727272727,0.07273943722248077,0.9783999919891357,0.04255285486578941,0.016200000420212746,0.38713040947914124,0.3868657648563385,1.0,0.44575068242966875,0.955589968659157,0.1,0.3,1.4
bfp16,16,grad_sr,producer,1,2,4,0.044380872691761365,0.9860363636363636,0.05780770257115364,0.9827999472618103,0.024603798985481262,0.011799999512732029,0.3173828125,0.31659793853759766,1.0,0.4372741977320667,0.9560706560001817,0.1,0.3,1.4
bfp16,16,grad_sr,producer,1,2,5,0.038231574041193185,0.9880363636363636,0.05515257641673088,0.9851999878883362,0.02358015812933445,0.010799999348819256,0.30023521184921265,0.29948583245277405,1.0,0.43143639714392656,0.9563806578170422,0.1,0.3,1.4
bfp16,16,grad_sr,producer,1,2,6,0.0340843994140625,0.9893090909090909,0.054507385939359665,0.9847999811172485,0.018985921517014503,0.010199999436736107,0.25223276019096375,0.2500979006290436,1.0,0.42651770257017196,0.9570374244867369,0.1,0.3,1.4
bfp16,16,grad_sr,producer,1,2,7,0.029880450994318183,0.9904363636363637,0.048860643059015274,0.9871999621391296,0.012945113703608513,0.007199999876320362,0.20782016217708588,0.2041739523410797,1.0,0.4250344136924207,0.9567842705305233,0.1,0.3,1.4
bfp16,16,grad_sr,producer,1,2,8,0.027358944424715908,0.9911636363636364,0.043979670852422714,0.9883999824523926,0.009976090863347054,0.006199999712407589,0.19045788049697876,0.18718771636486053,1.0,0.41903325938651126,0.9575024981831395,0.1,0.3,1.4
bfp16,16,grad_sr,producer,1,2,9,0.024897403231534092,0.9921454545454546,0.04146953672170639,0.9891999959945679,0.010443635284900665,0.006199999712407589,0.18716950714588165,0.1848810762166977,1.0,0.41779144094749315,0.9578091643577398,0.1,0.3,1.4
bfp16,16,grad_sr,producer,1,2,10,0.021742737926136364,0.9927818181818182,0.04219581186771393,0.9901999831199646,0.011149880476295948,0.004799999762326479,0.1565583050251007,0.15265344083309174,1.0,0.41509277266366823,0.957839539993641,0.1,0.3,1.4
bfp16,16,grad_sr,producer,1,2,11,0.02030886896306818,0.9935272727272727,0.045837629586458206,0.9887999892234802,0.00960422120988369,0.004999999888241291,0.1517728865146637,0.14761602878570557,1.0,0.41368228717643823,0.9583564935728561,0.1,0.3,1.4
bfp16,16,grad_sr,producer,1,2,12,0.01878260165127841,0.9940363636363636,0.03943499177694321,0.990399956703186,0.0012137513840571046,0.001999999862164259,0.0673593133687973,0.05594296753406525,1.0,0.40807723377374744,0.9587653581486192,0.1,0.3,1.4
bfp16,16,grad_sr,producer,2,0,1,0.2438356356534091,0.9265454545454546,0.09186054766178131,0.9729999899864197,0.05535814166069031,0.02459999918937683,0.47524672746658325,0.47515109181404114,1.0,0.638269652049597,0.98718964332758,0.2,0.3,2.4
bfp16,16,grad_sr,producer,2,0,2,0.07880933948863636,0.9752909090909091,0.07243054360151291,0.9785999655723572,0.044080398976802826,0.019199999049305916,0.39659732580184937,0.3964785039424896,1.0,0.5891237032330614,0.9873880075853925,0.2,0.3,2.4
bfp16,16,grad_sr,producer,2,0,3,0.060254514382102276,0.9812,0.06787973642349243,0.9801999926567078,0.029157157987356186,0.014599999412894249,0.3377644717693329,0.33761537075042725,1.0,0.575838138716853,0.9874095828034157,0.2,0.3,2.4
bfp16,16,grad_sr,producer,2,0,4,0.04959952059659091,0.9851272727272727,0.058992017060518265,0.9833999872207642,0.02163897268474102,0.012399999424815178,0.3153105080127716,0.3151938319206238,1.0,0.5678138138542481,0.9875338532203852,0.2,0.3,2.4
bfp16,16,grad_sr,producer,2,0,5,0.044641938920454545,0.9860545454545454,0.059517376124858856,0.983199954032898,0.024867787957191467,0.012199999764561653,0.2938879430294037,0.2937736511230469,1.0,0.5620158379494449,0.9876079470612282,0.2,0.3,2.4
bfp16,16,grad_sr,producer,2,0,6,0.038417640269886366,0.9877636363636364,0.05285056680440903,0.9869999885559082,0.01743960566818714,0.00839999970048666,0.27615419030189514,0.2759624123573303,1.0,0.5595728295851284,0.9876696919285974,0.2,0.3,2.4
bfp16,16,grad_sr,producer,2,0,7,0.03478211780894886,0.9892,0.05327041074633598,0.9857999682426453,0.01793769933283329,0.009200000204145908,0.2186657190322876,0.21841050684452057,1.0,0.554568542309512,0.9877152553824491,0.2,0.3,2.4
bfp16,16,grad_sr,producer,2,0,8,0.030991299715909092,0.9904363636363637,0.048033326864242554,0.9873999953269958,0.011957787908613682,0.006199999712407589,0.21560704708099365,0.21527521312236786,1.0,0.5503027735953252,0.9878308673237646,0.2,0.3,2.4
bfp16,16,grad_sr,producer,2,0,9,0.028561634410511363,0.9910909090909091,0.057580895721912384,0.9837999939918518,0.017744842916727066,0.011599999852478504,0.18423829972743988,0.18385529518127441,1.0,0.5476055492341335,0.9879031868868096,0.2,0.3,2.4
bfp16,16,grad_sr,producer,2,0,10,0.0259861328125,0.991890909090909,0.07076650112867355,0.9805999994277954,0.038655951619148254,0.014800000004470348,0.2060028612613678,0.2054106891155243,1.0,0.5466135431200128,0.9879628735919331,0.2,0.3,2.4
bfp16,16,grad_sr,producer,2,0,11,0.023612917258522728,0.9924909090909091,0.05425461381673813,0.9851999878883362,0.021047057583928108,0.009599999524652958,0.1893424540758133,0.18856601417064667,1.0,0.5443433340600126,0.9879899135855741,0.2,0.3,2.4
bfp16,16,grad_sr,producer,2,0,12,0.022442782315340908,0.9928181818181818,0.046762458980083466,0.9865999817848206,0.0010833584237843752,0.0031999999191612005,0.048603665083646774,0.046267662197351456,1.0,0.5399502812334949,0.9881462629451309,0.2,0.3,2.4
bfp16,16,grad_sr,producer,2,1,1,0.23552253196022727,0.9288909090909091,0.1025431677699089,0.968999981880188,0.06289650499820709,0.027400000020861626,0.46341773867607117,0.4634076654911041,1.0,0.6131763567058606,0.9873355599336846,0.1,0.3,1.5
bfp16,16,grad_sr,producer,2,1,2,0.07586221590909091,0.976690909090909,0.07628562301397324,0.9785999655723572,0.05257835611701012,0.020399998873472214,0.4087684452533722,0.4087129831314087,1.0,0.5708031625352359,0.987342231218205,0.1,0.3,1.5
bfp16,16,grad_sr,producer,2,1,3,0.05853898703835227,0.9815090909090909,0.06820015609264374,0.9797999858856201,0.03271353617310524,0.01679999940097332,0.34179940819740295,0.3417055308818817,1.0,0.5541102741493505,0.9874306612236555,0.1,0.3,1.5
bfp16,16,grad_sr,producer,2,1,4,0.047853395774147725,0.9850727272727273,0.06432369351387024,0.9807999730110168,0.028239507228136063,0.014999999664723873,0.3446717858314514,0.3445540964603424,1.0,0.5435878126724761,0.9875249818313954,0.1,0.3,1.5
bfp16,16,grad_sr,producer,2,1,5,0.041035777698863636,0.9870909090909091,0.05255745351314545,0.9853999614715576,0.02619018778204918,0.012799999676644802,0.2855587899684906,0.2854619324207306,1.0,0.539217787207254,0.9875330015670422,0.1,0.3,1.5
bfp16,16,grad_sr,producer,2,1,6,0.03685586825284091,0.9884363636363637,0.05006822571158409,0.9857999682426453,0.01648770458996296,0.009599999524652958,0.23383770883083344,0.23362717032432556,1.0,0.5327168066873521,0.9877065259356831,0.1,0.3,1.5
bfp16,16,grad_sr,producer,2,1,7,0.033134013227982956,0.9896545454545455,0.046149641275405884,0.9871999621391296,0.0178841520100832,0.009800000116229057,0.23573708534240723,0.23548544943332672,1.0,0.5282268607672592,0.9877172425735828,0.1,0.3,1.5
bfp16,16,grad_sr,producer,2,1,8,0.030012047230113637,0.9907090909090909,0.05024779587984085,0.9860000014305115,0.02720053680241108,0.011399999260902405,0.2594347298145294,0.25922685861587524,1.0,0.5245808982826076,0.9878483971884084,0.1,0.3,1.5
bfp16,16,grad_sr,producer,2,1,9,0.027691195401278408,0.9911272727272727,0.05896425619721413,0.9837999939918518,0.0238527562469244,0.012000000104308128,0.21820835769176483,0.2179434597492218,1.0,0.5228880544318637,0.9878142600835755,0.1,0.3,1.5
bfp16,16,grad_sr,producer,2,1,10,0.025424090021306817,0.9918363636363636,0.0451660081744194,0.9875999689102173,0.022578712552785873,0.009800000116229057,0.182181254029274,0.18175490200519562,1.0,0.5193649046643137,0.9878982898800872,0.1,0.3,1.5
bfp16,16,grad_sr,producer,2,1,11,0.022909423828125,0.9927272727272727,0.05444924905896187,0.98499995470047,0.022176507860422134,0.011399999260902405,0.18462970852851868,0.18417909741401672,1.0,0.5199502450453455,0.987897580168968,0.1,0.3,1.5
bfp16,16,grad_sr,producer,2,1,12,0.02030284978693182,0.9937636363636364,0.049229297786951065,0.9873999953269958,0.000754807551857084,0.0011999999405816197,0.04297638311982155,0.040701624006032944,1.0,0.5176706460091973,0.9878948832667152,0.1,0.3,1.5
bfp16,16,grad_sr,producer,2,2,1,0.2268107599431818,0.9309454545454545,0.08851773291826248,0.974399983882904,0.05149000883102417,0.020399998873472214,0.45726820826530457,0.4571801722049713,1.0,0.6133835483639544,0.9871940435365189,0.1,0.3,1.8
bfp16,16,grad_sr,producer,2,2,2,0.0711455655184659,0.9774545454545455,0.06508425623178482,0.9811999797821045,0.028658553957939148,0.013399999588727951,0.354622483253479,0.3544684052467346,1.0,0.5697088455544842,0.98719482421875,0.1,0.3,1.8
bfp16,16,grad_sr,producer,2,2,3,0.054102991832386364,0.9836,0.07212720066308975,0.9787999987602234,0.04130707308650017,0.015399999916553497,0.3864700198173523,0.38649478554725647,1.0,0.5534033498736238,0.9873963112054869,0.1,0.3,1.8
bfp16,16,grad_sr,producer,2,2,4,0.044298845880681816,0.9862363636363637,0.05890180543065071,0.9824000000953674,0.024417711421847343,0.012199999764561653,0.3138800859451294,0.3138059377670288,1.0,0.5434829445997897,0.9875124199445857,0.1,0.3,1.8
bfp16,16,grad_sr,producer,2,2,5,0.038133101029829544,0.9880727272727273,0.055066730827093124,0.9855999946594238,0.022133735939860344,0.009399999864399433,0.28830617666244507,0.28823983669281006,1.0,0.5374720277178607,0.9876203670058139,0.1,0.3,1.8
bfp16,16,grad_sr,producer,2,2,6,0.0340109130859375,0.9892909090909091,0.05586304888129234,0.9845999479293823,0.019168248400092125,0.009599999524652958,0.25025567412376404,0.25000259280204773,1.0,0.530072530116288,0.9877440696538881,0.1,0.3,1.8
bfp16,16,grad_sr,producer,2,2,7,0.029775958806818183,0.9907090909090909,0.04908386990427971,0.9871999621391296,0.01251061912626028,0.007199999876320362,0.2002217322587967,0.19982050359249115,1.0,0.5280737802428207,0.987727604355923,0.1,0.3,1.8
bfp16,16,grad_sr,producer,2,2,8,0.027176884321732955,0.9914545454545455,0.04450088366866112,0.9889999628067017,0.009330295957624912,0.005200000014156103,0.17986822128295898,0.179470494389534,1.0,0.5191705960389177,0.9880052433457486,0.1,0.3,1.8
bfp16,16,grad_sr,producer,2,2,9,0.02484127752130682,0.9922545454545455,0.04296630248427391,0.9891999959945679,0.010521898977458477,0.006199999712407589,0.17758099734783173,0.17725194990634918,1.0,0.5178240747566546,0.9879953073900799,0.1,0.3,1.8
bfp16,16,grad_sr,producer,2,2,10,0.02172135564630682,0.9925272727272727,0.042563483119010925,0.989799976348877,0.010144169442355633,0.004600000102072954,0.14362215995788574,0.14323101937770844,1.0,0.5144155880397218,0.988010992005814,0.1,0.3,1.8
bfp16,16,grad_sr,producer,2,2,11,0.020358349609375,0.9934,0.04617604613304138,0.9891999959945679,0.008653427474200726,0.004399999976158142,0.14339685440063477,0.14268268644809723,1.0,0.510860238460263,0.9881706060365189,0.1,0.3,1.8
bfp16,16,grad_sr,producer,2,2,12,0.01876806640625,0.9939272727272728,0.04057902842760086,0.9905999898910522,0.00041244100430049,0.0017999999690800905,0.03683782368898392,0.03280845284461975,1.0,0.5054287278258057,0.988302115506904,0.1,0.3,1.8
bfp16,16,grad_sr,producer,3,0,1,0.24310365767045455,0.9267090909090909,0.09074067324399948,0.9729999899864197,0.05467037111520767,0.02419999986886978,0.4771787226200104,0.4770471453666687,1.0,0.7357457851919145,0.9966033225835755,0.2,0.3,2.4
bfp16,16,grad_sr,producer,3,0,2,0.07845150923295455,0.9754545454545455,0.07287661731243134,0.9789999723434448,0.04486355558037758,0.01899999938905239,0.39673295617103577,0.39657071232795715,1.0,0.6817365569297525,0.9966243300327035,0.2,0.3,2.4
bfp16,16,grad_sr,producer,3,0,3,0.06013811257102273,0.9813090909090909,0.06597473472356796,0.9819999933242798,0.027875490486621857,0.012600000016391277,0.3334505558013916,0.33315905928611755,1.0,0.6652882364583941,0.9966232654660248,0.2,0.3,2.4
bfp16,16,grad_sr,producer,3,0,4,0.04954944957386364,0.985,0.05782987177371979,0.9842000007629395,0.02089518867433071,0.011599999852478504,0.3092995584011078,0.3091506063938141,1.0,0.6542224789688413,0.9966478924418605,0.2,0.3,2.4
bfp16,16,grad_sr,producer,3,0,5,0.04463467684659091,0.985909090909091,0.05701837316155434,0.9842000007629395,0.022650664672255516,0.011599999852478504,0.2862108051776886,0.2860039472579956,1.0,0.6480299512572713,0.9966451955396075,0.2,0.3,2.4
bfp16,16,grad_sr,producer,3,0,6,0.03840654740767045,0.9877636363636364,0.05047915130853653,0.9873999953269958,0.01558718178421259,0.007400000002235174,0.27138081192970276,0.2712330222129822,1.0,0.6427186799709967,0.9966690418332123,0.2,0.3,2.4
bfp16,16,grad_sr,producer,3,0,7,0.03483384232954546,0.9892,0.051485780626535416,0.9855999946594238,0.015563403256237507,0.009800000116229057,0.21481828391551971,0.21434561908245087,1.0,0.6381344792683359,0.9966881330623183,0.2,0.3,2.4
bfp16,16,grad_sr,producer,3,0,8,0.031072893732244318,0.9902181818181818,0.04689745977520943,0.9869999885559082,0.011528716422617435,0.006199999712407589,0.21696454286575317,0.21659338474273682,1.0,0.6342572762418937,0.9967244702716206,0.2,0.3,2.4
bfp16,16,grad_sr,producer,3,0,9,0.028617194158380682,0.9911454545454546,0.054408054798841476,0.9851999878883362,0.015590975992381573,0.009599999524652958,0.18607571721076965,0.1857282966375351,1.0,0.6309293372207172,0.9967437034429506,0.2,0.3,2.4
bfp16,16,grad_sr,producer,3,0,10,0.026108396218039773,0.9919818181818182,0.06674154102802277,0.9815999865531921,0.034634679555892944,0.013399999588727951,0.2026604413986206,0.2023952454328537,1.0,0.6302671849343123,0.996749452103016,0.2,0.3,2.4
bfp16,16,grad_sr,producer,3,0,11,0.023489426491477273,0.9927090909090909,0.05127941817045212,0.9853999614715576,0.017933238297700882,0.007999999448657036,0.17879053950309753,0.178449809551239,1.0,0.6273075123585969,0.9967783373455669,0.2,0.3,2.4
bfp16,16,grad_sr,producer,3,0,12,0.022556980202414773,0.9928,0.04599873721599579,0.9873999953269958,0.0005905667203478515,0.0017999999690800905,0.035936735570430756,0.03462916612625122,1.0,0.6229224388037079,0.9967996286791424,0.2,0.3,2.4
bfp16,16,grad_sr,producer,3,1,1,0.23432359730113636,0.9286909090909091,0.10168738663196564,0.9695999622344971,0.06203563138842583,0.026399999856948853,0.46510282158851624,0.46510976552963257,1.0,0.703577277725561,0.9966128327125727,0.1,0.3,1.5
bfp16,16,grad_sr,producer,3,1,2,0.07560370205965909,0.9770181818181818,0.07449101656675339,0.9787999987602234,0.05087471008300781,0.019999999552965164,0.404493123292923,0.4044862687587738,1.0,0.6583422071498455,0.9965947350790334,0.1,0.3,1.5
bfp16,16,grad_sr,producer,3,1,3,0.058320698686079545,0.9816909090909091,0.06878281384706497,0.9797999858856201,0.03300084173679352,0.01719999872148037,0.3394497334957123,0.33942314982414246,1.0,0.6409072256451748,0.9966140392214753,0.1,0.3,1.5
bfp16,16,grad_sr,producer,3,1,4,0.047739466441761365,0.9850545454545454,0.06274750083684921,0.9817999601364136,0.026461217552423477,0.0142000000923872,0.34426575899124146,0.3442314565181732,1.0,0.6301649520431313,0.9966207814771075,0.1,0.3,1.5
bfp16,16,grad_sr,producer,3,1,5,0.040859326171875,0.9873818181818181,0.05254802107810974,0.9853999614715576,0.025736497715115547,0.012399999424815178,0.2810553014278412,0.28102168440818787,1.0,0.6231655290471791,0.9966371758039607,0.1,0.3,1.5
bfp16,16,grad_sr,producer,3,1,6,0.03663210893110795,0.9882909090909091,0.04963354766368866,0.9863999485969543,0.015475445427000523,0.008799999952316284,0.22673481702804565,0.22658593952655792,1.0,0.6144506213397238,0.9966750034066134,0.1,0.3,1.5
bfp16,16,grad_sr,producer,3,1,7,0.032958132102272726,0.9898727272727272,0.046197228133678436,0.9873999953269958,0.01786194182932377,0.009599999524652958,0.23778767883777618,0.23758649826049805,1.0,0.6103213124068874,0.9966811778933503,0.1,0.3,1.5
bfp16,16,grad_sr,producer,3,1,8,0.029794078480113638,0.9906363636363636,0.05045774206519127,0.9853999614715576,0.02682683616876602,0.011399999260902405,0.25680190324783325,0.2567256987094879,1.0,0.6055784415201817,0.9967126180959303,0.1,0.3,1.5
bfp16,16,grad_sr,producer,3,1,9,0.027485673384232953,0.9913818181818181,0.060353729873895645,0.9835999608039856,0.026064952835440636,0.012399999424815178,0.21819548308849335,0.21797294914722443,1.0,0.603106985873926,0.9967061597247456,0.1,0.3,1.5
bfp16,16,grad_sr,producer,3,1,10,0.025252854225852273,0.9919272727272728,0.04578334838151932,0.988599956035614,0.022799601778388023,0.009399999864399433,0.18150627613067627,0.18140344321727753,1.0,0.598818751452168,0.996738096725109,0.1,0.3,1.5
bfp16,16,grad_sr,producer,3,1,11,0.022888252397017046,0.9927636363636364,0.05363493040204048,0.9843999743461609,0.021929973736405373,0.012399999424815178,0.17926666140556335,0.17893750965595245,1.0,0.5992448724388862,0.9967141794603924,0.1,0.3,1.5
bfp16,16,grad_sr,producer,3,1,12,0.02013559348366477,0.9940181818181818,0.051132719963788986,0.9861999750137329,0.0003043414617422968,0.0009999999310821295,0.02760228142142296,0.02502376027405262,1.0,0.5972083784123666,0.9967248960982922,0.1,0.3,1.5
bfp16,16,grad_sr,producer,3,2,1,0.2265875887784091,0.9314181818181818,0.08817107230424881,0.9747999906539917,0.05127720907330513,0.02019999921321869,0.4553900957107544,0.4553467333316803,1.0,0.7058731028847468,0.9965901929278707,0.1,0.3,1.8
bfp16,16,grad_sr,producer,3,2,2,0.07118264825994318,0.9777454545454546,0.06391595304012299,0.9819999933242798,0.02766517549753189,0.012799999676644802,0.3534379005432129,0.35332736372947693,1.0,0.6600453932870025,0.996558539811955,0.1,0.3,1.8
bfp16,16,grad_sr,producer,3,2,3,0.05401229137073864,0.9835454545454545,0.07221222668886185,0.9783999919891357,0.04154551774263382,0.015799999237060547,0.3860398828983307,0.3860677480697632,1.0,0.641461754499798,0.9966053097747093,0.1,0.3,1.8
bfp16,16,grad_sr,producer,3,2,4,0.044148055752840906,0.9862909090909091,0.058818165212869644,0.9817999601364136,0.02496074140071869,0.012199999764561653,0.3143044114112854,0.3142961859703064,1.0,0.6287846807495472,0.9966333433639172,0.1,0.3,1.8
bfp16,16,grad_sr,producer,3,2,5,0.038139595170454545,0.9881090909090909,0.05496090650558472,0.9847999811172485,0.022310715168714523,0.010400000028312206,0.2896851897239685,0.2896904945373535,1.0,0.6215726916939158,0.9966384532839753,0.1,0.3,1.8
bfp16,16,grad_sr,producer,3,2,6,0.03401718084161932,0.9891818181818182,0.05508217588067055,0.9847999811172485,0.018448684364557266,0.009800000116229057,0.24695999920368195,0.2468097060918808,1.0,0.6139041238634318,0.9966712419376816,0.1,0.3,1.8
bfp16,16,grad_sr,producer,3,2,7,0.02972759454900568,0.9905454545454545,0.04875880479812622,0.9873999953269958,0.012405657209455967,0.00699999975040555,0.1973080039024353,0.19714850187301636,1.0,0.6117564730065432,0.9966696096021076,0.1,0.3,1.8
bfp16,16,grad_sr,producer,3,2,8,0.02708448819247159,0.9914363636363637,0.04472174122929573,0.9883999824523926,0.00949004851281643,0.005799999926239252,0.1758074313402176,0.17563854157924652,1.0,0.6026168605004412,0.9967234057049419,0.1,0.3,1.8
bfp16,16,grad_sr,producer,3,2,9,0.024688190252130683,0.9923272727272727,0.04218441620469093,0.989799976348877,0.009509744122624397,0.005799999926239252,0.1755061149597168,0.1754053831100464,1.0,0.6004489413734659,0.9967298640761264,0.1,0.3,1.8
bfp16,16,grad_sr,producer,3,2,10,0.02166109952059659,0.9927272727272727,0.04262448102235794,0.9896000027656555,0.010309982113540173,0.004799999762326479,0.14034965634346008,0.14023102819919586,1.0,0.5970228277503564,0.996727593000545,0.1,0.3,1.8
bfp16,16,grad_sr,producer,3,2,11,0.020123408647017046,0.9935636363636363,0.046672217547893524,0.9889999628067017,0.009028403088450432,0.005200000014156103,0.142129585146904,0.14196711778640747,1.0,0.5931756028589289,0.9967745049055232,0.1,0.3,1.8
bfp16,16,grad_sr,producer,3,2,12,0.018759761186079544,0.993890909090909,0.040298666805028915,0.9901999831199646,0.0002747057587839663,0.0009999999310821295,0.024835942313075066,0.023451300337910652,1.0,0.5852369605910954,0.996784298918968,0.1,0.3,1.8
bfp16,16,grad_sr,producer,4,0,1,0.2427918146306818,0.9263454545454546,0.0916278287768364,0.9731999635696411,0.05527312308549881,0.024799998849630356,0.4760614037513733,0.47587162256240845,1.0,0.8069346540722608,0.9991157709166061,0.2,0.4,2.4
bfp16,16,grad_sr,producer,4,0,2,0.07845577059659091,0.9754727272727273,0.07391956448554993,0.9785999655723572,0.04626739025115967,0.01939999870955944,0.3969653844833374,0.3967742323875427,1.0,0.7533029764450119,0.9991127901299055,0.2,0.4,2.4
bfp16,16,grad_sr,producer,4,0,3,0.06011303267045454,0.9813454545454545,0.06561269611120224,0.9821999669075012,0.027467168867588043,0.012399999424815178,0.33351993560791016,0.333219051361084,1.0,0.7365656949206774,0.9991075382676236,0.2,0.4,2.4
bfp16,16,grad_sr,producer,4,0,4,0.04955187766335227,0.984909090909091,0.05786212906241417,0.9842000007629395,0.020682573318481445,0.011799999512732029,0.3093191385269165,0.3092242479324341,1.0,0.7258011397883827,0.9991082479787428,0.2,0.4,2.4
bfp16,16,grad_sr,producer,4,0,5,0.04463398881392045,0.9860363636363636,0.05731528252363205,0.9842000007629395,0.02273070625960827,0.011599999852478504,0.2843388319015503,0.28423425555229187,1.0,0.7194422551836578,0.9991094544876453,0.2,0.4,2.4
bfp16,16,grad_sr,producer,4,0,6,0.03843240855823864,0.9876727272727273,0.05220039188861847,0.9875999689102173,0.01725570671260357,0.007999999448657036,0.27530568838119507,0.2752426266670227,1.0,0.7149893724064327,0.9991130740143532,0.2,0.4,2.4
bfp16,16,grad_sr,producer,4,0,7,0.0348565185546875,0.9894181818181819,0.051170967519283295,0.9863999485969543,0.014920756220817566,0.008599999360740185,0.2158382087945938,0.21557393670082092,1.0,0.7099915138350023,0.9991190355877544,0.2,0.4,2.4
bfp16,16,grad_sr,producer,4,0,8,0.031109681285511365,0.9900727272727273,0.047676295042037964,0.9873999953269958,0.011591361835598946,0.006199999712407589,0.21953868865966797,0.21935077011585236,1.0,0.7044931342138021,0.9991276940634084,0.2,0.4,2.4
bfp16,16,grad_sr,producer,4,0,9,0.028665223277698864,0.9910363636363636,0.055903755128383636,0.9845999479293823,0.015823474153876305,0.010199999436736107,0.17850397527217865,0.17831583321094513,1.0,0.7012544409350662,0.9991339395212573,0.2,0.4,2.4
bfp16,16,grad_sr,producer,4,0,10,0.026069608931107956,0.9918727272727272,0.06817399710416794,0.9809999465942383,0.0358409583568573,0.013599999248981476,0.20099613070487976,0.20092086493968964,1.0,0.6999692178016638,0.9991347202034884,0.2,0.4,2.4
bfp16,16,grad_sr,producer,4,0,11,0.023706198952414773,0.9925272727272727,0.05154600739479065,0.9855999946594238,0.01822919212281704,0.007400000002235174,0.1818874329328537,0.18186452984809875,1.0,0.6974155422073676,0.9991401140079942,0.2,0.4,2.4
bfp16,16,grad_sr,producer,4,0,12,0.022543055308948862,0.9928,0.04694988578557968,0.9865999817848206,0.0001773349504219368,0.0009999999310821295,0.019708238542079926,0.019162815064191818,1.0,0.6924600616764464,0.9991473530614099,0.2,0.4,2.4
bfp16,16,grad_sr,producer,4,1,1,0.2345772549715909,0.9288181818181818,0.10321352630853653,0.9685999751091003,0.06315019726753235,0.02759999968111515,0.46539321541786194,0.46540796756744385,1.0,0.7739965993761913,0.9991222292877907,0.1,0.3,2.3
bfp16,16,grad_sr,producer,4,1,2,0.07567052556818182,0.9767636363636364,0.07565391808748245,0.9781999588012695,0.05215859413146973,0.020399998873472214,0.40753069519996643,0.4075608253479004,1.0,0.7278072164864249,0.9991098803143169,0.1,0.3,2.3
bfp16,16,grad_sr,producer,4,1,3,0.05819418057528409,0.9818363636363636,0.06850805878639221,0.9801999926567078,0.03180243819952011,0.016200000420212746,0.3382408916950226,0.33824819326400757,1.0,0.7079050182113558,0.9991083189498546,0.1,0.3,2.3
bfp16,16,grad_sr,producer,4,1,4,0.04768905362215909,0.9850727272727273,0.06308305263519287,0.9821999669075012,0.02704905904829502,0.0139999995008111,0.3466552793979645,0.3466622233390808,1.0,0.6967576311239114,0.9991084608920785,0.1,0.3,2.3
bfp16,16,grad_sr,producer,4,1,5,0.04068943980823864,0.9874545454545455,0.052883680909872055,0.9857999682426453,0.025965867564082146,0.012000000104308128,0.2854909896850586,0.2855058014392853,1.0,0.689869677620986,0.9991100222565407,0.1,0.3,2.3
bfp16,16,grad_sr,producer,4,1,6,0.036455615234375,0.9883818181818181,0.04946810007095337,0.9857999682426453,0.01563238352537155,0.009399999864399433,0.22867803275585175,0.22866742312908173,1.0,0.6805977177451675,0.9991147773210393,0.1,0.3,2.3
bfp16,16,grad_sr,producer,4,1,7,0.032710680042613634,0.9899272727272728,0.04618187993764877,0.9869999885559082,0.018232153728604317,0.009999999776482582,0.24397772550582886,0.2439422607421875,1.0,0.6758115948136598,0.999116764512173,0.1,0.3,2.3
bfp16,16,grad_sr,producer,4,1,8,0.02970289639559659,0.9905454545454545,0.05035293102264404,0.9851999878883362,0.02723212167620659,0.012000000104308128,0.2581031918525696,0.25809526443481445,1.0,0.6698436206068819,0.999130674850109,0.1,0.3,2.3
bfp16,16,grad_sr,producer,4,1,9,0.02731226473721591,0.9911636363636364,0.06105251610279083,0.9833999872207642,0.025999432429671288,0.012199999764561653,0.21591219305992126,0.21586446464061737,1.0,0.6668392985100724,0.9991302490234375,0.1,0.3,2.3
bfp16,16,grad_sr,producer,4,1,10,0.025146513227982954,0.9919636363636364,0.04667046666145325,0.9883999824523926,0.023124955594539642,0.009599999524652958,0.18169312179088593,0.18169859051704407,1.0,0.6622436406167729,0.999140255950218,0.1,0.3,2.3
bfp16,16,grad_sr,producer,4,1,11,0.022756400923295454,0.9928363636363636,0.05339003726840019,0.98499995470047,0.02188018523156643,0.011799999512732029,0.1777624934911728,0.17766979336738586,1.0,0.6626662857715041,0.9991357847701672,0.1,0.3,2.3
bfp16,16,grad_sr,producer,4,1,12,0.01998271484375,0.9940727272727272,0.05079326033592224,0.9863999485969543,0.00015311992319766432,0.0007999999797903001,0.018792981281876564,0.017252808436751366,1.0,0.6598801708610785,0.9991418173146802,0.1,0.3,2.3
bfp16,16,grad_sr,producer,4,2,1,0.226371875,0.9311818181818182,0.08843759447336197,0.9745999574661255,0.051515087485313416,0.020399998873472214,0.4563204348087311,0.45628952980041504,1.0,0.7759524654539912,0.9991147063499273,0.1,0.3,1.9
bfp16,16,grad_sr,producer,4,2,2,0.07121563387784091,0.9776,0.06433168798685074,0.9815999865531921,0.0281157698482275,0.012999999336898327,0.35387855768203735,0.3538200855255127,1.0,0.7325963980851531,0.9990966796875,0.1,0.3,1.9
bfp16,16,grad_sr,producer,4,2,3,0.05406221147017046,0.9834727272727273,0.07297051697969437,0.9785999655723572,0.04220705106854439,0.015599999576807022,0.38431233167648315,0.38436296582221985,1.0,0.7117164436662285,0.9991042735964752,0.1,0.3,1.9
bfp16,16,grad_sr,producer,4,2,4,0.044154261363636364,0.9863636363636363,0.05966680869460106,0.9821999669075012,0.025681566447019577,0.012199999764561653,0.31379419565200806,0.31381726264953613,1.0,0.698121774517327,0.9991076802098474,0.1,0.3,1.9
bfp16,16,grad_sr,producer,4,2,5,0.03814006125710227,0.987890909090909,0.0557602122426033,0.98499995470047,0.022818585857748985,0.010599999688565731,0.2875252068042755,0.2875542938709259,1.0,0.6892639726601509,0.9991105190543241,0.1,0.3,1.9
bfp16,16,grad_sr,producer,4,2,6,0.0340466552734375,0.9892,0.054458677768707275,0.9845999479293823,0.01786523498594761,0.009399999864399433,0.2474677711725235,0.2474624514579773,1.0,0.6811847580213508,0.99911591285883,0.1,0.3,1.9
bfp16,16,grad_sr,producer,4,2,7,0.029746229137073865,0.9905818181818182,0.048900116235017776,0.9871999621391296,0.012297509238123894,0.007199999876320362,0.19369153678417206,0.19366295635700226,1.0,0.6789474044639693,0.9991161967432776,0.1,0.3,1.9
bfp16,16,grad_sr,producer,4,2,8,0.027051420454545453,0.9915090909090909,0.044950004667043686,0.988599956035614,0.009554294869303703,0.005799999926239252,0.17485161125659943,0.17478981614112854,1.0,0.6694715697651937,0.9991330168968023,0.1,0.3,1.9
bfp16,16,grad_sr,producer,4,2,9,0.02459356134588068,0.9922,0.04259868711233139,0.9893999695777893,0.0097107645124197,0.00559999980032444,0.17397330701351166,0.17393401265144348,1.0,0.6669356116535693,0.9991325910701309,0.1,0.3,1.9
bfp16,16,grad_sr,producer,4,2,10,0.021659521484375,0.9925636363636363,0.04315647482872009,0.9891999959945679,0.010581270791590214,0.005200000014156103,0.14188967645168304,0.14177662134170532,1.0,0.6648085171060191,0.999129752225654,0.1,0.3,1.9
bfp16,16,grad_sr,producer,4,2,11,0.020079154829545455,0.9935090909090909,0.046519335359334946,0.9889999628067017,0.008844771422445774,0.004799999762326479,0.14168407022953033,0.14152446389198303,1.0,0.6592547223721096,0.9991529597792514,0.1,0.3,1.9
bfp16,16,grad_sr,producer,4,2,12,0.01870142489346591,0.9940363636363636,0.040480077266693115,0.990399956703186,7.579972589155659e-05,0.0005999999702908099,0.014785457402467728,0.014010351151227951,1.0,0.6513271297381011,0.9991538114325945,0.1,0.3,1.9
bfp16,16,grad_sr,producer,5,0,1,0.2428411221590909,0.9263454545454546,0.0914226695895195,0.9729999899864197,0.055066678673028946,0.02499999850988388,0.4757637679576874,0.4755933880805969,1.0,0.8590341771805455,0.9997739570085392,0.2,0.4,2.4
bfp16,16,grad_sr,producer,5,0,2,0.07839952947443182,0.9754181818181819,0.07424724102020264,0.9787999987602234,0.046671196818351746,0.019199999049305916,0.39711159467697144,0.3969660699367523,1.0,0.8078640204452336,0.9997718988462936,0.2,0.4,2.4
bfp16,16,grad_sr,producer,5,0,3,0.06006868341619318,0.9813090909090909,0.06605687737464905,0.9824000000953674,0.027745971456170082,0.012199999764561653,0.3345213830471039,0.33432480692863464,1.0,0.7895942016627174,0.9997684922329215,0.2,0.4,2.4
bfp16,16,grad_sr,producer,5,0,4,0.049611083984375,0.9848363636363636,0.05798102915287018,0.9837999939918518,0.02081895060837269,0.012199999764561653,0.3124571442604065,0.31243452429771423,1.0,0.778051415824215,0.9997696987418241,0.2,0.4,2.4
bfp16,16,grad_sr,producer,5,0,5,0.04465296075994318,0.986,0.05768579617142677,0.9837999939918518,0.023267609998583794,0.012000000104308128,0.28547510504722595,0.2854408025741577,1.0,0.7711860630420639,0.9997685632040334,0.2,0.4,2.4
bfp16,16,grad_sr,producer,5,0,6,0.038427618963068184,0.9878545454545454,0.052018024027347565,0.9878000020980835,0.01745862141251564,0.008200000040233135,0.2774623930454254,0.2774876654148102,1.0,0.7656270125361175,0.9997709762218386,0.2,0.4,2.4
bfp16,16,grad_sr,producer,5,0,7,0.03497069202769886,0.9893272727272727,0.05147639289498329,0.9865999817848206,0.015692686662077904,0.008799999952316284,0.21885372698307037,0.21878917515277863,1.0,0.7616425456804757,0.9997722537018532,0.2,0.4,2.4
bfp16,16,grad_sr,producer,5,0,8,0.031219315962357955,0.9903272727272727,0.04741247743368149,0.9869999885559082,0.011425863020122051,0.006199999712407589,0.21872688829898834,0.21865801513195038,1.0,0.755068633902256,0.999774169921875,0.2,0.4,2.4
bfp16,16,grad_sr,producer,5,0,9,0.02875158913352273,0.9910909090909091,0.0551174022257328,0.98499995470047,0.014959584921598434,0.009800000116229057,0.17279453575611115,0.17276374995708466,1.0,0.7526610601637609,0.999774169921875,0.2,0.4,2.4
bfp16,16,grad_sr,producer,5,0,10,0.02614775168678977,0.9918,0.06862028688192368,0.9809999465942383,0.03620666265487671,0.013599999248981476,0.20184703171253204,0.2018473893404007,1.0,0.7497716417322711,0.9997758732285611,0.2,0.4,2.4
bfp16,16,grad_sr,producer,5,0,11,0.023726429332386365,0.9925454545454545,0.05107978731393814,0.9857999682426453,0.017790477722883224,0.00699999975040555,0.1785811185836792,0.1785946488380432,1.0,0.7461300152465937,0.9997768668241279,0.2,0.4,2.4
bfp16,16,grad_sr,producer,5,0,12,0.022554454456676136,0.9926727272727273,0.046346064656972885,0.986799955368042,0.00026644233730621636,0.0015999999595806003,0.022700542584061623,0.02250799350440502,1.0,0.7409915045090782,0.9997787830441497,0.2,0.4,2.4
bfp16,16,grad_sr,producer,5,1,1,0.23443318536931818,0.9285454545454546,0.10350822657346725,0.9681999683380127,0.06348663568496704,0.02759999968111515,0.4643426835536957,0.4643479883670807,1.0,0.8269162073076585,0.9997744538063227,0.1,0.3,2.3
bfp16,16,grad_sr,producer,5,1,2,0.07555145596590909,0.9768181818181818,0.0746445581316948,0.9787999987602234,0.05095076933503151,0.01979999989271164,0.4050230085849762,0.40504175424575806,1.0,0.781242743434312,0.999768918059593,0.1,0.3,2.3
bfp16,16,grad_sr,producer,5,1,3,0.05819894353693182,0.9818181818181818,0.06860718131065369,0.9803999662399292,0.032585520297288895,0.016200000420212746,0.3394543528556824,0.3394473195075989,1.0,0.7609937622497143,0.9997690600018169,0.1,0.3,2.3
bfp16,16,grad_sr,producer,5,1,4,0.04762414328835227,0.9851272727272727,0.0631135031580925,0.9821999669075012,0.027057945728302002,0.014399999752640724,0.34420743584632874,0.34420904517173767,1.0,0.7501349579320209,0.9997694148573765,0.1,0.3,2.3
bfp16,16,grad_sr,producer,5,1,5,0.040729283558238634,0.9872909090909091,0.05263651907444,0.9857999682426453,0.02581414207816124,0.012399999424815178,0.2841413915157318,0.28415390849113464,1.0,0.743542754125311,0.9997692729151526,0.1,0.3,2.3
bfp16,16,grad_sr,producer,5,1,6,0.03659900124289773,0.9883818181818181,0.04927048459649086,0.9861999750137329,0.015690550208091736,0.009200000204145908,0.22921541333198547,0.22920815646648407,1.0,0.735126176788717,0.9997711181640625,0.1,0.3,2.3
bfp16,16,grad_sr,producer,5,1,7,0.03275319602272727,0.9898727272727272,0.045970771461725235,0.9873999953269958,0.01786293275654316,0.009800000116229057,0.24142645299434662,0.2414143681526184,1.0,0.728333020888148,0.9997717569040697,0.1,0.3,2.3
bfp16,16,grad_sr,producer,5,1,8,0.029738922674005682,0.9904909090909091,0.0499148964881897,0.98499995470047,0.02657526545226574,0.011799999512732029,0.2573266625404358,0.25734663009643555,1.0,0.7212382374693673,0.9997743828352108,0.1,0.3,2.3
bfp16,16,grad_sr,producer,5,1,9,0.02736153009588068,0.9910909090909091,0.06163698062300682,0.983199954032898,0.026465605944395065,0.012799999676644802,0.2207496613264084,0.2207581251859665,1.0,0.718374371702191,0.9997725375863009,0.1,0.3,2.3
bfp16,16,grad_sr,producer,5,1,10,0.025214040305397728,0.9918181818181818,0.04669754207134247,0.9879999756813049,0.02364431321620941,0.009999999776482582,0.18199284374713898,0.18200242519378662,1.0,0.7134344561553985,0.9997760151707848,0.1,0.3,2.3
bfp16,16,grad_sr,producer,5,1,11,0.022732091175426135,0.9927454545454546,0.054540809243917465,0.9847999811172485,0.022223977372050285,0.012000000104308128,0.1806153953075409,0.18062569200992584,1.0,0.7142380424337971,0.9997752344885538,0.1,0.3,2.3
bfp16,16,grad_sr,producer,5,1,12,0.020050239701704546,0.9940181818181818,0.05085770785808563,0.986799955368042,0.0001545923441881314,0.0005999999702908099,0.017214903607964516,0.016861898824572563,1.0,0.7114115030312573,0.9997754474018895,0.1,0.3,2.3
bfp16,16,grad_sr,producer,5,2,1,0.22643059303977273,0.9313818181818182,0.08839122205972672,0.974399983882904,0.05149708688259125,0.020600000396370888,0.4570351243019104,0.45699527859687805,1.0,0.8275937978103217,0.9997730343840843,0.1,0.3,1.9
bfp16,16,grad_sr,producer,5,2,2,0.07128203568892046,0.9776363636363636,0.06454494595527649,0.9817999601364136,0.028280621394515038,0.012999999336898327,0.3524201810359955,0.352328360080719,1.0,0.7845527135152544,0.9997658663017805,0.1,0.3,1.9
bfp16,16,grad_sr,producer,5,2,3,0.05411820401278409,0.9834363636363637,0.07365626096725464,0.9783999919891357,0.043097540736198425,0.015799999237060547,0.38500550389289856,0.38505029678344727,1.0,0.7631821363367156,0.9997670728106831,0.1,0.3,1.9
bfp16,16,grad_sr,producer,5,2,4,0.04427120028409091,0.9863090909090909,0.05907002091407776,0.9821999669075012,0.025233564898371696,0.012199999764561653,0.31329411268234253,0.31329283118247986,1.0,0.7504255748549729,0.9997675696084666,0.1,0.3,1.9
bfp16,16,grad_sr,producer,5,2,5,0.03818262606534091,0.9880363636363636,0.05567357316613197,0.9843999743461609,0.022766955196857452,0.010400000028312206,0.28878411650657654,0.28878912329673767,1.0,0.7428990073981319,0.9997679954351381,0.1,0.3,1.9
bfp16,16,grad_sr,producer,5,2,6,0.03410342684659091,0.9892363636363637,0.055419307202100754,0.9847999811172485,0.018517469987273216,0.009200000204145908,0.24585290253162384,0.2457762062549591,1.0,0.7346261036161773,0.9997694858284883,0.1,0.3,1.9
bfp16,16,grad_sr,producer,5,2,7,0.029723612837357954,0.9905272727272727,0.04863966256380081,0.9869999885559082,0.011974026449024677,0.00699999975040555,0.19563785195350647,0.19556865096092224,1.0,0.7330502086327273,0.999768918059593,0.1,0.3,1.9
bfp16,16,grad_sr,producer,5,2,8,0.02704020330255682,0.9914727272727273,0.04488744959235191,0.9887999892234802,0.009465018287301064,0.005399999674409628,0.17604723572731018,0.17597079277038574,1.0,0.7237591895113523,0.9997722537018532,0.1,0.3,1.9
bfp16,16,grad_sr,producer,5,2,9,0.024609998668323863,0.9922727272727273,0.04212474822998047,0.989799976348877,0.009406877681612968,0.005399999674409628,0.17709249258041382,0.1770857721567154,1.0,0.7200512186549942,0.9997740279796512,0.1,0.3,1.9
bfp16,16,grad_sr,producer,5,2,10,0.02164623357599432,0.9928363636363636,0.0433943010866642,0.9887999892234802,0.010504113510251045,0.00559999980032444,0.14164233207702637,0.14163586497306824,1.0,0.7165000702786277,0.9997734602107559,0.1,0.3,1.9
bfp16,16,grad_sr,producer,5,2,11,0.020123947975852274,0.9935636363636363,0.04699956998229027,0.9887999892234802,0.00902633834630251,0.004799999762326479,0.1433725357055664,0.14338210225105286,1.0,0.7112649266040268,0.9997795637263808,0.1,0.3,1.9
bfp16,16,grad_sr,producer,5,2,12,0.01862901278409091,0.9941090909090909,0.04054725542664528,0.9901999831199646,0.00011265059583820403,0.00039999998989515007,0.01738748326897621,0.01721050776541233,1.0,0.7028559211544502,0.9997789249863736,0.1,0.3,1.9
bfp16,16,grad_sr,producer,7,0,1,0.24289323508522728,0.9262545454545454,0.09104227274656296,0.973800003528595,0.055023156106472015,0.02419999986886978,0.47714221477508545,0.4769884943962097,1.0,0.9203663640468809,0.9999873671420785,0.2,0.3,2.4
bfp16,16,grad_sr,producer,7,0,2,0.07843803267045454,0.9754909090909091,0.07476801425218582,0.9783999919891357,0.047421202063560486,0.019600000232458115,0.3978408873081207,0.39774248003959656,1.0,0.8806863775551134,0.9999858057776163,0.2,0.3,2.4
bfp16,16,grad_sr,producer,7,0,3,0.060105504261363636,0.9813090909090909,0.06552879512310028,0.9827999472618103,0.02721375599503517,0.011799999512732029,0.3339052200317383,0.3337656855583191,1.0,0.8651557360562603,0.9999853799509447,0.2,0.3,2.4
bfp16,16,grad_sr,producer,7,0,4,0.049616850142045456,0.9848363636363636,0.05827084183692932,0.9835999608039856,0.020890070125460625,0.012399999424815178,0.3121839463710785,0.3121834099292755,1.0,0.855269320786753,0.999985167037609,0.2,0.3,2.4
bfp16,16,grad_sr,producer,7,0,5,0.04460709339488637,0.9860363636363636,0.05775429680943489,0.9839999675750732,0.0229943934828043,0.011799999512732029,0.28543561697006226,0.2854328751564026,1.0,0.8489758348628181,0.9999853089798328,0.2,0.3,2.4
bfp16,16,grad_sr,producer,7,0,6,0.03844640891335227,0.9878,0.05240660905838013,0.9873999953269958,0.017626501619815826,0.007799999788403511,0.27656444907188416,0.27660396695137024,1.0,0.8432311690955702,0.9999843863553779,0.2,0.3,2.4
bfp16,16,grad_sr,producer,7,0,7,0.034900319602272724,0.9892363636363637,0.05106374993920326,0.9860000014305115,0.014751888811588287,0.008599999360740185,0.2136281281709671,0.21359121799468994,1.0,0.8381711586884968,0.9999855218931686,0.2,0.3,2.4
bfp16,16,grad_sr,producer,7,0,8,0.031234987571022728,0.9902909090909091,0.04757533594965935,0.9863999485969543,0.011539597995579243,0.005799999926239252,0.21884088218212128,0.21882928907871246,1.0,0.8323523187980628,0.999985238008721,0.2,0.3,2.4
bfp16,16,grad_sr,producer,7,0,9,0.02867936345880682,0.9910909090909091,0.05523857846856117,0.9847999811172485,0.015313003212213516,0.009999999776482582,0.1741970032453537,0.17420445382595062,1.0,0.828460013422344,0.9999853799509447,0.2,0.3,2.4
bfp16,16,grad_sr,producer,7,0,10,0.02618046875,0.9917818181818182,0.06843693554401398,0.9811999797821045,0.036459024995565414,0.013399999588727951,0.20098455250263214,0.20101681351661682,1.0,0.825801913974267,0.9999856638353924,0.2,0.3,2.4
bfp16,16,grad_sr,producer,7,0,11,0.023750048828125,0.9924545454545455,0.0510607548058033,0.9855999946594238,0.01772914081811905,0.007199999876320362,0.1781110316514969,0.17813435196876526,1.0,0.8208419402077424,0.9999862316042878,0.2,0.3,2.4
bfp16,16,grad_sr,producer,7,0,12,0.022584623579545455,0.9927272727272727,0.04652547091245651,0.986799955368042,0.0001384961506118998,0.0009999999310821295,0.01609957218170166,0.016054460778832436,1.0,0.8153117657707649,0.999986941315407,0.2,0.3,2.4
bfp16,16,grad_sr,producer,7,1,1,0.23459437144886364,0.9286363636363636,0.10337074846029282,0.968999981880188,0.06332147121429443,0.02719999849796295,0.46535563468933105,0.46535950899124146,1.0,0.8947934395230086,0.9999871542287427,0.1,0.3,2.3
bfp16,16,grad_sr,producer,7,1,2,0.07565535333806818,0.9767272727272728,0.0757208913564682,0.9787999987602234,0.05226728320121765,0.01979999989271164,0.407525897026062,0.4075433611869812,1.0,0.8551892062452675,0.9999860896620639,0.1,0.3,2.3
bfp16,16,grad_sr,producer,7,1,3,0.05814493963068182,0.9818727272727272,0.06818612664937973,0.9801999926567078,0.032032694667577744,0.016200000420212746,0.34136027097702026,0.341357558965683,1.0,0.8348709655807078,0.9999859477198401,0.1,0.3,2.3
bfp16,16,grad_sr,producer,7,1,4,0.04760700905539773,0.9851090909090909,0.06281731277704239,0.9824000000953674,0.026993416249752045,0.013799999840557575,0.3432508111000061,0.34326475858688354,1.0,0.8250388217304652,0.9999853799509447,0.1,0.3,2.3
bfp16,16,grad_sr,producer,7,1,5,0.04068858309659091,0.9873818181818181,0.052178166806697845,0.9853999614715576,0.025818664580583572,0.012399999424815178,0.28763487935066223,0.28765377402305603,1.0,0.8183937352572201,0.9999853089798328,0.1,0.3,2.3
bfp16,16,grad_sr,producer,7,1,6,0.036509803355823864,0.9883090909090909,0.049286484718322754,0.9863999485969543,0.01530408300459385,0.009200000204145908,0.22883091866970062,0.22883792221546173,1.0,0.8073948463778596,0.9999858057776163,0.1,0.3,2.3
bfp16,16,grad_sr,producer,7,1,7,0.03272674893465909,0.9897818181818182,0.04624180868268013,0.9871999621391296,0.018250219523906708,0.009800000116229057,0.24542777240276337,0.2454352229833603,1.0,0.8017423604741705,0.9999853089798328,0.1,0.3,2.3
bfp16,16,grad_sr,producer,7,1,8,0.02967881747159091,0.9906545454545455,0.05008385702967644,0.9851999878883362,0.026822099462151527,0.011599999852478504,0.25946059823036194,0.25948861241340637,1.0,0.7946374689179967,0.9999862316042878,0.1,0.3,2.3
bfp16,16,grad_sr,producer,7,1,9,0.02725625887784091,0.9912545454545455,0.062085047364234924,0.9829999804496765,0.027257414534687996,0.012799999676644802,0.220287024974823,0.220309317111969,1.0,0.7914207210534557,0.9999856638353924,0.1,0.3,2.3
bfp16,16,grad_sr,producer,7,1,10,0.025167378373579546,0.9919818181818182,0.04631306231021881,0.9889999628067017,0.0236725602298975,0.009399999864399433,0.18200671672821045,0.18199129402637482,1.0,0.7856006478023668,0.9999870832576309,0.1,0.3,2.3
bfp16,16,grad_sr,producer,7,1,11,0.022792857776988636,0.9928181818181818,0.05363655835390091,0.98499995470047,0.022453926503658295,0.011799999512732029,0.18005649745464325,0.1800837367773056,1.0,0.7859215100749891,0.9999864445176235,0.1,0.3,2.3
bfp16,16,grad_sr,producer,7,1,12,0.019911634410511362,0.9942,0.05009625107049942,0.9863999485969543,0.00014377670595422387,0.0007999999797903001,0.015913333743810654,0.015883037820458412,1.0,0.7816514243782771,0.9999865154887355,0.1,0.3,2.3
bfp16,16,grad_sr,producer,7,2,1,0.2262825994318182,0.9313818181818182,0.08848952502012253,0.974399983882904,0.05147702619433403,0.020399998873472214,0.45509999990463257,0.4550664722919464,1.0,0.8930583367098667,0.9999858767487282,0.1,0.3,1.9
bfp16,16,grad_sr,producer,7,2,2,0.07120924183238636,0.9776181818181818,0.0641249418258667,0.9817999601364136,0.027705742046236992,0.012999999336898327,0.3529823422431946,0.35291287302970886,1.0,0.8567904911453753,0.999984244413154,0.1,0.3,1.9
bfp16,16,grad_sr,producer,7,2,3,0.05404531693892045,0.9835272727272727,0.0743434801697731,0.9785999655723572,0.04350581020116806,0.015599999576807022,0.3866453766822815,0.38669294118881226,1.0,0.8383437958796326,0.9999841024709303,0.1,0.3,1.9
bfp16,16,grad_sr,producer,7,2,4,0.04418495649857954,0.9864181818181819,0.0595693476498127,0.9819999933242798,0.025448909029364586,0.012000000104308128,0.31118184328079224,0.31120383739471436,1.0,0.8275811146745152,0.9999840314998183,0.1,0.3,1.9
bfp16,16,grad_sr,producer,7,2,5,0.038109956498579546,0.987909090909091,0.055271074175834656,0.98499995470047,0.02220800705254078,0.009999999776482582,0.2881198227405548,0.28814634680747986,1.0,0.8202860609234487,0.9999845992687136,0.1,0.3,1.9
bfp16,16,grad_sr,producer,7,2,6,0.03405981889204546,0.9892545454545455,0.0558895505964756,0.9845999479293823,0.018993960693478584,0.009599999524652958,0.2486751824617386,0.248610720038414,1.0,0.8112446514916816,0.999984244413154,0.1,0.3,1.9
bfp16,16,grad_sr,producer,7,2,7,0.029756880326704545,0.9906545454545455,0.04880395531654358,0.9871999621391296,0.012110118754208088,0.006799999624490738,0.19450616836547852,0.1944562792778015,1.0,0.8087570151356346,0.9999859477198401,0.1,0.3,1.9
bfp16,16,grad_sr,producer,7,2,8,0.027018053089488635,0.9914181818181819,0.04549603909254074,0.9887999892234802,0.009798301383852959,0.00559999980032444,0.1736653447151184,0.17359010875225067,1.0,0.7981111829255231,0.9999855218931686,0.1,0.3,1.9
bfp16,16,grad_sr,producer,7,2,9,0.024641199840198864,0.9922727272727273,0.04222743585705757,0.9893999695777893,0.009323722682893276,0.00559999980032444,0.17528924345970154,0.17529641091823578,1.0,0.7940346597835943,0.999986018690952,0.1,0.3,1.9
bfp16,16,grad_sr,producer,7,2,10,0.0217125244140625,0.9925636363636363,0.04328733682632446,0.9891999959945679,0.010386514477431774,0.004999999888241291,0.1407996118068695,0.14081785082817078,1.0,0.7914494203473905,0.9999860896620639,0.1,0.3,1.9
bfp16,16,grad_sr,producer,7,2,11,0.020192975408380682,0.9934727272727273,0.047200772911310196,0.9889999628067017,0.009247121401131153,0.004799999762326479,0.1436828374862671,0.143686905503273,1.0,0.7844503401884019,0.9999867284020713,0.1,0.3,1.9
bfp16,16,grad_sr,producer,7,2,12,0.018671331232244317,0.9940363636363636,0.040719788521528244,0.990399956703186,0.00011507754970807582,0.0005999999702908099,0.015749633312225342,0.015708094462752342,1.0,0.777563821637546,0.9999872251998546,0.1,0.3,1.9
bfp16,16,grad_sr,producer,10,0,1,0.24284069602272726,0.9263636363636364,0.09089189767837524,0.973800003528595,0.05485086515545845,0.02419999986886978,0.4776477813720703,0.4775047302246094,1.0,0.9607461117864939,0.9999999290288881,0.2,0.4,2.4
bfp16,16,grad_sr,producer,10,0,2,0.07837621626420455,0.9754,0.074689120054245,0.9785999655723572,0.04731343314051628,0.01939999870955944,0.3979942202568054,0.3978900611400604,1.0,0.9344054105208347,0.9999999290288881,0.2,0.4,2.4
bfp16,16,grad_sr,producer,10,0,3,0.06006725852272727,0.9811090909090909,0.06578879058361053,0.9824000000953674,0.027445776388049126,0.012199999764561653,0.33303186297416687,0.3329296112060547,1.0,0.9231691613029247,0.9999999290288881,0.2,0.4,2.4
bfp16,16,grad_sr,producer,10,0,4,0.04956687677556818,0.9847090909090909,0.05805349722504616,0.9837999939918518,0.02046780101954937,0.012000000104308128,0.3129478991031647,0.31295108795166016,1.0,0.9152145748851439,0.9999999290288881,0.2,0.4,2.4
bfp16,16,grad_sr,producer,10,0,5,0.04464620028409091,0.9861272727272727,0.058245789259672165,0.9837999939918518,0.02338944561779499,0.012000000104308128,0.28577595949172974,0.28578832745552063,1.0,0.9100337219770708,0.9999999290288881,0.2,0.4,2.4
bfp16,16,grad_sr,producer,10,0,6,0.038369074041193184,0.9878181818181818,0.05239789932966232,0.9875999689102173,0.017748352140188217,0.007599999662488699,0.2771270275115967,0.27716776728630066,1.0,0.904314685449077,0.9999999290288881,0.2,0.4,2.4
bfp16,16,grad_sr,producer,10,0,7,0.03488134543678977,0.9892727272727273,0.05100233107805252,0.9863999485969543,0.014859558083117008,0.008599999360740185,0.2174568474292755,0.21745972335338593,1.0,0.8997611104692584,0.9999999290288881,0.2,0.4,2.4
bfp16,16,grad_sr,producer,10,0,8,0.031209825550426135,0.9902545454545455,0.04764402657747269,0.9865999817848206,0.011564468033611774,0.006399999838322401,0.21905101835727692,0.21906405687332153,1.0,0.8929042188787235,0.9999999290288881,0.2,0.4,2.4
bfp16,16,grad_sr,producer,10,0,9,0.02861435324928977,0.9910181818181818,0.055328596383333206,0.98499995470047,0.015022736974060535,0.009800000116229057,0.17982040345668793,0.17983782291412354,1.0,0.890000091714157,0.9999999290288881,0.2,0.4,2.4
bfp16,16,grad_sr,producer,10,0,10,0.026158203125,0.9917090909090909,0.06958241015672684,0.9807999730110168,0.03681641444563866,0.013799999840557575,0.20250235497951508,0.20253996551036835,1.0,0.8880460742089172,0.9999999290288881,0.2,0.4,2.4
bfp16,16,grad_sr,producer,10,0,11,0.02361997958096591,0.9926727272727273,0.051680851727724075,0.9857999682426453,0.017702599987387657,0.007599999662488699,0.1780969202518463,0.17811323702335358,1.0,0.8841953368397583,0.9999999290288881,0.2,0.4,2.4
bfp16,16,grad_sr,producer,10,0,12,0.022569728781960226,0.9927272727272727,0.046952735632658005,0.9871999621391296,0.0001549920707475394,0.00139999995008111,0.018408020958304405,0.01831836812198162,1.0,0.8792899236718688,0.9999999290288881,0.2,0.4,2.4
bfp16,16,grad_sr,producer,10,1,1,0.23472935014204546,0.9287090909090909,0.10379230976104736,0.9679999947547913,0.06361760199069977,0.028199998661875725,0.46351662278175354,0.4635193645954132,1.0,0.9437969143119181,0.9999999290288881,0.1,0.3,2.3
bfp16,16,grad_sr,producer,10,1,2,0.07572257634943182,0.9767454545454546,0.07547073066234589,0.9781999588012695,0.051895562559366226,0.020399998873472214,0.40707632899284363,0.4070931673049927,1.0,0.9142254407249997,0.9999999290288881,0.1,0.3,2.3
bfp16,16,grad_sr,producer,10,1,3,0.05819615145596591,0.9817636363636364,0.0684509426355362,0.9803999662399292,0.0322948656976223,0.01640000008046627,0.33852848410606384,0.33852386474609375,1.0,0.8982789904945142,0.9999999290288881,0.1,0.3,2.3
bfp16,16,grad_sr,producer,10,1,4,0.04766345436789773,0.9853272727272727,0.06334887444972992,0.9821999669075012,0.027291003614664078,0.014399999752640724,0.3460681438446045,0.3460855185985565,1.0,0.8919566352650665,0.9999999290288881,0.1,0.3,2.3
bfp16,16,grad_sr,producer,10,1,5,0.04069333718039773,0.9873272727272727,0.05314724147319794,0.98499995470047,0.026824330911040306,0.012799999676644802,0.28732621669769287,0.2873467803001404,1.0,0.886251613118389,0.9999999290288881,0.1,0.3,2.3
bfp16,16,grad_sr,producer,10,1,6,0.03652561700994318,0.9882181818181818,0.04963739588856697,0.9860000014305115,0.015220040455460548,0.009200000204145908,0.22957858443260193,0.22958475351333618,1.0,0.8764094051844766,0.9999999290288881,0.1,0.3,2.3
bfp16,16,grad_sr,producer,10,1,7,0.03274358575994318,0.9898545454545454,0.04610506445169449,0.9871999621391296,0.018220137804746628,0.009800000116229057,0.24390259385108948,0.24391449987888336,1.0,0.8715957679146258,0.9999999290288881,0.1,0.3,2.3
bfp16,16,grad_sr,producer,10,1,8,0.029669069602272728,0.9906363636363636,0.050281550735235214,0.9845999479293823,0.026986578479409218,0.012199999764561653,0.2576438784599304,0.2576759457588196,1.0,0.8644233489784837,0.9999999290288881,0.1,0.3,2.3
bfp16,16,grad_sr,producer,10,1,9,0.027273009144176137,0.9912363636363636,0.06094926595687866,0.983199954032898,0.025585949420928955,0.012399999424815178,0.21585290133953094,0.2158772051334381,1.0,0.8610309458031904,0.9999999290288881,0.1,0.3,2.3
bfp16,16,grad_sr,producer,10,1,10,0.025163840553977274,0.9919454545454546,0.04626166820526123,0.9881999492645264,0.023007258772850037,0.009800000116229057,0.18155457079410553,0.18155105412006378,1.0,0.8549096671494674,0.9999999290288881,0.1,0.3,2.3
bfp16,16,grad_sr,producer,10,1,11,0.02273000266335227,0.9927818181818182,0.05376112088561058,0.98499995470047,0.02166116237640381,0.011399999260902405,0.17761480808258057,0.17764407396316528,1.0,0.8549923161050377,0.9999999290288881,0.1,0.3,2.3
bfp16,16,grad_sr,producer,10,1,12,0.019928733132102274,0.9940545454545454,0.05066237971186638,0.9861999750137329,0.00012020773283438757,0.00139999995008111,0.015280529856681824,0.015238586813211441,1.0,0.850842037305864,0.9999999290288881,0.1,0.3,2.3
bfp16,16,grad_sr,producer,10,2,1,0.22627592329545454,0.9312727272727273,0.08850537985563278,0.974399983882904,0.05149027705192566,0.02019999921321869,0.455587774515152,0.4555591642856598,1.0,0.9420392422531985,0.9999999290288881,0.1,0.3,1.9
bfp16,16,grad_sr,producer,10,2,2,0.07121552734375,0.977690909090909,0.06412079185247421,0.9817999601364136,0.027746999636292458,0.012999999336898327,0.3528926372528076,0.3528245687484741,1.0,0.9155849656564552,0.9999999290288881,0.1,0.3,1.9
bfp16,16,grad_sr,producer,10,2,3,0.05404914772727273,0.9835090909090909,0.07339979708194733,0.9785999655723572,0.04263762757182121,0.015599999576807022,0.38585957884788513,0.38590845465660095,1.0,0.9000052171957793,0.9999999290288881,0.1,0.3,1.9
bfp16,16,grad_sr,producer,10,2,4,0.04419629794034091,0.9863454545454545,0.05978601798415184,0.9813999533653259,0.02586393989622593,0.012600000016391277,0.3115672171115875,0.3115878403186798,1.0,0.8919140253270142,0.9999999290288881,0.1,0.3,1.9
bfp16,16,grad_sr,producer,10,2,5,0.038090278764204545,0.9881636363636364,0.05538482591509819,0.9851999878883362,0.02230452187359333,0.010199999436736107,0.28550592064857483,0.2855237126350403,1.0,0.8841693942414052,0.9999999290288881,0.1,0.3,1.9
bfp16,16,grad_sr,producer,10,2,6,0.034019344815340906,0.9892363636363637,0.055624060332775116,0.9839999675750732,0.018801873549818993,0.010199999436736107,0.2464306354522705,0.2463659942150116,1.0,0.8757795731552787,0.9999999290288881,0.1,0.3,1.9
bfp16,16,grad_sr,producer,10,2,7,0.029797822709517044,0.9906181818181818,0.04907090589404106,0.9871999621391296,0.01245721522718668,0.006799999624490738,0.19449500739574432,0.1944439858198166,1.0,0.8730024694022183,0.9999999290288881,0.1,0.3,1.9
bfp16,16,grad_sr,producer,10,2,8,0.0270016357421875,0.9916181818181818,0.04544606804847717,0.9887999892234802,0.009798156097531319,0.005799999926239252,0.17383119463920593,0.17376933991909027,1.0,0.8642143119157824,0.9999999290288881,0.1,0.3,1.9
bfp16,16,grad_sr,producer,10,2,9,0.0246770263671875,0.9922,0.04251304641366005,0.9893999695777893,0.009528104215860367,0.00559999980032444,0.17393192648887634,0.17394019663333893,1.0,0.8594805218765663,0.9999999290288881,0.1,0.3,1.9
bfp16,16,grad_sr,producer,10,2,10,0.021690327592329545,0.9927454545454546,0.043444667011499405,0.9891999959945679,0.010875861160457134,0.005200000014156103,0.1435747742652893,0.1435943990945816,1.0,0.8573353307760758,0.9999999290288881,0.1,0.3,1.9
bfp16,16,grad_sr,producer,10,2,11,0.02009585626775568,0.9935454545454545,0.04663034528493881,0.9889999628067017,0.009030253626406193,0.004799999762326479,0.14164376258850098,0.14164340496063232,1.0,0.8507536814340056,0.9999999290288881,0.1,0.3,1.9
bfp16,16,grad_sr,producer,10,2,12,0.01867181063565341,0.9940181818181818,0.04050377756357193,0.990399956703186,7.30622632545419e-05,0.00019999999494757503,0.013498387299478054,0.013471678830683231,1.0,0.8448121081823051,0.9999999290288881,0.1,0.3,1.9
bfp16,16,grad_sr,producer,23,0,1,0.2428605646306818,0.9263090909090909,0.09107189625501633,0.9733999967575073,0.05502147227525711,0.02419999986886978,0.4769848585128784,0.4768508970737457,1.0,1.0,1.0,0.2,0.3,2.4
bfp16,16,grad_sr,producer,23,0,2,0.07839782492897727,0.9753272727272727,0.07409695535898209,0.9787999987602234,0.04639115929603577,0.019199999049305916,0.39777180552482605,0.39767515659332275,1.0,1.0,1.0,0.2,0.3,2.4
bfp16,16,grad_sr,producer,23,0,3,0.06008119673295455,0.9815090909090909,0.06580057740211487,0.9825999736785889,0.027519622817635536,0.012000000104308128,0.3349415063858032,0.33481958508491516,1.0,1.0,1.0,0.2,0.3,2.4
bfp16,16,grad_sr,producer,23,0,4,0.04961052911931818,0.984890909090909,0.058380529284477234,0.9837999939918518,0.020883755758404732,0.012000000104308128,0.308566689491272,0.30855610966682434,1.0,1.0,1.0,0.2,0.3,2.4
bfp16,16,grad_sr,producer,23,0,5,0.044631383167613635,0.9859454545454546,0.05800908803939819,0.9839999675750732,0.02349117025732994,0.011799999512732029,0.2862660884857178,0.2862643003463745,1.0,1.0,1.0,0.2,0.3,2.4
bfp16,16,grad_sr,producer,23,0,6,0.038391965553977274,0.9876909090909091,0.05207858234643936,0.9878000020980835,0.017398113384842873,0.007799999788403511,0.2744184136390686,0.27445775270462036,1.0,1.0,1.0,0.2,0.3,2.4
bfp16,16,grad_sr,producer,23,0,7,0.034901298384232955,0.9892545454545455,0.05092567205429077,0.9869999885559082,0.014858203008770943,0.008200000040233135,0.21372246742248535,0.2136981338262558,1.0,1.0,1.0,0.2,0.3,2.4
bfp16,16,grad_sr,producer,23,0,8,0.031145632102272728,0.9902181818181818,0.04751545563340187,0.9865999817848206,0.011355687864124775,0.006000000052154064,0.21627983450889587,0.21627047657966614,1.0,1.0,1.0,0.2,0.3,2.4
bfp16,16,grad_sr,producer,23,0,9,0.028603287020596592,0.9910727272727273,0.05485493317246437,0.9855999946594238,0.01505320705473423,0.009599999524652958,0.17693951725959778,0.17695854604244232,1.0,1.0,1.0,0.2,0.3,2.4
bfp16,16,grad_sr,producer,23,0,10,0.026145112748579547,0.9917454545454546,0.06847592443227768,0.9803999662399292,0.036218564957380295,0.013799999840557575,0.20325753092765808,0.20328624546527863,1.0,1.0,1.0,0.2,0.3,2.4
bfp16,16,grad_sr,producer,23,0,11,0.023625894442471592,0.9925090909090909,0.05116482824087143,0.9853999614715576,0.017622459679841995,0.007999999448657036,0.17777369916439056,0.17779886722564697,1.0,1.0,1.0,0.2,0.3,2.4
bfp16,16,grad_sr,producer,23,0,12,0.02240723544034091,0.992909090909091,0.04677431657910347,0.9871999621391296,0.00011009570152964443,0.0007999999797903001,0.015883881598711014,0.015861015766859055,1.0,1.0,1.0,0.2,0.3,2.4
bfp16,16,grad_sr,producer,23,1,1,0.23475777698863637,0.9287090909090909,0.10329516232013702,0.9684000015258789,0.06323772668838501,0.027400000020861626,0.46442875266075134,0.46443167328834534,1.0,1.0,1.0,0.1,0.3,2.3
bfp16,16,grad_sr,producer,23,1,2,0.07572817826704545,0.9768,0.07502779364585876,0.9785999655723572,0.05143015459179878,0.019999999552965164,0.4065738022327423,0.40659135580062866,1.0,1.0,1.0,0.1,0.3,2.3
bfp16,16,grad_sr,producer,23,1,3,0.058147971413352276,0.9818545454545454,0.06847800314426422,0.9797999858856201,0.03204212710261345,0.01640000008046627,0.3375565707683563,0.3375532627105713,1.0,1.0,1.0,0.1,0.3,2.3
bfp16,16,grad_sr,producer,23,1,4,0.047662171519886366,0.9850727272727273,0.06318146735429764,0.9819999933242798,0.027316417545080185,0.014800000004470348,0.3480091691017151,0.3480253517627716,1.0,1.0,1.0,0.1,0.3,2.3
bfp16,16,grad_sr,producer,23,1,5,0.04069202325994318,0.9874909090909091,0.05245593190193176,0.9851999878883362,0.025890428572893143,0.012600000016391277,0.2869618237018585,0.2869797348976135,1.0,1.0,1.0,0.1,0.3,2.3
bfp16,16,grad_sr,producer,23,1,6,0.03648983265269887,0.9884545454545455,0.049392882734537125,0.9863999485969543,0.015424705110490322,0.009200000204145908,0.22919027507305145,0.22919824719429016,1.0,1.0,1.0,0.1,0.3,2.3
bfp16,16,grad_sr,producer,23,1,7,0.032697305575284094,0.9897636363636364,0.04606981948018074,0.9871999621391296,0.018160348758101463,0.009999999776482582,0.24188996851444244,0.24190180003643036,1.0,1.0,1.0,0.1,0.3,2.3
bfp16,16,grad_sr,producer,23,1,8,0.029631997958096592,0.9907090909090909,0.04991302639245987,0.98499995470047,0.02623942121863365,0.011399999260902405,0.25538286566734314,0.255411833524704,1.0,1.0,1.0,0.1,0.3,2.3
bfp16,16,grad_sr,producer,23,1,9,0.0272468505859375,0.9912,0.0609053336083889,0.983199954032898,0.02523595280945301,0.012399999424815178,0.21322453022003174,0.21324481070041656,1.0,1.0,1.0,0.1,0.3,2.3
bfp16,16,grad_sr,producer,23,1,10,0.02514546564275568,0.991890909090909,0.04669957980513573,0.9887999892234802,0.023588554933667183,0.009599999524652958,0.18145683407783508,0.18144872784614563,1.0,1.0,1.0,0.1,0.3,2.3
bfp16,16,grad_sr,producer,23,1,11,0.022787830699573863,0.9926909090909091,0.05314734950661659,0.9851999878883362,0.02103452757000923,0.011599999852478504,0.1743081510066986,0.17432951927185059,1.0,1.0,1.0,0.1,0.3,2.3
bfp16,16,grad_sr,producer,23,1,12,0.019963625266335227,0.9941272727272727,0.04995780438184738,0.9863999485969543,0.0001728395145619288,0.0007999999797903001,0.016254672780632973,0.01620136760175228,1.0,1.0,1.0,0.1,0.3,2.3
bfp16,16,grad_sr,producer,23,2,1,0.2263018465909091,0.9314181818181818,0.08863815665245056,0.9745999574661255,0.0516200065612793,0.02019999921321869,0.4552626311779022,0.455233633518219,1.0,1.0,1.0,0.1,0.3,1.9
bfp16,16,grad_sr,producer,23,2,2,0.071258056640625,0.9774727272727273,0.06441418826580048,0.9817999601364136,0.028099339455366135,0.012999999336898327,0.3529947102069855,0.35292720794677734,1.0,1.0,1.0,0.1,0.3,1.9
bfp16,16,grad_sr,producer,23,2,3,0.05411900745738636,0.9834545454545455,0.07479698956012726,0.9781999588012695,0.04397450014948845,0.01599999889731407,0.3856394290924072,0.38568589091300964,1.0,1.0,1.0,0.1,0.3,1.9
bfp16,16,grad_sr,producer,23,2,4,0.04424996004971591,0.9863818181818181,0.05941116809844971,0.9817999601364136,0.025360500440001488,0.012600000016391277,0.3134649693965912,0.3134673833847046,1.0,1.0,1.0,0.1,0.3,1.9
bfp16,16,grad_sr,producer,23,2,5,0.03810916193181818,0.9882363636363637,0.0556228943169117,0.9853999614715576,0.022516194730997086,0.010199999436736107,0.2849080264568329,0.2849225699901581,1.0,1.0,1.0,0.1,0.3,1.9
bfp16,16,grad_sr,producer,23,2,6,0.03409398526278409,0.9892181818181818,0.055079907178878784,0.9847999811172485,0.018264546990394592,0.009399999864399433,0.24904626607894897,0.24898576736450195,1.0,1.0,1.0,0.1,0.3,1.9
bfp16,16,grad_sr,producer,23,2,7,0.02977041903409091,0.9905454545454545,0.048618003726005554,0.9869999885559082,0.012119019404053688,0.00699999975040555,0.19630363583564758,0.19626224040985107,1.0,1.0,1.0,0.1,0.3,1.9
bfp16,16,grad_sr,producer,23,2,8,0.027018135209517045,0.9914545454545455,0.04571712762117386,0.988599956035614,0.009890252724289894,0.005799999926239252,0.17303159832954407,0.17296192049980164,1.0,1.0,1.0,0.1,0.3,1.9
bfp16,16,grad_sr,producer,23,2,9,0.024659004350142046,0.9922363636363636,0.04267190024256706,0.9896000027656555,0.009569404646754265,0.005200000014156103,0.1721094697713852,0.17210817337036133,1.0,1.0,1.0,0.1,0.3,1.9
bfp16,16,grad_sr,producer,23,2,10,0.021736960671164773,0.9926545454545455,0.043744515627622604,0.9889999628067017,0.01099283155053854,0.005399999674409628,0.14419396221637726,0.14421160519123077,1.0,1.0,1.0,0.1,0.3,1.9
bfp16,16,grad_sr,producer,23,2,11,0.020172627397017046,0.9935818181818182,0.047368403524160385,0.9887999892234802,0.009298025630414486,0.004600000102072954,0.14420157670974731,0.1442083865404129,1.0,1.0,1.0,0.1,0.3,1.9
bfp16,16,grad_sr,producer,23,2,12,0.0186978271484375,0.9940181818181818,0.040814321488142014,0.9901999831199646,0.00011674055713228881,0.00039999998989515007,0.016879193484783173,0.016825634986162186,1.0,1.0,1.0,0.1,0.3,1.9
